{"Mean":{"confidence_interval":{"confidence_level":0.95,"lower_bound":75.43796397468324,"upper_bound":75.66396141088948},"point_estimate":75.54454672278771,"standard_error":0.05803835053281683},"Median":{"confidence_interval":{"confidence_level":0.95,"lower_bound":75.38250164044038,"upper_bound":75.68780689040335},"point_estimate":75.48561492980716,"standard_error":0.09980811045052393},"MedianAbsDev":{"confidence_interval":{"confidence_level":0.95,"lower_bound":0.008831970738897793,"upper_bound":0.3651233413451123},"point_estimate":0.1846502895196603,"standard_error":0.09558406613407308},"Slope":{"confidence_interval":{"confidence_level":0.95,"lower_bound":75.38585577530795,"upper_bound":75.51593692581129},"point_estimate":75.42868978406648,"standard_error":0.03345121329450001},"StdDev":{"confidence_interval":{"confidence_level":0.95,"lower_bound":0.107159441907766,"upper_bound":0.2473935178372921},"point_estimate":0.19331457841262356,"standard_error":0.03845914549895379}}