{"Mean":{"confidence_interval":{"confidence_level":0.95,"lower_bound":37.316580262707475,"upper_bound":37.561397894685726},"point_estimate":37.42623428075902,"standard_error":0.06292630554530446},"Median":{"confidence_interval":{"confidence_level":0.95,"lower_bound":37.19985740829256,"upper_bound":37.35959679129694},"point_estimate":37.27229548453447,"standard_error":0.04210395724187817},"MedianAbsDev":{"confidence_interval":{"confidence_level":0.95,"lower_bound":0.19882704577589205,"upper_bound":0.3479562219525118},"point_estimate":0.25456787171800044,"standard_error":0.03806653476888677},"Slope":{"confidence_interval":{"confidence_level":0.95,"lower_bound":37.37624396074477,"upper_bound":37.79348817205207},"point_estimate":37.55664409113918,"standard_error":0.1081450590088306},"StdDev":{"confidence_interval":{"confidence_level":0.95,"lower_bound":0.2888237349331301,"upper_bound":0.8970193175685235},"point_estimate":0.6324597660774959,"standard_error":0.15157218080187382}}