{"Mean":{"confidence_interval":{"confidence_level":0.95,"lower_bound":37.353432113510195,"upper_bound":37.48749854077773},"point_estimate":37.412913802033664,"standard_error":0.03441408049897042},"Median":{"confidence_interval":{"confidence_level":0.95,"lower_bound":37.290015963633905,"upper_bound":37.40654966784701},"point_estimate":37.3535547939111,"standard_error":0.03407273332848527},"MedianAbsDev":{"confidence_interval":{"confidence_level":0.95,"lower_bound":0.17917371671796942,"upper_bound":0.29717283271220424},"point_estimate":0.253765519320178,"standard_error":0.030275984341021946},"Slope":{"confidence_interval":{"confidence_level":0.95,"lower_bound":37.29604687932295,"upper_bound":37.36251358110842},"point_estimate":37.327756113549356,"standard_error":0.01694472919493105},"StdDev":{"confidence_interval":{"confidence_level":0.95,"lower_bound":0.20234857249410843,"upper_bound":0.5101542261703699},"point_estimate":0.3464903192244619,"standard_error":0.0963269405124687}}