{"Mean":{"confidence_interval":{"confidence_level":0.95,"lower_bound":326062.7607149944,"upper_bound":328149.703110438},"point_estimate":326967.2996336451,"standard_error":543.094713450816},"Median":{"confidence_interval":{"confidence_level":0.95,"lower_bound":325765.14620535716,"upper_bound":327534.98182397964},"point_estimate":326446.3458333333,"standard_error":458.8878409047415},"MedianAbsDev":{"confidence_interval":{"confidence_level":0.95,"lower_bound":121.04237410103624,"upper_bound":2252.5785309909324},"point_estimate":1370.707548522261,"standard_error":551.9919288544847},"Slope":{"confidence_interval":{"confidence_level":0.95,"lower_bound":325573.36571680376,"upper_bound":326867.6240281827},"point_estimate":326088.2926252319,"standard_error":327.19784006309624},"StdDev":{"confidence_interval":{"confidence_level":0.95,"lower_bound":609.0920103315907,"upper_bound":2626.679564666457},"point_estimate":1809.8019841994046,"standard_error":617.7814871156781}}