{"Mean":{"confidence_interval":{"confidence_level":0.95,"lower_bound":270250.90655433416,"upper_bound":272249.8259161968},"point_estimate":271133.940297926,"standard_error":512.9834412840405},"Median":{"confidence_interval":{"confidence_level":0.95,"lower_bound":269241.26960784313,"upper_bound":270812.4285714286},"point_estimate":270255.91526497697,"standard_error":474.5746525429989},"MedianAbsDev":{"confidence_interval":{"confidence_level":0.95,"lower_bound":2264.138135636834,"upper_bound":3861.7633821036516},"point_estimate":3179.3089683769344,"standard_error":460.84592361289765},"Slope":{"confidence_interval":{"confidence_level":0.95,"lower_bound":269455.8925852317,"upper_bound":270364.4554016289},"point_estimate":269909.0787372543,"standard_error":231.93573843177143},"StdDev":{"confidence_interval":{"confidence_level":0.95,"lower_bound":2843.794329565205,"upper_bound":7685.199540916203},"point_estimate":5166.142133330491,"standard_error":1480.0364185725987}}