{"Mean":{"confidence_interval":{"confidence_level":0.95,"lower_bound":82114.37381767578,"upper_bound":82346.1642282554},"point_estimate":82224.11125906774,"standard_error":59.50629848473804},"Median":{"confidence_interval":{"confidence_level":0.95,"lower_bound":82044.48642533936,"upper_bound":82374.13329562594},"point_estimate":82187.47731092437,"standard_error":96.25942492732018},"MedianAbsDev":{"confidence_interval":{"confidence_level":0.95,"lower_bound":24.19254309990649,"upper_bound":351.78705806825457},"point_estimate":217.64459530647744,"standard_error":87.60219231329579},"Slope":{"confidence_interval":{"confidence_level":0.95,"lower_bound":82092.61560262185,"upper_bound":82348.02269124254},"point_estimate":82226.08563201505,"standard_error":67.85852656928716},"StdDev":{"confidence_interval":{"confidence_level":0.95,"lower_bound":108.48126329019934,"upper_bound":249.3635890822891},"point_estimate":198.1033510451732,"standard_error":37.174058737072606}}