{"Mean":{"confidence_interval":{"confidence_level":0.95,"lower_bound":12957.702875845838,"upper_bound":13004.757224080484},"point_estimate":12979.019080063721,"standard_error":12.063425875442762},"Median":{"confidence_interval":{"confidence_level":0.95,"lower_bound":12937.534632034633,"upper_bound":12977.171428571428},"point_estimate":12966.515706515707,"standard_error":11.557681202226506},"MedianAbsDev":{"confidence_interval":{"confidence_level":0.95,"lower_bound":53.48371543141126,"upper_bound":90.5104752403833},"point_estimate":73.05447411827639,"standard_error":9.339316763170123},"Slope":{"confidence_interval":{"confidence_level":0.95,"lower_bound":12950.917696587705,"upper_bound":13000.312209607939},"point_estimate":12974.319759105974,"standard_error":12.617823132524695},"StdDev":{"confidence_interval":{"confidence_level":0.95,"lower_bound":65.18380130919391,"upper_bound":170.89269313417572},"point_estimate":121.1706520568743,"standard_error":27.475264504446272}}