{"Mean":{"confidence_interval":{"confidence_level":0.95,"lower_bound":131048.26178372184,"upper_bound":131775.56378117643},"point_estimate":131390.0803805981,"standard_error":186.1230686078972},"Median":{"confidence_interval":{"confidence_level":0.95,"lower_bound":130541.07201086957,"upper_bound":131189.94469246033},"point_estimate":130812.03185562015,"standard_error":171.42514407541424},"MedianAbsDev":{"confidence_interval":{"confidence_level":0.95,"lower_bound":931.1339012882241,"upper_bound":1672.5888867518638},"point_estimate":1238.1787595455405,"standard_error":182.6360257310848},"Slope":{"confidence_interval":{"confidence_level":0.95,"lower_bound":131178.06208906,"upper_bound":131925.18504130852},"point_estimate":131531.54245788386,"standard_error":190.78703760602372},"StdDev":{"confidence_interval":{"confidence_level":0.95,"lower_bound":1302.8085620908453,"upper_bound":2507.9167933192944},"point_estimate":1872.326682069779,"standard_error":331.6314391971766}}