{"Mean":{"confidence_interval":{"confidence_level":0.95,"lower_bound":125832.94844775,"upper_bound":129025.79884531311},"point_estimate":127259.16809150066,"standard_error":819.2149506392011},"Median":{"confidence_interval":{"confidence_level":0.95,"lower_bound":124479.60657894737,"upper_bound":124851.15625},"point_estimate":124585.74191176471,"standard_error":103.14938418905948},"MedianAbsDev":{"confidence_interval":{"confidence_level":0.95,"lower_bound":382.55335306274657,"upper_bound":775.7063867647207},"point_estimate":516.504504716556,"standard_error":103.61426805477994},"Slope":{"confidence_interval":{"confidence_level":0.95,"lower_bound":125966.61771894954,"upper_bound":128444.59572683851},"point_estimate":127130.48721922566,"standard_error":634.5189274554608},"StdDev":{"confidence_interval":{"confidence_level":0.95,"lower_bound":4012.7428113774954,"upper_bound":11833.445173580601},"point_estimate":8224.124118506921,"standard_error":2014.8277531623773}}