{"Mean":{"confidence_interval":{"confidence_level":0.95,"lower_bound":744.163781872018,"upper_bound":748.1276667219614},"point_estimate":745.897752358548,"standard_error":1.0141400108740277},"Median":{"confidence_interval":{"confidence_level":0.95,"lower_bound":742.5403396226415,"upper_bound":745.4242660697154},"point_estimate":744.2462298653418,"standard_error":0.6626113219071942},"MedianAbsDev":{"confidence_interval":{"confidence_level":0.95,"lower_bound":4.682260443964379,"upper_bound":7.318054700485525},"point_estimate":5.8615403736383875,"standard_error":0.7038521521570856},"Slope":{"confidence_interval":{"confidence_level":0.95,"lower_bound":742.5688610473541,"upper_bound":744.489461909088},"point_estimate":743.5180155661075,"standard_error":0.4897985721000032},"StdDev":{"confidence_interval":{"confidence_level":0.95,"lower_bound":5.377444106844551,"upper_bound":15.320402897597576},"point_estimate":10.174552736742244,"standard_error":3.065632866240306}}