{"Mean":{"confidence_interval":{"confidence_level":0.95,"lower_bound":704.2616639222686,"upper_bound":716.1438466816942},"point_estimate":709.7683799260619,"standard_error":3.0447719954332157},"Median":{"confidence_interval":{"confidence_level":0.95,"lower_bound":697.4293189226282,"upper_bound":699.1819432471265},"point_estimate":698.0858037994892,"standard_error":0.4437185178555617},"MedianAbsDev":{"confidence_interval":{"confidence_level":0.95,"lower_bound":1.9900469743678884,"upper_bound":3.677199395666159},"point_estimate":2.6953869887853017,"standard_error":0.4428289020126245},"Slope":{"confidence_interval":{"confidence_level":0.95,"lower_bound":703.7543517440304,"upper_bound":716.2505376691},"point_estimate":709.5301466570357,"standard_error":3.206033881744708},"StdDev":{"confidence_interval":{"confidence_level":0.95,"lower_bound":19.602144035534113,"upper_bound":39.828632847727725},"point_estimate":30.495229983668487,"standard_error":5.178277787303671}}