{"Mean":{"confidence_interval":{"confidence_level":0.95,"lower_bound":754.0271549122899,"upper_bound":759.8803471694266},"point_estimate":756.1208324836531,"standard_error":1.7401553027128414},"Median":{"confidence_interval":{"confidence_level":0.95,"lower_bound":753.9326552885415,"upper_bound":755.1876822687748},"point_estimate":754.2391381174123,"standard_error":0.5101531203053513},"MedianAbsDev":{"confidence_interval":{"confidence_level":0.95,"lower_bound":0.057053557942680494,"upper_bound":1.4063115338429553},"point_estimate":0.27309641783299604,"standard_error":0.6138471933855436},"Slope":{"confidence_interval":{"confidence_level":0.95,"lower_bound":753.8567589183384,"upper_bound":755.2184188090555},"point_estimate":754.3764153857119,"standard_error":0.36045701074160785},"StdDev":{"confidence_interval":{"confidence_level":0.95,"lower_bound":0.20866549500607845,"upper_bound":8.873318870793838},"point_estimate":5.7724248817835395,"standard_error":3.037617203457056}}