{"Mean":{"confidence_interval":{"confidence_level":0.95,"lower_bound":748.9489712168904,"upper_bound":753.9709268819857},"point_estimate":751.2721328261803,"standard_error":1.283252381752602},"Median":{"confidence_interval":{"confidence_level":0.95,"lower_bound":745.7799012158055,"upper_bound":750.3507648612288},"point_estimate":748.4317849743293,"standard_error":1.2700247107782752},"MedianAbsDev":{"confidence_interval":{"confidence_level":0.95,"lower_bound":6.104772587338182,"upper_bound":10.721909657203472},"point_estimate":8.752566199124725,"standard_error":1.2369097030828802},"Slope":{"confidence_interval":{"confidence_level":0.95,"lower_bound":746.111690168175,"upper_bound":748.5985122198473},"point_estimate":747.3251245652624,"standard_error":0.634625730075123},"StdDev":{"confidence_interval":{"confidence_level":0.95,"lower_bound":8.40375807748018,"upper_bound":17.89869621104104},"point_estimate":12.944580208203385,"standard_error":2.6474144777475743}}