{"Mean":{"confidence_interval":{"confidence_level":0.95,"lower_bound":368.8069783782966,"upper_bound":370.15925350857884},"point_estimate":369.47932674395264,"standard_error":0.34415623514299304},"Median":{"confidence_interval":{"confidence_level":0.95,"lower_bound":368.6793033976637,"upper_bound":370.3424469187626},"point_estimate":369.4118187710882,"standard_error":0.4597326288685821},"MedianAbsDev":{"confidence_interval":{"confidence_level":0.95,"lower_bound":0.371786612573152,"upper_bound":1.9581576676759935},"point_estimate":1.15746368877996,"standard_error":0.4040410035228977},"Slope":{"confidence_interval":{"confidence_level":0.95,"lower_bound":368.1305590491727,"upper_bound":369.8946163075175},"point_estimate":368.9272254951904,"standard_error":0.45897930373420426},"StdDev":{"confidence_interval":{"confidence_level":0.95,"lower_bound":0.6422240790833867,"upper_bound":1.463349108190727},"point_estimate":1.1455208355271291,"standard_error":0.21103909520534106}}