{"Mean":{"confidence_interval":{"confidence_level":0.95,"lower_bound":330234.6805699856,"upper_bound":332073.3462597403},"point_estimate":331045.9234920635,"standard_error":477.8926310609217},"Median":{"confidence_interval":{"confidence_level":0.95,"lower_bound":330004.73,"upper_bound":331879.4318181818},"point_estimate":330484.94727272727,"standard_error":404.7868638465802},"MedianAbsDev":{"confidence_interval":{"confidence_level":0.95,"lower_bound":184.81561130072348,"upper_bound":2041.8744226585866},"point_estimate":723.3298268552837,"standard_error":446.4764175224002},"Slope":{"confidence_interval":{"confidence_level":0.95,"lower_bound":329990.7833871224,"upper_bound":330784.00160566706},"point_estimate":330282.7810153483,"standard_error":206.9185762243308},"StdDev":{"confidence_interval":{"confidence_level":0.95,"lower_bound":333.19686383492524,"upper_bound":2159.2984368133284},"point_estimate":1596.0231244466395,"standard_error":490.9140484726032}}