{"Mean":{"confidence_interval":{"confidence_level":0.95,"lower_bound":31.84536972533945,"upper_bound":32.060341752875935},"point_estimate":31.93613057725902,"standard_error":0.055934011821474776},"Median":{"confidence_interval":{"confidence_level":0.95,"lower_bound":31.785728535895387,"upper_bound":31.932440774392077},"point_estimate":31.842151144654835,"standard_error":0.03489613111318664},"MedianAbsDev":{"confidence_interval":{"confidence_level":0.95,"lower_bound":0.18748782021067456,"upper_bound":0.2979824475499733},"point_estimate":0.2400587171925613,"standard_error":0.02862615646793276},"Slope":{"confidence_interval":{"confidence_level":0.95,"lower_bound":31.85326150536115,"upper_bound":31.957881285724177},"point_estimate":31.904963409637737,"standard_error":0.026694737773349693},"StdDev":{"confidence_interval":{"confidence_level":0.95,"lower_bound":0.2085741713082398,"upper_bound":0.8887919787604119},"point_estimate":0.5629099948282571,"standard_error":0.20002654412860743}}