{"Mean":{"confidence_interval":{"confidence_level":0.95,"lower_bound":128.5473042132635,"upper_bound":129.14654139441245},"point_estimate":128.82337462148655,"standard_error":0.1533806645440585},"Median":{"confidence_interval":{"confidence_level":0.95,"lower_bound":128.23689155049505,"upper_bound":128.7721571132341},"point_estimate":128.4724237681275,"standard_error":0.13298069252451317},"MedianAbsDev":{"confidence_interval":{"confidence_level":0.95,"lower_bound":0.6355820611024037,"upper_bound":1.0749099293269304},"point_estimate":0.8227853399948418,"standard_error":0.11347736021973472},"Slope":{"confidence_interval":{"confidence_level":0.95,"lower_bound":128.4636000030295,"upper_bound":128.98679558700178},"point_estimate":128.70337956790735,"standard_error":0.13405977421675186},"StdDev":{"confidence_interval":{"confidence_level":0.95,"lower_bound":0.9847645799730328,"upper_bound":2.151134357313515},"point_estimate":1.5481177503868233,"standard_error":0.3265454971409097}}