{"Mean":{"confidence_interval":{"confidence_level":0.95,"lower_bound":126.7044326292744,"upper_bound":130.543597121699},"point_estimate":128.49019029194338,"standard_error":0.979194719330244},"Median":{"confidence_interval":{"confidence_level":0.95,"lower_bound":124.19768110998979,"upper_bound":124.59292171729803},"point_estimate":124.40642701247165,"standard_error":0.09204080815064596},"MedianAbsDev":{"confidence_interval":{"confidence_level":0.95,"lower_bound":0.44807918435269495,"upper_bound":0.9462476093498947},"point_estimate":0.7104141754028296,"standard_error":0.12082574210872436},"Slope":{"confidence_interval":{"confidence_level":0.95,"lower_bound":126.4260619382947,"upper_bound":129.33252061799456},"point_estimate":127.75225948932847,"standard_error":0.7402721987960139},"StdDev":{"confidence_interval":{"confidence_level":0.95,"lower_bound":6.804076534949664,"upper_bound":12.291223934628588},"point_estimate":9.873561497601996,"standard_error":1.3956812991171028}}