{"Mean":{"confidence_interval":{"confidence_level":0.95,"lower_bound":50.939053340503165,"upper_bound":51.06365933782443},"point_estimate":51.00182588172653,"standard_error":0.03184024118917637},"Median":{"confidence_interval":{"confidence_level":0.95,"lower_bound":50.93079167117892,"upper_bound":51.061585042234746},"point_estimate":51.01144763227765,"standard_error":0.030811168454511196},"MedianAbsDev":{"confidence_interval":{"confidence_level":0.95,"lower_bound":0.014346321849643772,"upper_bound":0.18127277787060558},"point_estimate":0.08332555499424185,"standard_error":0.04588333568385896},"Slope":{"confidence_interval":{"confidence_level":0.95,"lower_bound":50.920450307470006,"upper_bound":51.05178626194181},"point_estimate":50.97832094302972,"standard_error":0.033575927472290996},"StdDev":{"confidence_interval":{"confidence_level":0.95,"lower_bound":0.05221447707416045,"upper_bound":0.1394797773687978},"point_estimate":0.10587371338300404,"standard_error":0.02225350418843445}}