{"Mean":{"confidence_interval":{"confidence_level":0.95,"lower_bound":1354956.3172537922,"upper_bound":1369899.7658837112},"point_estimate":1361241.8047822898,"standard_error":3849.8670024736803},"Median":{"confidence_interval":{"confidence_level":0.95,"lower_bound":1355218.96,"upper_bound":1362470.3620071684},"point_estimate":1358960.4926560586,"standard_error":1843.397549320663},"MedianAbsDev":{"confidence_interval":{"confidence_level":0.95,"lower_bound":11512.16596436819,"upper_bound":19205.65184759262},"point_estimate":14433.251325383704,"standard_error":2103.118084929702},"Slope":{"confidence_interval":{"confidence_level":0.95,"lower_bound":1360340.3700879624,"upper_bound":1367654.7782380662},"point_estimate":1363836.1238303531,"standard_error":1865.2594457711064},"StdDev":{"confidence_interval":{"confidence_level":0.95,"lower_bound":16771.754329057065,"upper_bound":61357.56601027466},"point_estimate":38688.21141741069,"standard_error":14199.749047199297}}