{"Mean":{"confidence_interval":{"confidence_level":0.95,"lower_bound":815068.1835925499,"upper_bound":819640.565960111},"point_estimate":817137.6742641174,"standard_error":1168.7409717641021},"Median":{"confidence_interval":{"confidence_level":0.95,"lower_bound":813624.5512820513,"upper_bound":817295.400974026},"point_estimate":815113.0111223458,"standard_error":955.6566205763364},"MedianAbsDev":{"confidence_interval":{"confidence_level":0.95,"lower_bound":6314.9732864979305,"upper_bound":10111.385630996203},"point_estimate":8367.028258112068,"standard_error":974.4076169236591},"Slope":{"confidence_interval":{"confidence_level":0.95,"lower_bound":814887.3054791922,"upper_bound":817766.0518599068},"point_estimate":816301.6358829614,"standard_error":733.0624818129069},"StdDev":{"confidence_interval":{"confidence_level":0.95,"lower_bound":6757.217876444169,"upper_bound":16816.445467794474},"point_estimate":11699.306850974803,"standard_error":2764.9777229875504}}