{"Mean":{"confidence_interval":{"confidence_level":0.95,"lower_bound":663452.0947593027,"upper_bound":667557.3720154495},"point_estimate":665433.7056243019,"standard_error":1047.9300167621063},"Median":{"confidence_interval":{"confidence_level":0.95,"lower_bound":660459.5382326008,"upper_bound":665681.7727272727},"point_estimate":664242.9114583333,"standard_error":1278.2665283362373},"MedianAbsDev":{"confidence_interval":{"confidence_level":0.95,"lower_bound":6855.042462389525,"upper_bound":11074.917228992916},"point_estimate":9690.787330279649,"standard_error":1140.8838044412632},"Slope":{"confidence_interval":{"confidence_level":0.95,"lower_bound":662496.7040361835,"upper_bound":665639.1355784651},"point_estimate":664036.5556154869,"standard_error":800.934387370925},"StdDev":{"confidence_interval":{"confidence_level":0.95,"lower_bound":8581.962888727821,"upper_bound":12240.926962291069},"point_estimate":10555.010027035296,"standard_error":932.278695104981}}