{"Mean":{"confidence_interval":{"confidence_level":0.95,"lower_bound":4149931.238942064,"upper_bound":4166067.2501111105},"point_estimate":4157810.97020635,"standard_error":4131.802495276679},"Median":{"confidence_interval":{"confidence_level":0.95,"lower_bound":4146834.355555556,"upper_bound":4167638.99},"point_estimate":4156914.94,"standard_error":7191.807185189685},"MedianAbsDev":{"confidence_interval":{"confidence_level":0.95,"lower_bound":2029.7452572983664,"upper_bound":24780.472480058255},"point_estimate":14356.781555116084,"standard_error":6083.7598046946205},"Slope":{"confidence_interval":{"confidence_level":0.95,"lower_bound":4145995.620233225,"upper_bound":4165361.8320272574},"point_estimate":4155188.8877922078,"standard_error":5150.577234323311},"StdDev":{"confidence_interval":{"confidence_level":0.95,"lower_bound":8419.40053856002,"upper_bound":17211.82439192229},"point_estimate":13756.397009059338,"standard_error":2336.5746398956626}}