{"Mean":{"confidence_interval":{"confidence_level":0.95,"lower_bound":1519.3414752338701,"upper_bound":1523.1047307884953},"point_estimate":1521.1037712329985,"standard_error":0.9686989997674806},"Median":{"confidence_interval":{"confidence_level":0.95,"lower_bound":1518.4277391813844,"upper_bound":1523.272338011402},"point_estimate":1520.220706931806,"standard_error":1.3934640673874306},"MedianAbsDev":{"confidence_interval":{"confidence_level":0.95,"lower_bound":0.36361363127797075,"upper_bound":5.370654735432317},"point_estimate":2.7820959618799685,"standard_error":1.3329545082432248},"Slope":{"confidence_interval":{"confidence_level":0.95,"lower_bound":1518.9941845716014,"upper_bound":1522.537590929707},"point_estimate":1520.641142317965,"standard_error":0.9194526583659349},"StdDev":{"confidence_interval":{"confidence_level":0.95,"lower_bound":1.5443351379493389,"upper_bound":4.217161012922428},"point_estimate":3.241079118991153,"standard_error":0.7149390842569847}}