{"Mean":{"confidence_interval":{"confidence_level":0.95,"lower_bound":117.31925078512597,"upper_bound":118.20861610001774},"point_estimate":117.75614271014048,"standard_error":0.22620802892471925},"Median":{"confidence_interval":{"confidence_level":0.95,"lower_bound":117.34503279550468,"upper_bound":118.34212110397335},"point_estimate":117.93710166394078,"standard_error":0.24785991039691121},"MedianAbsDev":{"confidence_interval":{"confidence_level":0.95,"lower_bound":1.3322984393055366,"upper_bound":2.151106915634425},"point_estimate":1.6964037479819916,"standard_error":0.2101071690144894},"Slope":{"confidence_interval":{"confidence_level":0.95,"lower_bound":117.11089208003331,"upper_bound":117.95897476834838},"point_estimate":117.54094325265567,"standard_error":0.2166251329919498},"StdDev":{"confidence_interval":{"confidence_level":0.95,"lower_bound":1.792855202936308,"upper_bound":2.7706153688702004},"point_estimate":2.2784792998519956,"standard_error":0.2517578304836717}}