{"Mean":{"confidence_interval":{"confidence_level":0.95,"lower_bound":105.08349434275192,"upper_bound":105.72208733183868},"point_estimate":105.35874448087014,"standard_error":0.16553392634857894},"Median":{"confidence_interval":{"confidence_level":0.95,"lower_bound":104.85429562806418,"upper_bound":105.23514862212646},"point_estimate":105.02499736869802,"standard_error":0.07910222024215993},"MedianAbsDev":{"confidence_interval":{"confidence_level":0.95,"lower_bound":0.45420673659109284,"upper_bound":0.7941204113830799},"point_estimate":0.6272948472992421,"standard_error":0.0828930677360452},"Slope":{"confidence_interval":{"confidence_level":0.95,"lower_bound":104.93042047336402,"upper_bound":105.1517484351603},"point_estimate":105.03757312223689,"standard_error":0.0562708935161296},"StdDev":{"confidence_interval":{"confidence_level":0.95,"lower_bound":0.6285211984826384,"upper_bound":2.56459458756529},"point_estimate":1.666044977244902,"standard_error":0.528400451928579}}