{"Mean":{"confidence_interval":{"confidence_level":0.95,"lower_bound":104.10429974078504,"upper_bound":104.45237425510932},"point_estimate":104.26605478824291,"standard_error":0.08889186031904155},"Median":{"confidence_interval":{"confidence_level":0.95,"lower_bound":103.83075925012204,"upper_bound":104.20664795049582},"point_estimate":104.01447747017679,"standard_error":0.09611176180694138},"MedianAbsDev":{"confidence_interval":{"confidence_level":0.95,"lower_bound":0.41997513036771683,"upper_bound":0.7948552271576409},"point_estimate":0.5854259779216562,"standard_error":0.09481772838794791},"Slope":{"confidence_interval":{"confidence_level":0.95,"lower_bound":104.07798920031134,"upper_bound":104.32420061952854},"point_estimate":104.19801160102313,"standard_error":0.06278726629300332},"StdDev":{"confidence_interval":{"confidence_level":0.95,"lower_bound":0.6145480799259283,"upper_bound":1.2056931280946301},"point_estimate":0.8920012524765362,"standard_error":0.16608229155903373}}