{"Mean":{"confidence_interval":{"confidence_level":0.95,"lower_bound":990.0281590658844,"upper_bound":998.3639987085452},"point_estimate":993.9013487582363,"standard_error":2.12531199838268},"Median":{"confidence_interval":{"confidence_level":0.95,"lower_bound":987.6547330368907,"upper_bound":994.3661538461538},"point_estimate":990.1207734553775,"standard_error":1.9653938355796288},"MedianAbsDev":{"confidence_interval":{"confidence_level":0.95,"lower_bound":10.006089685992762,"upper_bound":15.145743211172707},"point_estimate":12.481660704047249,"standard_error":1.3368192306583406},"Slope":{"confidence_interval":{"confidence_level":0.95,"lower_bound":987.2703069400628,"upper_bound":992.6761111930299},"point_estimate":989.9484348899069,"standard_error":1.3849190080926455},"StdDev":{"confidence_interval":{"confidence_level":0.95,"lower_bound":13.72292208016077,"upper_bound":28.096394902877385},"point_estimate":21.281157142983623,"standard_error":3.6924108778365343}}