{"Mean":{"confidence_interval":{"confidence_level":0.95,"lower_bound":906.7242943383164,"upper_bound":911.8269100093014},"point_estimate":909.1600396537982,"standard_error":1.3005751935781757},"Median":{"confidence_interval":{"confidence_level":0.95,"lower_bound":903.6643569022393,"upper_bound":907.1604727776457},"point_estimate":905.8066074381986,"standard_error":0.9123698686411675},"MedianAbsDev":{"confidence_interval":{"confidence_level":0.95,"lower_bound":4.934224093394622,"upper_bound":10.107900833935503},"point_estimate":7.261090599658989,"standard_error":1.364460150528518},"Slope":{"confidence_interval":{"confidence_level":0.95,"lower_bound":903.5277537790965,"upper_bound":906.2802761139444},"point_estimate":904.8415932354968,"standard_error":0.7023076862354555},"StdDev":{"confidence_interval":{"confidence_level":0.95,"lower_bound":9.997997397588836,"upper_bound":15.548097257536698},"point_estimate":13.020152911060235,"standard_error":1.4170591537252926}}