{"Mean":{"confidence_interval":{"confidence_level":0.95,"lower_bound":896.8855336600333,"upper_bound":902.148406385852},"point_estimate":899.2437260978381,"standard_error":1.3504396829003882},"Median":{"confidence_interval":{"confidence_level":0.95,"lower_bound":894.2442395264117,"upper_bound":900.0290601310091},"point_estimate":897.4892078595293,"standard_error":1.675198349711146},"MedianAbsDev":{"confidence_interval":{"confidence_level":0.95,"lower_bound":7.099667115427945,"upper_bound":11.438746929940583},"point_estimate":9.771832679254482,"standard_error":1.1434646721487534},"Slope":{"confidence_interval":{"confidence_level":0.95,"lower_bound":898.2616807446016,"upper_bound":902.0255510642603},"point_estimate":900.1343527452818,"standard_error":0.9600083655913956},"StdDev":{"confidence_interval":{"confidence_level":0.95,"lower_bound":7.751539171670371,"upper_bound":19.860460577603064},"point_estimate":13.54351777330908,"standard_error":3.579907666086378}}