{"Mean":{"confidence_interval":{"confidence_level":0.95,"lower_bound":1061.8139428818495,"upper_bound":1078.7126891122894},"point_estimate":1069.6365257250843,"standard_error":4.336303445518495},"Median":{"confidence_interval":{"confidence_level":0.95,"lower_bound":1051.4752985884907,"upper_bound":1055.3494554667193},"point_estimate":1052.7581087750468,"standard_error":1.0486285168351603},"MedianAbsDev":{"confidence_interval":{"confidence_level":0.95,"lower_bound":4.410454564350589,"upper_bound":9.37419539476879},"point_estimate":6.2721567021189,"standard_error":1.240106518870486},"Slope":{"confidence_interval":{"confidence_level":0.95,"lower_bound":1063.0933162902818,"upper_bound":1084.6534423753712},"point_estimate":1073.322104535214,"standard_error":5.517586629258232},"StdDev":{"confidence_interval":{"confidence_level":0.95,"lower_bound":27.989925380818676,"upper_bound":56.588823147826446},"point_estimate":43.52889437706583,"standard_error":7.301985422437486}}