{"Mean":{"confidence_interval":{"confidence_level":0.95,"lower_bound":142581.96767097857,"upper_bound":143327.2400573325},"point_estimate":142937.95381752885,"standard_error":190.3318531785939},"Median":{"confidence_interval":{"confidence_level":0.95,"lower_bound":141881.6195826645,"upper_bound":142719.2024626317},"point_estimate":142100.39153051248,"standard_error":213.03408259381183},"MedianAbsDev":{"confidence_interval":{"confidence_level":0.95,"lower_bound":572.6163114378769,"upper_bound":1486.17894901461},"point_estimate":915.38812793656,"standard_error":235.62153137399048},"Slope":{"confidence_interval":{"confidence_level":0.95,"lower_bound":142616.76600833185,"upper_bound":143538.4746768561},"point_estimate":143049.63376385398,"standard_error":235.48405799048786},"StdDev":{"confidence_interval":{"confidence_level":0.95,"lower_bound":1421.1974920745135,"upper_bound":2362.428670533597},"point_estimate":1919.2670894550533,"standard_error":240.34456387278206}}