{"Mean":{"confidence_interval":{"confidence_level":0.95,"lower_bound":142375.98038720322,"upper_bound":143095.6757556653},"point_estimate":142710.33985552593,"standard_error":184.03290992145358},"Median":{"confidence_interval":{"confidence_level":0.95,"lower_bound":141827.7212543554,"upper_bound":142881.93707482994},"point_estimate":142291.51341991342,"standard_error":266.1331398631985},"MedianAbsDev":{"confidence_interval":{"confidence_level":0.95,"lower_bound":1014.183989979929,"upper_bound":1837.5904434635415},"point_estimate":1539.4693569247731,"standard_error":217.77412706182002},"Slope":{"confidence_interval":{"confidence_level":0.95,"lower_bound":142274.45014095175,"upper_bound":142878.07899268955},"point_estimate":142565.4668302054,"standard_error":153.80708596780204},"StdDev":{"confidence_interval":{"confidence_level":0.95,"lower_bound":1226.9544899021648,"upper_bound":2569.1237164438203},"point_estimate":1854.4514929836935,"standard_error":384.5303808876907}}