{"Mean":{"confidence_interval":{"confidence_level":0.95,"lower_bound":143237.03742785408,"upper_bound":145029.58133831003},"point_estimate":143923.39579365205,"standard_error":486.3845233148551},"Median":{"confidence_interval":{"confidence_level":0.95,"lower_bound":142787.2761904762,"upper_bound":143626.7142857143},"point_estimate":143110.74091790564,"standard_error":193.21019735109329},"MedianAbsDev":{"confidence_interval":{"confidence_level":0.95,"lower_bound":1037.481529459796,"upper_bound":1687.2648846832258},"point_estimate":1450.1175560734528,"standard_error":164.58043483104447},"Slope":{"confidence_interval":{"confidence_level":0.95,"lower_bound":143245.69933058842,"upper_bound":143800.64322641867},"point_estimate":143517.28198526462,"standard_error":142.09458580606116},"StdDev":{"confidence_interval":{"confidence_level":0.95,"lower_bound":1232.6515287815826,"upper_bound":8127.193338391202},"point_estimate":4880.134446221356,"standard_error":2336.8733689272176}}