{"Mean":{"confidence_interval":{"confidence_level":0.95,"lower_bound":11614.98349818026,"upper_bound":11700.372219693321},"point_estimate":11654.005886855064,"standard_error":21.879336666285255},"Median":{"confidence_interval":{"confidence_level":0.95,"lower_bound":11599.09800899165,"upper_bound":11690.685533076428},"point_estimate":11641.843154570757,"standard_error":26.0496498981327},"MedianAbsDev":{"confidence_interval":{"confidence_level":0.95,"lower_bound":15.112997573694779,"upper_bound":114.67128392436061},"point_estimate":65.0747638334523,"standard_error":23.656862009518836},"Slope":{"confidence_interval":{"confidence_level":0.95,"lower_bound":11605.104263972016,"upper_bound":11675.424644995148},"point_estimate":11630.907065702442,"standard_error":18.11176548306162},"StdDev":{"confidence_interval":{"confidence_level":0.95,"lower_bound":33.505933181964586,"upper_bound":100.62943796278157},"point_estimate":73.30879684118868,"standard_error":19.387719677178026}}