{"Mean":{"confidence_interval":{"confidence_level":0.95,"lower_bound":12406.88444594479,"upper_bound":12465.856219324283},"point_estimate":12433.520763467026,"standard_error":15.172467284870287},"Median":{"confidence_interval":{"confidence_level":0.95,"lower_bound":12400.553798010973,"upper_bound":12457.684670781893},"point_estimate":12423.278120713305,"standard_error":14.98472660964782},"MedianAbsDev":{"confidence_interval":{"confidence_level":0.95,"lower_bound":11.67013621256788,"upper_bound":72.17290062196763},"point_estimate":39.519627652293615,"standard_error":15.968538157895678},"Slope":{"confidence_interval":{"confidence_level":0.95,"lower_bound":12396.365877104869,"upper_bound":12505.71230648638},"point_estimate":12455.013988206581,"standard_error":29.276041997012342},"StdDev":{"confidence_interval":{"confidence_level":0.95,"lower_bound":20.160459670071223,"upper_bound":70.1553938848078},"point_estimate":50.48822865961331,"standard_error":14.26542868127692}}