{"Mean":{"confidence_interval":{"confidence_level":0.95,"lower_bound":12622.58428636218,"upper_bound":12710.556471126176},"point_estimate":12663.386456996035,"standard_error":22.450348529139045},"Median":{"confidence_interval":{"confidence_level":0.95,"lower_bound":12579.070914522059,"upper_bound":12675.01929957168},"point_estimate":12614.504559376808,"standard_error":28.095773912413797},"MedianAbsDev":{"confidence_interval":{"confidence_level":0.95,"lower_bound":136.05729187021564,"upper_bound":217.2061651879375},"point_estimate":177.4419134446037,"standard_error":19.8949334815822},"Slope":{"confidence_interval":{"confidence_level":0.95,"lower_bound":12593.723093492124,"upper_bound":12651.611706197806},"point_estimate":12622.100051499927,"standard_error":14.770389384212608},"StdDev":{"confidence_interval":{"confidence_level":0.95,"lower_bound":145.87895925787288,"upper_bound":313.3041809155584},"point_estimate":225.6083589923261,"standard_error":46.65518034792805}}