{"Mean":{"confidence_interval":{"confidence_level":0.95,"lower_bound":11085.02390377262,"upper_bound":11208.477861570464},"point_estimate":11142.009028341628,"standard_error":31.526138459549657},"Median":{"confidence_interval":{"confidence_level":0.95,"lower_bound":11049.081148564295,"upper_bound":11141.336361463065},"point_estimate":11075.455952636956,"standard_error":22.95160784813873},"MedianAbsDev":{"confidence_interval":{"confidence_level":0.95,"lower_bound":156.4754521724534,"upper_bound":241.0485006466134},"point_estimate":187.7232053424113,"standard_error":22.24847581256534},"Slope":{"confidence_interval":{"confidence_level":0.95,"lower_bound":11033.115582171797,"upper_bound":11100.838570551476},"point_estimate":11065.309590760184,"standard_error":17.240421795220808},"StdDev":{"confidence_interval":{"confidence_level":0.95,"lower_bound":193.43129351765882,"upper_bound":440.92708229649634},"point_estimate":315.91879779982645,"standard_error":66.0303501389685}}