{"Mean":{"confidence_interval":{"confidence_level":0.95,"lower_bound":76318.59311632066,"upper_bound":77132.47276128098},"point_estimate":76688.55311289422,"standard_error":208.82070124160322},"Median":{"confidence_interval":{"confidence_level":0.95,"lower_bound":75928.7491638796,"upper_bound":76451.55745489079},"point_estimate":76246.8452499322,"standard_error":136.93143909125243},"MedianAbsDev":{"confidence_interval":{"confidence_level":0.95,"lower_bound":715.0265310957914,"upper_bound":1143.3380880093887},"point_estimate":963.9994668366368,"standard_error":111.58205567844384},"Slope":{"confidence_interval":{"confidence_level":0.95,"lower_bound":76282.30703971167,"upper_bound":77286.52150198941},"point_estimate":76714.66523331552,"standard_error":259.67264714415916},"StdDev":{"confidence_interval":{"confidence_level":0.95,"lower_bound":1048.3116182986168,"upper_bound":2917.4250023399804},"point_estimate":2094.936587721238,"standard_error":467.43295890413015}}