{"Mean":{"confidence_interval":{"confidence_level":0.95,"lower_bound":82984.70226920994,"upper_bound":83197.71946464645},"point_estimate":83086.43332539684,"standard_error":54.56190958503802},"Median":{"confidence_interval":{"confidence_level":0.95,"lower_bound":82916.54107142857,"upper_bound":83235.18022727274},"point_estimate":83073.36287878788,"standard_error":78.6123357250057},"MedianAbsDev":{"confidence_interval":{"confidence_level":0.95,"lower_bound":43.12657082526669,"upper_bound":315.0987534513391},"point_estimate":189.37743663788416,"standard_error":74.66918142588075},"Slope":{"confidence_interval":{"confidence_level":0.95,"lower_bound":82970.91728395062,"upper_bound":83310.20146541363},"point_estimate":83171.21234946871,"standard_error":86.81544543716628},"StdDev":{"confidence_interval":{"confidence_level":0.95,"lower_bound":97.65285302450488,"upper_bound":231.2391591327215},"point_estimate":182.55826773709683,"standard_error":34.598555208120686}}