{"Mean":{"confidence_interval":{"confidence_level":0.95,"lower_bound":78368.83800613586,"upper_bound":80105.94763548145},"point_estimate":79176.26408266285,"standard_error":443.37181779435025},"Median":{"confidence_interval":{"confidence_level":0.95,"lower_bound":77332.77280858676,"upper_bound":77960.76287774724},"point_estimate":77546.27117818891,"standard_error":158.26670251540097},"MedianAbsDev":{"confidence_interval":{"confidence_level":0.95,"lower_bound":572.2612278493881,"upper_bound":1259.1530885519996},"point_estimate":881.4308415912934,"standard_error":159.8628121112049},"Slope":{"confidence_interval":{"confidence_level":0.95,"lower_bound":78088.88917107861,"upper_bound":79776.81151429443},"point_estimate":78853.98260926896,"standard_error":432.39809676210916},"StdDev":{"confidence_interval":{"confidence_level":0.95,"lower_bound":2862.1635347212514,"upper_bound":5710.310888587945},"point_estimate":4461.432984295888,"standard_error":723.1657459517262}}