{"Mean":{"confidence_interval":{"confidence_level":0.95,"lower_bound":-0.000024748225800904952,"upper_bound":0.0060783084317336126},"point_estimate":0.003157030660091209,"standard_error":0.00155550816860209},"Median":{"confidence_interval":{"confidence_level":0.95,"lower_bound":0.0012320164759991314,"upper_bound":0.00727847665074477},"point_estimate":0.0035056689726640222,"standard_error":0.0017772838465173768}}