{"Mean":{"confidence_interval":{"confidence_level":0.95,"lower_bound":0.008242912233062194,"upper_bound":0.01503715494308192},"point_estimate":0.011583874936244909,"standard_error":0.001754548726509175},"Median":{"confidence_interval":{"confidence_level":0.95,"lower_bound":0.0072156880475258145,"upper_bound":0.014868474063874863},"point_estimate":0.011763335095680283,"standard_error":0.0020884103966798476}}