{"Mean":{"confidence_interval":{"confidence_level":0.95,"lower_bound":-0.009920871355918246,"upper_bound":0.000671113013778089},"point_estimate":-0.004571070704201041,"standard_error":0.0026992176383343145},"Median":{"confidence_interval":{"confidence_level":0.95,"lower_bound":-0.00949465305908992,"upper_bound":0.003141631709188797},"point_estimate":-0.0029766389870882204,"standard_error":0.00365710511986817}}