{"Mean":{"confidence_interval":{"confidence_level":0.95,"lower_bound":336.1047968818252,"upper_bound":337.6778408454356},"point_estimate":336.78811964554103,"standard_error":0.4060965155729625},"Median":{"confidence_interval":{"confidence_level":0.95,"lower_bound":335.67679768804896,"upper_bound":336.68361704073914},"point_estimate":336.0572790765075,"standard_error":0.2628893083051749},"MedianAbsDev":{"confidence_interval":{"confidence_level":0.95,"lower_bound":1.5178958965256482,"upper_bound":2.8664276389980468},"point_estimate":2.1293201206742105,"standard_error":0.34937489674316374},"Slope":{"confidence_interval":{"confidence_level":0.95,"lower_bound":336.6032226677581,"upper_bound":337.48854176192543},"point_estimate":337.0377335378046,"standard_error":0.22583652419495484},"StdDev":{"confidence_interval":{"confidence_level":0.95,"lower_bound":2.0813471935830044,"upper_bound":6.257979651059109},"point_estimate":4.084303773087957,"standard_error":1.3361134091592601}}