{"Mean":{"confidence_interval":{"confidence_level":0.95,"lower_bound":307.4543015770962,"upper_bound":309.3036649574766},"point_estimate":308.171313693025,"standard_error":0.4929684952843123},"Median":{"confidence_interval":{"confidence_level":0.95,"lower_bound":306.99357396478615,"upper_bound":307.9329326676178},"point_estimate":307.4431798496345,"standard_error":0.2262535522205172},"MedianAbsDev":{"confidence_interval":{"confidence_level":0.95,"lower_bound":1.363078301658988,"upper_bound":2.174938502765231},"point_estimate":1.7418812392136596,"standard_error":0.20030328510954837},"Slope":{"confidence_interval":{"confidence_level":0.95,"lower_bound":307.2678939940755,"upper_bound":307.90690782956466},"point_estimate":307.58095203206705,"standard_error":0.16301906517453288},"StdDev":{"confidence_interval":{"confidence_level":0.95,"lower_bound":1.502243138659892,"upper_bound":8.149027861083647},"point_estimate":4.935891730318281,"standard_error":2.257252072495607}}