{"Mean":{"confidence_interval":{"confidence_level":0.95,"lower_bound":29.16350379771963,"upper_bound":29.27466814745194},"point_estimate":29.213422552791084,"standard_error":0.028497861460143742},"Median":{"confidence_interval":{"confidence_level":0.95,"lower_bound":29.114749853981962,"upper_bound":29.153503197602113},"point_estimate":29.124158307436556,"standard_error":0.010337249458463387},"MedianAbsDev":{"confidence_interval":{"confidence_level":0.95,"lower_bound":0.06067865671182684,"upper_bound":0.12243628722162646},"point_estimate":0.09294410245893842,"standard_error":0.015589564566314615},"Slope":{"confidence_interval":{"confidence_level":0.95,"lower_bound":29.194309463312795,"upper_bound":29.325288249406796},"point_estimate":29.25608028698585,"standard_error":0.033567578816648035},"StdDev":{"confidence_interval":{"confidence_level":0.95,"lower_bound":0.14002373574463545,"upper_bound":0.40635488104571515},"point_estimate":0.2854050719657372,"standard_error":0.06868247559395935}}