{"Mean":{"confidence_interval":{"confidence_level":0.95,"lower_bound":18911113.34222222,"upper_bound":19024349.137511905},"point_estimate":18961081.62936508,"standard_error":29246.09214627547},"Median":{"confidence_interval":{"confidence_level":0.95,"lower_bound":18898118.211111113,"upper_bound":18997295.185714286},"point_estimate":18933953.0,"standard_error":27745.38132573354},"MedianAbsDev":{"confidence_interval":{"confidence_level":0.95,"lower_bound":9383.951800066992,"upper_bound":129075.25254845583},"point_estimate":82576.96377396639,"standard_error":29771.610106173608},"Slope":{"confidence_interval":{"confidence_level":0.95,"lower_bound":18911866.785547785,"upper_bound":18998225.553903345},"point_estimate":18955075.987012986,"standard_error":21792.612028318545},"StdDev":{"confidence_interval":{"confidence_level":0.95,"lower_bound":36373.46020223367,"upper_bound":140484.8259442899},"point_estimate":98112.63189839984,"standard_error":31387.52983729276}}