{"Mean":{"confidence_interval":{"confidence_level":0.95,"lower_bound":17139529.591135647,"upper_bound":17296920.73259187},"point_estimate":17212717.45345356,"standard_error":40306.79948570994},"Median":{"confidence_interval":{"confidence_level":0.95,"lower_bound":17092983.083333332,"upper_bound":17200495.6582397},"point_estimate":17132504.565001037,"standard_error":28871.457903070626},"MedianAbsDev":{"confidence_interval":{"confidence_level":0.95,"lower_bound":154474.87219906953,"upper_bound":246375.6872809625},"point_estimate":201210.6914569714,"standard_error":22829.255353096607},"Slope":{"confidence_interval":{"confidence_level":0.95,"lower_bound":17126158.570227735,"upper_bound":17357266.789706696},"point_estimate":17224395.375788383,"standard_error":59889.14176312948},"StdDev":{"confidence_interval":{"confidence_level":0.95,"lower_bound":240623.58176370678,"upper_bound":545654.3661990212},"point_estimate":405173.25662679115,"standard_error":78431.75483690192}}