{"Mean":{"confidence_interval":{"confidence_level":0.95,"lower_bound":1575072.4073859004,"upper_bound":1590401.4903488639},"point_estimate":1582146.067084601,"standard_error":3935.3889171639476},"Median":{"confidence_interval":{"confidence_level":0.95,"lower_bound":1568233.9723854288,"upper_bound":1578639.253012048},"point_estimate":1575333.187878788,"standard_error":2451.996999218172},"MedianAbsDev":{"confidence_interval":{"confidence_level":0.95,"lower_bound":16422.858290843433,"upper_bound":28461.805687009575},"point_estimate":22925.85247511533,"standard_error":3022.6545485904976},"Slope":{"confidence_interval":{"confidence_level":0.95,"lower_bound":1568797.704979898,"upper_bound":1581132.1921568804},"point_estimate":1574654.6306546475,"standard_error":3152.5017653408645},"StdDev":{"confidence_interval":{"confidence_level":0.95,"lower_bound":22726.693051009643,"upper_bound":55435.32974020532},"point_estimate":39662.21711249442,"standard_error":8640.6825973108}}