{"Mean":{"confidence_interval":{"confidence_level":0.95,"lower_bound":1518869.6532120728,"upper_bound":1556664.476037904},"point_estimate":1536295.0910407759,"standard_error":9679.166645090483},"Median":{"confidence_interval":{"confidence_level":0.95,"lower_bound":1502533.75,"upper_bound":1525468.4894799055},"point_estimate":1514387.0318181817,"standard_error":5961.382000774056},"MedianAbsDev":{"confidence_interval":{"confidence_level":0.95,"lower_bound":35341.689317358265,"upper_bound":64535.61787122815},"point_estimate":47484.67704067398,"standard_error":7370.18782630338},"Slope":{"confidence_interval":{"confidence_level":0.95,"lower_bound":1488864.5368117974,"upper_bound":1512916.114516309},"point_estimate":1500593.6505068715,"standard_error":6138.556627375566},"StdDev":{"confidence_interval":{"confidence_level":0.95,"lower_bound":56344.40868059521,"upper_bound":131486.51641227462},"point_estimate":97177.94158303797,"standard_error":19025.536529920893}}