{"Mean":{"confidence_interval":{"confidence_level":0.95,"lower_bound":0.007927652348759385,"upper_bound":0.01917390191937364},"point_estimate":0.013141403473575952,"standard_error":0.002942461407983335},"Median":{"confidence_interval":{"confidence_level":0.95,"lower_bound":0.0028558643376457304,"upper_bound":0.012869057870421585},"point_estimate":0.006337901483671304,"standard_error":0.002494261066687596}}