{"Mean":{"confidence_interval":{"confidence_level":0.95,"lower_bound":-0.0024171336783859122,"upper_bound":0.005973966458530926},"point_estimate":0.0016395829409878715,"standard_error":0.002136016760342845},"Median":{"confidence_interval":{"confidence_level":0.95,"lower_bound":-0.003258654617488829,"upper_bound":0.00707757909196749},"point_estimate":0.002738151511888276,"standard_error":0.0027910724633709075}}