{"Mean":{"confidence_interval":{"confidence_level":0.95,"lower_bound":-0.009711857409684993,"upper_bound":-0.0035486835870938154},"point_estimate":-0.006504592234334194,"standard_error":0.0015775118392397033},"Median":{"confidence_interval":{"confidence_level":0.95,"lower_bound":-0.011664213169017112,"upper_bound":-0.0018840971951958885},"point_estimate":-0.0062162441221337295,"standard_error":0.0025909245071987046}}