{"Mean":{"confidence_interval":{"confidence_level":0.95,"lower_bound":23903138.192440476,"upper_bound":24127208.40791667},"point_estimate":24009129.88059524,"standard_error":57420.03950301218},"Median":{"confidence_interval":{"confidence_level":0.95,"lower_bound":23882452.416666664,"upper_bound":24177754.1375},"point_estimate":23926322.523809522,"standard_error":77541.66442845644},"MedianAbsDev":{"confidence_interval":{"confidence_level":0.95,"lower_bound":17214.538894382156,"upper_bound":317546.62468742166},"point_estimate":156085.0858989347,"standard_error":85050.0897194099},"Slope":{"confidence_interval":{"confidence_level":0.95,"lower_bound":23949285.301215887,"upper_bound":24169480.313218392},"point_estimate":24050430.86753247,"standard_error":55867.36231413537},"StdDev":{"confidence_interval":{"confidence_level":0.95,"lower_bound":89895.42169963887,"upper_bound":238187.2579598203},"point_estimate":191241.9724494961,"standard_error":36891.06705451078}}