{"Mean":{"confidence_interval":{"confidence_level":0.95,"lower_bound":22233373.35339505,"upper_bound":22313544.058382876},"point_estimate":22272539.13102416,"standard_error":20425.313270804305},"Median":{"confidence_interval":{"confidence_level":0.95,"lower_bound":22225743.61904762,"upper_bound":22305441.225412913},"point_estimate":22275740.592857145,"standard_error":18517.130892796402},"MedianAbsDev":{"confidence_interval":{"confidence_level":0.95,"lower_bound":98075.06968470363,"upper_bound":165106.752769892},"point_estimate":119775.68734767896,"standard_error":17871.493168298613},"Slope":{"confidence_interval":{"confidence_level":0.95,"lower_bound":22263123.91645049,"upper_bound":22305258.690473292},"point_estimate":22283999.107560217,"standard_error":10715.165728872309},"StdDev":{"confidence_interval":{"confidence_level":0.95,"lower_bound":157477.28133679647,"upper_bound":250476.4158911947},"point_estimate":205072.91362173375,"standard_error":23902.31340373621}}