{"Mean":{"confidence_interval":{"confidence_level":0.95,"lower_bound":2011108.8807247665,"upper_bound":2033396.5975205244},"point_estimate":2022052.2191224925,"standard_error":5686.022592838666},"Median":{"confidence_interval":{"confidence_level":0.95,"lower_bound":2004276.6277641277,"upper_bound":2033564.9090909092},"point_estimate":2022959.2811965812,"standard_error":8837.483196359712},"MedianAbsDev":{"confidence_interval":{"confidence_level":0.95,"lower_bound":41406.64510488496,"upper_bound":67402.67009743555},"point_estimate":52921.344919048075,"standard_error":6870.259890936407},"Slope":{"confidence_interval":{"confidence_level":0.95,"lower_bound":1988201.2073034218,"upper_bound":2016423.225271332},"point_estimate":2001165.9839692626,"standard_error":7245.59220225206},"StdDev":{"confidence_interval":{"confidence_level":0.95,"lower_bound":47235.83801863652,"upper_bound":67025.00075866774},"point_estimate":57141.24587449939,"standard_error":5094.571549458417}}