{"Mean":{"confidence_interval":{"confidence_level":0.95,"lower_bound":-0.00009854198097770346,"upper_bound":0.0074178819605154765},"point_estimate":0.00436458906326731,"standard_error":0.001973065125888528},"Median":{"confidence_interval":{"confidence_level":0.95,"lower_bound":0.003652666368581192,"upper_bound":0.007627894829703941},"point_estimate":0.005895366999922214,"standard_error":0.0010856349455416437}}