{"Mean":{"confidence_interval":{"confidence_level":0.95,"lower_bound":-0.03549261318297132,"upper_bound":-0.012646206070946792},"point_estimate":-0.022660665306214134,"standard_error":0.005883060180879089},"Median":{"confidence_interval":{"confidence_level":0.95,"lower_bound":-0.018630002900982157,"upper_bound":-0.012983604774217006},"point_estimate":-0.016455997513372456,"standard_error":0.0014747141448133963}}