{"Mean":{"confidence_interval":{"confidence_level":0.95,"lower_bound":-0.009537118461009403,"upper_bound":0.0008006360314532001},"point_estimate":-0.005552010892892811,"standard_error":0.0025973866974909063},"Median":{"confidence_interval":{"confidence_level":0.95,"lower_bound":-0.009114268219348798,"upper_bound":-0.004640617090438726},"point_estimate":-0.007234998846707974,"standard_error":0.0011156424162914861}}