{"Mean":{"confidence_interval":{"confidence_level":0.95,"lower_bound":671.4730580132783,"upper_bound":684.6336901411962},"point_estimate":677.5776224847417,"standard_error":3.3633599740820297},"Median":{"confidence_interval":{"confidence_level":0.95,"lower_bound":663.9359013022619,"upper_bound":665.9260929826823},"point_estimate":664.661601986875,"standard_error":0.5425449031534771},"MedianAbsDev":{"confidence_interval":{"confidence_level":0.95,"lower_bound":2.989701477268706,"upper_bound":5.4890522700054785},"point_estimate":4.104407117501305,"standard_error":0.5819107348755602},"Slope":{"confidence_interval":{"confidence_level":0.95,"lower_bound":672.2293779702104,"upper_bound":684.6331211202972},"point_estimate":678.0964039633941,"standard_error":3.157420871020854},"StdDev":{"confidence_interval":{"confidence_level":0.95,"lower_bound":20.977438074339066,"upper_bound":44.147264202964244},"point_estimate":33.7700780960632,"standard_error":5.91451924875248}}