{"Mean":{"confidence_interval":{"confidence_level":0.95,"lower_bound":95114.53689235533,"upper_bound":95600.51982817455},"point_estimate":95336.14883271232,"standard_error":124.57530185775826},"Median":{"confidence_interval":{"confidence_level":0.95,"lower_bound":94826.45950413223,"upper_bound":95252.29490022174},"point_estimate":94990.48406299582,"standard_error":113.0628461532287},"MedianAbsDev":{"confidence_interval":{"confidence_level":0.95,"lower_bound":532.2376844135742,"upper_bound":957.2180689718757},"point_estimate":673.0368741308301,"standard_error":110.02563579798944},"Slope":{"confidence_interval":{"confidence_level":0.95,"lower_bound":95133.39526208815,"upper_bound":95639.0993037493},"point_estimate":95368.21884707874,"standard_error":129.267135636805},"StdDev":{"confidence_interval":{"confidence_level":0.95,"lower_bound":776.6201489173308,"upper_bound":1770.415245488706},"point_estimate":1252.0961351142194,"standard_error":281.12940879468204}}