{"Mean":{"confidence_interval":{"confidence_level":0.95,"lower_bound":94610.6969647401,"upper_bound":95091.00252216996},"point_estimate":94820.98600533743,"standard_error":123.63382084845462},"Median":{"confidence_interval":{"confidence_level":0.95,"lower_bound":94442.40553863999,"upper_bound":94881.42263056093},"point_estimate":94751.95448330723,"standard_error":110.90544866164473},"MedianAbsDev":{"confidence_interval":{"confidence_level":0.95,"lower_bound":663.0903653400788,"upper_bound":979.8150244814706},"point_estimate":805.6424577466772,"standard_error":80.11725891874976},"Slope":{"confidence_interval":{"confidence_level":0.95,"lower_bound":94749.80832906796,"upper_bound":95055.04582659119},"point_estimate":94904.31082956056,"standard_error":77.96060388436861},"StdDev":{"confidence_interval":{"confidence_level":0.95,"lower_bound":656.4685628395943,"upper_bound":1888.8226694587618},"point_estimate":1247.8086635384916,"standard_error":385.05424752155136}}