{"Mean":{"confidence_interval":{"confidence_level":0.95,"lower_bound":-0.011309570140550756,"upper_bound":-0.0040064820854933455},"point_estimate":-0.007620526146107864,"standard_error":0.0018781385290837342},"Median":{"confidence_interval":{"confidence_level":0.95,"lower_bound":-0.01348231651792653,"upper_bound":-0.004136718907971848},"point_estimate":-0.009095702598817867,"standard_error":0.002389422302069307}}