{"Mean":{"confidence_interval":{"confidence_level":0.95,"lower_bound":0.004228459176051705,"upper_bound":0.01088508019631855},"point_estimate":0.007570701084296916,"standard_error":0.0016905725600474097},"Median":{"confidence_interval":{"confidence_level":0.95,"lower_bound":0.0028083092710688984,"upper_bound":0.011403634471812696},"point_estimate":0.006885644435374871,"standard_error":0.002239990575387176}}