{"Mean":{"confidence_interval":{"confidence_level":0.95,"lower_bound":0.021285590478728335,"upper_bound":0.027141548817053544},"point_estimate":0.0244501560976087,"standard_error":0.001500338410650793},"Median":{"confidence_interval":{"confidence_level":0.95,"lower_bound":0.02149277172409292,"upper_bound":0.028661858867766732},"point_estimate":0.02607497348138965,"standard_error":0.001711779315581693}}