{"Mean":{"confidence_interval":{"confidence_level":0.95,"lower_bound":377.44838453204676,"upper_bound":379.1082066187027},"point_estimate":378.1495172841379,"standard_error":0.42874179177083477},"Median":{"confidence_interval":{"confidence_level":0.95,"lower_bound":376.65528080716115,"upper_bound":377.98875653393003},"point_estimate":377.29115087864824,"standard_error":0.3191118949186166},"MedianAbsDev":{"confidence_interval":{"confidence_level":0.95,"lower_bound":1.6119450348058653,"upper_bound":2.835324385423546},"point_estimate":2.1487805506885946,"standard_error":0.3022216486866297},"Slope":{"confidence_interval":{"confidence_level":0.95,"lower_bound":377.8272484951859,"upper_bound":378.9298468344041},"point_estimate":378.3669071175422,"standard_error":0.2812543656619721},"StdDev":{"confidence_interval":{"confidence_level":0.95,"lower_bound":2.0338165890492457,"upper_bound":6.712311485798149},"point_estimate":4.314840442121944,"standard_error":1.511094177226196}}