{"Mean":{"confidence_interval":{"confidence_level":0.95,"lower_bound":1361622.9574829931,"upper_bound":1368680.107414966},"point_estimate":1364919.1171768708,"standard_error":1813.01231022972},"Median":{"confidence_interval":{"confidence_level":0.95,"lower_bound":1360750.4464285714,"upper_bound":1369443.613095238},"point_estimate":1363453.2023809524,"standard_error":2174.860492659493},"MedianAbsDev":{"confidence_interval":{"confidence_level":0.95,"lower_bound":907.0385267540099,"upper_bound":10112.549670466256},"point_estimate":4475.815513395578,"standard_error":2270.475373059054},"Slope":{"confidence_interval":{"confidence_level":0.95,"lower_bound":1361074.4411427428,"upper_bound":1365673.1811594204},"point_estimate":1363353.8369202227,"standard_error":1222.1969226386195},"StdDev":{"confidence_interval":{"confidence_level":0.95,"lower_bound":2432.979704580323,"upper_bound":7650.508281932085},"point_estimate":6048.086875614835,"standard_error":1322.311738685942}}