{"Mean":{"confidence_interval":{"confidence_level":0.95,"lower_bound":1423244.5426055577,"upper_bound":1435940.6352894602},"point_estimate":1428887.0929474237,"standard_error":3257.069259560122},"Median":{"confidence_interval":{"confidence_level":0.95,"lower_bound":1417411.6842105263,"upper_bound":1429592.6463414633},"point_estimate":1421302.0163654126,"standard_error":2714.3093012055365},"MedianAbsDev":{"confidence_interval":{"confidence_level":0.95,"lower_bound":14505.390252618812,"upper_bound":22176.908300546616},"point_estimate":16565.446582805987,"standard_error":1929.678624010443},"Slope":{"confidence_interval":{"confidence_level":0.95,"lower_bound":1421923.4282421214,"upper_bound":1430801.7591549084},"point_estimate":1426189.19300133,"standard_error":2268.2544681959776},"StdDev":{"confidence_interval":{"confidence_level":0.95,"lower_bound":17644.945171892203,"upper_bound":48078.481189737635},"point_estimate":32656.380742276953,"standard_error":8582.381252825971}}