{"Mean":{"confidence_interval":{"confidence_level":0.95,"lower_bound":1360062.0232262698,"upper_bound":1408535.0094595812},"point_estimate":1382713.7318222988,"standard_error":12423.803809909143},"Median":{"confidence_interval":{"confidence_level":0.95,"lower_bound":1327768.0666666667,"upper_bound":1334212.9527027027},"point_estimate":1330843.198924731,"standard_error":1561.9522275213044},"MedianAbsDev":{"confidence_interval":{"confidence_level":0.95,"lower_bound":8570.193973296506,"upper_bound":18963.578234332388},"point_estimate":12935.82967114926,"standard_error":2629.7411419252126},"Slope":{"confidence_interval":{"confidence_level":0.95,"lower_bound":1352454.4168034396,"upper_bound":1387685.3000838307},"point_estimate":1368347.4714467267,"standard_error":9011.980178597501},"StdDev":{"confidence_interval":{"confidence_level":0.95,"lower_bound":86753.39691699506,"upper_bound":155209.93745758533},"point_estimate":124822.62537864094,"standard_error":17529.009873231917}}