{"Mean":{"confidence_interval":{"confidence_level":0.95,"lower_bound":1378533.422110673,"upper_bound":1386524.2832633716},"point_estimate":1382366.1453705279,"standard_error":2041.247700009707},"Median":{"confidence_interval":{"confidence_level":0.95,"lower_bound":1373630.2028985508,"upper_bound":1382721.4705882352},"point_estimate":1379107.88852459,"standard_error":2046.8809364027857},"MedianAbsDev":{"confidence_interval":{"confidence_level":0.95,"lower_bound":12574.754899622389,"upper_bound":20118.63814428017},"point_estimate":16099.336154809926,"standard_error":1864.2287043224608},"Slope":{"confidence_interval":{"confidence_level":0.95,"lower_bound":1379520.1178908432,"upper_bound":1390066.5726012937},"point_estimate":1384669.8859553717,"standard_error":2695.8772199612986},"StdDev":{"confidence_interval":{"confidence_level":0.95,"lower_bound":15372.505492661274,"upper_bound":26175.63393374621},"point_estimate":20490.332563496795,"standard_error":2891.6161259616165}}