{"Mean":{"confidence_interval":{"confidence_level":0.95,"lower_bound":3954.849346633286,"upper_bound":3978.661505832855},"point_estimate":3966.1893900971854,"standard_error":6.124636260057518},"Median":{"confidence_interval":{"confidence_level":0.95,"lower_bound":3949.107995618839,"upper_bound":3982.146111719606},"point_estimate":3962.612776560789,"standard_error":8.795317224651036},"MedianAbsDev":{"confidence_interval":{"confidence_level":0.95,"lower_bound":0.3629288435018033,"upper_bound":35.009558608101685},"point_estimate":20.022972743097522,"standard_error":9.144032831044383},"Slope":{"confidence_interval":{"confidence_level":0.95,"lower_bound":3957.220308163618,"upper_bound":3973.2049237872834},"point_estimate":3963.596103042631,"standard_error":4.027660989587567},"StdDev":{"confidence_interval":{"confidence_level":0.95,"lower_bound":8.178588269978464,"upper_bound":24.755807954988285},"point_estimate":20.485223252204293,"standard_error":3.834830656117423}}