{"Mean":{"confidence_interval":{"confidence_level":0.95,"lower_bound":1101.3565929034494,"upper_bound":1108.8890183720039},"point_estimate":1104.7865683948994,"standard_error":1.9246890302382982},"Median":{"confidence_interval":{"confidence_level":0.95,"lower_bound":1098.021642619312,"upper_bound":1103.6327020037156},"point_estimate":1101.1446877437188,"standard_error":1.416706982107548},"MedianAbsDev":{"confidence_interval":{"confidence_level":0.95,"lower_bound":7.795575201963368,"upper_bound":14.197916332596948},"point_estimate":10.603243188558348,"standard_error":1.62051492131149},"Slope":{"confidence_interval":{"confidence_level":0.95,"lower_bound":1097.3736681957544,"upper_bound":1101.7781275085524},"point_estimate":1099.518731324422,"standard_error":1.1243739354671773},"StdDev":{"confidence_interval":{"confidence_level":0.95,"lower_bound":11.368610526322643,"upper_bound":27.259062446788143},"point_estimate":19.276806386511762,"standard_error":4.23327484505521}}