{"Mean":{"confidence_interval":{"confidence_level":0.95,"lower_bound":-0.6179132095271865,"upper_bound":-0.6158923238112058},"point_estimate":-0.6168827115078969,"standard_error":0.0005129010227515574},"Median":{"confidence_interval":{"confidence_level":0.95,"lower_bound":-0.6173586315756204,"upper_bound":-0.6151585690160946},"point_estimate":-0.6162940022657644,"standard_error":0.0005492871112263263}}