{"Mean":{"confidence_interval":{"confidence_level":0.95,"lower_bound":0.3167948318362911,"upper_bound":0.3250381338761801},"point_estimate":0.3209432961142409,"standard_error":0.0021094277105917565},"Median":{"confidence_interval":{"confidence_level":0.95,"lower_bound":0.314296449213058,"upper_bound":0.32362932158777635},"point_estimate":0.31916523836627086,"standard_error":0.002368229620979729}}