{"Mean":{"confidence_interval":{"confidence_level":0.95,"lower_bound":0.7420490838153725,"upper_bound":0.7482661668263444},"point_estimate":0.7450651574141471,"standard_error":0.0015895077775219895},"Median":{"confidence_interval":{"confidence_level":0.95,"lower_bound":0.7412491349266948,"upper_bound":0.7499384836353722},"point_estimate":0.745051905157337,"standard_error":0.001915577232796376}}