{"Mean":{"confidence_interval":{"confidence_level":0.95,"lower_bound":553254.9838314144,"upper_bound":556784.989843089},"point_estimate":554953.7002471504,"standard_error":901.3850470632982},"Median":{"confidence_interval":{"confidence_level":0.95,"lower_bound":550052.0082463218,"upper_bound":555341.06},"point_estimate":553272.8479420731,"standard_error":1153.7592125343845},"MedianAbsDev":{"confidence_interval":{"confidence_level":0.95,"lower_bound":5694.0777151777675,"upper_bound":10305.24026520567},"point_estimate":8536.86490300551,"standard_error":1093.1287311986325},"Slope":{"confidence_interval":{"confidence_level":0.95,"lower_bound":551464.2244459003,"upper_bound":554274.4940677077},"point_estimate":552838.905510566,"standard_error":716.7718163227674},"StdDev":{"confidence_interval":{"confidence_level":0.95,"lower_bound":7168.248529606725,"upper_bound":10888.20439487921},"point_estimate":9049.2260776812,"standard_error":956.9467147038166}}