{"Mean":{"confidence_interval":{"confidence_level":0.95,"lower_bound":662945.2379178163,"upper_bound":667922.1579693494},"point_estimate":665191.5540943359,"standard_error":1271.1452433533352},"Median":{"confidence_interval":{"confidence_level":0.95,"lower_bound":660084.8235294118,"upper_bound":663831.398989899},"point_estimate":661486.6703514738,"standard_error":1139.1202512336074},"MedianAbsDev":{"confidence_interval":{"confidence_level":0.95,"lower_bound":4669.615219520846,"upper_bound":9174.7794933446},"point_estimate":6949.706096315005,"standard_error":1178.336311049081},"Slope":{"confidence_interval":{"confidence_level":0.95,"lower_bound":662395.78165066,"upper_bound":666291.5547473307},"point_estimate":664277.1745603664,"standard_error":994.2892133761566},"StdDev":{"confidence_interval":{"confidence_level":0.95,"lower_bound":7633.338873269121,"upper_bound":18345.412397042124},"point_estimate":12744.98734531071,"standard_error":3154.5994492139826}}