{"Mean":{"confidence_interval":{"confidence_level":0.95,"lower_bound":21859.064873272688,"upper_bound":22012.706742502927},"point_estimate":21929.268673751343,"standard_error":39.31505501821703},"Median":{"confidence_interval":{"confidence_level":0.95,"lower_bound":21757.136103234618,"upper_bound":21921.53858695652},"point_estimate":21831.393045277007,"standard_error":44.75619869484227},"MedianAbsDev":{"confidence_interval":{"confidence_level":0.95,"lower_bound":182.42361409924322,"upper_bound":329.0599367801493},"point_estimate":265.54648247880596,"standard_error":37.511049632593945},"Slope":{"confidence_interval":{"confidence_level":0.95,"lower_bound":21867.33156026251,"upper_bound":22017.33453889972},"point_estimate":21939.028431068935,"standard_error":38.404267302609995},"StdDev":{"confidence_interval":{"confidence_level":0.95,"lower_bound":249.15658377954998,"upper_bound":551.9121365907995},"point_estimate":394.29475465679775,"standard_error":85.76054243233501}}