{"Mean":{"confidence_interval":{"confidence_level":0.95,"lower_bound":21962.715543286125,"upper_bound":22172.52474958254},"point_estimate":22052.21232848736,"standard_error":54.25128745354945},"Median":{"confidence_interval":{"confidence_level":0.95,"lower_bound":21877.28191767513,"upper_bound":22004.80844155844},"point_estimate":21942.898111179362,"standard_error":31.951368201599827},"MedianAbsDev":{"confidence_interval":{"confidence_level":0.95,"lower_bound":196.47289771159856,"upper_bound":329.57438774537525},"point_estimate":268.51967223729326,"standard_error":34.40446348737503},"Slope":{"confidence_interval":{"confidence_level":0.95,"lower_bound":21978.65665347506,"upper_bound":22109.444380441742},"point_estimate":22042.69851686661,"standard_error":33.422428844111224},"StdDev":{"confidence_interval":{"confidence_level":0.95,"lower_bound":253.08519916215005,"upper_bound":845.8858397476092},"point_estimate":545.2054427104318,"standard_error":186.1857766168771}}