{"Mean":{"confidence_interval":{"confidence_level":0.95,"lower_bound":121.78567589366124,"upper_bound":122.3327863734975},"point_estimate":122.03213732370466,"standard_error":0.13988835690546486},"Median":{"confidence_interval":{"confidence_level":0.95,"lower_bound":121.49992625100705,"upper_bound":122.07132784531792},"point_estimate":121.81980954119508,"standard_error":0.15082916042507633},"MedianAbsDev":{"confidence_interval":{"confidence_level":0.95,"lower_bound":0.7323960974887179,"upper_bound":1.112908850616459},"point_estimate":0.9438001678059745,"standard_error":0.09611332715845902},"Slope":{"confidence_interval":{"confidence_level":0.95,"lower_bound":121.76030229631174,"upper_bound":122.26552310611774},"point_estimate":122.01083783180776,"standard_error":0.12868710941834757},"StdDev":{"confidence_interval":{"confidence_level":0.95,"lower_bound":0.8030279616194709,"upper_bound":2.038599840327213},"point_estimate":1.4026785534961732,"standard_error":0.35023264389818687}}