{"Mean":{"confidence_interval":{"confidence_level":0.95,"lower_bound":127.01243929775849,"upper_bound":127.6147341506568},"point_estimate":127.27646472415024,"standard_error":0.15433438014678086},"Median":{"confidence_interval":{"confidence_level":0.95,"lower_bound":126.84016242575564,"upper_bound":127.14512232709714},"point_estimate":127.00945690292124,"standard_error":0.09179959930595794},"MedianAbsDev":{"confidence_interval":{"confidence_level":0.95,"lower_bound":0.5710004062868069,"upper_bound":1.0473762727888822},"point_estimate":0.8421989527920177,"standard_error":0.12589840028038232},"Slope":{"confidence_interval":{"confidence_level":0.95,"lower_bound":127.03584365068394,"upper_bound":127.40097274643922},"point_estimate":127.21525645416175,"standard_error":0.09333127020784575},"StdDev":{"confidence_interval":{"confidence_level":0.95,"lower_bound":0.7200661693913569,"upper_bound":2.3449248181386606},"point_estimate":1.5502147909107644,"standard_error":0.45474728672716225}}