{"Mean":{"confidence_interval":{"confidence_level":0.95,"lower_bound":37.35412608454033,"upper_bound":37.570133048124646},"point_estimate":37.44678404769476,"standard_error":0.05596640184772477},"Median":{"confidence_interval":{"confidence_level":0.95,"lower_bound":37.24123777304749,"upper_bound":37.351825334916114},"point_estimate":37.287531356947504,"standard_error":0.03405797305327072},"MedianAbsDev":{"confidence_interval":{"confidence_level":0.95,"lower_bound":0.14845986471289405,"upper_bound":0.29499168234426193},"point_estimate":0.21560825889965132,"standard_error":0.04156126889567517},"Slope":{"confidence_interval":{"confidence_level":0.95,"lower_bound":37.361246728467044,"upper_bound":37.50116975933935},"point_estimate":37.42820750015745,"standard_error":0.0356340918936526},"StdDev":{"confidence_interval":{"confidence_level":0.95,"lower_bound":0.2706503481449317,"upper_bound":0.8682595842294727},"point_estimate":0.562957872267584,"standard_error":0.19003349954752224}}