{"Mean":{"confidence_interval":{"confidence_level":0.95,"lower_bound":37.59408994015583,"upper_bound":37.958832885106105},"point_estimate":37.762636073148606,"standard_error":0.0932347346463534},"Median":{"confidence_interval":{"confidence_level":0.95,"lower_bound":37.376887047250406,"upper_bound":37.45427350893061},"point_estimate":37.4088515781788,"standard_error":0.018172977684816426},"MedianAbsDev":{"confidence_interval":{"confidence_level":0.95,"lower_bound":0.11406132216068066,"upper_bound":0.2229632427540854},"point_estimate":0.1560170869545883,"standard_error":0.027128108531011212},"Slope":{"confidence_interval":{"confidence_level":0.95,"lower_bound":37.612990722192,"upper_bound":38.04618396737016},"point_estimate":37.816875120894416,"standard_error":0.11067595795939393},"StdDev":{"confidence_interval":{"confidence_level":0.95,"lower_bound":0.6071830579477412,"upper_bound":1.2322506421000496},"point_estimate":0.9373477881092871,"standard_error":0.16039341437129492}}