{"Mean":{"confidence_interval":{"confidence_level":0.95,"lower_bound":43.235347048175505,"upper_bound":43.535416785044376},"point_estimate":43.382518020085755,"standard_error":0.0765638567020982},"Median":{"confidence_interval":{"confidence_level":0.95,"lower_bound":43.14951375727816,"upper_bound":43.4950941704241},"point_estimate":43.27255378147947,"standard_error":0.09812845241714514},"MedianAbsDev":{"confidence_interval":{"confidence_level":0.95,"lower_bound":0.4491006204470408,"upper_bound":0.7047462041376078},"point_estimate":0.5762274680670357,"standard_error":0.061082630443190435},"Slope":{"confidence_interval":{"confidence_level":0.95,"lower_bound":43.2015162711671,"upper_bound":43.41833177621138},"point_estimate":43.30434126919269,"standard_error":0.05529274228273162},"StdDev":{"confidence_interval":{"confidence_level":0.95,"lower_bound":0.5836226583948927,"upper_bound":0.9455300149304648},"point_estimate":0.770321379277249,"standard_error":0.09250744297968426}}