{"Mean":{"confidence_interval":{"confidence_level":0.95,"lower_bound":51.08010465118453,"upper_bound":51.38249493060725},"point_estimate":51.21785513541589,"standard_error":0.07744446067763903},"Median":{"confidence_interval":{"confidence_level":0.95,"lower_bound":51.025600767097785,"upper_bound":51.321538457225046},"point_estimate":51.19529329013736,"standard_error":0.07781126828130755},"MedianAbsDev":{"confidence_interval":{"confidence_level":0.95,"lower_bound":0.05019615937928462,"upper_bound":0.39074316183424895},"point_estimate":0.20891532885425404,"standard_error":0.08681543767032021},"Slope":{"confidence_interval":{"confidence_level":0.95,"lower_bound":51.167000066692275,"upper_bound":51.56806537626357},"point_estimate":51.369804176180956,"standard_error":0.10507465239686892},"StdDev":{"confidence_interval":{"confidence_level":0.95,"lower_bound":0.11337792374674298,"upper_bound":0.3573196323957517},"point_estimate":0.2572929367680551,"standard_error":0.07043964581378885}}