{"Mean":{"confidence_interval":{"confidence_level":0.95,"lower_bound":125.41936348348166,"upper_bound":128.061003243955},"point_estimate":126.62319605351269,"standard_error":0.6762450930421819},"Median":{"confidence_interval":{"confidence_level":0.95,"lower_bound":124.19372818391314,"upper_bound":124.48580509894985},"point_estimate":124.3261874178828,"standard_error":0.08569997245158485},"MedianAbsDev":{"confidence_interval":{"confidence_level":0.95,"lower_bound":0.4026003522279715,"upper_bound":0.6562280493355412},"point_estimate":0.5330749843185861,"standard_error":0.06672730641698148},"Slope":{"confidence_interval":{"confidence_level":0.95,"lower_bound":125.5023999530836,"upper_bound":128.74175190716352},"point_estimate":126.91553780495391,"standard_error":0.8303719820946632},"StdDev":{"confidence_interval":{"confidence_level":0.95,"lower_bound":3.862729795192193,"upper_bound":9.32063549596362},"point_estimate":6.792524763041084,"standard_error":1.399470530849299}}