{"Mean":{"confidence_interval":{"confidence_level":0.95,"lower_bound":480.32176220264705,"upper_bound":483.07796798295936},"point_estimate":481.498730967897,"standard_error":0.7092336994891358},"Median":{"confidence_interval":{"confidence_level":0.95,"lower_bound":479.16871243643084,"upper_bound":480.9135007738849},"point_estimate":479.78085138162805,"standard_error":0.43424761405795337},"MedianAbsDev":{"confidence_interval":{"confidence_level":0.95,"lower_bound":2.4280311155089094,"upper_bound":4.580528980623843},"point_estimate":3.390981315420574,"standard_error":0.5239899448636448},"Slope":{"confidence_interval":{"confidence_level":0.95,"lower_bound":479.8912259368856,"upper_bound":481.25959253668725},"point_estimate":480.55490399152944,"standard_error":0.3496366487162672},"StdDev":{"confidence_interval":{"confidence_level":0.95,"lower_bound":3.485692498214804,"upper_bound":10.97718507617962},"point_estimate":7.122823737554342,"standard_error":2.386486859387612}}