{"Mean":{"confidence_interval":{"confidence_level":0.95,"lower_bound":476.8546608475823,"upper_bound":488.50552629389966},"point_estimate":482.15083092889296,"standard_error":2.9877997382291532},"Median":{"confidence_interval":{"confidence_level":0.95,"lower_bound":470.7124730596026,"upper_bound":472.27127918287937},"point_estimate":471.30982198179754,"standard_error":0.42590683571443216},"MedianAbsDev":{"confidence_interval":{"confidence_level":0.95,"lower_bound":1.7931001394826374,"upper_bound":3.7855806518614314},"point_estimate":2.6528656079421498,"standard_error":0.5248510249205797},"Slope":{"confidence_interval":{"confidence_level":0.95,"lower_bound":475.8664800057876,"upper_bound":484.7523997265817},"point_estimate":480.0672500846693,"standard_error":2.268963295867271},"StdDev":{"confidence_interval":{"confidence_level":0.95,"lower_bound":16.235693857568474,"upper_bound":41.75185334633823},"point_estimate":30.042149126689157,"standard_error":6.536955739793868}}