{"Mean":{"confidence_interval":{"confidence_level":0.95,"lower_bound":479.8792855389797,"upper_bound":484.24714715704397},"point_estimate":481.56280390725965,"standard_error":1.1613059500110812},"Median":{"confidence_interval":{"confidence_level":0.95,"lower_bound":478.4507784403215,"upper_bound":480.63483509469876},"point_estimate":479.36354064147156,"standard_error":0.5465382603419778},"MedianAbsDev":{"confidence_interval":{"confidence_level":0.95,"lower_bound":2.8519651657280707,"upper_bound":5.1023160518499635},"point_estimate":3.7408619407992285,"standard_error":0.6165597471408468},"Slope":{"confidence_interval":{"confidence_level":0.95,"lower_bound":479.3827987009251,"upper_bound":480.94720157948785},"point_estimate":480.1294918329647,"standard_error":0.40006002489036263},"StdDev":{"confidence_interval":{"confidence_level":0.95,"lower_bound":3.578633086382199,"upper_bound":19.260566045122886},"point_estimate":11.659401630635381,"standard_error":5.361673649795262}}