{"Mean":{"confidence_interval":{"confidence_level":0.95,"lower_bound":429.8369823296316,"upper_bound":430.5992290049049},"point_estimate":430.2182944945638,"standard_error":0.1949781631684091},"Median":{"confidence_interval":{"confidence_level":0.95,"lower_bound":429.6088930936613,"upper_bound":430.6910896742803},"point_estimate":430.34153986649847,"standard_error":0.27135549104154877},"MedianAbsDev":{"confidence_interval":{"confidence_level":0.95,"lower_bound":0.11115742707105683,"upper_bound":1.1732484681330877},"point_estimate":0.7082066757546353,"standard_error":0.27336007665917056},"Slope":{"confidence_interval":{"confidence_level":0.95,"lower_bound":430.0473928584365,"upper_bound":430.9056986205286},"point_estimate":430.49525888019264,"standard_error":0.22981667383260249},"StdDev":{"confidence_interval":{"confidence_level":0.95,"lower_bound":0.3832513714936564,"upper_bound":0.8054881604555943},"point_estimate":0.6499150200680541,"standard_error":0.1082786230713952}}