{"Mean":{"confidence_interval":{"confidence_level":0.95,"lower_bound":428.3394872281093,"upper_bound":430.06171452511154},"point_estimate":429.10593477751246,"standard_error":0.4420160285926143},"Median":{"confidence_interval":{"confidence_level":0.95,"lower_bound":427.1285182819135,"upper_bound":428.76063424009465},"point_estimate":427.7434249326351,"standard_error":0.4720677192916089},"MedianAbsDev":{"confidence_interval":{"confidence_level":0.95,"lower_bound":1.2984663314120766,"upper_bound":3.1230187354377703},"point_estimate":2.0077348893644604,"standard_error":0.483128876195383},"Slope":{"confidence_interval":{"confidence_level":0.95,"lower_bound":428.6208918348938,"upper_bound":430.67989880240265},"point_estimate":429.5561138112547,"standard_error":0.5273776619251916},"StdDev":{"confidence_interval":{"confidence_level":0.95,"lower_bound":2.334745663735506,"upper_bound":6.529928662747292},"point_estimate":4.438998083276183,"standard_error":1.1533445012227133}}