{"Mean":{"confidence_interval":{"confidence_level":0.95,"lower_bound":454.4921372046194,"upper_bound":460.71792548555624},"point_estimate":457.33466252890656,"standard_error":1.600327184966041},"Median":{"confidence_interval":{"confidence_level":0.95,"lower_bound":450.647858064135,"upper_bound":451.7939520556024},"point_estimate":451.34971554563515,"standard_error":0.2991647130775564},"MedianAbsDev":{"confidence_interval":{"confidence_level":0.95,"lower_bound":1.361435753279468,"upper_bound":2.8608691880333343},"point_estimate":2.1969691976420442,"standard_error":0.41491077727941694},"Slope":{"confidence_interval":{"confidence_level":0.95,"lower_bound":454.1339150441224,"upper_bound":460.28377899823886},"point_estimate":456.9945127998541,"standard_error":1.5742176246492734},"StdDev":{"confidence_interval":{"confidence_level":0.95,"lower_bound":9.749148161065282,"upper_bound":22.242560520130244},"point_estimate":16.0285153994633,"standard_error":3.3225843465768996}}