{"Mean":{"confidence_interval":{"confidence_level":0.95,"lower_bound":372.67722258343196,"upper_bound":376.5686282209921},"point_estimate":374.49248092192624,"standard_error":0.9916060663829586},"Median":{"confidence_interval":{"confidence_level":0.95,"lower_bound":371.0170436197865,"upper_bound":374.6098214285714},"point_estimate":372.7188208502024,"standard_error":0.979311981005629},"MedianAbsDev":{"confidence_interval":{"confidence_level":0.95,"lower_bound":4.722672142263807,"upper_bound":7.774249868346734},"point_estimate":6.175912059978328,"standard_error":0.7794006354328167},"Slope":{"confidence_interval":{"confidence_level":0.95,"lower_bound":371.9721105235511,"upper_bound":374.74857023285284},"point_estimate":373.2764385301957,"standard_error":0.707549182880143},"StdDev":{"confidence_interval":{"confidence_level":0.95,"lower_bound":6.3803150146664045,"upper_bound":13.39842807070704},"point_estimate":9.986521635065685,"standard_error":1.8296337683601915}}