{"Mean":{"confidence_interval":{"confidence_level":0.95,"lower_bound":538512.739518167,"upper_bound":548720.7164303684},"point_estimate":543037.1892563747,"standard_error":2620.981965722805},"Median":{"confidence_interval":{"confidence_level":0.95,"lower_bound":533938.156547619,"upper_bound":535712.3383928571},"point_estimate":534661.3922727273,"standard_error":441.1069614017037},"MedianAbsDev":{"confidence_interval":{"confidence_level":0.95,"lower_bound":2178.6034900913305,"upper_bound":4131.178762541586},"point_estimate":2889.156737234812,"standard_error":506.9555754863429},"Slope":{"confidence_interval":{"confidence_level":0.95,"lower_bound":538344.107932361,"upper_bound":545132.2682056924},"point_estimate":541586.2563824442,"standard_error":1736.9208059545085},"StdDev":{"confidence_interval":{"confidence_level":0.95,"lower_bound":12791.073488499418,"upper_bound":38857.29283925327},"point_estimate":26314.97381547791,"standard_error":7018.685055478823}}