{"Mean":{"confidence_interval":{"confidence_level":0.95,"lower_bound":536194.3535294117,"upper_bound":538125.4119607842},"point_estimate":537191.5347619049,"standard_error":492.2486815299364},"Median":{"confidence_interval":{"confidence_level":0.95,"lower_bound":536166.8049019608,"upper_bound":538268.2352941176},"point_estimate":537419.8669467787,"standard_error":481.3898294791691},"MedianAbsDev":{"confidence_interval":{"confidence_level":0.95,"lower_bound":187.04119962050166,"upper_bound":2741.1761842756064},"point_estimate":1259.102803528784,"standard_error":643.0192282997775},"Slope":{"confidence_interval":{"confidence_level":0.95,"lower_bound":536671.2758314762,"upper_bound":538545.705406691},"point_estimate":537391.3009167303,"standard_error":500.2297300797767},"StdDev":{"confidence_interval":{"confidence_level":0.95,"lower_bound":750.217250327743,"upper_bound":2215.521847612463},"point_estimate":1642.3423740746748,"standard_error":375.8219718419555}}