{"Mean":{"confidence_interval":{"confidence_level":0.95,"lower_bound":540028.9776932229,"upper_bound":542719.5743472145},"point_estimate":541199.7221055437,"standard_error":690.0028104667889},"Median":{"confidence_interval":{"confidence_level":0.95,"lower_bound":539233.1548387096,"upper_bound":541454.7291666666},"point_estimate":540371.9234859409,"standard_error":638.4412822319944},"MedianAbsDev":{"confidence_interval":{"confidence_level":0.95,"lower_bound":3482.8162691724124,"upper_bound":5726.7475975618145},"point_estimate":4502.562875992596,"standard_error":560.4916367918461},"Slope":{"confidence_interval":{"confidence_level":0.95,"lower_bound":540272.0545074112,"upper_bound":542557.4330602543},"point_estimate":541395.4775424856,"standard_error":584.6299269555815},"StdDev":{"confidence_interval":{"confidence_level":0.95,"lower_bound":3710.781562342664,"upper_bound":10394.106065390533},"point_estimate":6890.62186759735,"standard_error":2117.2009114542293}}