{"Mean":{"confidence_interval":{"confidence_level":0.95,"lower_bound":16457231.18964089,"upper_bound":16501062.527712103},"point_estimate":16477759.25460612,"standard_error":11194.096250671546},"Median":{"confidence_interval":{"confidence_level":0.95,"lower_bound":16432861.49382716,"upper_bound":16473566.92682927},"point_estimate":16460486.412828948,"standard_error":9394.631774670903},"MedianAbsDev":{"confidence_interval":{"confidence_level":0.95,"lower_bound":53592.68304097604,"upper_bound":88633.95321382242},"point_estimate":73730.40873134632,"standard_error":9134.036477693619},"Slope":{"confidence_interval":{"confidence_level":0.95,"lower_bound":16427371.126563825,"upper_bound":16450623.820153154},"point_estimate":16438809.688177923,"standard_error":5927.414884528866},"StdDev":{"confidence_interval":{"confidence_level":0.95,"lower_bound":76053.14908974132,"upper_bound":144959.27466518618},"point_estimate":112668.04994681898,"standard_error":17653.950596346036}}