{"Mean":{"confidence_interval":{"confidence_level":0.95,"lower_bound":4760.972983523118,"upper_bound":4784.536398771783},"point_estimate":4772.182632490799,"standard_error":6.041617125243791},"Median":{"confidence_interval":{"confidence_level":0.95,"lower_bound":4757.358579192547,"upper_bound":4788.728390269151},"point_estimate":4769.725769927536,"standard_error":6.907712325862921},"MedianAbsDev":{"confidence_interval":{"confidence_level":0.95,"lower_bound":4.561501730612431,"upper_bound":36.77567364057965},"point_estimate":14.544375126749392,"standard_error":8.067097390043392},"Slope":{"confidence_interval":{"confidence_level":0.95,"lower_bound":4752.945440267371,"upper_bound":4780.7694300837675},"point_estimate":4762.793841924122,"standard_error":7.202671718844842},"StdDev":{"confidence_interval":{"confidence_level":0.95,"lower_bound":9.351777373021193,"upper_bound":25.547634646031238},"point_estimate":20.115183754563052,"standard_error":4.119355397604628}}