{"Mean":{"confidence_interval":{"confidence_level":0.95,"lower_bound":4576.208052617118,"upper_bound":4611.758171470521},"point_estimate":4592.579503384318,"standard_error":9.088712360475693},"Median":{"confidence_interval":{"confidence_level":0.95,"lower_bound":4560.647138832216,"upper_bound":4578.84830035515},"point_estimate":4572.34634158158,"standard_error":4.446193602905602},"MedianAbsDev":{"confidence_interval":{"confidence_level":0.95,"lower_bound":36.010401093729264,"upper_bound":58.26507267090039},"point_estimate":48.57638969141482,"standard_error":5.4408246651059775},"Slope":{"confidence_interval":{"confidence_level":0.95,"lower_bound":4571.332199956224,"upper_bound":4597.565055422929},"point_estimate":4583.833759953792,"standard_error":6.713928915249404},"StdDev":{"confidence_interval":{"confidence_level":0.95,"lower_bound":54.86108878483328,"upper_bound":123.75576182838267},"point_estimate":91.09997604219006,"standard_error":17.772454419335496}}