{"Mean":{"confidence_interval":{"confidence_level":0.95,"lower_bound":-0.7545176550445726,"upper_bound":-0.7520112072806471},"point_estimate":-0.7534147178478798,"standard_error":0.0006504044726909655},"Median":{"confidence_interval":{"confidence_level":0.95,"lower_bound":-0.7549443651336663,"upper_bound":-0.7532770426485924},"point_estimate":-0.7541094472522454,"standard_error":0.00043767066812504214}}