{"Mean":{"confidence_interval":{"confidence_level":0.95,"lower_bound":0.12870768747265565,"upper_bound":0.13512653639420355},"point_estimate":0.1317424332268573,"standard_error":0.001632717673902135},"Median":{"confidence_interval":{"confidence_level":0.95,"lower_bound":0.1295864108129099,"upper_bound":0.1344489726783087},"point_estimate":0.13225004764264492,"standard_error":0.0012923751345566114}}