{"Mean":{"confidence_interval":{"confidence_level":0.95,"lower_bound":0.0005909401444604899,"upper_bound":0.007959920114046592},"point_estimate":0.003932456943740892,"standard_error":0.0018729655946511784},"Median":{"confidence_interval":{"confidence_level":0.95,"lower_bound":-0.001294183229756829,"upper_bound":0.008554843591391803},"point_estimate":0.003986554383408558,"standard_error":0.002440958034080126}}