{"Mean":{"confidence_interval":{"confidence_level":0.95,"lower_bound":745.5978557952814,"upper_bound":752.3441783866639},"point_estimate":748.7088577148428,"standard_error":1.723473585671888},"Median":{"confidence_interval":{"confidence_level":0.95,"lower_bound":742.6175635094554,"upper_bound":748.7926497926499},"point_estimate":746.0442470384999,"standard_error":1.5571356268299108},"MedianAbsDev":{"confidence_interval":{"confidence_level":0.95,"lower_bound":8.431225901064067,"upper_bound":15.221884453966053},"point_estimate":12.732844135744376,"standard_error":1.7904135910686518},"Slope":{"confidence_interval":{"confidence_level":0.95,"lower_bound":745.698753459956,"upper_bound":753.0246938837338},"point_estimate":749.3566065356032,"standard_error":1.876628338234342},"StdDev":{"confidence_interval":{"confidence_level":0.95,"lower_bound":10.777992745095014,"upper_bound":23.553896273801193},"point_estimate":17.364634163299243,"standard_error":3.3424493195520752}}