{"Mean":{"confidence_interval":{"confidence_level":0.95,"lower_bound":594.3744789434433,"upper_bound":599.2176391931437},"point_estimate":596.6529721340642,"standard_error":1.2335580844307685},"Median":{"confidence_interval":{"confidence_level":0.95,"lower_bound":594.0778611722351,"upper_bound":597.0924863883847},"point_estimate":595.4179317276669,"standard_error":0.8527204347423072},"MedianAbsDev":{"confidence_interval":{"confidence_level":0.95,"lower_bound":7.19201838683988,"upper_bound":10.4994701553999},"point_estimate":9.172116503828985,"standard_error":0.8714899288826434},"Slope":{"confidence_interval":{"confidence_level":0.95,"lower_bound":591.4150982616237,"upper_bound":595.3628752425556},"point_estimate":593.2909437020036,"standard_error":1.0001465703669272},"StdDev":{"confidence_interval":{"confidence_level":0.95,"lower_bound":8.171015093419033,"upper_bound":16.71400534827934},"point_estimate":12.381099753148145,"standard_error":2.2488477038533685}}