{"Mean":{"confidence_interval":{"confidence_level":0.95,"lower_bound":0.7429245067461054,"upper_bound":0.7483078402389959},"point_estimate":0.7455820257546506,"standard_error":0.0013797411442446155},"Median":{"confidence_interval":{"confidence_level":0.95,"lower_bound":0.7412738962804224,"upper_bound":0.7503311420748902},"point_estimate":0.7459799505637261,"standard_error":0.002339217655402903}}