{"Mean":{"confidence_interval":{"confidence_level":0.95,"lower_bound":0.0007538417895976871,"upper_bound":0.004568154443296345},"point_estimate":0.0027238582569284464,"standard_error":0.0009725276392545286},"Median":{"confidence_interval":{"confidence_level":0.95,"lower_bound":0.0020796265328508756,"upper_bound":0.004797757847846196},"point_estimate":0.0034023786514290055,"standard_error":0.000700055813729407}}