{"Mean":{"confidence_interval":{"confidence_level":0.95,"lower_bound":-0.6295624533167471,"upper_bound":-0.6275170530216788},"point_estimate":-0.6284618589831501,"standard_error":0.0005252001903621454},"Median":{"confidence_interval":{"confidence_level":0.95,"lower_bound":-0.6288365487540781,"upper_bound":-0.6271071967486177},"point_estimate":-0.628135070303621,"standard_error":0.00045267017340958434}}