{"Mean":{"confidence_interval":{"confidence_level":0.95,"lower_bound":0.31402148775742267,"upper_bound":0.3219629692635483},"point_estimate":0.3175560699571589,"standard_error":0.002003775724962572},"Median":{"confidence_interval":{"confidence_level":0.95,"lower_bound":0.31304332424107284,"upper_bound":0.3187212214192482},"point_estimate":0.3165197492237899,"standard_error":0.0014892375860842784}}