{"Mean":{"confidence_interval":{"confidence_level":0.95,"lower_bound":50.77849930881248,"upper_bound":50.988862108345785},"point_estimate":50.87914342542246,"standard_error":0.05396722729768391},"Median":{"confidence_interval":{"confidence_level":0.95,"lower_bound":50.75665103208637,"upper_bound":51.019273734932106},"point_estimate":50.815493399584895,"standard_error":0.07711037323074388},"MedianAbsDev":{"confidence_interval":{"confidence_level":0.95,"lower_bound":0.024979814582433067,"upper_bound":0.30273550889196166},"point_estimate":0.18334572867259538,"standard_error":0.0754391249045229},"Slope":{"confidence_interval":{"confidence_level":0.95,"lower_bound":50.768032507539104,"upper_bound":50.91091974818213},"point_estimate":50.82242239040877,"standard_error":0.0362440620361219},"StdDev":{"confidence_interval":{"confidence_level":0.95,"lower_bound":0.09744277509952702,"upper_bound":0.23345334980404683},"point_estimate":0.18049631270082767,"standard_error":0.03623124708287576}}