{"Mean":{"confidence_interval":{"confidence_level":0.95,"lower_bound":90.81640403250461,"upper_bound":91.15699807183879},"point_estimate":90.97476006579939,"standard_error":0.08701176251667503},"Median":{"confidence_interval":{"confidence_level":0.95,"lower_bound":90.52271434283801,"upper_bound":90.9138355398726},"point_estimate":90.66229512431052,"standard_error":0.10332566773163383},"MedianAbsDev":{"confidence_interval":{"confidence_level":0.95,"lower_bound":0.30645639671328284,"upper_bound":0.7427751188014112},"point_estimate":0.5037507384216201,"standard_error":0.10977853351158534},"Slope":{"confidence_interval":{"confidence_level":0.95,"lower_bound":90.81238310584018,"upper_bound":91.08520018211502},"point_estimate":90.94501604198939,"standard_error":0.06959000859601339},"StdDev":{"confidence_interval":{"confidence_level":0.95,"lower_bound":0.5709556868974721,"upper_bound":1.1904888513546894},"point_estimate":0.8763322255562801,"standard_error":0.1649262865015991}}