{"Mean":{"confidence_interval":{"confidence_level":0.95,"lower_bound":51.597269512692456,"upper_bound":52.04059916921147},"point_estimate":51.80306396729364,"standard_error":0.11317284892931605},"Median":{"confidence_interval":{"confidence_level":0.95,"lower_bound":51.301106326282984,"upper_bound":51.42807580399341},"point_estimate":51.3483237240238,"standard_error":0.03604611837773376},"MedianAbsDev":{"confidence_interval":{"confidence_level":0.95,"lower_bound":0.15272901913706957,"upper_bound":0.312476436110088},"point_estimate":0.20999515025891308,"standard_error":0.04360321630892523},"Slope":{"confidence_interval":{"confidence_level":0.95,"lower_bound":51.5410715737963,"upper_bound":52.01087934055878},"point_estimate":51.761474026062174,"standard_error":0.12083616869040423},"StdDev":{"confidence_interval":{"confidence_level":0.95,"lower_bound":0.7434515504301035,"upper_bound":1.4755234335816985},"point_estimate":1.1385919739017818,"standard_error":0.18647462388245958}}