{"Mean":{"confidence_interval":{"confidence_level":0.95,"lower_bound":77.76516938940827,"upper_bound":77.92156833562848},"point_estimate":77.83840790238764,"standard_error":0.040261873732770584},"Median":{"confidence_interval":{"confidence_level":0.95,"lower_bound":77.7554698887657,"upper_bound":77.93798697924453},"point_estimate":77.8067170213705,"standard_error":0.03853947532624039},"MedianAbsDev":{"confidence_interval":{"confidence_level":0.95,"lower_bound":0.01876079955503003,"upper_bound":0.22604047241337996},"point_estimate":0.06986419701368816,"standard_error":0.051744113185641524},"Slope":{"confidence_interval":{"confidence_level":0.95,"lower_bound":77.75102713992865,"upper_bound":77.84392997932716},"point_estimate":77.80032742233315,"standard_error":0.02398074400262622},"StdDev":{"confidence_interval":{"confidence_level":0.95,"lower_bound":0.04859305048816606,"upper_bound":0.17492668879793286},"point_estimate":0.13423608773661855,"standard_error":0.031553379667870786}}