{"Mean":{"confidence_interval":{"confidence_level":0.95,"lower_bound":3996.4204734586647,"upper_bound":4021.6886749649225},"point_estimate":4008.0641305993327,"standard_error":6.451442813513944},"Median":{"confidence_interval":{"confidence_level":0.95,"lower_bound":3973.6517521033916,"upper_bound":4001.2547879512167},"point_estimate":3985.142860095427,"standard_error":7.535489616439497},"MedianAbsDev":{"confidence_interval":{"confidence_level":0.95,"lower_bound":20.126649628616054,"upper_bound":52.91012672231748},"point_estimate":34.94271732855113,"standard_error":8.821913129088738},"Slope":{"confidence_interval":{"confidence_level":0.95,"lower_bound":3999.0624524230334,"upper_bound":4024.539589771537},"point_estimate":4011.2826298493387,"standard_error":6.52207977011161},"StdDev":{"confidence_interval":{"confidence_level":0.95,"lower_bound":42.86631957086958,"upper_bound":88.76579961717668},"point_estimate":64.69887437149221,"standard_error":12.905615521457667}}