{"Mean":{"confidence_interval":{"confidence_level":0.95,"lower_bound":4047.881761253014,"upper_bound":4070.4532293016464},"point_estimate":4058.12166978159,"standard_error":5.774449167186771},"Median":{"confidence_interval":{"confidence_level":0.95,"lower_bound":4041.3079597701153,"upper_bound":4052.899438961039},"point_estimate":4045.584140122788,"standard_error":3.1019900980691446},"MedianAbsDev":{"confidence_interval":{"confidence_level":0.95,"lower_bound":23.100033490433546,"upper_bound":43.31749235056868},"point_estimate":35.03473402396488,"standard_error":5.164973904219857},"Slope":{"confidence_interval":{"confidence_level":0.95,"lower_bound":4046.0991045716064,"upper_bound":4062.285337102739},"point_estimate":4054.024333205261,"standard_error":4.147381233145188},"StdDev":{"confidence_interval":{"confidence_level":0.95,"lower_bound":31.19007586940665,"upper_bound":82.3192712025151},"point_estimate":58.12070911404271,"standard_error":13.51234007439182}}