{"Mean":{"confidence_interval":{"confidence_level":0.95,"lower_bound":3901.3570758308747,"upper_bound":3917.9970615731813},"point_estimate":3909.3392985213745,"standard_error":4.247576547891163},"Median":{"confidence_interval":{"confidence_level":0.95,"lower_bound":3891.4693333333335,"upper_bound":3909.0466984126983},"point_estimate":3901.076657142857,"standard_error":4.246968790405085},"MedianAbsDev":{"confidence_interval":{"confidence_level":0.95,"lower_bound":28.064112703513263,"upper_bound":42.12480858963506},"point_estimate":36.90299368902714,"standard_error":3.555242685947046},"Slope":{"confidence_interval":{"confidence_level":0.95,"lower_bound":3902.889600056369,"upper_bound":3921.16700227794},"point_estimate":3911.675877877937,"standard_error":4.662607219764227},"StdDev":{"confidence_interval":{"confidence_level":0.95,"lower_bound":31.760120401882592,"upper_bound":52.10730384881903},"point_estimate":42.5281689079711,"standard_error":5.185076783745089}}