{"Mean":{"confidence_interval":{"confidence_level":0.95,"lower_bound":4054.070458304238,"upper_bound":4068.826465970144},"point_estimate":4060.1052099980748,"standard_error":3.9202258549969264},"Median":{"confidence_interval":{"confidence_level":0.95,"lower_bound":4050.9674751929438,"upper_bound":4062.1326753119474},"point_estimate":4056.9464902609334,"standard_error":2.6499520723600365},"MedianAbsDev":{"confidence_interval":{"confidence_level":0.95,"lower_bound":0.8103354211154763,"upper_bound":11.931937339639811},"point_estimate":7.391831544623215,"standard_error":2.9767236416142944},"Slope":{"confidence_interval":{"confidence_level":0.95,"lower_bound":4052.09302738896,"upper_bound":4060.580591514329},"point_estimate":4055.741185870359,"standard_error":2.1924685226244818},"StdDev":{"confidence_interval":{"confidence_level":0.95,"lower_bound":3.3186605272964655,"upper_bound":19.57325488284793},"point_estimate":13.091646282034377,"standard_error":5.221592893228346}}