{"Mean":{"confidence_interval":{"confidence_level":0.95,"lower_bound":709641.1490967501,"upper_bound":714397.3725357688},"point_estimate":711951.6843867775,"standard_error":1214.9889055501833},"Median":{"confidence_interval":{"confidence_level":0.95,"lower_bound":706216.8105590062,"upper_bound":712666.2475649351},"point_estimate":709281.3704142948,"standard_error":1532.4404620061846},"MedianAbsDev":{"confidence_interval":{"confidence_level":0.95,"lower_bound":8019.593862854426,"upper_bound":13378.966459376043},"point_estimate":10206.062882183767,"standard_error":1379.8220837767265},"Slope":{"confidence_interval":{"confidence_level":0.95,"lower_bound":710385.9164794475,"upper_bound":715675.3608445117},"point_estimate":712822.3643327915,"standard_error":1353.6826588299352},"StdDev":{"confidence_interval":{"confidence_level":0.95,"lower_bound":9889.476890445172,"upper_bound":14394.601047616465},"point_estimate":12254.730014400015,"standard_error":1154.648608312252}}