{"Mean":{"confidence_interval":{"confidence_level":0.95,"lower_bound":722417.8958344016,"upper_bound":724542.8508205129},"point_estimate":723440.5366452992,"standard_error":544.1870702801484},"Median":{"confidence_interval":{"confidence_level":0.95,"lower_bound":721618.8717948718,"upper_bound":725233.0384615385},"point_estimate":723203.1371794872,"standard_error":798.618792614991},"MedianAbsDev":{"confidence_interval":{"confidence_level":0.95,"lower_bound":172.32230982525496,"upper_bound":2842.0579813381282},"point_estimate":2408.0122664799696,"standard_error":813.3094285891477},"Slope":{"confidence_interval":{"confidence_level":0.95,"lower_bound":722440.0957801302,"upper_bound":724905.7353096278},"point_estimate":723546.7768231768,"standard_error":655.1929819756288},"StdDev":{"confidence_interval":{"confidence_level":0.95,"lower_bound":914.1940329117532,"upper_bound":2176.560352361434},"point_estimate":1818.2964033279875,"standard_error":294.28079881036064}}