{"Mean":{"confidence_interval":{"confidence_level":0.95,"lower_bound":755875.2566257556,"upper_bound":775392.2496918731},"point_estimate":764469.3459973874,"standard_error":5018.6733265582225},"Median":{"confidence_interval":{"confidence_level":0.95,"lower_bound":746697.2686567164,"upper_bound":749637.6612903225},"point_estimate":747764.2903851682,"standard_error":675.7384166444832},"MedianAbsDev":{"confidence_interval":{"confidence_level":0.95,"lower_bound":3722.5660670362818,"upper_bound":7589.705572677771},"point_estimate":5088.129101160681,"standard_error":992.3781567404882},"Slope":{"confidence_interval":{"confidence_level":0.95,"lower_bound":754559.4933629639,"upper_bound":765914.9116181281},"point_estimate":759913.625319935,"standard_error":2918.042516659672},"StdDev":{"confidence_interval":{"confidence_level":0.95,"lower_bound":21879.366289398255,"upper_bound":73416.79552573132},"point_estimate":50420.607411218065,"standard_error":13510.525816188592}}