{"Mean":{"confidence_interval":{"confidence_level":0.95,"lower_bound":6474.435756758321,"upper_bound":6522.940447965438},"point_estimate":6496.345543527926,"standard_error":12.445726725614097},"Median":{"confidence_interval":{"confidence_level":0.95,"lower_bound":6453.687973294311,"upper_bound":6482.494338994339},"point_estimate":6466.8042706074975,"standard_error":6.714954683924428},"MedianAbsDev":{"confidence_interval":{"confidence_level":0.95,"lower_bound":48.4344849270905,"upper_bound":83.55126412990582},"point_estimate":61.797225261407554,"standard_error":8.422985981600334},"Slope":{"confidence_interval":{"confidence_level":0.95,"lower_bound":6451.620283689618,"upper_bound":6473.765530640492},"point_estimate":6462.280515930058,"standard_error":5.654377819807558},"StdDev":{"confidence_interval":{"confidence_level":0.95,"lower_bound":65.91155015026132,"upper_bound":177.84548310727686},"point_estimate":124.88399545993514,"standard_error":29.565559883561754}}