{"Mean":{"confidence_interval":{"confidence_level":0.95,"lower_bound":6377.394423524549,"upper_bound":6409.353576088365},"point_estimate":6391.060972260256,"standard_error":8.293618317531935},"Median":{"confidence_interval":{"confidence_level":0.95,"lower_bound":6368.415936384291,"upper_bound":6381.576210826211},"point_estimate":6374.995382893961,"standard_error":4.2431061659147575},"MedianAbsDev":{"confidence_interval":{"confidence_level":0.95,"lower_bound":15.667500499818367,"upper_bound":24.967546322098855},"point_estimate":19.714008515507008,"standard_error":2.4844663176372563},"Slope":{"confidence_interval":{"confidence_level":0.95,"lower_bound":6374.417192290368,"upper_bound":6401.658844506664},"point_estimate":6386.241578702072,"standard_error":7.032858492576792},"StdDev":{"confidence_interval":{"confidence_level":0.95,"lower_bound":28.014879638239243,"upper_bound":129.02619432654387},"point_estimate":83.30143184236158,"standard_error":27.07189609026096}}