{"Mean":{"confidence_interval":{"confidence_level":0.95,"lower_bound":745.2562225034604,"upper_bound":751.9572777193438},"point_estimate":748.1736809379795,"standard_error":1.7277484773928447},"Median":{"confidence_interval":{"confidence_level":0.95,"lower_bound":741.7869838530753,"upper_bound":746.4741947461246},"point_estimate":744.630053042088,"standard_error":1.3449574082819635},"MedianAbsDev":{"confidence_interval":{"confidence_level":0.95,"lower_bound":4.733841226924089,"upper_bound":9.608982638616917},"point_estimate":7.368743832686603,"standard_error":1.327945509774414},"Slope":{"confidence_interval":{"confidence_level":0.95,"lower_bound":745.8799927464635,"upper_bound":756.8400568254527},"point_estimate":750.0807237733761,"standard_error":2.969884076841345},"StdDev":{"confidence_interval":{"confidence_level":0.95,"lower_bound":7.137666684921168,"upper_bound":25.86580315549756},"point_estimate":17.336730686313533,"standard_error":5.053113495883381}}