{"Mean":{"confidence_interval":{"confidence_level":0.95,"lower_bound":764.5214880505453,"upper_bound":768.4910698397852},"point_estimate":766.2940326992261,"standard_error":1.0158796791178433},"Median":{"confidence_interval":{"confidence_level":0.95,"lower_bound":762.001277845116,"upper_bound":766.6017612767189},"point_estimate":764.5450446172449,"standard_error":1.415612598260594},"MedianAbsDev":{"confidence_interval":{"confidence_level":0.95,"lower_bound":5.420560204196819,"upper_bound":9.705353883241106},"point_estimate":7.661673627969328,"standard_error":1.0931130295924822},"Slope":{"confidence_interval":{"confidence_level":0.95,"lower_bound":765.0431751892014,"upper_bound":768.6517076314817},"point_estimate":766.8046037705974,"standard_error":0.921548376059888},"StdDev":{"confidence_interval":{"confidence_level":0.95,"lower_bound":6.017059918686248,"upper_bound":14.952190243557974},"point_estimate":10.19913537579655,"standard_error":2.772155202551202}}