{"Mean":{"confidence_interval":{"confidence_level":0.95,"lower_bound":751.9718136539376,"upper_bound":757.2925267861881},"point_estimate":754.2952811816848,"standard_error":1.3727549601692748},"Median":{"confidence_interval":{"confidence_level":0.95,"lower_bound":749.4900353408387,"upper_bound":752.857051772507},"point_estimate":750.8638133178349,"standard_error":0.8004465354112883},"MedianAbsDev":{"confidence_interval":{"confidence_level":0.95,"lower_bound":4.773831715320908,"upper_bound":8.090982777872286},"point_estimate":6.6289169574291185,"standard_error":0.8739889964752245},"Slope":{"confidence_interval":{"confidence_level":0.95,"lower_bound":749.0993607607943,"upper_bound":751.1442611519451},"point_estimate":750.0786027674471,"standard_error":0.5214935254294981},"StdDev":{"confidence_interval":{"confidence_level":0.95,"lower_bound":7.093467047966178,"upper_bound":20.76210378279743},"point_estimate":13.808072825965395,"standard_error":4.1401895191239975}}