{"Mean":{"confidence_interval":{"confidence_level":0.95,"lower_bound":3362868.059640508,"upper_bound":3378570.9922322566},"point_estimate":3370515.0687183305,"standard_error":4007.2016738483426},"Median":{"confidence_interval":{"confidence_level":0.95,"lower_bound":3352898.0985955056,"upper_bound":3373315.9191919193},"point_estimate":3359490.0184810124,"standard_error":5236.9071121441175},"MedianAbsDev":{"confidence_interval":{"confidence_level":0.95,"lower_bound":23902.88272563897,"upper_bound":46102.094819024205},"point_estimate":30957.296198430213,"standard_error":5682.5037159503645},"Slope":{"confidence_interval":{"confidence_level":0.95,"lower_bound":3355425.2769682254,"upper_bound":3377902.8014897993},"point_estimate":3365814.600892567,"standard_error":5762.156137545477},"StdDev":{"confidence_interval":{"confidence_level":0.95,"lower_bound":33163.078177870404,"upper_bound":47017.6184079823},"point_estimate":40319.18966354625,"standard_error":3549.265374511475}}