{"Mean":{"confidence_interval":{"confidence_level":0.95,"lower_bound":0.022992516048328297,"upper_bound":0.03468701617090444},"point_estimate":0.02885362261214719,"standard_error":0.0029587113336756866},"Median":{"confidence_interval":{"confidence_level":0.95,"lower_bound":0.020343240954234863,"upper_bound":0.031174442644359424},"point_estimate":0.02689532000358863,"standard_error":0.002849237576384219}}