{"Mean":{"confidence_interval":{"confidence_level":0.95,"lower_bound":-0.023102991758869155,"upper_bound":-0.012701186304822762},"point_estimate":-0.01762950159984078,"standard_error":0.0026515935020956713},"Median":{"confidence_interval":{"confidence_level":0.95,"lower_bound":-0.017133665529789337,"upper_bound":-0.008702073943671507},"point_estimate":-0.012996455303997845,"standard_error":0.002376449863733098}}