{"Mean":{"confidence_interval":{"confidence_level":0.95,"lower_bound":-0.023542980009996443,"upper_bound":-0.014876161828724055},"point_estimate":-0.0194706954048387,"standard_error":0.00219860043222493},"Median":{"confidence_interval":{"confidence_level":0.95,"lower_bound":-0.027629285939794856,"upper_bound":-0.010290802384379072},"point_estimate":-0.020727641953248055,"standard_error":0.004469268547071145}}