{"Mean":{"confidence_interval":{"confidence_level":0.95,"lower_bound":-0.02665367837471438,"upper_bound":-0.013436094614873306},"point_estimate":-0.019852792822504073,"standard_error":0.003364639949150424},"Median":{"confidence_interval":{"confidence_level":0.95,"lower_bound":-0.019285891975346803,"upper_bound":-0.010217601260606779},"point_estimate":-0.015788068078092077,"standard_error":0.0022730041174284046}}