{"Mean":{"confidence_interval":{"confidence_level":0.95,"lower_bound":37.31356372183075,"upper_bound":37.44640740065787},"point_estimate":37.375158276469584,"standard_error":0.03412552252922297},"Median":{"confidence_interval":{"confidence_level":0.95,"lower_bound":37.23695698560329,"upper_bound":37.32325460005999},"point_estimate":37.27046141170659,"standard_error":0.02336740827907041},"MedianAbsDev":{"confidence_interval":{"confidence_level":0.95,"lower_bound":0.13107338338845145,"upper_bound":0.238599710447009},"point_estimate":0.16798218283779134,"standard_error":0.02783348804648861},"Slope":{"confidence_interval":{"confidence_level":0.95,"lower_bound":37.24265649464259,"upper_bound":37.300231932884145},"point_estimate":37.269837376263084,"standard_error":0.014723412237556459},"StdDev":{"confidence_interval":{"confidence_level":0.95,"lower_bound":0.20978026531625188,"upper_bound":0.4716106745868337},"point_estimate":0.3423921412591202,"standard_error":0.06927910278264086}}