{"Mean":{"confidence_interval":{"confidence_level":0.95,"lower_bound":35.47367844386132,"upper_bound":35.722227759336135},"point_estimate":35.59162671584593,"standard_error":0.06333628740308232},"Median":{"confidence_interval":{"confidence_level":0.95,"lower_bound":35.460143593692564,"upper_bound":35.620319773325235},"point_estimate":35.53312809146169,"standard_error":0.0330188973189511},"MedianAbsDev":{"confidence_interval":{"confidence_level":0.95,"lower_bound":0.29247783013744044,"upper_bound":0.508912013969287},"point_estimate":0.3919614683636491,"standard_error":0.05283385083298835},"Slope":{"confidence_interval":{"confidence_level":0.95,"lower_bound":35.50939141806667,"upper_bound":35.72869115477874},"point_estimate":35.61352333737478,"standard_error":0.055883914028390436},"StdDev":{"confidence_interval":{"confidence_level":0.95,"lower_bound":0.436774557559981,"upper_bound":0.8248036082349018},"point_estimate":0.6383634366021613,"standard_error":0.09970102755290747}}