{"Mean":{"confidence_interval":{"confidence_level":0.95,"lower_bound":10578072.56450398,"upper_bound":10617755.210653687},"point_estimate":10597008.781363193,"standard_error":10142.546902032685},"Median":{"confidence_interval":{"confidence_level":0.95,"lower_bound":10556441.233766234,"upper_bound":10594948.28358209},"point_estimate":10563665.304561326,"standard_error":8236.24208510981},"MedianAbsDev":{"confidence_interval":{"confidence_level":0.95,"lower_bound":49709.596279243226,"upper_bound":86144.9602563849},"point_estimate":61003.067478902085,"standard_error":9099.93707201275},"Slope":{"confidence_interval":{"confidence_level":0.95,"lower_bound":10548417.337261794,"upper_bound":10573331.64211454},"point_estimate":10560202.525113048,"standard_error":6373.325721224782},"StdDev":{"confidence_interval":{"confidence_level":0.95,"lower_bound":77160.09651948647,"upper_bound":123712.62643819634},"point_estimate":101777.05675156853,"standard_error":11945.206036990412}}