{"Mean":{"confidence_interval":{"confidence_level":0.95,"lower_bound":10842534.016571693,"upper_bound":10872986.453077158},"point_estimate":10857210.482785784,"standard_error":7791.448183410194},"Median":{"confidence_interval":{"confidence_level":0.95,"lower_bound":10833648.057692308,"upper_bound":10854402.133333333},"point_estimate":10841542.317424241,"standard_error":5671.237933031217},"MedianAbsDev":{"confidence_interval":{"confidence_level":0.95,"lower_bound":28446.091756519258,"upper_bound":48531.87439398793},"point_estimate":36676.5236348941,"standard_error":5198.797889349308},"Slope":{"confidence_interval":{"confidence_level":0.95,"lower_bound":10845133.62364011,"upper_bound":10872707.41763106},"point_estimate":10858083.303788977,"standard_error":7047.270910878621},"StdDev":{"confidence_interval":{"confidence_level":0.95,"lower_bound":59350.32050290827,"upper_bound":94873.22074008486},"point_estimate":78388.32245690392,"standard_error":9102.536918755492}}