{"Mean":{"confidence_interval":{"confidence_level":0.95,"lower_bound":0.04736365251698626,"upper_bound":0.06158434529523415},"point_estimate":0.05442639194623311,"standard_error":0.003619412960142535},"Median":{"confidence_interval":{"confidence_level":0.95,"lower_bound":0.04469538065509937,"upper_bound":0.060608204429393304},"point_estimate":0.05242212575810523,"standard_error":0.004046059604320656}}