{"Mean":{"confidence_interval":{"confidence_level":0.95,"lower_bound":-0.011852392423339561,"upper_bound":-0.003989806288327375},"point_estimate":-0.007768235715779115,"standard_error":0.0020213690346921427},"Median":{"confidence_interval":{"confidence_level":0.95,"lower_bound":-0.013477048228893729,"upper_bound":-0.002452335532642236},"point_estimate":-0.0056802859369790015,"standard_error":0.002949423213011839}}