{"Mean":{"confidence_interval":{"confidence_level":0.95,"lower_bound":-0.0041000755787576615,"upper_bound":0.012992565205726388},"point_estimate":0.004144672046535458,"standard_error":0.004366085518048266},"Median":{"confidence_interval":{"confidence_level":0.95,"lower_bound":-0.005697243840599109,"upper_bound":0.013947238716778242},"point_estimate":0.00433605877973009,"standard_error":0.00519173905321024}}