{"Mean":{"confidence_interval":{"confidence_level":0.95,"lower_bound":-0.029907808193531768,"upper_bound":-0.014926092096801118},"point_estimate":-0.02238386935733294,"standard_error":0.0038211981048898737},"Median":{"confidence_interval":{"confidence_level":0.95,"lower_bound":-0.028920085321636035,"upper_bound":-0.010810103034967433},"point_estimate":-0.019294495731533967,"standard_error":0.004825636115221851}}