{"Mean":{"confidence_interval":{"confidence_level":0.95,"lower_bound":9805072.436585315,"upper_bound":9904350.208333334},"point_estimate":9854339.177698413,"standard_error":25401.968059600546},"Median":{"confidence_interval":{"confidence_level":0.95,"lower_bound":9757368.25,"upper_bound":9911359.5},"point_estimate":9862065.458333332,"standard_error":35029.144845321076},"MedianAbsDev":{"confidence_interval":{"confidence_level":0.95,"lower_bound":8850.51291787238,"upper_bound":167550.84692537785},"point_estimate":73291.83549881166,"standard_error":39212.37185876309},"Slope":{"confidence_interval":{"confidence_level":0.95,"lower_bound":9771794.401531728,"upper_bound":9872525.32644903},"point_estimate":9814084.023376623,"standard_error":25807.630606896182},"StdDev":{"confidence_interval":{"confidence_level":0.95,"lower_bound":47618.66791549205,"upper_bound":108564.95015853798},"point_estimate":84764.08421249926,"standard_error":16194.330317881546}}