{"Mean":{"confidence_interval":{"confidence_level":0.95,"lower_bound":1498499.595483221,"upper_bound":1518152.5633397128},"point_estimate":1508138.0884502698,"standard_error":5023.4319848618},"Median":{"confidence_interval":{"confidence_level":0.95,"lower_bound":1495260.0777777778,"upper_bound":1518409.1761133603},"point_estimate":1507631.4198067633,"standard_error":6308.89003574721},"MedianAbsDev":{"confidence_interval":{"confidence_level":0.95,"lower_bound":39119.8362047663,"upper_bound":61156.80526237181},"point_estimate":50063.52854074013,"standard_error":5482.634942005073},"Slope":{"confidence_interval":{"confidence_level":0.95,"lower_bound":1499727.954356052,"upper_bound":1523982.032070746},"point_estimate":1511470.935744052,"standard_error":6187.793965355684},"StdDev":{"confidence_interval":{"confidence_level":0.95,"lower_bound":41288.17132307926,"upper_bound":60129.23614260137},"point_estimate":50458.1775773226,"standard_error":4883.775035837518}}