{"Mean":{"confidence_interval":{"confidence_level":0.95,"lower_bound":56878527.737340406,"upper_bound":56984888.62427049},"point_estimate":56929819.98369994,"standard_error":27232.6924333426},"Median":{"confidence_interval":{"confidence_level":0.95,"lower_bound":56812332.15384615,"upper_bound":56930464.11421402},"point_estimate":56859322.34408278,"standard_error":28799.944618985115},"MedianAbsDev":{"confidence_interval":{"confidence_level":0.95,"lower_bound":124760.05749654557,"upper_bound":216611.1457381129},"point_estimate":182651.77525632663,"standard_error":22184.73060678017},"Slope":{"confidence_interval":{"confidence_level":0.95,"lower_bound":56894366.04133239,"upper_bound":57015617.38214054},"point_estimate":56951115.478675924,"standard_error":31142.598130329057},"StdDev":{"confidence_interval":{"confidence_level":0.95,"lower_bound":200067.69848382284,"upper_bound":340698.8295014025},"point_estimate":273170.86261904205,"standard_error":35955.815417149985}}