{"Mean":{"confidence_interval":{"confidence_level":0.95,"lower_bound":30841952.046134565,"upper_bound":30891911.643842366},"point_estimate":30865952.954956975,"standard_error":12733.813235547661},"Median":{"confidence_interval":{"confidence_level":0.95,"lower_bound":30816218.16193182,"upper_bound":30875419.95652174},"point_estimate":30846024.746503495,"standard_error":14054.697645426168},"MedianAbsDev":{"confidence_interval":{"confidence_level":0.95,"lower_bound":88419.24902702846,"upper_bound":136551.92231971998},"point_estimate":116632.62850830298,"standard_error":12356.409459719875},"Slope":{"confidence_interval":{"confidence_level":0.95,"lower_bound":30844124.292011663,"upper_bound":30886468.091763876},"point_estimate":30865211.0227841,"standard_error":10831.044487923267},"StdDev":{"confidence_interval":{"confidence_level":0.95,"lower_bound":96042.03473307476,"upper_bound":160625.13958688476},"point_estimate":127880.27720670518,"standard_error":16798.7967151185}}