{"Mean":{"confidence_interval":{"confidence_level":0.95,"lower_bound":29896386.645534374,"upper_bound":30072993.660294943},"point_estimate":29978579.563279267,"standard_error":45101.41391964284},"Median":{"confidence_interval":{"confidence_level":0.95,"lower_bound":29906856.532608695,"upper_bound":29969341.698917136},"point_estimate":29933265.55860215,"standard_error":15344.022806622803},"MedianAbsDev":{"confidence_interval":{"confidence_level":0.95,"lower_bound":126091.99488641856,"upper_bound":212378.69248623968},"point_estimate":165702.12688261157,"standard_error":22426.717841082358},"Slope":{"confidence_interval":{"confidence_level":0.95,"lower_bound":29945223.008408766,"upper_bound":30243566.056024052},"point_estimate":30073401.123954486,"standard_error":78488.98014733198},"StdDev":{"confidence_interval":{"confidence_level":0.95,"lower_bound":260913.407852853,"upper_bound":610690.4828765346},"point_estimate":453438.56492247555,"standard_error":87661.14865436725}}