{"Mean":{"confidence_interval":{"confidence_level":0.95,"lower_bound":0.0065417272288258894,"upper_bound":0.016362388912659828},"point_estimate":0.011468322156806154,"standard_error":0.0025052217495558585},"Median":{"confidence_interval":{"confidence_level":0.95,"lower_bound":0.0056185305950287034,"upper_bound":0.013716121123247937},"point_estimate":0.009532275511644928,"standard_error":0.0020085665763811687}}