{"Mean":{"confidence_interval":{"confidence_level":0.95,"lower_bound":-0.04069848089603666,"upper_bound":-0.032513596718047086},"point_estimate":-0.036426026447898496,"standard_error":0.0020904432747030403},"Median":{"confidence_interval":{"confidence_level":0.95,"lower_bound":-0.04026009156238841,"upper_bound":-0.032952672651171966},"point_estimate":-0.036332959067383985,"standard_error":0.0018624716920083812}}