{"Mean":{"confidence_interval":{"confidence_level":0.95,"lower_bound":0.007988295509164462,"upper_bound":0.019796378239827713},"point_estimate":0.01403685001891719,"standard_error":0.0030043900579587394},"Median":{"confidence_interval":{"confidence_level":0.95,"lower_bound":0.006435245684703439,"upper_bound":0.019400972290851692},"point_estimate":0.012542830618692102,"standard_error":0.0031220503984479677}}