{"Mean":{"confidence_interval":{"confidence_level":0.95,"lower_bound":-0.01572235860377109,"upper_bound":-0.0033330249553795424},"point_estimate":-0.009484435212324671,"standard_error":0.003143621360690185},"Median":{"confidence_interval":{"confidence_level":0.95,"lower_bound":-0.013874855341178605,"upper_bound":-0.0038866790692287934},"point_estimate":-0.009934836813131454,"standard_error":0.002495685730042154}}