{"Mean":{"confidence_interval":{"confidence_level":0.95,"lower_bound":24531.078928698695,"upper_bound":24715.911923951622},"point_estimate":24616.92146087704,"standard_error":47.25288937741041},"Median":{"confidence_interval":{"confidence_level":0.95,"lower_bound":24401.120507429212,"upper_bound":24623.745011086474},"point_estimate":24527.219330023006,"standard_error":56.75396819536312},"MedianAbsDev":{"confidence_interval":{"confidence_level":0.95,"lower_bound":265.49943166612064,"upper_bound":470.3736302885684},"point_estimate":346.66931436321175,"standard_error":55.14107682046522},"Slope":{"confidence_interval":{"confidence_level":0.95,"lower_bound":24595.929801251772,"upper_bound":24795.060629992942},"point_estimate":24695.17351357196,"standard_error":50.65852448908891},"StdDev":{"confidence_interval":{"confidence_level":0.95,"lower_bound":320.5665007324143,"upper_bound":651.0643766028189},"point_estimate":474.84650346988474,"standard_error":94.83925143944492}}