{"Mean":{"confidence_interval":{"confidence_level":0.95,"lower_bound":16280.310501848522,"upper_bound":16395.949439488588},"point_estimate":16332.032508314776,"standard_error":29.839238198328964},"Median":{"confidence_interval":{"confidence_level":0.95,"lower_bound":16260.867772032374,"upper_bound":16386.596608427542},"point_estimate":16284.635341726618,"standard_error":38.944284319436974},"MedianAbsDev":{"confidence_interval":{"confidence_level":0.95,"lower_bound":2.6438588469464572,"upper_bound":155.23508042747852},"point_estimate":53.16104379915694,"standard_error":39.10619627727411},"Slope":{"confidence_interval":{"confidence_level":0.95,"lower_bound":16265.845143025406,"upper_bound":16408.36490378724},"point_estimate":16315.644793515836,"standard_error":37.06368402476353},"StdDev":{"confidence_interval":{"confidence_level":0.95,"lower_bound":41.12646660999993,"upper_bound":138.40864422858405},"point_estimate":99.54504597213621,"standard_error":28.191884930976077}}