{"Mean":{"confidence_interval":{"confidence_level":0.95,"lower_bound":17.147209127483922,"upper_bound":17.212673113771675},"point_estimate":17.175947551751374,"standard_error":0.016919726717546883},"Median":{"confidence_interval":{"confidence_level":0.95,"lower_bound":17.136366984865376,"upper_bound":17.202224502580208},"point_estimate":17.1568639511271,"standard_error":0.02021832187670917},"MedianAbsDev":{"confidence_interval":{"confidence_level":0.95,"lower_bound":0.003298159924612078,"upper_bound":0.08469527838852173},"point_estimate":0.04198952331910037,"standard_error":0.018916743848904266},"Slope":{"confidence_interval":{"confidence_level":0.95,"lower_bound":17.139292616684347,"upper_bound":17.18498011148365},"point_estimate":17.15557409314192,"standard_error":0.011714910257262814},"StdDev":{"confidence_interval":{"confidence_level":0.95,"lower_bound":0.022349801227131556,"upper_bound":0.08020260749649794},"point_estimate":0.056559012540188955,"standard_error":0.01729098865163828}}