{"Mean":{"confidence_interval":{"confidence_level":0.95,"lower_bound":122.0881135947204,"upper_bound":124.28642883313245},"point_estimate":123.08591138830278,"standard_error":0.5650532885557308},"Median":{"confidence_interval":{"confidence_level":0.95,"lower_bound":121.07400215582821,"upper_bound":121.35121404302602},"point_estimate":121.16968575710905,"standard_error":0.06207015444121597},"MedianAbsDev":{"confidence_interval":{"confidence_level":0.95,"lower_bound":0.42776521527287187,"upper_bound":0.7513962720485005},"point_estimate":0.5523823560871387,"standard_error":0.08319298631815619},"Slope":{"confidence_interval":{"confidence_level":0.95,"lower_bound":122.1896540548061,"upper_bound":124.42407897949869},"point_estimate":123.23222279821364,"standard_error":0.5706939736171934},"StdDev":{"confidence_interval":{"confidence_level":0.95,"lower_bound":3.16602047856482,"upper_bound":7.787284607919972},"point_estimate":5.661627260383663,"standard_error":1.1873665586363054}}