{"Mean":{"confidence_interval":{"confidence_level":0.95,"lower_bound":104.21909715517572,"upper_bound":104.47380921550568},"point_estimate":104.3436529371952,"standard_error":0.06513716226050902},"Median":{"confidence_interval":{"confidence_level":0.95,"lower_bound":104.10940518656399,"upper_bound":104.47169579547344},"point_estimate":104.29716662739858,"standard_error":0.09839120197581652},"MedianAbsDev":{"confidence_interval":{"confidence_level":0.95,"lower_bound":0.49144265639997725,"upper_bound":0.7625535486474798},"point_estimate":0.6053105588139338,"standard_error":0.0704811593206524},"Slope":{"confidence_interval":{"confidence_level":0.95,"lower_bound":104.29835488267162,"upper_bound":104.65700662724858},"point_estimate":104.4627452712432,"standard_error":0.09187361651763216},"StdDev":{"confidence_interval":{"confidence_level":0.95,"lower_bound":0.5398034682854094,"upper_bound":0.7666118626615863},"point_estimate":0.6565518923643455,"standard_error":0.05779560085538952}}