{"Mean":{"confidence_interval":{"confidence_level":0.95,"lower_bound":117.12883469351219,"upper_bound":118.04000225137477},"point_estimate":117.56365595465942,"standard_error":0.23217728357909295},"Median":{"confidence_interval":{"confidence_level":0.95,"lower_bound":116.87033503811467,"upper_bound":117.88729284973024},"point_estimate":117.37639571479677,"standard_error":0.24292465630981347},"MedianAbsDev":{"confidence_interval":{"confidence_level":0.95,"lower_bound":1.2879460825963602,"upper_bound":1.9780663618534327},"point_estimate":1.6547205143862531,"standard_error":0.17446579273574114},"Slope":{"confidence_interval":{"confidence_level":0.95,"lower_bound":116.68847519602357,"upper_bound":117.48174652519846},"point_estimate":117.07474854031139,"standard_error":0.20197958601301547},"StdDev":{"confidence_interval":{"confidence_level":0.95,"lower_bound":1.5843943949474164,"upper_bound":3.0101199029968755},"point_estimate":2.3343949823976007,"standard_error":0.3654308028577441}}