{"Mean":{"confidence_interval":{"confidence_level":0.95,"lower_bound":0.002823484485040657,"upper_bound":0.013010808083604754},"point_estimate":0.008042066634199596,"standard_error":0.0025886165167218517},"Median":{"confidence_interval":{"confidence_level":0.95,"lower_bound":0.005839397232495491,"upper_bound":0.015607181810684656},"point_estimate":0.011035448534411074,"standard_error":0.002438737624673382}}