{"Mean":{"confidence_interval":{"confidence_level":0.95,"lower_bound":-0.004394427011935773,"upper_bound":0.006619728210662466},"point_estimate":0.0009922882088602147,"standard_error":0.0027696643337914656},"Median":{"confidence_interval":{"confidence_level":0.95,"lower_bound":-0.008073760635909033,"upper_bound":0.0009880329378528785},"point_estimate":-0.0036836576839566204,"standard_error":0.002195613574930673}}