{"Mean":{"confidence_interval":{"confidence_level":0.95,"lower_bound":0.00776763895299466,"upper_bound":0.017232736090504623},"point_estimate":0.012091120893358065,"standard_error":0.002432436682584683},"Median":{"confidence_interval":{"confidence_level":0.95,"lower_bound":0.006010243914510216,"upper_bound":0.0190327493088831},"point_estimate":0.008814008187688627,"standard_error":0.002986281619732296}}