{"Mean":{"confidence_interval":{"confidence_level":0.95,"lower_bound":0.014382755183179075,"upper_bound":0.023424371913228707},"point_estimate":0.018925329543929337,"standard_error":0.0023010501158026737},"Median":{"confidence_interval":{"confidence_level":0.95,"lower_bound":0.016056240969644975,"upper_bound":0.02408046059182234},"point_estimate":0.021381363016416133,"standard_error":0.0019993133775033874}}