{"Mean":{"confidence_interval":{"confidence_level":0.95,"lower_bound":813.9399223705389,"upper_bound":819.3910240515669},"point_estimate":816.3078899369976,"standard_error":1.4009353847942023},"Median":{"confidence_interval":{"confidence_level":0.95,"lower_bound":811.1450939657991,"upper_bound":815.3917414264808},"point_estimate":813.359072308563,"standard_error":1.1668622194526201},"MedianAbsDev":{"confidence_interval":{"confidence_level":0.95,"lower_bound":5.411914442071127,"upper_bound":9.851800820503627},"point_estimate":7.635197159733433,"standard_error":1.174138625805408},"Slope":{"confidence_interval":{"confidence_level":0.95,"lower_bound":813.7433005431219,"upper_bound":817.7103633344797},"point_estimate":815.6405286248413,"standard_error":1.0123911688178322},"StdDev":{"confidence_interval":{"confidence_level":0.95,"lower_bound":7.19366922189223,"upper_bound":21.34716115548849},"point_estimate":14.05789009884393,"standard_error":4.401363738030536}}