{"Mean":{"confidence_interval":{"confidence_level":0.95,"lower_bound":652.8630953596572,"upper_bound":657.6108303655537},"point_estimate":654.8578629698735,"standard_error":1.2318719484633585},"Median":{"confidence_interval":{"confidence_level":0.95,"lower_bound":650.0931994056234,"upper_bound":654.9850851785249},"point_estimate":652.1729270995024,"standard_error":1.122980497951876},"MedianAbsDev":{"confidence_interval":{"confidence_level":0.95,"lower_bound":4.3031335258843235,"upper_bound":8.25611379936367},"point_estimate":6.213077967947297,"standard_error":0.9139368504142151},"Slope":{"confidence_interval":{"confidence_level":0.95,"lower_bound":654.7634824830988,"upper_bound":660.4923524213274},"point_estimate":657.2075620152392,"standard_error":1.4735483685588215},"StdDev":{"confidence_interval":{"confidence_level":0.95,"lower_bound":5.684064032111798,"upper_bound":19.402457819323878},"point_estimate":12.380263835087867,"standard_error":4.483822098302838}}