{"Mean":{"confidence_interval":{"confidence_level":0.95,"lower_bound":728.2211344606217,"upper_bound":732.7450101378005},"point_estimate":730.0966921314882,"standard_error":1.171273321575023},"Median":{"confidence_interval":{"confidence_level":0.95,"lower_bound":726.6404802319452,"upper_bound":729.454546314694},"point_estimate":727.8023216482165,"standard_error":0.7076459360369498},"MedianAbsDev":{"confidence_interval":{"confidence_level":0.95,"lower_bound":5.333164285391255,"upper_bound":8.49198562764403},"point_estimate":7.044547983790512,"standard_error":0.7870318586851209},"Slope":{"confidence_interval":{"confidence_level":0.95,"lower_bound":727.4708866990426,"upper_bound":729.8611888599648},"point_estimate":728.6126155681713,"standard_error":0.6111001353671278},"StdDev":{"confidence_interval":{"confidence_level":0.95,"lower_bound":5.3195325906150295,"upper_bound":18.61936651938275},"point_estimate":11.764779127649563,"standard_error":4.438319043183891}}