{"Mean":{"confidence_interval":{"confidence_level":0.95,"lower_bound":9147.954262661191,"upper_bound":9182.213944010198},"point_estimate":9163.780072441148,"standard_error":8.816273584270217},"Median":{"confidence_interval":{"confidence_level":0.95,"lower_bound":9142.961265999087,"upper_bound":9190.093264974505},"point_estimate":9153.973524962179,"standard_error":10.449764686454346},"MedianAbsDev":{"confidence_interval":{"confidence_level":0.95,"lower_bound":4.230588326303587,"upper_bound":45.340506542498254},"point_estimate":21.028652879314663,"standard_error":10.438938989967067},"Slope":{"confidence_interval":{"confidence_level":0.95,"lower_bound":9143.943529479247,"upper_bound":9202.338214082309},"point_estimate":9178.699732138764,"standard_error":15.379957918113986},"StdDev":{"confidence_interval":{"confidence_level":0.95,"lower_bound":10.822838039998105,"upper_bound":36.90149153718923},"point_estimate":29.40822994280857,"standard_error":6.7008398160173614}}