{"Mean":{"confidence_interval":{"confidence_level":0.95,"lower_bound":-0.10229813240887373,"upper_bound":-0.09197421999538762},"point_estimate":-0.09664805904790919,"standard_error":0.0026236454082383493},"Median":{"confidence_interval":{"confidence_level":0.95,"lower_bound":-0.09963692533078339,"upper_bound":-0.09219428700992455},"point_estimate":-0.09538743807293193,"standard_error":0.0018704388350487392}}