{"Mean":{"confidence_interval":{"confidence_level":0.95,"lower_bound":-0.002989740841117358,"upper_bound":0.00431820768843574},"point_estimate":0.0004083910791445877,"standard_error":0.0018830019177223467},"Median":{"confidence_interval":{"confidence_level":0.95,"lower_bound":-0.003544740979440575,"upper_bound":0.0027037050196998536},"point_estimate":0.0005301149067051814,"standard_error":0.0015663474143805165}}