{"Mean":{"confidence_interval":{"confidence_level":0.95,"lower_bound":0.10807136938509979,"upper_bound":0.1215017028103413},"point_estimate":0.11385364428846922,"standard_error":0.0033186693764920183},"Median":{"confidence_interval":{"confidence_level":0.95,"lower_bound":0.1067908498043204,"upper_bound":0.11615791226252914},"point_estimate":0.11125832966737392,"standard_error":0.0023847183864669284}}