{"Mean":{"confidence_interval":{"confidence_level":0.95,"lower_bound":0.0864456975943256,"upper_bound":0.09502443932619159},"point_estimate":0.09061837866993927,"standard_error":0.0021785381428855955},"Median":{"confidence_interval":{"confidence_level":0.95,"lower_bound":0.08423405741219958,"upper_bound":0.0921657666332083},"point_estimate":0.08734670461084026,"standard_error":0.0020053831242130265}}