{"Mean":{"confidence_interval":{"confidence_level":0.95,"lower_bound":-0.1021235360536042,"upper_bound":-0.09414649833873424},"point_estimate":-0.0980145457998568,"standard_error":0.002036130197604587},"Median":{"confidence_interval":{"confidence_level":0.95,"lower_bound":-0.10125028693975476,"upper_bound":-0.09332040984007939},"point_estimate":-0.0970552150584083,"standard_error":0.0019525779099579118}}