{"Mean":{"confidence_interval":{"confidence_level":0.95,"lower_bound":-0.015535899296748,"upper_bound":-0.006380998336978903},"point_estimate":-0.010524639253163048,"standard_error":0.002362456662752869},"Median":{"confidence_interval":{"confidence_level":0.95,"lower_bound":-0.014429463361312234,"upper_bound":-0.005333436906736266},"point_estimate":-0.009302526218351703,"standard_error":0.002076803524348071}}