{"Mean":{"confidence_interval":{"confidence_level":0.95,"lower_bound":519527.35909301986,"upper_bound":527287.2859713391},"point_estimate":523184.5572412647,"standard_error":1987.8758193614472},"Median":{"confidence_interval":{"confidence_level":0.95,"lower_bound":513790.28571428574,"upper_bound":517461.3382352941},"point_estimate":514818.40094339626,"standard_error":933.0387236396061},"MedianAbsDev":{"confidence_interval":{"confidence_level":0.95,"lower_bound":3295.9231516737777,"upper_bound":6756.152153963899},"point_estimate":5024.545144877558,"standard_error":884.4053028179349},"Slope":{"confidence_interval":{"confidence_level":0.95,"lower_bound":519658.6077063522,"upper_bound":528506.0362933275},"point_estimate":523815.3510388651,"standard_error":2258.5910374655286},"StdDev":{"confidence_interval":{"confidence_level":0.95,"lower_bound":14463.200671556255,"upper_bound":24598.580741470323},"point_estimate":19991.70179703909,"standard_error":2588.2854451374424}}