{"Mean":{"confidence_interval":{"confidence_level":0.95,"lower_bound":31.674732147617572,"upper_bound":31.852813840397012},"point_estimate":31.757117397029823,"standard_error":0.045387345231104714},"Median":{"confidence_interval":{"confidence_level":0.95,"lower_bound":31.56509448223734,"upper_bound":31.71843211185735},"point_estimate":31.62190998776706,"standard_error":0.037934383511288264},"MedianAbsDev":{"confidence_interval":{"confidence_level":0.95,"lower_bound":0.19782146221561164,"upper_bound":0.35212034928194735},"point_estimate":0.2711907006602486,"standard_error":0.04049455792016756},"Slope":{"confidence_interval":{"confidence_level":0.95,"lower_bound":31.607398342757797,"upper_bound":31.70857201288234},"point_estimate":31.65503614762082,"standard_error":0.025710606031676946},"StdDev":{"confidence_interval":{"confidence_level":0.95,"lower_bound":0.2969997461667464,"upper_bound":0.6331116899132453},"point_estimate":0.4569489706287858,"standard_error":0.09484301575283333}}