{"Mean":{"confidence_interval":{"confidence_level":0.95,"lower_bound":50.8236370851292,"upper_bound":51.059202867683105},"point_estimate":50.91977491524172,"standard_error":0.06304177431782658},"Median":{"confidence_interval":{"confidence_level":0.95,"lower_bound":50.79342996616383,"upper_bound":50.950121058320406},"point_estimate":50.86856149255134,"standard_error":0.0419512650929309},"MedianAbsDev":{"confidence_interval":{"confidence_level":0.95,"lower_bound":0.021591438958275352,"upper_bound":0.1787682943026146},"point_estimate":0.09080843966796369,"standard_error":0.04183530180647965},"Slope":{"confidence_interval":{"confidence_level":0.95,"lower_bound":50.80426496948702,"upper_bound":50.91969653653352},"point_estimate":50.85995826871564,"standard_error":0.029899190557975443},"StdDev":{"confidence_interval":{"confidence_level":0.95,"lower_bound":0.051168759696022324,"upper_bound":0.31652325535286346},"point_estimate":0.211145498457397,"standard_error":0.08576264591704585}}