{"Mean":{"confidence_interval":{"confidence_level":0.95,"lower_bound":128.32419890127912,"upper_bound":129.093698085095},"point_estimate":128.65397032981352,"standard_error":0.198912596131836},"Median":{"confidence_interval":{"confidence_level":0.95,"lower_bound":128.01831274671378,"upper_bound":128.48559726879748},"point_estimate":128.18790013534982,"standard_error":0.11877557864586907},"MedianAbsDev":{"confidence_interval":{"confidence_level":0.95,"lower_bound":0.5155018688794143,"upper_bound":0.9347737214345022},"point_estimate":0.7274456604258317,"standard_error":0.11199594379738032},"Slope":{"confidence_interval":{"confidence_level":0.95,"lower_bound":128.32422644801284,"upper_bound":128.85453592627894},"point_estimate":128.56421485251883,"standard_error":0.13582655474501593},"StdDev":{"confidence_interval":{"confidence_level":0.95,"lower_bound":0.723668686396439,"upper_bound":3.0717868169576534},"point_estimate":1.995885965150017,"standard_error":0.6426523890083388}}