{"Mean":{"confidence_interval":{"confidence_level":0.95,"lower_bound":145.94364583598323,"upper_bound":146.84985122792568},"point_estimate":146.33935691399114,"standard_error":0.23261523654434121},"Median":{"confidence_interval":{"confidence_level":0.95,"lower_bound":145.5522860266872,"upper_bound":146.07915213992942},"point_estimate":145.80343870013027,"standard_error":0.10552324254867838},"MedianAbsDev":{"confidence_interval":{"confidence_level":0.95,"lower_bound":0.6991107860015834,"upper_bound":1.159553413775992},"point_estimate":0.870445331807812,"standard_error":0.11940638644399126},"Slope":{"confidence_interval":{"confidence_level":0.95,"lower_bound":145.66627582587674,"upper_bound":146.63979845852916},"point_estimate":146.0279803042909,"standard_error":0.2636014393896922},"StdDev":{"confidence_interval":{"confidence_level":0.95,"lower_bound":1.0142325266487144,"upper_bound":3.520431660212866},"point_estimate":2.342878800637183,"standard_error":0.6693918195763648}}