{"Mean":{"confidence_interval":{"confidence_level":0.95,"lower_bound":125.06618694565607,"upper_bound":126.6262878409658},"point_estimate":125.79803084436229,"standard_error":0.39752850626620073},"Median":{"confidence_interval":{"confidence_level":0.95,"lower_bound":124.09482238928652,"upper_bound":124.3166234343146},"point_estimate":124.17774632376937,"standard_error":0.05565212081278626},"MedianAbsDev":{"confidence_interval":{"confidence_level":0.95,"lower_bound":0.3880989338630699,"upper_bound":0.7425508982203486},"point_estimate":0.539810642478681,"standard_error":0.09038919266210743},"Slope":{"confidence_interval":{"confidence_level":0.95,"lower_bound":125.29611139672443,"upper_bound":127.37411634236821},"point_estimate":126.28426913797917,"standard_error":0.533253985142891},"StdDev":{"confidence_interval":{"confidence_level":0.95,"lower_bound":2.7813097583447384,"upper_bound":5.072422154159168},"point_estimate":3.991005147514536,"standard_error":0.5837515723588048}}