{"Mean":{"confidence_interval":{"confidence_level":0.95,"lower_bound":242753.53260230928,"upper_bound":244220.25126053317},"point_estimate":243454.96957068556,"standard_error":374.46847045790827},"Median":{"confidence_interval":{"confidence_level":0.95,"lower_bound":241320.40740740742,"upper_bound":243180.37402597402},"point_estimate":242112.26527272727,"standard_error":481.4511336881861},"MedianAbsDev":{"confidence_interval":{"confidence_level":0.95,"lower_bound":1504.0213742621477,"upper_bound":3481.250702348101},"point_estimate":2476.3451333815096,"standard_error":514.9337523512481},"Slope":{"confidence_interval":{"confidence_level":0.95,"lower_bound":243001.93613640076,"upper_bound":244636.51067252192},"point_estimate":243799.65888340477,"standard_error":417.07078471834063},"StdDev":{"confidence_interval":{"confidence_level":0.95,"lower_bound":2847.461688597121,"upper_bound":4713.04592396598},"point_estimate":3760.259674797135,"standard_error":486.2366453883674}}