{"Mean":{"confidence_interval":{"confidence_level":0.95,"lower_bound":376984.00769642857,"upper_bound":379445.34793002915},"point_estimate":378132.8457191448,"standard_error":633.1959605727094},"Median":{"confidence_interval":{"confidence_level":0.95,"lower_bound":376382.9455782313,"upper_bound":379717.44557823124},"point_estimate":377520.42704081634,"standard_error":865.8332702936635},"MedianAbsDev":{"confidence_interval":{"confidence_level":0.95,"lower_bound":146.3235402593596,"upper_bound":3467.021244468517},"point_estimate":1691.4425863994654,"standard_error":863.262026216601},"Slope":{"confidence_interval":{"confidence_level":0.95,"lower_bound":376574.9551130425,"upper_bound":378808.5272270045},"point_estimate":377370.86085343227,"standard_error":573.3386608148923},"StdDev":{"confidence_interval":{"confidence_level":0.95,"lower_bound":767.1356655451183,"upper_bound":2582.3932573818997},"point_estimate":2113.662465949349,"standard_error":432.73029546001294}}