{"Mean":{"confidence_interval":{"confidence_level":0.95,"lower_bound":24976767.934389435,"upper_bound":25025603.233899627},"point_estimate":24999752.538229033,"standard_error":12468.217332283026},"Median":{"confidence_interval":{"confidence_level":0.95,"lower_bound":24948511.003399845,"upper_bound":24990799.185714286},"point_estimate":24970479.528645836,"standard_error":10329.760202780903},"MedianAbsDev":{"confidence_interval":{"confidence_level":0.95,"lower_bound":52233.64948390992,"upper_bound":91918.35362937412},"point_estimate":67177.47561928371,"standard_error":9091.851326560145},"Slope":{"confidence_interval":{"confidence_level":0.95,"lower_bound":24982537.040368695,"upper_bound":25069711.77862997},"point_estimate":25021935.948517807,"standard_error":22390.636195559397},"StdDev":{"confidence_interval":{"confidence_level":0.95,"lower_bound":82989.61289893067,"upper_bound":164436.46254094492},"point_estimate":125364.74279054048,"standard_error":20966.40030998404}}