{"Mean":{"confidence_interval":{"confidence_level":0.95,"lower_bound":25307217.703894477,"upper_bound":25511938.56892991},"point_estimate":25384867.02276062,"standard_error":55890.341652406554},"Median":{"confidence_interval":{"confidence_level":0.95,"lower_bound":25268986.812221672,"upper_bound":25316046.34948246},"point_estimate":25286069.23350042,"standard_error":12967.917459431605},"MedianAbsDev":{"confidence_interval":{"confidence_level":0.95,"lower_bound":64936.95629905382,"upper_bound":111336.77821055616},"point_estimate":89037.76645676406,"standard_error":12074.47361805309},"Slope":{"confidence_interval":{"confidence_level":0.95,"lower_bound":25325275.914945785,"upper_bound":25692449.44363114},"point_estimate":25459071.980245307,"standard_error":100897.83611613543},"StdDev":{"confidence_interval":{"confidence_level":0.95,"lower_bound":128977.21926299343,"upper_bound":941605.6409979729},"point_estimate":563531.5520719021,"standard_error":275291.20708849095}}