{"Mean":{"confidence_interval":{"confidence_level":0.95,"lower_bound":21715114.396349207,"upper_bound":21954585.32327778},"point_estimate":21828219.167301588,"standard_error":61555.151849694135},"Median":{"confidence_interval":{"confidence_level":0.95,"lower_bound":21665168.055555556,"upper_bound":22049236.666666668},"point_estimate":21752327.95,"standard_error":88223.73953099622},"MedianAbsDev":{"confidence_interval":{"confidence_level":0.95,"lower_bound":29824.277590512123,"upper_bound":322611.8763124902},"point_estimate":156750.69092045055,"standard_error":78847.67305601918},"Slope":{"confidence_interval":{"confidence_level":0.95,"lower_bound":21659327.512755103,"upper_bound":21804209.4019802},"point_estimate":21728214.171428572,"standard_error":38032.51591470055},"StdDev":{"confidence_interval":{"confidence_level":0.95,"lower_bound":86002.87550880587,"upper_bound":249117.39894491836},"point_estimate":204873.55443525026,"standard_error":37581.64673179986}}