{"Mean":{"confidence_interval":{"confidence_level":0.95,"lower_bound":26164868.04213553,"upper_bound":26302895.949978422},"point_estimate":26227029.151684526,"standard_error":35415.45539455868},"Median":{"confidence_interval":{"confidence_level":0.95,"lower_bound":26137608.8,"upper_bound":26219103.3},"point_estimate":26176319.07,"standard_error":21056.38661378038},"MedianAbsDev":{"confidence_interval":{"confidence_level":0.95,"lower_bound":111746.07548217321,"upper_bound":191887.7716899075},"point_estimate":158598.75315906634,"standard_error":20414.211622544844},"Slope":{"confidence_interval":{"confidence_level":0.95,"lower_bound":26152907.88835813,"upper_bound":26201883.266914193},"point_estimate":26177136.89762081,"standard_error":12479.098876064472},"StdDev":{"confidence_interval":{"confidence_level":0.95,"lower_bound":189465.442230405,"upper_bound":508178.80033077765},"point_estimate":356293.4730818482,"standard_error":83428.87210788511}}