{"Mean":{"confidence_interval":{"confidence_level":0.95,"lower_bound":25075636.18319395,"upper_bound":25125271.887753993},"point_estimate":25099870.659915775,"standard_error":12674.890950925655},"Median":{"confidence_interval":{"confidence_level":0.95,"lower_bound":25047465.615384616,"upper_bound":25101333.231564365},"point_estimate":25067829.022727273,"standard_error":16582.9452084821},"MedianAbsDev":{"confidence_interval":{"confidence_level":0.95,"lower_bound":89002.78978970634,"upper_bound":159006.88742535672},"point_estimate":118704.07811427255,"standard_error":18624.423789315617},"Slope":{"confidence_interval":{"confidence_level":0.95,"lower_bound":25055865.707811352,"upper_bound":25113247.455715593},"point_estimate":25083295.086765185,"standard_error":14612.138580410003},"StdDev":{"confidence_interval":{"confidence_level":0.95,"lower_bound":107650.1759145668,"upper_bound":145085.2741127551},"point_estimate":127533.76350572128,"standard_error":9579.793609562286}}