{"Mean":{"confidence_interval":{"confidence_level":0.95,"lower_bound":29.15454710257181,"upper_bound":29.306364317394998},"point_estimate":29.220220780764308,"standard_error":0.039185706669572294},"Median":{"confidence_interval":{"confidence_level":0.95,"lower_bound":29.09114472427169,"upper_bound":29.12567048729676},"point_estimate":29.103494952133754,"standard_error":0.009263587012831974},"MedianAbsDev":{"confidence_interval":{"confidence_level":0.95,"lower_bound":0.04440557769404111,"upper_bound":0.09934195509767381},"point_estimate":0.06791999442870197,"standard_error":0.013867096521558719},"Slope":{"confidence_interval":{"confidence_level":0.95,"lower_bound":29.148206794973994,"upper_bound":29.252087009279208},"point_estimate":29.19372901122672,"standard_error":0.02684497151079478},"StdDev":{"confidence_interval":{"confidence_level":0.95,"lower_bound":0.14665237823945998,"upper_bound":0.6021757963341892},"point_estimate":0.3944087162020856,"standard_error":0.12103873827624291}}