{"Mean":{"confidence_interval":{"confidence_level":0.95,"lower_bound":129.97911378875767,"upper_bound":130.44763402028698},"point_estimate":130.19339568962462,"standard_error":0.11957265094089843},"Median":{"confidence_interval":{"confidence_level":0.95,"lower_bound":129.78320363694783,"upper_bound":130.2362781007543},"point_estimate":130.02227173076335,"standard_error":0.10044080412362116},"MedianAbsDev":{"confidence_interval":{"confidence_level":0.95,"lower_bound":0.698635430230645,"upper_bound":1.06648052936092},"point_estimate":0.8841574336341014,"standard_error":0.08913856154765874},"Slope":{"confidence_interval":{"confidence_level":0.95,"lower_bound":129.96908746358096,"upper_bound":130.50099635532246},"point_estimate":130.22600732482562,"standard_error":0.1365028235323468},"StdDev":{"confidence_interval":{"confidence_level":0.95,"lower_bound":0.7595863931069766,"upper_bound":1.6899040915438506},"point_estimate":1.2006033270264325,"standard_error":0.2677687508372587}}