{"Mean":{"confidence_interval":{"confidence_level":0.95,"lower_bound":112842.81636778642,"upper_bound":113422.0643151566},"point_estimate":113112.84464633663,"standard_error":148.13216572272006},"Median":{"confidence_interval":{"confidence_level":0.95,"lower_bound":112231.79969135803,"upper_bound":113085.24275362318},"point_estimate":112678.82261904763,"standard_error":219.62702884930917},"MedianAbsDev":{"confidence_interval":{"confidence_level":0.95,"lower_bound":563.4830816999489,"upper_bound":1388.1819864118092},"point_estimate":1024.2132816380263,"standard_error":226.97529398181882},"Slope":{"confidence_interval":{"confidence_level":0.95,"lower_bound":112793.39547813975,"upper_bound":113301.91123352494},"point_estimate":113042.61746449272,"standard_error":130.2440907765079},"StdDev":{"confidence_interval":{"confidence_level":0.95,"lower_bound":1025.440566118842,"upper_bound":1995.7922633645826},"point_estimate":1483.8829619234752,"standard_error":268.173194302271}}