{"Mean":{"confidence_interval":{"confidence_level":0.95,"lower_bound":104047.67084369613,"upper_bound":104748.26176710884},"point_estimate":104391.3318988662,"standard_error":179.4834051467007},"Median":{"confidence_interval":{"confidence_level":0.95,"lower_bound":103823.89265306122,"upper_bound":104991.16785714286},"point_estimate":104258.03752380953,"standard_error":341.4912504154281},"MedianAbsDev":{"confidence_interval":{"confidence_level":0.95,"lower_bound":37.37180676509031,"upper_bound":1016.8196085192667},"point_estimate":709.3149398071465,"standard_error":272.8153448631322},"Slope":{"confidence_interval":{"confidence_level":0.95,"lower_bound":103837.9219920505,"upper_bound":104394.7271146245},"point_estimate":104011.20739146568,"standard_error":145.10750741872602},"StdDev":{"confidence_interval":{"confidence_level":0.95,"lower_bound":373.8130613594713,"upper_bound":687.1716363611471},"point_estimate":597.3377260947485,"standard_error":80.03030334529862}}