{"Mean":{"confidence_interval":{"confidence_level":0.95,"lower_bound":-0.0031293210575428,"upper_bound":0.002930884832480672},"point_estimate":-0.00012854226010894365,"standard_error":0.0015631790300265948},"Median":{"confidence_interval":{"confidence_level":0.95,"lower_bound":-0.004359201370749499,"upper_bound":0.00219953384574683},"point_estimate":-0.00043187054584825635,"standard_error":0.0017639475473138215}}