{"Mean":{"confidence_interval":{"confidence_level":0.95,"lower_bound":-0.004836186385642579,"upper_bound":0.0017121545182268805},"point_estimate":-0.0013877158612792817,"standard_error":0.0016646952681200467},"Median":{"confidence_interval":{"confidence_level":0.95,"lower_bound":-0.004346248927414309,"upper_bound":0.0007529308081704045},"point_estimate":-0.002655371197067269,"standard_error":0.0014009183976765142}}