{"Mean":{"confidence_interval":{"confidence_level":0.95,"lower_bound":12486.84285326396,"upper_bound":12532.909957615148},"point_estimate":12507.52623048004,"standard_error":11.80304304034358},"Median":{"confidence_interval":{"confidence_level":0.95,"lower_bound":12464.999739583332,"upper_bound":12489.149766156463},"point_estimate":12477.499399509805,"standard_error":6.826498424115243},"MedianAbsDev":{"confidence_interval":{"confidence_level":0.95,"lower_bound":34.65925071913572,"upper_bound":60.70864013391069},"point_estimate":47.901978808661774,"standard_error":6.888206228590589},"Slope":{"confidence_interval":{"confidence_level":0.95,"lower_bound":12482.41474249839,"upper_bound":12526.507696386461},"point_estimate":12502.80820141865,"standard_error":11.293281147933586},"StdDev":{"confidence_interval":{"confidence_level":0.95,"lower_bound":63.36641690365881,"upper_bound":171.64170587030176},"point_estimate":118.52051883803027,"standard_error":29.03595888224987}}