{"Mean":{"confidence_interval":{"confidence_level":0.95,"lower_bound":0.0007843797966877289,"upper_bound":0.01973001414271633},"point_estimate":0.010956317902931278,"standard_error":0.004830055904109534},"Median":{"confidence_interval":{"confidence_level":0.95,"lower_bound":0.004917186554277642,"upper_bound":0.016017743997622125},"point_estimate":0.01214592570767592,"standard_error":0.0028751561158267495}}