{"Mean":{"confidence_interval":{"confidence_level":0.95,"lower_bound":61889.62165549033,"upper_bound":62285.08990593437},"point_estimate":62078.02907989441,"standard_error":100.80362919211291},"Median":{"confidence_interval":{"confidence_level":0.95,"lower_bound":61685.14713541667,"upper_bound":62112.259684700446},"point_estimate":61912.13754901961,"standard_error":105.11339734723532},"MedianAbsDev":{"confidence_interval":{"confidence_level":0.95,"lower_bound":770.2879922141171,"upper_bound":1165.983362039241},"point_estimate":1022.0825797592955,"standard_error":96.1780919431985},"Slope":{"confidence_interval":{"confidence_level":0.95,"lower_bound":61964.57612591977,"upper_bound":62321.55206780067},"point_estimate":62142.35858005763,"standard_error":91.31716325094091},"StdDev":{"confidence_interval":{"confidence_level":0.95,"lower_bound":742.864619787433,"upper_bound":1319.074480346466},"point_estimate":1014.6763572909108,"standard_error":154.11179033414032}}