{"Mean":{"confidence_interval":{"confidence_level":0.95,"lower_bound":45286.06137528421,"upper_bound":45782.794529466},"point_estimate":45496.0047817851,"standard_error":128.5684890827627},"Median":{"confidence_interval":{"confidence_level":0.95,"lower_bound":45106.902926997245,"upper_bound":45418.59976387249},"point_estimate":45228.48115530303,"standard_error":82.04875132566887},"MedianAbsDev":{"confidence_interval":{"confidence_level":0.95,"lower_bound":358.75225991186227,"upper_bound":614.8049288969418},"point_estimate":473.4915431095117,"standard_error":65.08908829390654},"Slope":{"confidence_interval":{"confidence_level":0.95,"lower_bound":45236.60558734114,"upper_bound":45404.9405994689},"point_estimate":45319.98347475046,"standard_error":43.08287429721009},"StdDev":{"confidence_interval":{"confidence_level":0.95,"lower_bound":481.47658194709345,"upper_bound":2025.6857944875296},"point_estimate":1294.4547954591974,"standard_error":444.446373147424}}