{"Mean":{"confidence_interval":{"confidence_level":0.95,"lower_bound":286875.09369930206,"upper_bound":291881.0836351425},"point_estimate":289153.60073262645,"standard_error":1282.962886143848},"Median":{"confidence_interval":{"confidence_level":0.95,"lower_bound":284545.70789473684,"upper_bound":285203.63764044945},"point_estimate":284793.6373355263,"standard_error":162.5217215143129},"MedianAbsDev":{"confidence_interval":{"confidence_level":0.95,"lower_bound":912.8063914867724,"upper_bound":1813.6233039046726},"point_estimate":1239.241948805525,"standard_error":232.37836940738654},"Slope":{"confidence_interval":{"confidence_level":0.95,"lower_bound":286529.54560689663,"upper_bound":291294.01966549724},"point_estimate":288645.5933197872,"standard_error":1220.7519111770905},"StdDev":{"confidence_interval":{"confidence_level":0.95,"lower_bound":7155.346235311124,"upper_bound":17608.696967728385},"point_estimate":12925.656152543534,"standard_error":2661.11402127829}}