{"Mean":{"confidence_interval":{"confidence_level":0.95,"lower_bound":465587.7532906746,"upper_bound":468620.03357552073},"point_estimate":466864.0920823412,"standard_error":795.6491679042248},"Median":{"confidence_interval":{"confidence_level":0.95,"lower_bound":465162.87,"upper_bound":467763.39},"point_estimate":466153.5098958333,"standard_error":651.6276146321856},"MedianAbsDev":{"confidence_interval":{"confidence_level":0.95,"lower_bound":337.94862556272403,"upper_bound":2892.3112143178596},"point_estimate":1603.4968455947078,"standard_error":637.2880352198273},"Slope":{"confidence_interval":{"confidence_level":0.95,"lower_bound":465192.24277522933,"upper_bound":466647.7737125169},"point_estimate":465774.17987012985,"standard_error":369.1630970418055},"StdDev":{"confidence_interval":{"confidence_level":0.95,"lower_bound":789.1499528283738,"upper_bound":3903.435073274325},"point_estimate":2655.500524691501,"standard_error":972.1245782586078}}