{"Mean":{"confidence_interval":{"confidence_level":0.95,"lower_bound":60054.05275239808,"upper_bound":60715.22083901225},"point_estimate":60354.4875246569,"standard_error":169.38584527668772},"Median":{"confidence_interval":{"confidence_level":0.95,"lower_bound":59746.338197009514,"upper_bound":60212.954974582426},"point_estimate":59944.16532285328,"standard_error":121.6595310174752},"MedianAbsDev":{"confidence_interval":{"confidence_level":0.95,"lower_bound":583.4691377992486,"upper_bound":1007.4250049653072},"point_estimate":781.6313106008039,"standard_error":110.52108171260157},"Slope":{"confidence_interval":{"confidence_level":0.95,"lower_bound":59921.633259248905,"upper_bound":60506.76925690484},"point_estimate":60192.94037848034,"standard_error":149.43666411429672},"StdDev":{"confidence_interval":{"confidence_level":0.95,"lower_bound":1008.4763841112908,"upper_bound":2412.651871624227},"point_estimate":1703.1640222528763,"standard_error":381.36286276749286}}