{"Mean":{"confidence_interval":{"confidence_level":0.95,"lower_bound":11881011.404504308,"upper_bound":11922989.028339796},"point_estimate":11901725.271743018,"standard_error":10731.469256694474},"Median":{"confidence_interval":{"confidence_level":0.95,"lower_bound":11867681.0,"upper_bound":11912446.676102698},"point_estimate":11884703.86537506,"standard_error":12012.332713053205},"MedianAbsDev":{"confidence_interval":{"confidence_level":0.95,"lower_bound":66102.2666422249,"upper_bound":119844.75334932041},"point_estimate":85422.42230155815,"standard_error":13594.75093936317},"Slope":{"confidence_interval":{"confidence_level":0.95,"lower_bound":11858484.324242173,"upper_bound":11913404.086727113},"point_estimate":11884924.298761638,"standard_error":14030.728488267716},"StdDev":{"confidence_interval":{"confidence_level":0.95,"lower_bound":90471.44970564828,"upper_bound":122153.44062779724},"point_estimate":107480.2325777421,"standard_error":8074.012471265811}}