{"Mean":{"confidence_interval":{"confidence_level":0.95,"lower_bound":-0.5684011682995321,"upper_bound":-0.5639214291718786},"point_estimate":-0.5660511974750638,"standard_error":0.0011469030318181543},"Median":{"confidence_interval":{"confidence_level":0.95,"lower_bound":-0.5692789552303896,"upper_bound":-0.5645448599802935},"point_estimate":-0.5671482957943614,"standard_error":0.0012314949020850623}}