{"Mean":{"confidence_interval":{"confidence_level":0.95,"lower_bound":-0.8055760772455021,"upper_bound":-0.8039526514808697},"point_estimate":-0.804757837489269,"standard_error":0.00041162825939820076},"Median":{"confidence_interval":{"confidence_level":0.95,"lower_bound":-0.8051402828561807,"upper_bound":-0.8039307557520838},"point_estimate":-0.8044514994441115,"standard_error":0.0003037152645704868}}