{"Mean":{"confidence_interval":{"confidence_level":0.95,"lower_bound":26210.86010913703,"upper_bound":26391.307969794292},"point_estimate":26297.64645472773,"standard_error":46.018973167243686},"Median":{"confidence_interval":{"confidence_level":0.95,"lower_bound":26118.46879984051,"upper_bound":26291.82953216374},"point_estimate":26177.683074481,"standard_error":43.01811496361882},"MedianAbsDev":{"confidence_interval":{"confidence_level":0.95,"lower_bound":250.15752459052646,"upper_bound":452.2378552796102},"point_estimate":351.9860330033088,"standard_error":50.41897408187126},"Slope":{"confidence_interval":{"confidence_level":0.95,"lower_bound":26188.133586693686,"upper_bound":26325.169530980984},"point_estimate":26254.61810216764,"standard_error":34.95336665347126},"StdDev":{"confidence_interval":{"confidence_level":0.95,"lower_bound":343.7920536504189,"upper_bound":587.7307727325042},"point_estimate":462.3676956991223,"standard_error":63.73541573901826}}