{"Mean":{"confidence_interval":{"confidence_level":0.95,"lower_bound":30926.11628600065,"upper_bound":31125.970217205373},"point_estimate":31017.830836684807,"standard_error":51.04979628182222},"Median":{"confidence_interval":{"confidence_level":0.95,"lower_bound":30777.183262711864,"upper_bound":30990.674342105263},"point_estimate":30854.946428571428,"standard_error":60.63934381288636},"MedianAbsDev":{"confidence_interval":{"confidence_level":0.95,"lower_bound":191.59270591825967,"upper_bound":405.89993097565286},"point_estimate":284.85744392303343,"standard_error":56.36452980409269},"Slope":{"confidence_interval":{"confidence_level":0.95,"lower_bound":30980.18838918301,"upper_bound":31339.02157748029},"point_estimate":31136.843600930988,"standard_error":92.92653638576702},"StdDev":{"confidence_interval":{"confidence_level":0.95,"lower_bound":312.87185081549865,"upper_bound":696.8199884012781},"point_estimate":512.614100250355,"standard_error":99.92081643444531}}