{"Mean":{"confidence_interval":{"confidence_level":0.95,"lower_bound":-0.0023775993886616157,"upper_bound":0.007688704374980748},"point_estimate":0.0021246566091921437,"standard_error":0.002570264960190533},"Median":{"confidence_interval":{"confidence_level":0.95,"lower_bound":-0.003099631774757361,"upper_bound":0.003602527066378998},"point_estimate":0.00012513367001609765,"standard_error":0.0017303583435024903}}