{"Mean":{"confidence_interval":{"confidence_level":0.95,"lower_bound":-0.012828265664515625,"upper_bound":-0.007293272573686178},"point_estimate":-0.0102570692260755,"standard_error":0.001404637546126248},"Median":{"confidence_interval":{"confidence_level":0.95,"lower_bound":-0.011883939003462185,"upper_bound":-0.007265415673750053},"point_estimate":-0.00900056291761231,"standard_error":0.0012257128967892883}}