{"Mean":{"confidence_interval":{"confidence_level":0.95,"lower_bound":0.001273917583984747,"upper_bound":0.007258086933515944},"point_estimate":0.004493906574146722,"standard_error":0.001509955796899697},"Median":{"confidence_interval":{"confidence_level":0.95,"lower_bound":-0.00019208275756998905,"upper_bound":0.005233173179024719},"point_estimate":0.0026197645127508107,"standard_error":0.0013766758511476935}}