{"Mean":{"confidence_interval":{"confidence_level":0.95,"lower_bound":0.000671794384639613,"upper_bound":0.004080350717686207},"point_estimate":0.0024223466769557334,"standard_error":0.0008685830704955158},"Median":{"confidence_interval":{"confidence_level":0.95,"lower_bound":0.0005735369199957319,"upper_bound":0.0048159343873248606},"point_estimate":0.0033253371864445658,"standard_error":0.0011452382122149156}}