{"Mean":{"confidence_interval":{"confidence_level":0.95,"lower_bound":-0.04988832915826832,"upper_bound":-0.04276068604345979},"point_estimate":-0.04629832289977187,"standard_error":0.001823192491334694},"Median":{"confidence_interval":{"confidence_level":0.95,"lower_bound":-0.05137203922691502,"upper_bound":-0.04040710877759002},"point_estimate":-0.04718131899120692,"standard_error":0.002699382476669714}}