{"Mean":{"confidence_interval":{"confidence_level":0.95,"lower_bound":-0.00563474134940293,"upper_bound":0.002067281249485878},"point_estimate":-0.0017390267415190452,"standard_error":0.0019551779227183464},"Median":{"confidence_interval":{"confidence_level":0.95,"lower_bound":-0.0060561780151597855,"upper_bound":0.0036785032687467467},"point_estimate":-0.0004442149619844349,"standard_error":0.0024520736133907426}}