{"Mean":{"confidence_interval":{"confidence_level":0.95,"lower_bound":0.002457031289812968,"upper_bound":0.010498823386609629},"point_estimate":0.006543238096205384,"standard_error":0.00203270998412998},"Median":{"confidence_interval":{"confidence_level":0.95,"lower_bound":0.0014576902528780078,"upper_bound":0.007603419353552354},"point_estimate":0.004897171719824067,"standard_error":0.0016076460592223268}}