{"Mean":{"confidence_interval":{"confidence_level":0.95,"lower_bound":0.1290311172487274,"upper_bound":0.13413134689589787},"point_estimate":0.13161810634941262,"standard_error":0.0013032390796244573},"Median":{"confidence_interval":{"confidence_level":0.95,"lower_bound":0.13126651425556488,"upper_bound":0.1352088834766656},"point_estimate":0.1332230083120527,"standard_error":0.0010018124227990724}}