{"Mean":{"confidence_interval":{"confidence_level":0.95,"lower_bound":-0.7554795673222081,"upper_bound":-0.7533085678598306},"point_estimate":-0.7543818650966376,"standard_error":0.0005509748770748588},"Median":{"confidence_interval":{"confidence_level":0.95,"lower_bound":-0.7549644583981177,"upper_bound":-0.7536095646250758},"point_estimate":-0.7542684251097516,"standard_error":0.0003485396041159267}}