{"Mean":{"confidence_interval":{"confidence_level":0.95,"lower_bound":-0.12050463869599842,"upper_bound":-0.11412642632495351},"point_estimate":-0.11758743425255958,"standard_error":0.0016338992615292024},"Median":{"confidence_interval":{"confidence_level":0.95,"lower_bound":-0.1219575539007729,"upper_bound":-0.1173325074995768},"point_estimate":-0.11976309247412165,"standard_error":0.0012072495821681605}}