{"Mean":{"confidence_interval":{"confidence_level":0.95,"lower_bound":-0.004101171901068387,"upper_bound":0.001155478715468622},"point_estimate":-0.001385272698539497,"standard_error":0.0013455310368424222},"Median":{"confidence_interval":{"confidence_level":0.95,"lower_bound":-0.003946618299863076,"upper_bound":0.0018721050321652832},"point_estimate":0.00029803277107731674,"standard_error":0.0014736633365769484}}