{"Mean":{"confidence_interval":{"confidence_level":0.95,"lower_bound":84074.5893306374,"upper_bound":84597.3518241649},"point_estimate":84319.82538279417,"standard_error":133.20172672211797},"Median":{"confidence_interval":{"confidence_level":0.95,"lower_bound":83733.98003472222,"upper_bound":84331.88846153846},"point_estimate":83991.68461399712,"standard_error":145.26371319021325},"MedianAbsDev":{"confidence_interval":{"confidence_level":0.95,"lower_bound":864.4301195580784,"upper_bound":1383.7954354881306},"point_estimate":1177.8118757482134,"standard_error":133.8770087792827},"Slope":{"confidence_interval":{"confidence_level":0.95,"lower_bound":84066.99376703253,"upper_bound":84542.37106606067},"point_estimate":84299.48718068075,"standard_error":121.61333505824614},"StdDev":{"confidence_interval":{"confidence_level":0.95,"lower_bound":924.9086570017637,"upper_bound":1806.0976507554512},"point_estimate":1341.123699993088,"standard_error":240.46675912129484}}