{"Mean":{"confidence_interval":{"confidence_level":0.95,"lower_bound":88121.45364843681,"upper_bound":88920.8301914624},"point_estimate":88488.0002723374,"standard_error":204.49266110669035},"Median":{"confidence_interval":{"confidence_level":0.95,"lower_bound":87862.02477240897,"upper_bound":88484.98523206751},"point_estimate":88140.22377232142,"standard_error":141.56635350822125},"MedianAbsDev":{"confidence_interval":{"confidence_level":0.95,"lower_bound":832.7252566841203,"upper_bound":1652.738284367709},"point_estimate":1139.824084545751,"standard_error":209.25092827070614},"Slope":{"confidence_interval":{"confidence_level":0.95,"lower_bound":87937.95457674371,"upper_bound":88659.40857592049},"point_estimate":88296.8009132555,"standard_error":183.87241062566815},"StdDev":{"confidence_interval":{"confidence_level":0.95,"lower_bound":1267.2449062129144,"upper_bound":2927.985925131367},"point_estimate":2048.350791169809,"standard_error":482.67374239239064}}