{"Mean":{"confidence_interval":{"confidence_level":0.95,"lower_bound":84450.55042383917,"upper_bound":84950.31250106925},"point_estimate":84688.90398798227,"standard_error":127.5252871886221},"Median":{"confidence_interval":{"confidence_level":0.95,"lower_bound":84093.21276595745,"upper_bound":84673.35416666667},"point_estimate":84294.10775346725,"standard_error":139.35026484330479},"MedianAbsDev":{"confidence_interval":{"confidence_level":0.95,"lower_bound":706.1340247195204,"upper_bound":1277.965768696186},"point_estimate":891.5959852126762,"standard_error":145.471954505002},"Slope":{"confidence_interval":{"confidence_level":0.95,"lower_bound":84516.72312178393,"upper_bound":84931.63114093443},"point_estimate":84717.08694645583,"standard_error":105.97601853358421},"StdDev":{"confidence_interval":{"confidence_level":0.95,"lower_bound":961.0377216107632,"upper_bound":1589.5550088749558},"point_estimate":1281.1785249185702,"standard_error":161.91352567886867}}