{"Mean":{"confidence_interval":{"confidence_level":0.95,"lower_bound":135.8772046011024,"upper_bound":136.5190718377186},"point_estimate":136.15668303368827,"standard_error":0.16554817231111751},"Median":{"confidence_interval":{"confidence_level":0.95,"lower_bound":135.50308137396937,"upper_bound":135.95274838878055},"point_estimate":135.84070833768192,"standard_error":0.10219499951767064},"MedianAbsDev":{"confidence_interval":{"confidence_level":0.95,"lower_bound":0.5989490423840774,"upper_bound":1.056320153748595},"point_estimate":0.9156756888518428,"standard_error":0.11952356928592739},"Slope":{"confidence_interval":{"confidence_level":0.95,"lower_bound":135.68708130393566,"upper_bound":135.97329437223493},"point_estimate":135.82569020704813,"standard_error":0.07325332308267375},"StdDev":{"confidence_interval":{"confidence_level":0.95,"lower_bound":0.8513513568059031,"upper_bound":2.5302517109064873},"point_estimate":1.6693280069016705,"standard_error":0.5221891560089076}}