{"Mean":{"confidence_interval":{"confidence_level":0.95,"lower_bound":201483.2879173901,"upper_bound":202856.7897513904},"point_estimate":202115.51238662621,"standard_error":350.4376000895185},"Median":{"confidence_interval":{"confidence_level":0.95,"lower_bound":200717.175,"upper_bound":201771.484},"point_estimate":201313.95158730156,"standard_error":268.2699841866675},"MedianAbsDev":{"confidence_interval":{"confidence_level":0.95,"lower_bound":1500.8597847766307,"upper_bound":2691.704335144401},"point_estimate":2123.1552964987686,"standard_error":325.1644472258827},"Slope":{"confidence_interval":{"confidence_level":0.95,"lower_bound":201372.68971404037,"upper_bound":202598.00020874152},"point_estimate":201960.92535717454,"standard_error":312.2339199644322},"StdDev":{"confidence_interval":{"confidence_level":0.95,"lower_bound":2227.9374625297255,"upper_bound":4941.676527282853},"point_estimate":3527.7741078335844,"standard_error":774.6074031553139}}