{"Mean":{"confidence_interval":{"confidence_level":0.95,"lower_bound":187841.60329063548,"upper_bound":189217.50654796005},"point_estimate":188453.20054130576,"standard_error":354.1794124695833},"Median":{"confidence_interval":{"confidence_level":0.95,"lower_bound":187216.2,"upper_bound":188016.7988505747},"point_estimate":187641.96564327483,"standard_error":227.83007626388212},"MedianAbsDev":{"confidence_interval":{"confidence_level":0.95,"lower_bound":1252.7088087451077,"upper_bound":2208.611003318022},"point_estimate":1760.9570387542433,"standard_error":246.92830841796973},"Slope":{"confidence_interval":{"confidence_level":0.95,"lower_bound":187751.03687754204,"upper_bound":188871.83693818614},"point_estimate":188246.76184670706,"standard_error":286.9352477520185},"StdDev":{"confidence_interval":{"confidence_level":0.95,"lower_bound":1671.1645237021073,"upper_bound":5247.337002116718},"point_estimate":3573.953156363748,"standard_error":955.4820122260048}}