{"Mean":{"confidence_interval":{"confidence_level":0.95,"lower_bound":0.05014595195980168,"upper_bound":0.0562173986052101},"point_estimate":0.05279588973864491,"standard_error":0.001543693451116373},"Median":{"confidence_interval":{"confidence_level":0.95,"lower_bound":0.049941011196379836,"upper_bound":0.05398009565826012},"point_estimate":0.05281146192649122,"standard_error":0.0010375476965650836}}