{"Mean":{"confidence_interval":{"confidence_level":0.95,"lower_bound":-0.0031431995782999376,"upper_bound":0.005856663235962199},"point_estimate":0.0013444376327496066,"standard_error":0.002299187913796076},"Median":{"confidence_interval":{"confidence_level":0.95,"lower_bound":-0.0031580506010421283,"upper_bound":0.005647536850949653},"point_estimate":0.0014617791099660327,"standard_error":0.0022748002633560032}}