{"Mean":{"confidence_interval":{"confidence_level":0.95,"lower_bound":2663198.247634559,"upper_bound":2687667.757332664},"point_estimate":2674973.0429825694,"standard_error":6253.959518793261},"Median":{"confidence_interval":{"confidence_level":0.95,"lower_bound":2638471.735609103,"upper_bound":2663457.2747406783},"point_estimate":2647165.7696969695,"standard_error":5469.358421649163},"MedianAbsDev":{"confidence_interval":{"confidence_level":0.95,"lower_bound":21048.66838113956,"upper_bound":53354.972899548295},"point_estimate":33002.65556019529,"standard_error":7350.022038227599},"Slope":{"confidence_interval":{"confidence_level":0.95,"lower_bound":2666419.44985859,"upper_bound":2690175.348315829},"point_estimate":2678002.2513994384,"standard_error":6070.030173810328},"StdDev":{"confidence_interval":{"confidence_level":0.95,"lower_bound":49556.858684253275,"upper_bound":76055.79142389796},"point_estimate":63150.44869518538,"standard_error":6807.388230697192}}