{"Mean":{"confidence_interval":{"confidence_level":0.95,"lower_bound":2681874.529342687,"upper_bound":2691575.696943452},"point_estimate":2686512.824620181,"standard_error":2495.924659100178},"Median":{"confidence_interval":{"confidence_level":0.95,"lower_bound":2679364.2714285715,"upper_bound":2693953.7346938774},"point_estimate":2684467.217261905,"standard_error":3882.068076610811},"MedianAbsDev":{"confidence_interval":{"confidence_level":0.95,"lower_bound":1828.1516675437213,"upper_bound":13703.468581714471},"point_estimate":7963.800761114415,"standard_error":3271.533561856493},"Slope":{"confidence_interval":{"confidence_level":0.95,"lower_bound":2679412.155092998,"upper_bound":2688789.0372437118},"point_estimate":2682818.3209647494,"standard_error":2400.6717459984884},"StdDev":{"confidence_interval":{"confidence_level":0.95,"lower_bound":4391.335883397061,"upper_bound":10242.843830567215},"point_estimate":8335.000241526646,"standard_error":1458.8678544661805}}