{"Mean":{"confidence_interval":{"confidence_level":0.95,"lower_bound":-0.005627405162473664,"upper_bound":0.0017398913906998415},"point_estimate":-0.002424595839006116,"standard_error":0.0019093467698185621},"Median":{"confidence_interval":{"confidence_level":0.95,"lower_bound":-0.005730671516139152,"upper_bound":0.0003284085826338323},"point_estimate":-0.0027683824130689816,"standard_error":0.0015513490031625159}}