{"Mean":{"confidence_interval":{"confidence_level":0.95,"lower_bound":0.0009376553775365504,"upper_bound":0.00616004110181309},"point_estimate":0.0034495905222859946,"standard_error":0.0013255935263018876},"Median":{"confidence_interval":{"confidence_level":0.95,"lower_bound":-7.792931011052495e-6,"upper_bound":0.005572004727180557},"point_estimate":0.002898722465048298,"standard_error":0.0013718082727783036}}