{"Mean":{"confidence_interval":{"confidence_level":0.95,"lower_bound":0.00025193756762666446,"upper_bound":0.006290797731636452},"point_estimate":0.0032750281898343836,"standard_error":0.0015348754874532718},"Median":{"confidence_interval":{"confidence_level":0.95,"lower_bound":-0.0003396288099718481,"upper_bound":0.0046160771197376604},"point_estimate":0.0015589393690187414,"standard_error":0.0011892775422385725}}