{"Mean":{"confidence_interval":{"confidence_level":0.95,"lower_bound":-0.013234715578366876,"upper_bound":-0.004627797601512124},"point_estimate":-0.009794056080310143,"standard_error":0.002378655334895259},"Median":{"confidence_interval":{"confidence_level":0.95,"lower_bound":-0.014167650657400666,"upper_bound":-0.010140309407072778},"point_estimate":-0.012221062488780743,"standard_error":0.001128551819506808}}