{"Mean":{"confidence_interval":{"confidence_level":0.95,"lower_bound":0.06361070430732085,"upper_bound":0.07311038878586637},"point_estimate":0.06831880446055938,"standard_error":0.0023806406572873464},"Median":{"confidence_interval":{"confidence_level":0.95,"lower_bound":0.06737144576274856,"upper_bound":0.0742273729034153},"point_estimate":0.07129295216656639,"standard_error":0.0017079240060330887}}