{"Mean":{"confidence_interval":{"confidence_level":0.95,"lower_bound":0.009250359831313271,"upper_bound":0.018901931084148997},"point_estimate":0.0140123527006899,"standard_error":0.0024778065450437995},"Median":{"confidence_interval":{"confidence_level":0.95,"lower_bound":0.010266809809327702,"upper_bound":0.018695880835811085},"point_estimate":0.013787575641753591,"standard_error":0.002233735932245738}}