{"Mean":{"confidence_interval":{"confidence_level":0.95,"lower_bound":480397.9861374537,"upper_bound":484977.97547884105},"point_estimate":482589.7550199558,"standard_error":1170.2959373962033},"Median":{"confidence_interval":{"confidence_level":0.95,"lower_bound":480212.80287929124,"upper_bound":482731.8672149123},"point_estimate":481836.63050986844,"standard_error":741.310135885023},"MedianAbsDev":{"confidence_interval":{"confidence_level":0.95,"lower_bound":5836.131246387944,"upper_bound":11850.091124568326},"point_estimate":7907.4422692600665,"standard_error":1545.8841467449631},"Slope":{"confidence_interval":{"confidence_level":0.95,"lower_bound":480301.43231953046,"upper_bound":485037.8428833052},"point_estimate":482566.48365105165,"standard_error":1202.511179904221},"StdDev":{"confidence_interval":{"confidence_level":0.95,"lower_bound":8669.230561779665,"upper_bound":15094.980179274},"point_estimate":11755.083417628312,"standard_error":1690.2311089449395}}