{"Mean":{"confidence_interval":{"confidence_level":0.95,"lower_bound":482252.4818299788,"upper_bound":485758.5358721775},"point_estimate":483969.6188783007,"standard_error":892.167694374753},"Median":{"confidence_interval":{"confidence_level":0.95,"lower_bound":481278.57692307694,"upper_bound":486149.73333333334},"point_estimate":483837.7887755102,"standard_error":1041.079251443991},"MedianAbsDev":{"confidence_interval":{"confidence_level":0.95,"lower_bound":6077.15218966129,"upper_bound":10692.20550472087},"point_estimate":9046.901028938943,"standard_error":1147.006624869822},"Slope":{"confidence_interval":{"confidence_level":0.95,"lower_bound":481468.72850989253,"upper_bound":487222.99289732846},"point_estimate":484323.45438549825,"standard_error":1469.085624943767},"StdDev":{"confidence_interval":{"confidence_level":0.95,"lower_bound":7125.048166429132,"upper_bound":10796.92042321391},"point_estimate":8930.1659061043,"standard_error":947.3227946225811}}