{"Mean":{"confidence_interval":{"confidence_level":0.95,"lower_bound":327086.2846567815,"upper_bound":328475.49908801017},"point_estimate":327790.4332546769,"standard_error":355.954151394693},"Median":{"confidence_interval":{"confidence_level":0.95,"lower_bound":326693.2622023809,"upper_bound":328989.75},"point_estimate":327918.9170918367,"standard_error":677.2772977613938},"MedianAbsDev":{"confidence_interval":{"confidence_level":0.95,"lower_bound":198.84048396988808,"upper_bound":1897.640787917241},"point_estimate":1621.598322817984,"standard_error":469.0601604839935},"Slope":{"confidence_interval":{"confidence_level":0.95,"lower_bound":326954.5538608355,"upper_bound":328518.5293367347},"point_estimate":327577.4999072356,"standard_error":398.0767776308847},"StdDev":{"confidence_interval":{"confidence_level":0.95,"lower_bound":767.5124053228957,"upper_bound":1391.8038208865346},"point_estimate":1185.4698450668718,"standard_error":159.5095421822711}}