{"Mean":{"confidence_interval":{"confidence_level":0.95,"lower_bound":-0.010173405711314408,"upper_bound":-0.0042296571260712216},"point_estimate":-0.007246565246185388,"standard_error":0.0015140221431696633},"Median":{"confidence_interval":{"confidence_level":0.95,"lower_bound":-0.011145932271334869,"upper_bound":-0.0027696223851499946},"point_estimate":-0.00585667819816138,"standard_error":0.0022643211807251485}}