{"Mean":{"confidence_interval":{"confidence_level":0.95,"lower_bound":-0.0053391934107537035,"upper_bound":0.0014506372333970192},"point_estimate":-0.0019060383111191292,"standard_error":0.001734314724002835},"Median":{"confidence_interval":{"confidence_level":0.95,"lower_bound":-0.004271528612584861,"upper_bound":0.004215868208264695},"point_estimate":0.0002883543251419596,"standard_error":0.0021422977534163675}}