{"Mean":{"confidence_interval":{"confidence_level":0.95,"lower_bound":-0.016402009770211307,"upper_bound":-0.009269366887429083},"point_estimate":-0.013008010926410796,"standard_error":0.0018258967302350161},"Median":{"confidence_interval":{"confidence_level":0.95,"lower_bound":-0.01562960947033846,"upper_bound":-0.009754283184231771},"point_estimate":-0.012841717405120301,"standard_error":0.0014123164123952348}}