{"Mean":{"confidence_interval":{"confidence_level":0.95,"lower_bound":21476.338031083094,"upper_bound":21657.0017972501},"point_estimate":21550.64297984483,"standard_error":47.99974341453168},"Median":{"confidence_interval":{"confidence_level":0.95,"lower_bound":21451.973376623377,"upper_bound":21594.382290436835},"point_estimate":21500.90409779614,"standard_error":34.99815907759493},"MedianAbsDev":{"confidence_interval":{"confidence_level":0.95,"lower_bound":10.435046567989408,"upper_bound":154.89293810015627},"point_estimate":78.49846112703415,"standard_error":36.04782240922269},"Slope":{"confidence_interval":{"confidence_level":0.95,"lower_bound":21452.049619572346,"upper_bound":21525.32568605497},"point_estimate":21482.103080390683,"standard_error":18.876851005251673},"StdDev":{"confidence_interval":{"confidence_level":0.95,"lower_bound":40.977681218912124,"upper_bound":239.25408260729},"point_estimate":160.28568910283138,"standard_error":63.3821992476999}}