{"Mean":{"confidence_interval":{"confidence_level":0.95,"lower_bound":1522.9278266945876,"upper_bound":1532.3846466686252},"point_estimate":1527.0904764200789,"standard_error":2.437495018916833},"Median":{"confidence_interval":{"confidence_level":0.95,"lower_bound":1516.7126800376902,"upper_bound":1525.2599639456048},"point_estimate":1520.9268983216555,"standard_error":2.0561190621098024},"MedianAbsDev":{"confidence_interval":{"confidence_level":0.95,"lower_bound":8.34139853258805,"upper_bound":18.326395340262582},"point_estimate":12.67291895801726,"standard_error":2.2553893926410438},"Slope":{"confidence_interval":{"confidence_level":0.95,"lower_bound":1522.90373467139,"upper_bound":1528.9628012856576},"point_estimate":1525.9008607561464,"standard_error":1.5452844176931397},"StdDev":{"confidence_interval":{"confidence_level":0.95,"lower_bound":13.110877893650853,"upper_bound":36.648951064073444},"point_estimate":24.45865978886244,"standard_error":7.274040643432219}}