{"Mean":{"confidence_interval":{"confidence_level":0.95,"lower_bound":0.18355216850963105,"upper_bound":0.1961162403756745},"point_estimate":0.18959918059312164,"standard_error":0.0031948763862819913},"Median":{"confidence_interval":{"confidence_level":0.95,"lower_bound":0.18005793257711078,"upper_bound":0.19227048740747477},"point_estimate":0.18575095050322,"standard_error":0.0031768910350043547}}