{"Mean":{"confidence_interval":{"confidence_level":0.95,"lower_bound":-0.363534446480347,"upper_bound":-0.3569527100799855},"point_estimate":-0.3602119084124401,"standard_error":0.001674023780143605},"Median":{"confidence_interval":{"confidence_level":0.95,"lower_bound":-0.36304088379719257,"upper_bound":-0.3543886504477728},"point_estimate":-0.35787012301821053,"standard_error":0.0022449837890240855}}