{"Mean":{"confidence_interval":{"confidence_level":0.95,"lower_bound":0.008797182273776011,"upper_bound":0.016975338008859874},"point_estimate":0.012683078095689027,"standard_error":0.0020649351502106117},"Median":{"confidence_interval":{"confidence_level":0.95,"lower_bound":0.00894720547728367,"upper_bound":0.01647701621182085},"point_estimate":0.013397520160639997,"standard_error":0.0018951325924914995}}