{"Mean":{"confidence_interval":{"confidence_level":0.95,"lower_bound":1164.8864464390688,"upper_bound":1187.8641715683323},"point_estimate":1175.5113114694082,"standard_error":5.890722447561886},"Median":{"confidence_interval":{"confidence_level":0.95,"lower_bound":1149.6250864771378,"upper_bound":1155.5715723040337},"point_estimate":1152.2797737735907,"standard_error":1.4372676248663547},"MedianAbsDev":{"confidence_interval":{"confidence_level":0.95,"lower_bound":7.868002720552827,"upper_bound":16.727289382235238},"point_estimate":11.969365423849876,"standard_error":2.144389676553649},"Slope":{"confidence_interval":{"confidence_level":0.95,"lower_bound":1164.5477978617976,"upper_bound":1187.556982748312},"point_estimate":1175.4002537916133,"standard_error":5.8757690652382255},"StdDev":{"confidence_interval":{"confidence_level":0.95,"lower_bound":37.034957394272624,"upper_bound":78.68321947755958},"point_estimate":59.34342937766301,"standard_error":10.683636367130338}}