{"Mean":{"confidence_interval":{"confidence_level":0.95,"lower_bound":-0.020001583593072605,"upper_bound":-0.013561072609645052},"point_estimate":-0.016960007511784503,"standard_error":0.0016699913488978225},"Median":{"confidence_interval":{"confidence_level":0.95,"lower_bound":-0.021973016965818992,"upper_bound":-0.013325193521255274},"point_estimate":-0.01940868909700788,"standard_error":0.0021604098498230356}}