{"Mean":{"confidence_interval":{"confidence_level":0.95,"lower_bound":-0.00458147035176736,"upper_bound":0.006317104931737735},"point_estimate":0.001307208748468014,"standard_error":0.0027547040667555618},"Median":{"confidence_interval":{"confidence_level":0.95,"lower_bound":-0.0026305941296153046,"upper_bound":0.003806390117743641},"point_estimate":0.0005063079729050735,"standard_error":0.0016864193623523011}}