{"Mean":{"confidence_interval":{"confidence_level":0.95,"lower_bound":-0.016394074941107624,"upper_bound":-0.005350491423348933},"point_estimate":-0.010774053609071577,"standard_error":0.002774354201395841},"Median":{"confidence_interval":{"confidence_level":0.95,"lower_bound":-0.012114466788169076,"upper_bound":-0.005836156578069462},"point_estimate":-0.008742324677524893,"standard_error":0.0015707097123772126}}