{"Mean":{"confidence_interval":{"confidence_level":0.95,"lower_bound":-0.0013164908171414468,"upper_bound":0.00825698369027613},"point_estimate":0.0035658955495203593,"standard_error":0.002440394219463933},"Median":{"confidence_interval":{"confidence_level":0.95,"lower_bound":-0.002488060505090206,"upper_bound":0.006928643779881227},"point_estimate":0.001914097082727828,"standard_error":0.0023261875140129042}}