{"Mean":{"confidence_interval":{"confidence_level":0.95,"lower_bound":54432.60282002755,"upper_bound":54700.22444558888},"point_estimate":54545.84046478999,"standard_error":69.39322576410966},"Median":{"confidence_interval":{"confidence_level":0.95,"lower_bound":54320.58605974395,"upper_bound":54437.72745414138},"point_estimate":54365.47337821298,"standard_error":30.03070653005946},"MedianAbsDev":{"confidence_interval":{"confidence_level":0.95,"lower_bound":104.27294683299661,"upper_bound":220.66355819993794},"point_estimate":160.72833952717056,"standard_error":29.101108707288255},"Slope":{"confidence_interval":{"confidence_level":0.95,"lower_bound":54438.19092460055,"upper_bound":54603.389944753886},"point_estimate":54513.84455927761,"standard_error":42.24344395585811},"StdDev":{"confidence_interval":{"confidence_level":0.95,"lower_bound":249.66209511983368,"upper_bound":1091.5025259792721},"point_estimate":697.394774706607,"standard_error":238.17753942477552}}