{"Mean":{"confidence_interval":{"confidence_level":0.95,"lower_bound":35815079.14508334,"upper_bound":35941233.09934524},"point_estimate":35874646.759682536,"standard_error":32380.412516464683},"Median":{"confidence_interval":{"confidence_level":0.95,"lower_bound":35805538.8,"upper_bound":35955520.7},"point_estimate":35841768.64285714,"standard_error":37935.7316282044},"MedianAbsDev":{"confidence_interval":{"confidence_level":0.95,"lower_bound":13409.523721935575,"upper_bound":172090.15621145812},"point_estimate":58964.843613165394,"standard_error":46226.89119775561},"Slope":{"confidence_interval":{"confidence_level":0.95,"lower_bound":35781884.74734431,"upper_bound":35984431.59090909},"point_estimate":35878339.61298701,"standard_error":54651.9132511275},"StdDev":{"confidence_interval":{"confidence_level":0.95,"lower_bound":43070.376386969896,"upper_bound":135794.8276945277},"point_estimate":107828.35327265486,"standard_error":22308.939090556512}}