{"Mean":{"confidence_interval":{"confidence_level":0.95,"lower_bound":38733474.40357113,"upper_bound":38825637.43586421},"point_estimate":38777565.81845103,"standard_error":23528.991947316877},"Median":{"confidence_interval":{"confidence_level":0.95,"lower_bound":38686775.32604167,"upper_bound":38764046.847058825},"point_estimate":38721232.18782577,"standard_error":18213.344244875858},"MedianAbsDev":{"confidence_interval":{"confidence_level":0.95,"lower_bound":117708.0597102642,"upper_bound":200113.71121221653},"point_estimate":141661.18599632665,"standard_error":22802.07751905349},"Slope":{"confidence_interval":{"confidence_level":0.95,"lower_bound":38713058.460908875,"upper_bound":38804183.13560734},"point_estimate":38756647.14296734,"standard_error":23227.415383996213},"StdDev":{"confidence_interval":{"confidence_level":0.95,"lower_bound":176410.7654172137,"upper_bound":290879.9570346726},"point_estimate":236401.69806254623,"standard_error":29298.665447491097}}