{"Mean":{"confidence_interval":{"confidence_level":0.95,"lower_bound":78475.36069941262,"upper_bound":80781.67500895914},"point_estimate":79481.22470112267,"standard_error":594.8825091739094},"Median":{"confidence_interval":{"confidence_level":0.95,"lower_bound":77498.80097680098,"upper_bound":77768.84378128557},"point_estimate":77606.15069325737,"standard_error":74.02558385558812},"MedianAbsDev":{"confidence_interval":{"confidence_level":0.95,"lower_bound":275.153569039012,"upper_bound":594.2193152436664},"point_estimate":415.3852236637411,"standard_error":83.62046191263921},"Slope":{"confidence_interval":{"confidence_level":0.95,"lower_bound":78290.96946817277,"upper_bound":79813.89990019353},"point_estimate":79007.91387661843,"standard_error":390.06058687628337},"StdDev":{"confidence_interval":{"confidence_level":0.95,"lower_bound":2446.156811780462,"upper_bound":8827.638238289868},"point_estimate":5965.413921962211,"standard_error":1675.5509771350169}}