{"Mean":{"confidence_interval":{"confidence_level":0.95,"lower_bound":77353.78259270811,"upper_bound":77644.67807537517},"point_estimate":77508.01254817357,"standard_error":74.3898555868292},"Median":{"confidence_interval":{"confidence_level":0.95,"lower_bound":77325.42188258127,"upper_bound":77701.87336244542},"point_estimate":77547.6715533375,"standard_error":76.32999817546494},"MedianAbsDev":{"confidence_interval":{"confidence_level":0.95,"lower_bound":18.458045960521606,"upper_bound":434.18507880913893},"point_estimate":205.1543667180483,"standard_error":102.4684281402568},"Slope":{"confidence_interval":{"confidence_level":0.95,"lower_bound":77179.5349125436,"upper_bound":77577.12500519579},"point_estimate":77329.1758180684,"standard_error":101.33602480778003},"StdDev":{"confidence_interval":{"confidence_level":0.95,"lower_bound":103.31084539115844,"upper_bound":317.5222294087521},"point_estimate":248.6427945103027,"standard_error":53.86339991035672}}