{"Mean":{"confidence_interval":{"confidence_level":0.95,"lower_bound":64183.10101750823,"upper_bound":64552.980397931104},"point_estimate":64362.36036975784,"standard_error":94.56792159388483},"Median":{"confidence_interval":{"confidence_level":0.95,"lower_bound":63810.38763297872,"upper_bound":64349.11314102564},"point_estimate":64138.30922921651,"standard_error":149.54162108443933},"MedianAbsDev":{"confidence_interval":{"confidence_level":0.95,"lower_bound":546.1258175364734,"upper_bound":1046.560748774284},"point_estimate":861.7582792363768,"standard_error":133.87503075009013},"Slope":{"confidence_interval":{"confidence_level":0.95,"lower_bound":64077.78931792045,"upper_bound":64424.80062997148},"point_estimate":64244.194160078325,"standard_error":88.43322285793163},"StdDev":{"confidence_interval":{"confidence_level":0.95,"lower_bound":783.4801365786915,"upper_bound":1095.1429282428257},"point_estimate":951.9307989791866,"standard_error":79.56314266885144}}