{"Mean":{"confidence_interval":{"confidence_level":0.95,"lower_bound":18274.271562551065,"upper_bound":18483.437688902828},"point_estimate":18372.516954691593,"standard_error":53.29705381234705},"Median":{"confidence_interval":{"confidence_level":0.95,"lower_bound":18228.24132231405,"upper_bound":18318.78855218855},"point_estimate":18264.6970359408,"standard_error":25.474650923725324},"MedianAbsDev":{"confidence_interval":{"confidence_level":0.95,"lower_bound":253.54440859093148,"upper_bound":466.3472191806615},"point_estimate":390.9635364425701,"standard_error":51.74382492910185},"Slope":{"confidence_interval":{"confidence_level":0.95,"lower_bound":18145.147241846873,"upper_bound":18280.84902095253},"point_estimate":18208.40080970485,"standard_error":34.65469560789384},"StdDev":{"confidence_interval":{"confidence_level":0.95,"lower_bound":362.0590177239778,"upper_bound":719.4692365160829},"point_estimate":534.3687749322371,"standard_error":96.13306097367638}}