{"Mean":{"confidence_interval":{"confidence_level":0.95,"lower_bound":-0.06417854533136036,"upper_bound":-0.05178245011772631},"point_estimate":-0.05749303880439893,"standard_error":0.0032047139327245626},"Median":{"confidence_interval":{"confidence_level":0.95,"lower_bound":-0.06204757532726646,"upper_bound":-0.05068330321405412},"point_estimate":-0.05424621989112577,"standard_error":0.002469178069966264}}