{"Mean":{"confidence_interval":{"confidence_level":0.95,"lower_bound":-0.013515423058028667,"upper_bound":-0.0023336553575259707},"point_estimate":-0.008322237061491822,"standard_error":0.0028598150025716017},"Median":{"confidence_interval":{"confidence_level":0.95,"lower_bound":-0.012680911566261055,"upper_bound":-0.002323307559762643},"point_estimate":-0.0060558546780563605,"standard_error":0.002682524335656231}}