{"Mean":{"confidence_interval":{"confidence_level":0.95,"lower_bound":0.009268783956662419,"upper_bound":0.019150614386951596},"point_estimate":0.014242280161256726,"standard_error":0.0025164316486954506},"Median":{"confidence_interval":{"confidence_level":0.95,"lower_bound":0.008974174243874701,"upper_bound":0.017875530437842402},"point_estimate":0.012750578246444544,"standard_error":0.0021452855289358034}}