{"Mean":{"confidence_interval":{"confidence_level":0.95,"lower_bound":-0.021648235030031875,"upper_bound":-0.006611275510501729},"point_estimate":-0.01455702007914006,"standard_error":0.0038334810454060332},"Median":{"confidence_interval":{"confidence_level":0.95,"lower_bound":-0.01947298308169676,"upper_bound":-0.011276370935727975},"point_estimate":-0.01623338607541136,"standard_error":0.0021669456758814107}}