{"Mean":{"confidence_interval":{"confidence_level":0.95,"lower_bound":29.14722787621235,"upper_bound":29.2657019710712},"point_estimate":29.19725631298175,"standard_error":0.0307318287967735},"Median":{"confidence_interval":{"confidence_level":0.95,"lower_bound":29.105299276388234,"upper_bound":29.15043793538208},"point_estimate":29.12646157256212,"standard_error":0.01074887257558929},"MedianAbsDev":{"confidence_interval":{"confidence_level":0.95,"lower_bound":0.05329659929762347,"upper_bound":0.10172368724017174},"point_estimate":0.07172334650602771,"standard_error":0.01284097457309527},"Slope":{"confidence_interval":{"confidence_level":0.95,"lower_bound":29.143719485980032,"upper_bound":29.24411519877885},"point_estimate":29.188188188131992,"standard_error":0.02576266754246063},"StdDev":{"confidence_interval":{"confidence_level":0.95,"lower_bound":0.1104911943078989,"upper_bound":0.4806165606210927},"point_estimate":0.30724066527846955,"standard_error":0.10487667339272289}}