{"Mean":{"confidence_interval":{"confidence_level":0.95,"lower_bound":596252.463778918,"upper_bound":601337.0250156415},"point_estimate":598755.3974469224,"standard_error":1295.0094668968727},"Median":{"confidence_interval":{"confidence_level":0.95,"lower_bound":592898.0695612639,"upper_bound":601062.2719298246},"point_estimate":596274.5755685987,"standard_error":1778.8889265174594},"MedianAbsDev":{"confidence_interval":{"confidence_level":0.95,"lower_bound":10171.114605490857,"upper_bound":16555.430685920997},"point_estimate":13075.498429669342,"standard_error":1610.9423696618876},"Slope":{"confidence_interval":{"confidence_level":0.95,"lower_bound":593597.782818533,"upper_bound":600513.9551122913},"point_estimate":596938.238628639,"standard_error":1764.6261226595482},"StdDev":{"confidence_interval":{"confidence_level":0.95,"lower_bound":11145.532066915672,"upper_bound":14721.853885037737},"point_estimate":13012.5339885256,"standard_error":914.0579365987601}}