{"Mean":{"confidence_interval":{"confidence_level":0.95,"lower_bound":13581881.314090794,"upper_bound":14197430.899270918},"point_estimate":13867554.74386564,"standard_error":157777.943758459},"Median":{"confidence_interval":{"confidence_level":0.95,"lower_bound":13371726.368852459,"upper_bound":13452085.896103896},"point_estimate":13407088.355681818,"standard_error":19895.44559207669},"MedianAbsDev":{"confidence_interval":{"confidence_level":0.95,"lower_bound":119326.84491538836,"upper_bound":211166.73813341086},"point_estimate":146436.64982146732,"standard_error":23738.139211465856},"Slope":{"confidence_interval":{"confidence_level":0.95,"lower_bound":13364040.892344605,"upper_bound":13447292.909039546},"point_estimate":13401204.511157086,"standard_error":21240.014056867934},"StdDev":{"confidence_interval":{"confidence_level":0.95,"lower_bound":976574.6897242356,"upper_bound":2042980.1463785477},"point_estimate":1580715.967749736,"standard_error":273549.92194931454}}