{"Mean":{"confidence_interval":{"confidence_level":0.95,"lower_bound":543360.9614136429,"upper_bound":547993.3010113502},"point_estimate":545470.8562665177,"standard_error":1185.9163951177943},"Median":{"confidence_interval":{"confidence_level":0.95,"lower_bound":540023.4035353535,"upper_bound":544565.9106624757},"point_estimate":542208.5691573927,"standard_error":1109.6165154267546},"MedianAbsDev":{"confidence_interval":{"confidence_level":0.95,"lower_bound":4112.067221375957,"upper_bound":8707.308890694369},"point_estimate":6760.49382510882,"standard_error":1103.7010990265746},"Slope":{"confidence_interval":{"confidence_level":0.95,"lower_bound":544098.8138759645,"upper_bound":547814.7532584679},"point_estimate":545895.5868272498,"standard_error":950.8738813856295},"StdDev":{"confidence_interval":{"confidence_level":0.95,"lower_bound":7290.970875436881,"upper_bound":16953.69724316782},"point_estimate":11895.90272472479,"standard_error":2845.2482933309825}}