{"Mean":{"confidence_interval":{"confidence_level":0.95,"lower_bound":542904.7695308123,"upper_bound":544712.9416760037},"point_estimate":543794.3231956116,"standard_error":463.03652628911794},"Median":{"confidence_interval":{"confidence_level":0.95,"lower_bound":542474.7857142857,"upper_bound":544931.8689542484},"point_estimate":543674.5024509805,"standard_error":582.7370407645147},"MedianAbsDev":{"confidence_interval":{"confidence_level":0.95,"lower_bound":362.9680906148281,"upper_bound":2530.490318309991},"point_estimate":1594.9731091835915,"standard_error":559.4704645135944},"Slope":{"confidence_interval":{"confidence_level":0.95,"lower_bound":542651.8182642545,"upper_bound":544715.9528811525},"point_estimate":543952.638197097,"standard_error":519.4361941010254},"StdDev":{"confidence_interval":{"confidence_level":0.95,"lower_bound":818.3308010817567,"upper_bound":1995.991100985815},"point_estimate":1535.9379610599894,"standard_error":303.1079470678402}}