{"Mean":{"confidence_interval":{"confidence_level":0.95,"lower_bound":462271.34710237687,"upper_bound":466581.3039394101},"point_estimate":464265.6879233704,"standard_error":1098.0453518989623},"Median":{"confidence_interval":{"confidence_level":0.95,"lower_bound":461114.86590038316,"upper_bound":463400.0424242424},"point_estimate":461996.22053872055,"standard_error":610.5862304711404},"MedianAbsDev":{"confidence_interval":{"confidence_level":0.95,"lower_bound":3774.509060072407,"upper_bound":8138.608780518967},"point_estimate":5762.837784278647,"standard_error":1179.0830941067497},"Slope":{"confidence_interval":{"confidence_level":0.95,"lower_bound":462341.8394269337,"upper_bound":469558.4649269657},"point_estimate":465225.62186296243,"standard_error":1904.4552391040397},"StdDev":{"confidence_interval":{"confidence_level":0.95,"lower_bound":6926.259793414653,"upper_bound":15337.66254021233},"point_estimate":11035.808745084696,"standard_error":2294.5288603327035}}