{"Mean":{"confidence_interval":{"confidence_level":0.95,"lower_bound":-0.03653652400763776,"upper_bound":-0.026984631494939702},"point_estimate":-0.0318682155652914,"standard_error":0.002439838930436982},"Median":{"confidence_interval":{"confidence_level":0.95,"lower_bound":-0.04076922548493289,"upper_bound":-0.02918394727269391},"point_estimate":-0.03366114396371844,"standard_error":0.002966862252201424}}