{"Mean":{"confidence_interval":{"confidence_level":0.95,"lower_bound":-0.021760332575445813,"upper_bound":-0.00949425462992864},"point_estimate":-0.0159533348238301,"standard_error":0.0030933102462494433},"Median":{"confidence_interval":{"confidence_level":0.95,"lower_bound":-0.024363299653347825,"upper_bound":-0.01245565681950378},"point_estimate":-0.01883159187578265,"standard_error":0.002871218239602995}}