{"Mean":{"confidence_interval":{"confidence_level":0.95,"lower_bound":0.03200487742181894,"upper_bound":0.0415463370589505},"point_estimate":0.03694275639562239,"standard_error":0.002474852022600005},"Median":{"confidence_interval":{"confidence_level":0.95,"lower_bound":0.028245225780878513,"upper_bound":0.04078241246813752},"point_estimate":0.03623601922996289,"standard_error":0.002793046803284914}}