{"Mean":{"confidence_interval":{"confidence_level":0.95,"lower_bound":19310846.42724086,"upper_bound":19425007.89390628},"point_estimate":19368004.0499728,"standard_error":29106.15594547815},"Median":{"confidence_interval":{"confidence_level":0.95,"lower_bound":19267364.01098901,"upper_bound":19460886.14215686},"point_estimate":19383424.20222222,"standard_error":57122.58725879704},"MedianAbsDev":{"confidence_interval":{"confidence_level":0.95,"lower_bound":249817.7216659388,"upper_bound":376181.24893787486},"point_estimate":317956.47317798034,"standard_error":31851.38201057091},"Slope":{"confidence_interval":{"confidence_level":0.95,"lower_bound":19177387.941023126,"upper_bound":19300418.975620616},"point_estimate":19235991.854171716,"standard_error":31458.56002922684},"StdDev":{"confidence_interval":{"confidence_level":0.95,"lower_bound":255268.03711195968,"upper_bound":329444.40157493553},"point_estimate":293944.9052397407,"standard_error":18975.688954292928}}