{"Mean":{"confidence_interval":{"confidence_level":0.95,"lower_bound":205621.69596111594,"upper_bound":209723.7930845466},"point_estimate":207149.66162584152,"standard_error":1124.5434576792622},"Median":{"confidence_interval":{"confidence_level":0.95,"lower_bound":204874.4075,"upper_bound":205379.75294117647},"point_estimate":205070.19720496895,"standard_error":143.44512829934533},"MedianAbsDev":{"confidence_interval":{"confidence_level":0.95,"lower_bound":531.031011354556,"upper_bound":1129.8655605290983},"point_estimate":758.7605855008902,"standard_error":168.3526978104968},"Slope":{"confidence_interval":{"confidence_level":0.95,"lower_bound":205514.62125914573,"upper_bound":207903.44538097078},"point_estimate":206459.2753947096,"standard_error":637.7673891022949},"StdDev":{"confidence_interval":{"confidence_level":0.95,"lower_bound":1675.6671379368552,"upper_bound":18936.60527199053},"point_estimate":11288.19396203385,"standard_error":5603.882600097835}}