{"Mean":{"confidence_interval":{"confidence_level":0.95,"lower_bound":210603.806026943,"upper_bound":216822.4585108042},"point_estimate":213251.90447541003,"standard_error":1604.9598352780174},"Median":{"confidence_interval":{"confidence_level":0.95,"lower_bound":209428.4340151958,"upper_bound":210603.83026004728},"point_estimate":209968.39518072287,"standard_error":336.30949336892684},"MedianAbsDev":{"confidence_interval":{"confidence_level":0.95,"lower_bound":1577.3747732378438,"upper_bound":2751.7635933591882},"point_estimate":1905.5430385183256,"standard_error":310.9098799839007},"Slope":{"confidence_interval":{"confidence_level":0.95,"lower_bound":209752.4779367627,"upper_bound":210489.7175352449},"point_estimate":210106.78781439338,"standard_error":187.561444950199},"StdDev":{"confidence_interval":{"confidence_level":0.95,"lower_bound":3302.327002696056,"upper_bound":25465.93549626427},"point_estimate":16185.48499420636,"standard_error":5537.132637294858}}