{"Mean":{"confidence_interval":{"confidence_level":0.95,"lower_bound":440099.2982891534,"upper_bound":447774.92406355176},"point_estimate":443576.7713136822,"standard_error":1964.630018745007},"Median":{"confidence_interval":{"confidence_level":0.95,"lower_bound":435499.61574914295,"upper_bound":436990.8},"point_estimate":436021.2537037037,"standard_error":336.39034446905595},"MedianAbsDev":{"confidence_interval":{"confidence_level":0.95,"lower_bound":1326.7994137095825,"upper_bound":3466.1227626019045},"point_estimate":1958.27295634482,"standard_error":552.6679596752134},"Slope":{"confidence_interval":{"confidence_level":0.95,"lower_bound":439144.93245315057,"upper_bound":444060.5761187548},"point_estimate":441482.95373232843,"standard_error":1255.427919383251},"StdDev":{"confidence_interval":{"confidence_level":0.95,"lower_bound":10595.927927386208,"upper_bound":27200.480035743047},"point_estimate":19702.488895173057,"standard_error":4232.76403108705}}