{"Mean":{"confidence_interval":{"confidence_level":0.95,"lower_bound":96306.97814083018,"upper_bound":97548.03707856423},"point_estimate":96837.87292591676,"standard_error":319.4930478866709},"Median":{"confidence_interval":{"confidence_level":0.95,"lower_bound":96120.13144963144,"upper_bound":96530.84912959381},"point_estimate":96298.32530372852,"standard_error":93.23385235213432},"MedianAbsDev":{"confidence_interval":{"confidence_level":0.95,"lower_bound":777.2279221481238,"upper_bound":1359.7609245389767},"point_estimate":928.2830734494546,"standard_error":157.82785942940384},"Slope":{"confidence_interval":{"confidence_level":0.95,"lower_bound":95884.20357879855,"upper_bound":96462.01266884845},"point_estimate":96167.50955197013,"standard_error":147.1149968757443},"StdDev":{"confidence_interval":{"confidence_level":0.95,"lower_bound":1293.818218351848,"upper_bound":4968.035686840885},"point_estimate":3215.6310148396933,"standard_error":1038.0605789403776}}