{"Mean":{"confidence_interval":{"confidence_level":0.95,"lower_bound":122885.35236530837,"upper_bound":123742.14722107105},"point_estimate":123286.69976672715,"standard_error":219.06368919962847},"Median":{"confidence_interval":{"confidence_level":0.95,"lower_bound":122613.30019157089,"upper_bound":123080.81944444444},"point_estimate":122937.98353909465,"standard_error":128.4737132637782},"MedianAbsDev":{"confidence_interval":{"confidence_level":0.95,"lower_bound":1196.4184576714495,"upper_bound":2081.0341962822745},"point_estimate":1571.8317899743688,"standard_error":222.32513983552386},"Slope":{"confidence_interval":{"confidence_level":0.95,"lower_bound":123062.41538744907,"upper_bound":124227.03264742185},"point_estimate":123583.34851912057,"standard_error":298.48184610388887},"StdDev":{"confidence_interval":{"confidence_level":0.95,"lower_bound":1453.041700254061,"upper_bound":2928.0307002215386},"point_estimate":2211.4301904584463,"standard_error":382.73672605103155}}