{"Mean":{"confidence_interval":{"confidence_level":0.95,"lower_bound":704842.7227773963,"upper_bound":707974.5451923077},"point_estimate":706332.9675244201,"standard_error":802.6147591961884},"Median":{"confidence_interval":{"confidence_level":0.95,"lower_bound":704163.7884615385,"upper_bound":709452.823076923},"point_estimate":705444.7822802197,"standard_error":1254.534774690376},"MedianAbsDev":{"confidence_interval":{"confidence_level":0.95,"lower_bound":532.9718813072398,"upper_bound":4316.337496254244},"point_estimate":2281.9260316029818,"standard_error":1004.9567692670581},"Slope":{"confidence_interval":{"confidence_level":0.95,"lower_bound":704281.943492123,"upper_bound":708816.8873005845},"point_estimate":706500.0431568432,"standard_error":1178.311326085712},"StdDev":{"confidence_interval":{"confidence_level":0.95,"lower_bound":1205.7577837229226,"upper_bound":3161.1564818526203},"point_estimate":2675.7404886733802,"standard_error":444.10317340161396}}