{"Mean":{"confidence_interval":{"confidence_level":0.95,"lower_bound":-0.012663422543887345,"upper_bound":-0.006325022371772159},"point_estimate":-0.009804401432808807,"standard_error":0.0016122320593331702},"Median":{"confidence_interval":{"confidence_level":0.95,"lower_bound":-0.011083621305394612,"upper_bound":-0.005917822791267069},"point_estimate":-0.009096659163515097,"standard_error":0.0013361654615345162}}