{"Mean":{"confidence_interval":{"confidence_level":0.95,"lower_bound":0.02397959827070517,"upper_bound":0.03265923142862686},"point_estimate":0.02819675425007717,"standard_error":0.0022008658363695988},"Median":{"confidence_interval":{"confidence_level":0.95,"lower_bound":0.022739884218220707,"upper_bound":0.029501252645427245},"point_estimate":0.02649051331574559,"standard_error":0.0017797855205303997}}