{"Mean":{"confidence_interval":{"confidence_level":0.95,"lower_bound":-0.01941866669530862,"upper_bound":-0.009548082180577708},"point_estimate":-0.014407080087684432,"standard_error":0.0024788008153610887},"Median":{"confidence_interval":{"confidence_level":0.95,"lower_bound":-0.017028878720044882,"upper_bound":-0.010138141836202097},"point_estimate":-0.013809078024696886,"standard_error":0.0018117434323528755}}