{"Mean":{"confidence_interval":{"confidence_level":0.95,"lower_bound":17.07058108867208,"upper_bound":17.210793122007264},"point_estimate":17.12628905359304,"standard_error":0.0383071832931142},"Median":{"confidence_interval":{"confidence_level":0.95,"lower_bound":17.06252534623784,"upper_bound":17.142639452530673},"point_estimate":17.078038027903524,"standard_error":0.019936689915406307},"MedianAbsDev":{"confidence_interval":{"confidence_level":0.95,"lower_bound":0.006646046174707947,"upper_bound":0.0924210728326784},"point_estimate":0.02732948536843314,"standard_error":0.023053457838712897},"Slope":{"confidence_interval":{"confidence_level":0.95,"lower_bound":17.06828142392459,"upper_bound":17.26140554708778},"point_estimate":17.1337921141638,"standard_error":0.052324544737062405},"StdDev":{"confidence_interval":{"confidence_level":0.95,"lower_bound":0.014620103987839236,"upper_bound":0.19161215962077022},"point_estimate":0.12755161974594165,"standard_error":0.055087133309875295}}