{"Mean":{"confidence_interval":{"confidence_level":0.95,"lower_bound":575106.184234096,"upper_bound":576752.3750145088},"point_estimate":575831.2377467758,"standard_error":425.8252104046165},"Median":{"confidence_interval":{"confidence_level":0.95,"lower_bound":574830.2053571428,"upper_bound":576565.03125},"point_estimate":575298.8819444445,"standard_error":495.5146732891976},"MedianAbsDev":{"confidence_interval":{"confidence_level":0.95,"lower_bound":119.65688589646061,"upper_bound":2050.482094846666},"point_estimate":1119.1601522143628,"standard_error":465.61337621895245},"Slope":{"confidence_interval":{"confidence_level":0.95,"lower_bound":575058.7669379098,"upper_bound":576253.1146075581},"point_estimate":575568.3775974025,"standard_error":303.3138058991331},"StdDev":{"confidence_interval":{"confidence_level":0.95,"lower_bound":573.2217474225171,"upper_bound":2004.9813129319432},"point_estimate":1419.0043529248007,"standard_error":426.7054312449347}}