{"Mean":{"confidence_interval":{"confidence_level":0.95,"lower_bound":365325.2343796752,"upper_bound":368661.8933061343},"point_estimate":366905.46452621924,"standard_error":853.777452036223},"Median":{"confidence_interval":{"confidence_level":0.95,"lower_bound":362804.70588235295,"upper_bound":363911.170404447},"point_estimate":363142.5947368421,"standard_error":305.21396196389367},"MedianAbsDev":{"confidence_interval":{"confidence_level":0.95,"lower_bound":1333.6899694044735,"upper_bound":2792.6589125441724},"point_estimate":1801.8343669240983,"standard_error":380.20745527440863},"Slope":{"confidence_interval":{"confidence_level":0.95,"lower_bound":366069.535058487,"upper_bound":370102.11051993584},"point_estimate":367988.31486232206,"standard_error":1032.8924756966885},"StdDev":{"confidence_interval":{"confidence_level":0.95,"lower_bound":6255.945865756274,"upper_bound":10499.381192260767},"point_estimate":8564.294313157247,"standard_error":1083.765978405885}}