{"Mean":{"confidence_interval":{"confidence_level":0.95,"lower_bound":600.3381732739851,"upper_bound":602.1677877916303},"point_estimate":601.2631615889218,"standard_error":0.4703491229383166},"Median":{"confidence_interval":{"confidence_level":0.95,"lower_bound":600.1185967542563,"upper_bound":602.4126557606075},"point_estimate":601.4260239452594,"standard_error":0.56672071805459},"MedianAbsDev":{"confidence_interval":{"confidence_level":0.95,"lower_bound":0.3922257946544519,"upper_bound":2.6896821855403314},"point_estimate":1.4940180964902163,"standard_error":0.5760362169392279},"Slope":{"confidence_interval":{"confidence_level":0.95,"lower_bound":600.3105344930012,"upper_bound":602.8017739968257},"point_estimate":601.586840213123,"standard_error":0.6677293355038193},"StdDev":{"confidence_interval":{"confidence_level":0.95,"lower_bound":0.8339447017228615,"upper_bound":2.0248916491271176},"point_estimate":1.5662004493438786,"standard_error":0.30546257187709647}}