{"Mean":{"confidence_interval":{"confidence_level":0.95,"lower_bound":175794.63504652886,"upper_bound":178529.4754146703},"point_estimate":176956.63483675255,"standard_error":705.5503630125875},"Median":{"confidence_interval":{"confidence_level":0.95,"lower_bound":174893.94444444444,"upper_bound":176215.0176767677},"point_estimate":175505.38357843139,"standard_error":356.08741842979293},"MedianAbsDev":{"confidence_interval":{"confidence_level":0.95,"lower_bound":2034.5025802689254,"upper_bound":3397.058743735609},"point_estimate":2895.715195949151,"standard_error":339.20952973948346},"Slope":{"confidence_interval":{"confidence_level":0.95,"lower_bound":175047.62483990315,"upper_bound":176294.28277464805},"point_estimate":175616.8113575686,"standard_error":319.4924408772361},"StdDev":{"confidence_interval":{"confidence_level":0.95,"lower_bound":2656.730691593693,"upper_bound":11111.423238472164},"point_estimate":7119.667413978541,"standard_error":2387.6684272478956}}