{"Mean":{"confidence_interval":{"confidence_level":0.95,"lower_bound":10026.949018813762,"upper_bound":10072.874981347939},"point_estimate":10047.463421661783,"standard_error":11.7584090470953},"Median":{"confidence_interval":{"confidence_level":0.95,"lower_bound":10002.518449804164,"upper_bound":10039.231705948372},"point_estimate":10027.332111501142,"standard_error":8.700464643405333},"MedianAbsDev":{"confidence_interval":{"confidence_level":0.95,"lower_bound":55.25371029851079,"upper_bound":95.6123081440195},"point_estimate":76.6825846090534,"standard_error":10.032612972160852},"Slope":{"confidence_interval":{"confidence_level":0.95,"lower_bound":10030.070467277725,"upper_bound":10058.232816190148},"point_estimate":10043.960526858657,"standard_error":7.177173173070436},"StdDev":{"confidence_interval":{"confidence_level":0.95,"lower_bound":67.55819615429442,"upper_bound":174.2913535582646},"point_estimate":118.26213815397423,"standard_error":32.583728314601814}}