{"Mean":{"confidence_interval":{"confidence_level":0.95,"lower_bound":139143.45655458624,"upper_bound":139521.4640589634},"point_estimate":139342.8989337211,"standard_error":96.79417015209829},"Median":{"confidence_interval":{"confidence_level":0.95,"lower_bound":139127.95463467832,"upper_bound":139505.73282442748},"point_estimate":139439.01685750636,"standard_error":88.85139369175161},"MedianAbsDev":{"confidence_interval":{"confidence_level":0.95,"lower_bound":19.80383857971105,"upper_bound":535.771453159901},"point_estimate":116.48485562918626,"standard_error":139.21320403759785},"Slope":{"confidence_interval":{"confidence_level":0.95,"lower_bound":138997.31940673367,"upper_bound":139500.0840619161},"point_estimate":139229.7282641023,"standard_error":131.03561657380115},"StdDev":{"confidence_interval":{"confidence_level":0.95,"lower_bound":112.61195693948837,"upper_bound":422.76575521864515},"point_estimate":322.72125147550497,"standard_error":75.77196766372427}}