{"Mean":{"confidence_interval":{"confidence_level":0.95,"lower_bound":79745.2957247285,"upper_bound":80005.84251566415},"point_estimate":79861.30035070315,"standard_error":67.45902483445813},"Median":{"confidence_interval":{"confidence_level":0.95,"lower_bound":79695.49122807017,"upper_bound":79969.36822525063},"point_estimate":79787.25460526315,"standard_error":72.74110153054757},"MedianAbsDev":{"confidence_interval":{"confidence_level":0.95,"lower_bound":11.737249791607779,"upper_bound":306.77919639569024},"point_estimate":141.91700550677916,"standard_error":82.79172214561994},"Slope":{"confidence_interval":{"confidence_level":0.95,"lower_bound":79739.1973449805,"upper_bound":80040.33371191614},"point_estimate":79859.04700387332,"standard_error":76.91320955643364},"StdDev":{"confidence_interval":{"confidence_level":0.95,"lower_bound":70.02317361447479,"upper_bound":310.9000630568943},"point_estimate":225.46485773179796,"standard_error":65.28799798550187}}