{"Mean":{"confidence_interval":{"confidence_level":0.95,"lower_bound":93474.32115975875,"upper_bound":94440.24568266368},"point_estimate":93858.66702226248,"standard_error":254.5423634863868},"Median":{"confidence_interval":{"confidence_level":0.95,"lower_bound":93161.67618996568,"upper_bound":93572.01495972382},"point_estimate":93367.03481624759,"standard_error":102.46205589508389},"MedianAbsDev":{"confidence_interval":{"confidence_level":0.95,"lower_bound":620.3823853860944,"upper_bound":1035.8520221378},"point_estimate":829.3894174679066,"standard_error":107.387556656782},"Slope":{"confidence_interval":{"confidence_level":0.95,"lower_bound":93401.07878444041,"upper_bound":93908.1292687716},"point_estimate":93640.02842833537,"standard_error":129.9826177607592},"StdDev":{"confidence_interval":{"confidence_level":0.95,"lower_bound":884.0951273923487,"upper_bound":4170.503613246725},"point_estimate":2565.0856012608438,"standard_error":1092.1183544524504}}