{"Mean":{"confidence_interval":{"confidence_level":0.95,"lower_bound":10493063.611059522,"upper_bound":10568294.884444442},"point_estimate":10530523.228492064,"standard_error":19154.509188624877},"Median":{"confidence_interval":{"confidence_level":0.95,"lower_bound":10480232.333333334,"upper_bound":10565821.666666668},"point_estimate":10535224.605555557,"standard_error":22189.233905531884},"MedianAbsDev":{"confidence_interval":{"confidence_level":0.95,"lower_bound":9083.508798736113,"upper_bound":115165.32662540564},"point_estimate":48748.94142786591,"standard_error":25849.608630545103},"Slope":{"confidence_interval":{"confidence_level":0.95,"lower_bound":10479466.128113879,"upper_bound":10564283.505555555},"point_estimate":10529239.196103897,"standard_error":22386.04381576594},"StdDev":{"confidence_interval":{"confidence_level":0.95,"lower_bound":31269.576409336456,"upper_bound":85384.13660856766},"point_estimate":64043.059559128786,"standard_error":13978.659624133312}}