{"Mean":{"confidence_interval":{"confidence_level":0.95,"lower_bound":12213641.286308924,"upper_bound":12265575.47531082},"point_estimate":12237478.615171785,"standard_error":13259.25862928271},"Median":{"confidence_interval":{"confidence_level":0.95,"lower_bound":12190994.797794119,"upper_bound":12233553.227586206},"point_estimate":12211288.691860465,"standard_error":11690.29173500927},"MedianAbsDev":{"confidence_interval":{"confidence_level":0.95,"lower_bound":71349.40469479466,"upper_bound":107760.56234239774},"point_estimate":94889.0002013552,"standard_error":9627.8536589771},"Slope":{"confidence_interval":{"confidence_level":0.95,"lower_bound":12174549.091948653,"upper_bound":12206727.64932194},"point_estimate":12189551.031520614,"standard_error":8240.201987229857},"StdDev":{"confidence_interval":{"confidence_level":0.95,"lower_bound":85810.76587254908,"upper_bound":185999.636282164},"point_estimate":132696.41425243157,"standard_error":29151.11300327953}}