{"Mean":{"confidence_interval":{"confidence_level":0.95,"lower_bound":-0.6375231343404264,"upper_bound":-0.6358313853321923},"point_estimate":-0.6366088650667012,"standard_error":0.00043080082299693504},"Median":{"confidence_interval":{"confidence_level":0.95,"lower_bound":-0.636676556931874,"upper_bound":-0.6349726902956343},"point_estimate":-0.6356116638816025,"standard_error":0.0005007470927824432}}