{"Mean":{"confidence_interval":{"confidence_level":0.95,"lower_bound":-0.0047131923173706625,"upper_bound":0.0009164148380034984},"point_estimate":-0.00206758330591994,"standard_error":0.0014380612152963585},"Median":{"confidence_interval":{"confidence_level":0.95,"lower_bound":-0.005629892876996889,"upper_bound":-0.00010787289702685054},"point_estimate":-0.0024279092529363444,"standard_error":0.001339976093262981}}