{"Mean":{"confidence_interval":{"confidence_level":0.95,"lower_bound":0.746882155988321,"upper_bound":0.7546467460264283},"point_estimate":0.7508660765528283,"standard_error":0.0019223588561877534},"Median":{"confidence_interval":{"confidence_level":0.95,"lower_bound":0.7459820328639046,"upper_bound":0.7568678251694143},"point_estimate":0.7514272435375342,"standard_error":0.0026997025365664124}}