{"Mean":{"confidence_interval":{"confidence_level":0.95,"lower_bound":0.3162446382240981,"upper_bound":0.3241793042478584},"point_estimate":0.32027502425388343,"standard_error":0.001996645995049441},"Median":{"confidence_interval":{"confidence_level":0.95,"lower_bound":0.3163199225401647,"upper_bound":0.3229898626158156},"point_estimate":0.3187515147191149,"standard_error":0.0018490693341598084}}