{"Mean":{"confidence_interval":{"confidence_level":0.95,"lower_bound":118.10902371467017,"upper_bound":119.71806444574729},"point_estimate":118.81236951666877,"standard_error":0.4135590573431449},"Median":{"confidence_interval":{"confidence_level":0.95,"lower_bound":117.87420066850372,"upper_bound":118.63647419124644},"point_estimate":118.23649714834156,"standard_error":0.24886113195934886},"MedianAbsDev":{"confidence_interval":{"confidence_level":0.95,"lower_bound":1.2235935186445865,"upper_bound":2.166621171389222},"point_estimate":1.4839445056480622,"standard_error":0.23678482688164457},"Slope":{"confidence_interval":{"confidence_level":0.95,"lower_bound":117.95969939034896,"upper_bound":118.7587185406318},"point_estimate":118.3485332739183,"standard_error":0.20435360046283135},"StdDev":{"confidence_interval":{"confidence_level":0.95,"lower_bound":1.6845162916011789,"upper_bound":6.156144742079231},"point_estimate":4.141199795852023,"standard_error":1.1847913001026353}}