{"Mean":{"confidence_interval":{"confidence_level":0.95,"lower_bound":124.96674225880197,"upper_bound":126.46525253557677},"point_estimate":125.66670440156038,"standard_error":0.3843590236841231},"Median":{"confidence_interval":{"confidence_level":0.95,"lower_bound":124.13861284966151,"upper_bound":124.41920353103136},"point_estimate":124.25680966621923,"standard_error":0.07710617452794703},"MedianAbsDev":{"confidence_interval":{"confidence_level":0.95,"lower_bound":0.4649194251263511,"upper_bound":0.8216408083577471},"point_estimate":0.6073490355757833,"standard_error":0.08878615375170543},"Slope":{"confidence_interval":{"confidence_level":0.95,"lower_bound":125.0566409462778,"upper_bound":126.8940041919948},"point_estimate":125.9173802727251,"standard_error":0.4707537238319661},"StdDev":{"confidence_interval":{"confidence_level":0.95,"lower_bound":2.559035954829927,"upper_bound":4.904624556562246},"point_estimate":3.852428720478457,"standard_error":0.6013322512626467}}