{"Mean":{"confidence_interval":{"confidence_level":0.95,"lower_bound":29.18436540090646,"upper_bound":29.35974872793468},"point_estimate":29.263844441016712,"standard_error":0.0450130150040756},"Median":{"confidence_interval":{"confidence_level":0.95,"lower_bound":29.10048645760414,"upper_bound":29.147308278064358},"point_estimate":29.129558031053026,"standard_error":0.011741604217080053},"MedianAbsDev":{"confidence_interval":{"confidence_level":0.95,"lower_bound":0.05556363466452843,"upper_bound":0.10504675758119458},"point_estimate":0.08264437861074775,"standard_error":0.013001878514257794},"Slope":{"confidence_interval":{"confidence_level":0.95,"lower_bound":29.163553075898655,"upper_bound":29.319560826146404},"point_estimate":29.232069041630897,"standard_error":0.04010345937117952},"StdDev":{"confidence_interval":{"confidence_level":0.95,"lower_bound":0.24132201952289134,"upper_bound":0.6213128487273941},"point_estimate":0.4528356379179199,"standard_error":0.09690276979751315}}