{"Mean":{"confidence_interval":{"confidence_level":0.95,"lower_bound":407.9888436436923,"upper_bound":410.9137956646235},"point_estimate":409.30688688558075,"standard_error":0.7471076876724124},"Median":{"confidence_interval":{"confidence_level":0.95,"lower_bound":405.57598084744166,"upper_bound":408.70923985314056},"point_estimate":406.9841082101085,"standard_error":0.7456388789762737},"MedianAbsDev":{"confidence_interval":{"confidence_level":0.95,"lower_bound":2.51573575798938,"upper_bound":5.7056114879824715},"point_estimate":4.088264842684364,"standard_error":0.7929464375730028},"Slope":{"confidence_interval":{"confidence_level":0.95,"lower_bound":407.96823985730254,"upper_bound":410.1734587254771},"point_estimate":409.0095916702906,"standard_error":0.5633036335012043},"StdDev":{"confidence_interval":{"confidence_level":0.95,"lower_bound":4.543055847522438,"upper_bound":10.710056026841132},"point_estimate":7.449084632332781,"standard_error":1.8567408446517963}}