{"Mean":{"confidence_interval":{"confidence_level":0.95,"lower_bound":0.02741954010386267,"upper_bound":0.038743541673336226},"point_estimate":0.03270904268019459,"standard_error":0.0029161856909087932},"Median":{"confidence_interval":{"confidence_level":0.95,"lower_bound":0.02585697284523869,"upper_bound":0.03466620708754981},"point_estimate":0.0291885637152145,"standard_error":0.002167769833936221}}