{"Mean":{"confidence_interval":{"confidence_level":0.95,"lower_bound":-0.004008732798157901,"upper_bound":0.0016025602350899298},"point_estimate":-0.0010993783191144413,"standard_error":0.0014367828941763334},"Median":{"confidence_interval":{"confidence_level":0.95,"lower_bound":-0.003565966348012206,"upper_bound":0.0015651737055104586},"point_estimate":-0.0012646405951121098,"standard_error":0.0013293706935414455}}