{"Mean":{"confidence_interval":{"confidence_level":0.95,"lower_bound":0.026856885940363232,"upper_bound":0.038449257426877465},"point_estimate":0.032722417476761745,"standard_error":0.0029511095158333495},"Median":{"confidence_interval":{"confidence_level":0.95,"lower_bound":0.028645717178905405,"upper_bound":0.0344293513103715},"point_estimate":0.03174774107972578,"standard_error":0.0014801146713632055}}