{"Mean":{"confidence_interval":{"confidence_level":0.95,"lower_bound":-0.11846070991830493,"upper_bound":-0.11423002148227668},"point_estimate":-0.11625449190217951,"standard_error":0.001085385810039375},"Median":{"confidence_interval":{"confidence_level":0.95,"lower_bound":-0.11839354513844025,"upper_bound":-0.11329240470955404},"point_estimate":-0.11514495869296115,"standard_error":0.001271022901227418}}