{"Mean":{"confidence_interval":{"confidence_level":0.95,"lower_bound":0.06412101007908856,"upper_bound":0.07867209986863397},"point_estimate":0.0722454912792494,"standard_error":0.003743431491236314},"Median":{"confidence_interval":{"confidence_level":0.95,"lower_bound":0.07133388643840322,"upper_bound":0.07710256490061429},"point_estimate":0.07459181590545838,"standard_error":0.001394297117804677}}