{"Mean":{"confidence_interval":{"confidence_level":0.95,"lower_bound":-0.1011843752761235,"upper_bound":-0.09183340927217827},"point_estimate":-0.0967704071161446,"standard_error":0.002344836439188126},"Median":{"confidence_interval":{"confidence_level":0.95,"lower_bound":-0.09919581811088773,"upper_bound":-0.09431721348833888},"point_estimate":-0.0962276022841223,"standard_error":0.0012435069878927914}}