{"Mean":{"confidence_interval":{"confidence_level":0.95,"lower_bound":0.02250502126357389,"upper_bound":0.029428887771951233},"point_estimate":0.025846760671421,"standard_error":0.0017466613753499922},"Median":{"confidence_interval":{"confidence_level":0.95,"lower_bound":0.020953080361846288,"upper_bound":0.028392322322062125},"point_estimate":0.02372887781603117,"standard_error":0.0019180422766824677}}