{"Mean":{"confidence_interval":{"confidence_level":0.95,"lower_bound":0.09420082689492862,"upper_bound":0.10540268562077247},"point_estimate":0.09958568745457486,"standard_error":0.0028300781562614133},"Median":{"confidence_interval":{"confidence_level":0.95,"lower_bound":0.0918654966747986,"upper_bound":0.10505485855279839},"point_estimate":0.09951213427394667,"standard_error":0.0034159130739699075}}