{"Mean":{"confidence_interval":{"confidence_level":0.95,"lower_bound":-0.21860237023187265,"upper_bound":-0.1890435932082606},"point_estimate":-0.20255656183781656,"standard_error":0.007612928830132328},"Median":{"confidence_interval":{"confidence_level":0.95,"lower_bound":-0.2105245597230082,"upper_bound":-0.18821893246477628},"point_estimate":-0.19808547220954453,"standard_error":0.005596507693723693}}