{"Mean":{"confidence_interval":{"confidence_level":0.95,"lower_bound":-0.170573721567823,"upper_bound":-0.16097743169940743},"point_estimate":-0.16581086731103667,"standard_error":0.002439187458675036},"Median":{"confidence_interval":{"confidence_level":0.95,"lower_bound":-0.17087005032294167,"upper_bound":-0.15894893006767064},"point_estimate":-0.16578303687457852,"standard_error":0.003108059124354126}}