{"Mean":{"confidence_interval":{"confidence_level":0.95,"lower_bound":664.1048958957191,"upper_bound":668.0257053179137},"point_estimate":665.7464173529437,"standard_error":1.013555202486694},"Median":{"confidence_interval":{"confidence_level":0.95,"lower_bound":662.3215145546071,"upper_bound":664.9661978727967},"point_estimate":664.0213075435909,"standard_error":0.6107894045958732},"MedianAbsDev":{"confidence_interval":{"confidence_level":0.95,"lower_bound":3.336028002290394,"upper_bound":5.5558811041459455},"point_estimate":4.496954725919252,"standard_error":0.58201367662899},"Slope":{"confidence_interval":{"confidence_level":0.95,"lower_bound":663.4531873229373,"upper_bound":664.9193653962403},"point_estimate":664.1864955738525,"standard_error":0.373200974492285},"StdDev":{"confidence_interval":{"confidence_level":0.95,"lower_bound":4.047298962865052,"upper_bound":16.044527572174054},"point_estimate":10.18245422020095,"standard_error":3.642834616420128}}