{"Mean":{"confidence_interval":{"confidence_level":0.95,"lower_bound":224324.62908101044,"upper_bound":225395.13156097566},"point_estimate":224779.59359320556,"standard_error":281.1982749742597},"Median":{"confidence_interval":{"confidence_level":0.95,"lower_bound":224240.32703252032,"upper_bound":225215.06707317074},"point_estimate":224412.81910569104,"standard_error":202.1582709940662},"MedianAbsDev":{"confidence_interval":{"confidence_level":0.95,"lower_bound":79.70029553625186,"upper_bound":1109.7125199328198},"point_estimate":234.3370548335893,"standard_error":226.0513188975242},"Slope":{"confidence_interval":{"confidence_level":0.95,"lower_bound":224270.29005403825,"upper_bound":225203.4617880951},"point_estimate":224568.2851757998,"standard_error":243.0106386392247},"StdDev":{"confidence_interval":{"confidence_level":0.95,"lower_bound":127.24387478642701,"upper_bound":1299.1005237019692},"point_estimate":933.9647437973485,"standard_error":324.41810308849966}}