{"Mean":{"confidence_interval":{"confidence_level":0.95,"lower_bound":32782.901641362725,"upper_bound":32949.55095676916},"point_estimate":32863.19840257044,"standard_error":42.53128250119779},"Median":{"confidence_interval":{"confidence_level":0.95,"lower_bound":32662.25,"upper_bound":32852.23720164609},"point_estimate":32723.230758101854,"standard_error":48.18907960027033},"MedianAbsDev":{"confidence_interval":{"confidence_level":0.95,"lower_bound":241.37396159509842,"upper_bound":435.59651443071874},"point_estimate":300.9883864663587,"standard_error":49.672264897315756},"Slope":{"confidence_interval":{"confidence_level":0.95,"lower_bound":32781.970840646565,"upper_bound":32963.23762955819},"point_estimate":32868.77767755283,"standard_error":46.320864183974855},"StdDev":{"confidence_interval":{"confidence_level":0.95,"lower_bound":340.01106259602585,"upper_bound":507.15562005890206},"point_estimate":427.39336736875543,"standard_error":42.701153031589456}}