{"Mean":{"confidence_interval":{"confidence_level":0.95,"lower_bound":10091.214323793118,"upper_bound":10126.484648626745},"point_estimate":10108.90768526593,"standard_error":9.025404261270362},"Median":{"confidence_interval":{"confidence_level":0.95,"lower_bound":10080.364502404735,"upper_bound":10131.068812430633},"point_estimate":10113.200779997533,"standard_error":13.596501858818517},"MedianAbsDev":{"confidence_interval":{"confidence_level":0.95,"lower_bound":9.556852868624427,"upper_bound":51.699133199804145},"point_estimate":32.123582212711874,"standard_error":11.158235407525853},"Slope":{"confidence_interval":{"confidence_level":0.95,"lower_bound":10084.847980634082,"upper_bound":10129.052794348872},"point_estimate":10105.766644565201,"standard_error":11.323517404677673},"StdDev":{"confidence_interval":{"confidence_level":0.95,"lower_bound":17.747013317631897,"upper_bound":37.803023803763956},"point_estimate":30.117057568719726,"standard_error":5.138728567056353}}