{"Mean":{"confidence_interval":{"confidence_level":0.95,"lower_bound":8996.626648031805,"upper_bound":9044.526312088206},"point_estimate":9017.414153891019,"standard_error":12.33686957231979},"Median":{"confidence_interval":{"confidence_level":0.95,"lower_bound":8980.171900826446,"upper_bound":8997.35562403698},"point_estimate":8986.34887987013,"standard_error":4.773434149296277},"MedianAbsDev":{"confidence_interval":{"confidence_level":0.95,"lower_bound":24.050146391462462,"upper_bound":39.06761675883091},"point_estimate":31.87438053781195,"standard_error":4.0517206886186266},"Slope":{"confidence_interval":{"confidence_level":0.95,"lower_bound":9004.60517643573,"upper_bound":9035.466346846768},"point_estimate":9018.848982360923,"standard_error":7.881704572749614},"StdDev":{"confidence_interval":{"confidence_level":0.95,"lower_bound":45.03286438075504,"upper_bound":184.78053911280577},"point_estimate":124.01861858300435,"standard_error":36.323881579139524}}