{"Mean":{"confidence_interval":{"confidence_level":0.95,"lower_bound":10411.680419611224,"upper_bound":10486.598024099714},"point_estimate":10444.295753408634,"standard_error":19.301492444887188},"Median":{"confidence_interval":{"confidence_level":0.95,"lower_bound":10380.173916408668,"upper_bound":10427.558380566801},"point_estimate":10400.193786317224,"standard_error":14.341031314485909},"MedianAbsDev":{"confidence_interval":{"confidence_level":0.95,"lower_bound":66.14375164028014,"upper_bound":114.37775483116333},"point_estimate":86.0752858903366,"standard_error":13.103168228684035},"Slope":{"confidence_interval":{"confidence_level":0.95,"lower_bound":10394.16055777218,"upper_bound":10428.368418977074},"point_estimate":10411.262915946583,"standard_error":8.711301830551788},"StdDev":{"confidence_interval":{"confidence_level":0.95,"lower_bound":92.77276152897576,"upper_bound":295.6230577729526},"point_estimate":194.63315345656582,"standard_error":59.916789200130374}}