{"Mean":{"confidence_interval":{"confidence_level":0.95,"lower_bound":0.008713662725201543,"upper_bound":0.018667403828832828},"point_estimate":0.013582388390886768,"standard_error":0.0025475611336489854},"Median":{"confidence_interval":{"confidence_level":0.95,"lower_bound":0.007738051555744141,"upper_bound":0.014004508481178402},"point_estimate":0.011043086233070598,"standard_error":0.0015501773034482008}}