{"Mean":{"confidence_interval":{"confidence_level":0.95,"lower_bound":-0.8803964875958811,"upper_bound":-0.8786139564091098},"point_estimate":-0.8795806179823584,"standard_error":0.00045025625102093755},"Median":{"confidence_interval":{"confidence_level":0.95,"lower_bound":-0.8798113416287527,"upper_bound":-0.8790594324107319},"point_estimate":-0.8794575317120885,"standard_error":0.00018634449026421528}}