{"Mean":{"confidence_interval":{"confidence_level":0.95,"lower_bound":-0.303095114848078,"upper_bound":-0.29848152817173224},"point_estimate":-0.30075569398058644,"standard_error":0.0011826610759298425},"Median":{"confidence_interval":{"confidence_level":0.95,"lower_bound":-0.30387790593086617,"upper_bound":-0.29804349653063533},"point_estimate":-0.30262706095485636,"standard_error":0.0014512602146011429}}