{"Mean":{"confidence_interval":{"confidence_level":0.95,"lower_bound":0.006313291692279317,"upper_bound":0.014143136836928048},"point_estimate":0.010390072142014262,"standard_error":0.0019765530378158132},"Median":{"confidence_interval":{"confidence_level":0.95,"lower_bound":0.007606313995987657,"upper_bound":0.013495160715049748},"point_estimate":0.010743578669363485,"standard_error":0.0015239331623601708}}