{"Mean":{"confidence_interval":{"confidence_level":0.95,"lower_bound":-0.009755520806134923,"upper_bound":-0.006494389163763117},"point_estimate":-0.008136558653016879,"standard_error":0.0008289866950345591},"Median":{"confidence_interval":{"confidence_level":0.95,"lower_bound":-0.009022672989175584,"upper_bound":-0.006376568597985632},"point_estimate":-0.00790896782397188,"standard_error":0.0006507519296436334}}