{"Mean":{"confidence_interval":{"confidence_level":0.95,"lower_bound":-0.007323850354056072,"upper_bound":-0.004962133552438973},"point_estimate":-0.00613211206676012,"standard_error":0.000602482622408271},"Median":{"confidence_interval":{"confidence_level":0.95,"lower_bound":-0.007337195099573313,"upper_bound":-0.0052555770901485666},"point_estimate":-0.006194578600554945,"standard_error":0.0005065009426419886}}