{"Mean":{"confidence_interval":{"confidence_level":0.95,"lower_bound":-0.008319534682969885,"upper_bound":0.0012062092691901987},"point_estimate":-0.003386268441844531,"standard_error":0.0024027623509249663},"Median":{"confidence_interval":{"confidence_level":0.95,"lower_bound":-0.008015045556323153,"upper_bound":0.002833324940091142},"point_estimate":-0.0032805253665466605,"standard_error":0.002698068338197294}}