{"Mean":{"confidence_interval":{"confidence_level":0.95,"lower_bound":173915.73344922316,"upper_bound":175305.82142483452},"point_estimate":174532.60331844102,"standard_error":357.5947725723816},"Median":{"confidence_interval":{"confidence_level":0.95,"lower_bound":173121.41666666666,"upper_bound":174058.5734126984},"point_estimate":173704.8597207587,"standard_error":251.5874260915094},"MedianAbsDev":{"confidence_interval":{"confidence_level":0.95,"lower_bound":1346.0221210224822,"upper_bound":2408.0592214139756},"point_estimate":2019.070819340808,"standard_error":284.89790916551544},"Slope":{"confidence_interval":{"confidence_level":0.95,"lower_bound":173701.7631816133,"upper_bound":174904.0960593842},"point_estimate":174270.33974976602,"standard_error":306.065789334193},"StdDev":{"confidence_interval":{"confidence_level":0.95,"lower_bound":1923.6485376418716,"upper_bound":5294.573769598813},"point_estimate":3576.355085358235,"standard_error":973.7811153609168}}