{"Mean":{"confidence_interval":{"confidence_level":0.95,"lower_bound":192544.46351095926,"upper_bound":195961.47862936044},"point_estimate":194123.33255180772,"standard_error":878.6022440124896},"Median":{"confidence_interval":{"confidence_level":0.95,"lower_bound":190496.4192276423,"upper_bound":191170.8393089961},"point_estimate":190729.7359477124,"standard_error":150.81086001313267},"MedianAbsDev":{"confidence_interval":{"confidence_level":0.95,"lower_bound":768.4778365298338,"upper_bound":1493.3900068203657},"point_estimate":1075.4525934596868,"standard_error":177.57560528539287},"Slope":{"confidence_interval":{"confidence_level":0.95,"lower_bound":192470.0288795515,"upper_bound":195787.093186517},"point_estimate":194041.4784843111,"standard_error":850.3140124299509},"StdDev":{"confidence_interval":{"confidence_level":0.95,"lower_bound":5448.711320334938,"upper_bound":11651.01601665853},"point_estimate":8810.76839823837,"standard_error":1584.6026825015224}}