{"Mean":{"confidence_interval":{"confidence_level":0.95,"lower_bound":1044.255526125248,"upper_bound":1053.926146922509},"point_estimate":1048.395765885817,"standard_error":2.4974019066368265},"Median":{"confidence_interval":{"confidence_level":0.95,"lower_bound":1041.1427528379772,"upper_bound":1046.0711420059583},"point_estimate":1043.9406668153435,"standard_error":1.232065133352723},"MedianAbsDev":{"confidence_interval":{"confidence_level":0.95,"lower_bound":7.040059597501886,"upper_bound":11.795672239951593},"point_estimate":9.623541021630267,"standard_error":1.2229443458562754},"Slope":{"confidence_interval":{"confidence_level":0.95,"lower_bound":1045.0563232800966,"upper_bound":1051.4537673004204},"point_estimate":1047.9777490608449,"standard_error":1.6331206227752617},"StdDev":{"confidence_interval":{"confidence_level":0.95,"lower_bound":8.13536760946859,"upper_bound":38.37802464036545},"point_estimate":25.041011636365297,"standard_error":7.937446975333509}}