{"Mean":{"confidence_interval":{"confidence_level":0.95,"lower_bound":1049.0197222497657,"upper_bound":1056.2472315646369},"point_estimate":1052.2727746907667,"standard_error":1.8535418844551224},"Median":{"confidence_interval":{"confidence_level":0.95,"lower_bound":1044.4872799389232,"upper_bound":1050.2773715144888},"point_estimate":1046.1466009579956,"standard_error":1.397433553548215},"MedianAbsDev":{"confidence_interval":{"confidence_level":0.95,"lower_bound":6.159811666955609,"upper_bound":12.583885347144317},"point_estimate":8.943805950335795,"standard_error":1.6421054708433107},"Slope":{"confidence_interval":{"confidence_level":0.95,"lower_bound":1049.5775337455873,"upper_bound":1054.5172732201258},"point_estimate":1051.919351457597,"standard_error":1.2617392286155116},"StdDev":{"confidence_interval":{"confidence_level":0.95,"lower_bound":10.525566512756038,"upper_bound":27.278002788407996},"point_estimate":18.698106393323062,"standard_error":4.783513686540516}}