{"Mean":{"confidence_interval":{"confidence_level":0.95,"lower_bound":1701.3650293728122,"upper_bound":1718.9804673979138},"point_estimate":1708.4814065663,"standard_error":4.6290646518164555},"Median":{"confidence_interval":{"confidence_level":0.95,"lower_bound":1694.7181778291915,"upper_bound":1702.2426797997123},"point_estimate":1697.3435294958463,"standard_error":2.035107448593144},"MedianAbsDev":{"confidence_interval":{"confidence_level":0.95,"lower_bound":7.492603801259418,"upper_bound":15.009397183061369},"point_estimate":9.926253611582865,"standard_error":1.896335537665462},"Slope":{"confidence_interval":{"confidence_level":0.95,"lower_bound":1700.600967243883,"upper_bound":1710.0311032635814},"point_estimate":1704.8785164458434,"standard_error":2.4269061290065483},"StdDev":{"confidence_interval":{"confidence_level":0.95,"lower_bound":15.056863647455167,"upper_bound":75.55421100542013},"point_estimate":46.695344669259015,"standard_error":19.103215981860554}}