{"Mean":{"confidence_interval":{"confidence_level":0.95,"lower_bound":3957.2426010265112,"upper_bound":3971.564445764058},"point_estimate":3964.1233568939338,"standard_error":3.6616537277628662},"Median":{"confidence_interval":{"confidence_level":0.95,"lower_bound":3948.5141700404856,"upper_bound":3962.077559282822},"point_estimate":3953.118035400712,"standard_error":3.7241875490782452},"MedianAbsDev":{"confidence_interval":{"confidence_level":0.95,"lower_bound":18.508135062210293,"upper_bound":31.55403708898934},"point_estimate":24.09728831489452,"standard_error":3.3795982653634096},"Slope":{"confidence_interval":{"confidence_level":0.95,"lower_bound":3959.1469680574924,"upper_bound":3971.388176332879},"point_estimate":3965.1101731372,"standard_error":3.1399436958672617},"StdDev":{"confidence_interval":{"confidence_level":0.95,"lower_bound":28.163738807172507,"upper_bound":44.48597001900426},"point_estimate":36.75835429830733,"standard_error":4.169487970851367}}