{"Mean":{"confidence_interval":{"confidence_level":0.95,"lower_bound":4107.251329590862,"upper_bound":4142.921861354454},"point_estimate":4123.675826422505,"standard_error":9.10163469479557},"Median":{"confidence_interval":{"confidence_level":0.95,"lower_bound":4086.077124739296,"upper_bound":4112.8879892037785},"point_estimate":4098.323730924945,"standard_error":7.221597506963524},"MedianAbsDev":{"confidence_interval":{"confidence_level":0.95,"lower_bound":41.50255721505662,"upper_bound":72.91472286107098},"point_estimate":55.43469419342829,"standard_error":8.098502794057255},"Slope":{"confidence_interval":{"confidence_level":0.95,"lower_bound":4084.3078920424387,"upper_bound":4104.238573167812},"point_estimate":4093.9689036039986,"standard_error":5.091938990739944},"StdDev":{"confidence_interval":{"confidence_level":0.95,"lower_bound":59.162674885992296,"upper_bound":124.96453501495861},"point_estimate":91.52092568158054,"standard_error":17.592447699034924}}