{"Mean":{"confidence_interval":{"confidence_level":0.95,"lower_bound":0.003680635147269345,"upper_bound":0.01389354316966127},"point_estimate":0.008883700786430415,"standard_error":0.0025916729325215783},"Median":{"confidence_interval":{"confidence_level":0.95,"lower_bound":0.006519770513096157,"upper_bound":0.016103506800444922},"point_estimate":0.010839031934274823,"standard_error":0.0023937399173175333}}