{"Mean":{"confidence_interval":{"confidence_level":0.95,"lower_bound":-0.0313985576673716,"upper_bound":-0.023411166079976314},"point_estimate":-0.027130028492854064,"standard_error":0.002050227056550207},"Median":{"confidence_interval":{"confidence_level":0.95,"lower_bound":-0.03038697754530967,"upper_bound":-0.022462705251013015},"point_estimate":-0.025400495628524533,"standard_error":0.002076365285709813}}