{"Mean":{"confidence_interval":{"confidence_level":0.95,"lower_bound":744.9981887477734,"upper_bound":751.0707012631464},"point_estimate":747.5737798609863,"standard_error":1.5707220519511522},"Median":{"confidence_interval":{"confidence_level":0.95,"lower_bound":741.3837758503512,"upper_bound":746.5116981132076},"point_estimate":744.174695701518,"standard_error":1.3743593057332972},"MedianAbsDev":{"confidence_interval":{"confidence_level":0.95,"lower_bound":4.690590606543082,"upper_bound":10.19372358224523},"point_estimate":7.614651266185111,"standard_error":1.4748415806914816},"Slope":{"confidence_interval":{"confidence_level":0.95,"lower_bound":744.4517688008506,"upper_bound":747.9165677620042},"point_estimate":746.0998121694906,"standard_error":0.8790617276028274},"StdDev":{"confidence_interval":{"confidence_level":0.95,"lower_bound":7.191469112214926,"upper_bound":24.518434712348945},"point_estimate":15.755804455972344,"standard_error":5.462996313615764}}