{"Mean":{"confidence_interval":{"confidence_level":0.95,"lower_bound":708.8713464304013,"upper_bound":725.1656614262985},"point_estimate":716.0543314526178,"standard_error":4.189200771236867},"Median":{"confidence_interval":{"confidence_level":0.95,"lower_bound":701.453588540503,"upper_bound":704.6498952811048},"point_estimate":702.7632954398613,"standard_error":0.8444401273571709},"MedianAbsDev":{"confidence_interval":{"confidence_level":0.95,"lower_bound":3.6858422300886864,"upper_bound":7.0116706897148235},"point_estimate":5.176434248407896,"standard_error":0.7893233479490718},"Slope":{"confidence_interval":{"confidence_level":0.95,"lower_bound":706.8499538281952,"upper_bound":718.5402185279557},"point_estimate":712.2921191063692,"standard_error":2.9947459181794174},"StdDev":{"confidence_interval":{"confidence_level":0.95,"lower_bound":20.66619365663917,"upper_bound":63.04373108458244},"point_estimate":42.177348357957506,"standard_error":12.000060903254441}}