{"Mean":{"confidence_interval":{"confidence_level":0.95,"lower_bound":0.000052038792976333664,"upper_bound":0.013885443242064375},"point_estimate":0.00721173253855123,"standard_error":0.0035064218871571308},"Median":{"confidence_interval":{"confidence_level":0.95,"lower_bound":-0.001561504592169971,"upper_bound":0.011499286969175682},"point_estimate":0.004225812999005374,"standard_error":0.0032639037471850303}}