{"Mean":{"confidence_interval":{"confidence_level":0.95,"lower_bound":0.0218820723659452,"upper_bound":0.033725103092525764},"point_estimate":0.02761862239041646,"standard_error":0.003017516909914996},"Median":{"confidence_interval":{"confidence_level":0.95,"lower_bound":0.019376816823901688,"upper_bound":0.028347008163777998},"point_estimate":0.023996598727815677,"standard_error":0.0023508996934859896}}