{"Mean":{"confidence_interval":{"confidence_level":0.95,"lower_bound":-0.04261664452410261,"upper_bound":-0.03505867415456964},"point_estimate":-0.038972293379254896,"standard_error":0.0019239794219991562},"Median":{"confidence_interval":{"confidence_level":0.95,"lower_bound":-0.04207926720329258,"upper_bound":-0.03477585465894133},"point_estimate":-0.03745951571986694,"standard_error":0.0018922349188643345}}