{"Mean":{"confidence_interval":{"confidence_level":0.95,"lower_bound":-0.005934126628108797,"upper_bound":0.002877611313267108},"point_estimate":-0.0013372112914885603,"standard_error":0.002237727090406137},"Median":{"confidence_interval":{"confidence_level":0.95,"lower_bound":-0.0077522570311491235,"upper_bound":0.001522940079424572},"point_estimate":-0.003686584006656668,"standard_error":0.002303882298755879}}