{"Mean":{"confidence_interval":{"confidence_level":0.95,"lower_bound":0.02910144505311951,"upper_bound":0.03644079211705118},"point_estimate":0.032724406217117696,"standard_error":0.0018735008841777366},"Median":{"confidence_interval":{"confidence_level":0.95,"lower_bound":0.0276452138816361,"upper_bound":0.03742957713880483},"point_estimate":0.03346081020305758,"standard_error":0.002693490453253939}}