{"Mean":{"confidence_interval":{"confidence_level":0.95,"lower_bound":0.0009830724161354614,"upper_bound":0.010118834906678812},"point_estimate":0.005659952842639537,"standard_error":0.0023639951894856965},"Median":{"confidence_interval":{"confidence_level":0.95,"lower_bound":0.0009619826961415612,"upper_bound":0.009879534176592162},"point_estimate":0.005422818560953724,"standard_error":0.0022663349575990734}}