{"Mean":{"confidence_interval":{"confidence_level":0.95,"lower_bound":133.59540190617517,"upper_bound":135.96872112055388},"point_estimate":134.6900979632657,"standard_error":0.6085754800220342},"Median":{"confidence_interval":{"confidence_level":0.95,"lower_bound":132.274293292746,"upper_bound":132.60501011047756},"point_estimate":132.40202353289595,"standard_error":0.08217390944099019},"MedianAbsDev":{"confidence_interval":{"confidence_level":0.95,"lower_bound":0.4145302314695743,"upper_bound":0.760284719819301},"point_estimate":0.5765889567799538,"standard_error":0.08835717038115172},"Slope":{"confidence_interval":{"confidence_level":0.95,"lower_bound":133.4188279182272,"upper_bound":135.52558508823648},"point_estimate":134.39477941547776,"standard_error":0.5410053368241099},"StdDev":{"confidence_interval":{"confidence_level":0.95,"lower_bound":3.795773660524963,"upper_bound":8.108300511872024},"point_estimate":6.109899612547785,"standard_error":1.1046204629515677}}