{"Mean":{"confidence_interval":{"confidence_level":0.95,"lower_bound":139.37547624416572,"upper_bound":142.37714855504979},"point_estimate":140.58936788874627,"standard_error":0.7882962529938067},"Median":{"confidence_interval":{"confidence_level":0.95,"lower_bound":138.92628127121574,"upper_bound":139.5225836008479},"point_estimate":139.30107712686618,"standard_error":0.16438220228955305},"MedianAbsDev":{"confidence_interval":{"confidence_level":0.95,"lower_bound":0.8786229847727945,"upper_bound":1.5378291066121854},"point_estimate":1.2343805945430295,"standard_error":0.17125007031372552},"Slope":{"confidence_interval":{"confidence_level":0.95,"lower_bound":139.11123795757246,"upper_bound":141.10607451896283},"point_estimate":139.8819189512616,"standard_error":0.5256656308367911},"StdDev":{"confidence_interval":{"confidence_level":0.95,"lower_bound":1.313171578545254,"upper_bound":12.889465805124841},"point_estimate":7.958231644582705,"standard_error":3.2191915604170878}}