{"Mean":{"confidence_interval":{"confidence_level":0.95,"lower_bound":137.01561122923428,"upper_bound":138.05554377076928},"point_estimate":137.40351927740718,"standard_error":0.2880535459804775},"Median":{"confidence_interval":{"confidence_level":0.95,"lower_bound":136.82273864110047,"upper_bound":137.31661145360275},"point_estimate":137.00873894805636,"standard_error":0.1307553954208702},"MedianAbsDev":{"confidence_interval":{"confidence_level":0.95,"lower_bound":0.6468151524446814,"upper_bound":1.0485690329046784},"point_estimate":0.8377200505359094,"standard_error":0.10101465162992766},"Slope":{"confidence_interval":{"confidence_level":0.95,"lower_bound":137.1195538230962,"upper_bound":137.43831011756376},"point_estimate":137.2788072986341,"standard_error":0.08140685924864621},"StdDev":{"confidence_interval":{"confidence_level":0.95,"lower_bound":0.6651210097338458,"upper_bound":4.86476430761578},"point_estimate":2.8919569971482035,"standard_error":1.465655901114778}}