{"Mean":{"confidence_interval":{"confidence_level":0.95,"lower_bound":58.59963587188146,"upper_bound":58.705871410644484},"point_estimate":58.6518003220084,"standard_error":0.027214983387148978},"Median":{"confidence_interval":{"confidence_level":0.95,"lower_bound":58.577284201553944,"upper_bound":58.74427488006644},"point_estimate":58.630545356194474,"standard_error":0.04400169046523436},"MedianAbsDev":{"confidence_interval":{"confidence_level":0.95,"lower_bound":0.023369310144731138,"upper_bound":0.15300547084359292},"point_estimate":0.11579384625425108,"standard_error":0.033730005712487},"Slope":{"confidence_interval":{"confidence_level":0.95,"lower_bound":58.617149224574725,"upper_bound":58.72355293297393},"point_estimate":58.67420891536749,"standard_error":0.027041750669006968},"StdDev":{"confidence_interval":{"confidence_level":0.95,"lower_bound":0.055337211092893815,"upper_bound":0.10876683372171796},"point_estimate":0.09080724723021373,"standard_error":0.013561630403885893}}