{"Mean":{"confidence_interval":{"confidence_level":0.95,"lower_bound":0.08205530035296964,"upper_bound":0.11667766986878253},"point_estimate":0.09779429236874604,"standard_error":0.008724165277538618},"Median":{"confidence_interval":{"confidence_level":0.95,"lower_bound":0.05037905555271571,"upper_bound":0.09002981810534538},"point_estimate":0.06413895660096824,"standard_error":0.009804131186890691}}