{"Mean":{"confidence_interval":{"confidence_level":0.95,"lower_bound":-0.11436808101561305,"upper_bound":-0.08798916993681644},"point_estimate":-0.10106115429327855,"standard_error":0.006748155192680174},"Median":{"confidence_interval":{"confidence_level":0.95,"lower_bound":-0.09276734867755154,"upper_bound":-0.06308768854744755},"point_estimate":-0.07425037262976941,"standard_error":0.007387524686541712}}