{"Mean":{"confidence_interval":{"confidence_level":0.95,"lower_bound":0.03812319077848238,"upper_bound":0.05576350124845927},"point_estimate":0.04634944667087315,"standard_error":0.004479342869286087},"Median":{"confidence_interval":{"confidence_level":0.95,"lower_bound":0.037688907543351524,"upper_bound":0.06090242544584745},"point_estimate":0.04997386583509633,"standard_error":0.006067225703906805}}