{"Mean":{"confidence_interval":{"confidence_level":0.95,"lower_bound":-0.03379855454529341,"upper_bound":-0.011863334115448963},"point_estimate":-0.02185215251976491,"standard_error":0.005652217367103392},"Median":{"confidence_interval":{"confidence_level":0.95,"lower_bound":-0.02684053592965696,"upper_bound":-0.010881319824826319},"point_estimate":-0.02084643996216906,"standard_error":0.004424642461214723}}