{"Mean":{"confidence_interval":{"confidence_level":0.95,"lower_bound":122.02694448359196,"upper_bound":122.71073621502515},"point_estimate":122.32781736125025,"standard_error":0.1748783636399326},"Median":{"confidence_interval":{"confidence_level":0.95,"lower_bound":121.95269144816756,"upper_bound":122.7300675989849},"point_estimate":122.09131257731636,"standard_error":0.15772334767001192},"MedianAbsDev":{"confidence_interval":{"confidence_level":0.95,"lower_bound":0.029086390238540746,"upper_bound":0.8440494726299641},"point_estimate":0.20788351821628237,"standard_error":0.16544597573720277},"Slope":{"confidence_interval":{"confidence_level":0.95,"lower_bound":121.9838923773296,"upper_bound":122.19275548380831},"point_estimate":122.05808755733659,"standard_error":0.053749089298795724},"StdDev":{"confidence_interval":{"confidence_level":0.95,"lower_bound":0.10828650199180505,"upper_bound":0.7439197304525587},"point_estimate":0.5838292081344165,"standard_error":0.1688141571127233}}