{"Mean":{"confidence_interval":{"confidence_level":0.95,"lower_bound":1684.676388959856,"upper_bound":1693.8424076205722},"point_estimate":1688.6983737649061,"standard_error":2.3651610423111085},"Median":{"confidence_interval":{"confidence_level":0.95,"lower_bound":1681.7901381790648,"upper_bound":1684.5487782246498},"point_estimate":1683.5916119088179,"standard_error":0.7550480042192895},"MedianAbsDev":{"confidence_interval":{"confidence_level":0.95,"lower_bound":3.9721219056308574,"upper_bound":7.079803675229563},"point_estimate":4.958314069235378,"standard_error":0.7902036950506511},"Slope":{"confidence_interval":{"confidence_level":0.95,"lower_bound":1683.7442812494396,"upper_bound":1690.1761656576368},"point_estimate":1686.6757222707956,"standard_error":1.6556767074214227},"StdDev":{"confidence_interval":{"confidence_level":0.95,"lower_bound":9.382736984460982,"upper_bound":34.987647855916016},"point_estimate":23.781381161906218,"standard_error":6.604810724141496}}