{"Mean":{"confidence_interval":{"confidence_level":0.95,"lower_bound":2709.315356412405,"upper_bound":2785.9216359130783},"point_estimate":2743.0381523084347,"standard_error":19.755530381252786},"Median":{"confidence_interval":{"confidence_level":0.95,"lower_bound":2677.1320021441975,"upper_bound":2684.6192087726013},"point_estimate":2679.8143156843157,"standard_error":2.090087677789162},"MedianAbsDev":{"confidence_interval":{"confidence_level":0.95,"lower_bound":8.151282761268753,"upper_bound":15.458102128882517},"point_estimate":10.187731411554768,"standard_error":1.9202316782738065},"Slope":{"confidence_interval":{"confidence_level":0.95,"lower_bound":2703.0222015446134,"upper_bound":2755.16994380376},"point_estimate":2727.014379893049,"standard_error":13.37068521630101},"StdDev":{"confidence_interval":{"confidence_level":0.95,"lower_bound":97.07542580591553,"upper_bound":295.81156054320525},"point_estimate":198.81069819875088,"standard_error":55.70476535774144}}