{"Mean":{"confidence_interval":{"confidence_level":0.95,"lower_bound":6201.039358552772,"upper_bound":6243.205825755645},"point_estimate":6218.64824644805,"standard_error":10.931369862713206},"Median":{"confidence_interval":{"confidence_level":0.95,"lower_bound":6183.863933236575,"upper_bound":6201.782472066658},"point_estimate":6190.48054211455,"standard_error":4.286914467294603},"MedianAbsDev":{"confidence_interval":{"confidence_level":0.95,"lower_bound":15.650606588271636,"upper_bound":36.42959680277923},"point_estimate":24.14273870083375,"standard_error":4.906470144319375},"Slope":{"confidence_interval":{"confidence_level":0.95,"lower_bound":6201.553566611293,"upper_bound":6225.303662299116},"point_estimate":6212.290330767236,"standard_error":6.095941044591127},"StdDev":{"confidence_interval":{"confidence_level":0.95,"lower_bound":36.39713786361831,"upper_bound":173.0354848618752},"point_estimate":109.66415141881058,"standard_error":38.77463402547795}}