{"Mean":{"confidence_interval":{"confidence_level":0.95,"lower_bound":-0.007240011763911897,"upper_bound":-0.0008491528261840582},"point_estimate":-0.0039840089981854065,"standard_error":0.0016246049478414592},"Median":{"confidence_interval":{"confidence_level":0.95,"lower_bound":-0.007517830707574946,"upper_bound":-0.00009846654032019675},"point_estimate":-0.0030563105784751077,"standard_error":0.0018048981563087885}}