{"Mean":{"confidence_interval":{"confidence_level":0.95,"lower_bound":0.0019415500957114533,"upper_bound":0.011053978169253485},"point_estimate":0.006499209112719173,"standard_error":0.0023227479309858067},"Median":{"confidence_interval":{"confidence_level":0.95,"lower_bound":0.0028691913770189093,"upper_bound":0.011257660705927819},"point_estimate":0.007332027344455261,"standard_error":0.002188394890513266}}