{"Mean":{"confidence_interval":{"confidence_level":0.95,"lower_bound":0.000821168450114157,"upper_bound":0.009898193036417363},"point_estimate":0.0047686751759761226,"standard_error":0.002320102362856186},"Median":{"confidence_interval":{"confidence_level":0.95,"lower_bound":-0.00021183236890088292,"upper_bound":0.004904827744221185},"point_estimate":0.0021620528979351405,"standard_error":0.0012340531226573965}}