{"Mean":{"confidence_interval":{"confidence_level":0.95,"lower_bound":0.02094638579005482,"upper_bound":0.032309501843108546},"point_estimate":0.027115918622004687,"standard_error":0.0029053244247140395},"Median":{"confidence_interval":{"confidence_level":0.95,"lower_bound":0.024168758447762825,"upper_bound":0.03107373672390623},"point_estimate":0.027475783165659573,"standard_error":0.001859918085987857}}