{"Mean":{"confidence_interval":{"confidence_level":0.95,"lower_bound":31.56766223956476,"upper_bound":31.715267672842202},"point_estimate":31.63124860329464,"standard_error":0.038131320395611505},"Median":{"confidence_interval":{"confidence_level":0.95,"lower_bound":31.52289854660987,"upper_bound":31.630685405128535},"point_estimate":31.577741235269126,"standard_error":0.03030908953336381},"MedianAbsDev":{"confidence_interval":{"confidence_level":0.95,"lower_bound":0.15586304204749182,"upper_bound":0.2522161253999732},"point_estimate":0.21728703743155933,"standard_error":0.025503198594364687},"Slope":{"confidence_interval":{"confidence_level":0.95,"lower_bound":31.5909591452102,"upper_bound":31.6958409435822},"point_estimate":31.641929674504595,"standard_error":0.026768196242368602},"StdDev":{"confidence_interval":{"confidence_level":0.95,"lower_bound":0.18677250134688914,"upper_bound":0.5928600485682712},"point_estimate":0.38406961361333614,"standard_error":0.12910202586117192}}