{"Mean":{"confidence_interval":{"confidence_level":0.95,"lower_bound":50.786129464961405,"upper_bound":51.01190957496486},"point_estimate":50.88340940756426,"standard_error":0.05836352480623285},"Median":{"confidence_interval":{"confidence_level":0.95,"lower_bound":50.730402870976675,"upper_bound":50.92746028771304},"point_estimate":50.87645765561147,"standard_error":0.05581436978013591},"MedianAbsDev":{"confidence_interval":{"confidence_level":0.95,"lower_bound":0.01892496407050748,"upper_bound":0.2627979380202298},"point_estimate":0.11023682711574119,"standard_error":0.06018426990403416},"Slope":{"confidence_interval":{"confidence_level":0.95,"lower_bound":50.73405449281298,"upper_bound":50.882632802573006},"point_estimate":50.7830367361926,"standard_error":0.037050878727647785},"StdDev":{"confidence_interval":{"confidence_level":0.95,"lower_bound":0.07238952298703613,"upper_bound":0.2829408187852134},"point_estimate":0.19444315304112997,"standard_error":0.06569990132324169}}