{"Mean":{"confidence_interval":{"confidence_level":0.95,"lower_bound":164275.79591725656,"upper_bound":164897.6017017017},"point_estimate":164570.8053188903,"standard_error":159.81266741951404},"Median":{"confidence_interval":{"confidence_level":0.95,"lower_bound":164104.06456456456,"upper_bound":165101.66666666666},"point_estimate":164380.63243243244,"standard_error":272.19878223283024},"MedianAbsDev":{"confidence_interval":{"confidence_level":0.95,"lower_bound":17.49154721200333,"upper_bound":888.4291121551531},"point_estimate":431.39490017906417,"standard_error":241.44890463586464},"Slope":{"confidence_interval":{"confidence_level":0.95,"lower_bound":164194.8209577999,"upper_bound":164996.1123850331},"point_estimate":164549.13115713117,"standard_error":214.30604246636085},"StdDev":{"confidence_interval":{"confidence_level":0.95,"lower_bound":257.96355163344566,"upper_bound":623.2529919887589},"point_estimate":531.698065281235,"standard_error":87.09984722819286}}