{"Mean":{"confidence_interval":{"confidence_level":0.95,"lower_bound":196885.70561009986,"upper_bound":198213.40750845906},"point_estimate":197432.69725845862,"standard_error":345.34095463150214},"Median":{"confidence_interval":{"confidence_level":0.95,"lower_bound":196505.35629943502,"upper_bound":196905.95833333334},"point_estimate":196609.0446617336,"standard_error":105.06319819538957},"MedianAbsDev":{"confidence_interval":{"confidence_level":0.95,"lower_bound":384.5958999902395,"upper_bound":822.6147274436007},"point_estimate":550.2931038459125,"standard_error":100.80047490107292},"Slope":{"confidence_interval":{"confidence_level":0.95,"lower_bound":196799.36248289677,"upper_bound":197348.4396388548},"point_estimate":197046.35701344762,"standard_error":140.2991622966046},"StdDev":{"confidence_interval":{"confidence_level":0.95,"lower_bound":892.3388413579245,"upper_bound":5541.675032747976},"point_estimate":3465.355605273617,"standard_error":1302.9456642851067}}