{"Mean":{"confidence_interval":{"confidence_level":0.95,"lower_bound":15684.454189215749,"upper_bound":15783.083621126065},"point_estimate":15728.805609300189,"standard_error":25.35340224082861},"Median":{"confidence_interval":{"confidence_level":0.95,"lower_bound":15681.957439018533,"upper_bound":15776.410451907643},"point_estimate":15691.595030250648,"standard_error":24.09206332489265},"MedianAbsDev":{"confidence_interval":{"confidence_level":0.95,"lower_bound":4.776403404829532,"upper_bound":121.86190830900463},"point_estimate":23.97493377199704,"standard_error":31.343453642546713},"Slope":{"confidence_interval":{"confidence_level":0.95,"lower_bound":15676.797086023691,"upper_bound":15711.223864965174},"point_estimate":15692.14900605013,"standard_error":8.600724510064735},"StdDev":{"confidence_interval":{"confidence_level":0.95,"lower_bound":22.078097867379228,"upper_bound":112.20630212985233},"point_estimate":84.74403775163424,"standard_error":23.387290204788563}}