{"Mean":{"confidence_interval":{"confidence_level":0.95,"lower_bound":16206.4151830946,"upper_bound":16303.470197072553},"point_estimate":16252.914933616246,"standard_error":24.799468090906533},"Median":{"confidence_interval":{"confidence_level":0.95,"lower_bound":16134.637130611325,"upper_bound":16238.887938804553},"point_estimate":16169.681949422542,"standard_error":27.824969544895456},"MedianAbsDev":{"confidence_interval":{"confidence_level":0.95,"lower_bound":134.19169696637343,"upper_bound":254.35400134172596},"point_estimate":187.7962834159855,"standard_error":33.200457744073034},"Slope":{"confidence_interval":{"confidence_level":0.95,"lower_bound":16216.054693465167,"upper_bound":16315.283494187172},"point_estimate":16263.856200250742,"standard_error":25.299421519465483},"StdDev":{"confidence_interval":{"confidence_level":0.95,"lower_bound":190.09128076213068,"upper_bound":309.48785564511337},"point_estimate":248.98459531789274,"standard_error":31.040252240645145}}