{"Mean":{"confidence_interval":{"confidence_level":0.95,"lower_bound":55364.324041547894,"upper_bound":55647.9134126227},"point_estimate":55495.125858436906,"standard_error":72.84648333551668},"Median":{"confidence_interval":{"confidence_level":0.95,"lower_bound":55238.024822695035,"upper_bound":55504.200364298726},"point_estimate":55409.08097295984,"standard_error":71.68024194578122},"MedianAbsDev":{"confidence_interval":{"confidence_level":0.95,"lower_bound":355.0704018302848,"upper_bound":543.9167497657538},"point_estimate":484.5060500642847,"standard_error":47.853646659978445},"Slope":{"confidence_interval":{"confidence_level":0.95,"lower_bound":55317.432810134516,"upper_bound":55573.810617554715},"point_estimate":55433.92554488285,"standard_error":65.46624333959572},"StdDev":{"confidence_interval":{"confidence_level":0.95,"lower_bound":439.2862905654966,"upper_bound":1015.6311307399168},"point_estimate":730.8291633756551,"standard_error":152.0269124739978}}