{"Mean":{"confidence_interval":{"confidence_level":0.95,"lower_bound":72583.64999319389,"upper_bound":72794.02594289508},"point_estimate":72685.24968459496,"standard_error":53.97847868694287},"Median":{"confidence_interval":{"confidence_level":0.95,"lower_bound":72527.27878486057,"upper_bound":72849.54980079681},"point_estimate":72642.25763612217,"standard_error":80.75288415364355},"MedianAbsDev":{"confidence_interval":{"confidence_level":0.95,"lower_bound":19.955539685553084,"upper_bound":288.39006031829257},"point_estimate":219.74957016241092,"standard_error":68.79759903539902},"Slope":{"confidence_interval":{"confidence_level":0.95,"lower_bound":72523.5424297851,"upper_bound":72856.29253229298},"point_estimate":72666.63418016247,"standard_error":86.50809659247507},"StdDev":{"confidence_interval":{"confidence_level":0.95,"lower_bound":102.97556070377227,"upper_bound":225.3986883197412},"point_estimate":180.05461103137202,"standard_error":31.918151438240123}}