{"Mean":{"confidence_interval":{"confidence_level":0.95,"lower_bound":55772.53548389791,"upper_bound":56078.9787474145},"point_estimate":55915.960146904596,"standard_error":78.32288903221018},"Median":{"confidence_interval":{"confidence_level":0.95,"lower_bound":55594.16133942161,"upper_bound":55854.523974076605},"point_estimate":55721.09408346898,"standard_error":73.12441116538737},"MedianAbsDev":{"confidence_interval":{"confidence_level":0.95,"lower_bound":420.811270750506,"upper_bound":729.2299336584538},"point_estimate":601.2913214591309,"standard_error":78.57840560324254},"Slope":{"confidence_interval":{"confidence_level":0.95,"lower_bound":55763.63855884545,"upper_bound":55979.57102073811},"point_estimate":55866.49868857035,"standard_error":54.93336121834154},"StdDev":{"confidence_interval":{"confidence_level":0.95,"lower_bound":532.7289858575087,"upper_bound":1066.1252032971659},"point_estimate":785.6005105814465,"standard_error":145.58771366428348}}