{"Mean":{"confidence_interval":{"confidence_level":0.95,"lower_bound":0.16494251425666884,"upper_bound":0.17711316366592478},"point_estimate":0.17071705801249348,"standard_error":0.003086576818775321},"Median":{"confidence_interval":{"confidence_level":0.95,"lower_bound":0.15922879029365378,"upper_bound":0.17148923951597006},"point_estimate":0.1658576035557784,"standard_error":0.0029374732983548767}}