{"Mean":{"confidence_interval":{"confidence_level":0.95,"lower_bound":-0.09676971327139072,"upper_bound":-0.09037136428762793},"point_estimate":-0.09351761185798635,"standard_error":0.0016371709518056658},"Median":{"confidence_interval":{"confidence_level":0.95,"lower_bound":-0.09796807605202518,"upper_bound":-0.08826181395945698},"point_estimate":-0.091923903940062,"standard_error":0.002339957067701989}}