{"Mean":{"confidence_interval":{"confidence_level":0.95,"lower_bound":0.007229852155246526,"upper_bound":0.015461843060540019},"point_estimate":0.011302310958336337,"standard_error":0.0020976903351394675},"Median":{"confidence_interval":{"confidence_level":0.95,"lower_bound":0.008434569089332794,"upper_bound":0.016205911328844413},"point_estimate":0.012315152281368036,"standard_error":0.0018417621796672106}}