{"Mean":{"confidence_interval":{"confidence_level":0.95,"lower_bound":160494.53471190974,"upper_bound":161280.25182338324},"point_estimate":160833.9608410517,"standard_error":203.05101248854854},"Median":{"confidence_interval":{"confidence_level":0.95,"lower_bound":160193.2187902188,"upper_bound":160462.84318555007},"point_estimate":160295.63039867108,"standard_error":68.22307209039498},"MedianAbsDev":{"confidence_interval":{"confidence_level":0.95,"lower_bound":461.32347513276807,"upper_bound":802.754951656514},"point_estimate":597.1619501753204,"standard_error":89.46380042652389},"Slope":{"confidence_interval":{"confidence_level":0.95,"lower_bound":160520.26478572315,"upper_bound":161228.76468651227},"point_estimate":160845.75699677004,"standard_error":180.75212380185428},"StdDev":{"confidence_interval":{"confidence_level":0.95,"lower_bound":857.7545490996512,"upper_bound":3116.8488026534014},"point_estimate":2034.9128952035182,"standard_error":639.2502125528738}}