{"Mean":{"confidence_interval":{"confidence_level":0.95,"lower_bound":269822.4795289025,"upper_bound":273718.45708261617},"point_estimate":271627.68439362565,"standard_error":995.6921226620708},"Median":{"confidence_interval":{"confidence_level":0.95,"lower_bound":267552.1458333333,"upper_bound":268344.67171052634},"point_estimate":268017.67587321124,"standard_error":208.31101481175406},"MedianAbsDev":{"confidence_interval":{"confidence_level":0.95,"lower_bound":987.1572266178838,"upper_bound":1945.1439051845318},"point_estimate":1437.7964590341355,"standard_error":252.78786612178632},"Slope":{"confidence_interval":{"confidence_level":0.95,"lower_bound":269721.40378346125,"upper_bound":273416.84987302637},"point_estimate":271466.29980789125,"standard_error":949.2942121065726},"StdDev":{"confidence_interval":{"confidence_level":0.95,"lower_bound":6533.16521154098,"upper_bound":12904.995106868695},"point_estimate":10018.522209049826,"standard_error":1629.759202925715}}