{"Mean":{"confidence_interval":{"confidence_level":0.95,"lower_bound":734.6518504318929,"upper_bound":739.7430913021074},"point_estimate":736.7226657098976,"standard_error":1.3359377444564156},"Median":{"confidence_interval":{"confidence_level":0.95,"lower_bound":732.6626836717847,"upper_bound":735.5780951783659},"point_estimate":733.7863491960438,"standard_error":0.825236838418396},"MedianAbsDev":{"confidence_interval":{"confidence_level":0.95,"lower_bound":3.0181965358753136,"upper_bound":5.572670161749759},"point_estimate":4.212190440723022,"standard_error":0.6337922592036795},"Slope":{"confidence_interval":{"confidence_level":0.95,"lower_bound":734.6920699547037,"upper_bound":737.4610291119775},"point_estimate":735.9796259708914,"standard_error":0.7085383986551244},"StdDev":{"confidence_interval":{"confidence_level":0.95,"lower_bound":4.813187158513768,"upper_bound":21.603415898747897},"point_estimate":13.409822134549536,"standard_error":5.44497945852465}}