{"Mean":{"confidence_interval":{"confidence_level":0.95,"lower_bound":146722.7513104762,"upper_bound":149747.29402285712},"point_estimate":147872.14484380954,"standard_error":851.6228164902195},"Median":{"confidence_interval":{"confidence_level":0.95,"lower_bound":146427.8064,"upper_bound":147662.04295238096},"point_estimate":147209.856,"standard_error":470.4082051596707},"MedianAbsDev":{"confidence_interval":{"confidence_level":0.95,"lower_bound":45.07499279975109,"upper_bound":1695.5639944577151},"point_estimate":862.3036968510514,"standard_error":462.2212031955311},"Slope":{"confidence_interval":{"confidence_level":0.95,"lower_bound":146765.16327116647,"upper_bound":151646.41074630115},"point_estimate":148549.8806025974,"standard_error":1365.6365444416963},"StdDev":{"confidence_interval":{"confidence_level":0.95,"lower_bound":478.8287621520877,"upper_bound":4342.343723504631},"point_estimate":2830.857828080056,"standard_error":1350.423855852689}}