{"Mean":{"confidence_interval":{"confidence_level":0.95,"lower_bound":147043.58686994042,"upper_bound":149233.87470215673},"point_estimate":148064.03227400844,"standard_error":560.2861490903853},"Median":{"confidence_interval":{"confidence_level":0.95,"lower_bound":145803.52063492063,"upper_bound":146113.2857142857},"point_estimate":145972.07467532466,"standard_error":76.87815206486111},"MedianAbsDev":{"confidence_interval":{"confidence_level":0.95,"lower_bound":528.2829060547891,"upper_bound":928.3920618764647},"point_estimate":766.8061618410011,"standard_error":105.56957150383693},"Slope":{"confidence_interval":{"confidence_level":0.95,"lower_bound":147450.33634087484,"upper_bound":149624.9181481151},"point_estimate":148491.65327281554,"standard_error":554.6901265629953},"StdDev":{"confidence_interval":{"confidence_level":0.95,"lower_bound":3651.2479156898085,"upper_bound":7263.443027690247},"point_estimate":5636.912883303833,"standard_error":921.2333946368877}}