{"Mean":{"confidence_interval":{"confidence_level":0.95,"lower_bound":146944.37630078648,"upper_bound":147994.69020502872},"point_estimate":147377.3053754202,"standard_error":272.65883542067405},"Median":{"confidence_interval":{"confidence_level":0.95,"lower_bound":146565.28826530612,"upper_bound":147362.8673469388},"point_estimate":146939.29009614565,"standard_error":152.06656161302334},"MedianAbsDev":{"confidence_interval":{"confidence_level":0.95,"lower_bound":999.7331945691005,"upper_bound":1651.9408499123135},"point_estimate":1283.9520382336075,"standard_error":159.56993777217664},"Slope":{"confidence_interval":{"confidence_level":0.95,"lower_bound":147081.38285491554,"upper_bound":147694.67729596913},"point_estimate":147382.68841520825,"standard_error":156.24831687193415},"StdDev":{"confidence_interval":{"confidence_level":0.95,"lower_bound":1133.431336472493,"upper_bound":4360.136274328276},"point_estimate":2739.0082058635967,"standard_error":1054.776468594275}}