{"Mean":{"confidence_interval":{"confidence_level":0.95,"lower_bound":90020.61640381221,"upper_bound":90462.40127050891},"point_estimate":90212.59185420627,"standard_error":113.78357839442602},"Median":{"confidence_interval":{"confidence_level":0.95,"lower_bound":89839.73863636363,"upper_bound":89994.62420461298},"point_estimate":89908.28090219639,"standard_error":44.60354117466785},"MedianAbsDev":{"confidence_interval":{"confidence_level":0.95,"lower_bound":192.8203014747186,"upper_bound":375.77460059450925},"point_estimate":273.5566286825233,"standard_error":45.85092443320473},"Slope":{"confidence_interval":{"confidence_level":0.95,"lower_bound":90022.42667153696,"upper_bound":90341.79049454293},"point_estimate":90167.36211588322,"standard_error":81.93914477051607},"StdDev":{"confidence_interval":{"confidence_level":0.95,"lower_bound":432.70121810199583,"upper_bound":1730.6088332968181},"point_estimate":1143.8777911320171,"standard_error":340.51111428074773}}