{"Mean":{"confidence_interval":{"confidence_level":0.95,"lower_bound":751.2238561944141,"upper_bound":755.5105172700958},"point_estimate":753.1846596305268,"standard_error":1.0998248748665242},"Median":{"confidence_interval":{"confidence_level":0.95,"lower_bound":749.6481896415053,"upper_bound":752.2564207132018},"point_estimate":750.2899866319822,"standard_error":0.8012163072852985},"MedianAbsDev":{"confidence_interval":{"confidence_level":0.95,"lower_bound":4.662632809966202,"upper_bound":7.47980263398888},"point_estimate":5.916863318070658,"standard_error":0.7413745798591698},"Slope":{"confidence_interval":{"confidence_level":0.95,"lower_bound":749.8838406718122,"upper_bound":751.8082811799184},"point_estimate":750.8485362420009,"standard_error":0.4907615198467865},"StdDev":{"confidence_interval":{"confidence_level":0.95,"lower_bound":6.0473090272671,"upper_bound":15.398635857323793},"point_estimate":11.063364695689769,"standard_error":2.3882043306162206}}