{"Mean":{"confidence_interval":{"confidence_level":0.95,"lower_bound":732.469596136303,"upper_bound":747.5149030173128},"point_estimate":739.4688806239178,"standard_error":3.8419309051707202},"Median":{"confidence_interval":{"confidence_level":0.95,"lower_bound":723.8468617749564,"upper_bound":725.6014643948785},"point_estimate":724.721122997822,"standard_error":0.3959892608713171},"MedianAbsDev":{"confidence_interval":{"confidence_level":0.95,"lower_bound":3.0019788127171325,"upper_bound":5.726863697368859},"point_estimate":4.331265097734328,"standard_error":0.6469770749615257},"Slope":{"confidence_interval":{"confidence_level":0.95,"lower_bound":731.3471496000368,"upper_bound":748.591256147837},"point_estimate":739.1968960534545,"standard_error":4.41359130753041},"StdDev":{"confidence_interval":{"confidence_level":0.95,"lower_bound":24.742776328151315,"upper_bound":50.45331096791405},"point_estimate":38.70144484660213,"standard_error":6.557860126271222}}