{"Mean":{"confidence_interval":{"confidence_level":0.95,"lower_bound":38.13433979707621,"upper_bound":38.32678320701776},"point_estimate":38.21911236103954,"standard_error":0.049404874993819806},"Median":{"confidence_interval":{"confidence_level":0.95,"lower_bound":38.025610287311466,"upper_bound":38.185957659830365},"point_estimate":38.10433581980108,"standard_error":0.04008750680489384},"MedianAbsDev":{"confidence_interval":{"confidence_level":0.95,"lower_bound":0.21639550559927603,"upper_bound":0.38183538725676286},"point_estimate":0.2990716647247944,"standard_error":0.040905777682859926},"Slope":{"confidence_interval":{"confidence_level":0.95,"lower_bound":38.10122028373267,"upper_bound":38.26004285660684},"point_estimate":38.17729515427953,"standard_error":0.040642705266623336},"StdDev":{"confidence_interval":{"confidence_level":0.95,"lower_bound":0.2774787165421664,"upper_bound":0.7359734099228354},"point_estimate":0.4956802965118577,"standard_error":0.14230689892991635}}