{"Mean":{"confidence_interval":{"confidence_level":0.95,"lower_bound":17.076346277690096,"upper_bound":17.12775862847382},"point_estimate":17.09995289854391,"standard_error":0.013260285539325805},"Median":{"confidence_interval":{"confidence_level":0.95,"lower_bound":17.063331126089434,"upper_bound":17.131367444030378},"point_estimate":17.089717880368635,"standard_error":0.015947293397871046},"MedianAbsDev":{"confidence_interval":{"confidence_level":0.95,"lower_bound":0.0028381848144401222,"upper_bound":0.07324655076203795},"point_estimate":0.04005114210202109,"standard_error":0.017040205656925107},"Slope":{"confidence_interval":{"confidence_level":0.95,"lower_bound":17.070873440100776,"upper_bound":17.152783725324472},"point_estimate":17.114951263795753,"standard_error":0.02115030012552015},"StdDev":{"confidence_interval":{"confidence_level":0.95,"lower_bound":0.015468570944094326,"upper_bound":0.05846124909224295},"point_estimate":0.04428750117474769,"standard_error":0.010750717129554235}}