{"Mean":{"confidence_interval":{"confidence_level":0.95,"lower_bound":38.13911540529158,"upper_bound":38.28741914199941},"point_estimate":38.20655968845627,"standard_error":0.03784454362525045},"Median":{"confidence_interval":{"confidence_level":0.95,"lower_bound":38.05607366568529,"upper_bound":38.15493973895653},"point_estimate":38.11642637110208,"standard_error":0.028784188461214135},"MedianAbsDev":{"confidence_interval":{"confidence_level":0.95,"lower_bound":0.14167220821426293,"upper_bound":0.2466519800251077},"point_estimate":0.2049766963878961,"standard_error":0.024662973496592206},"Slope":{"confidence_interval":{"confidence_level":0.95,"lower_bound":38.156843016308684,"upper_bound":38.26738965912694},"point_estimate":38.2099045047831,"standard_error":0.02825332815431163},"StdDev":{"confidence_interval":{"confidence_level":0.95,"lower_bound":0.22489622328981207,"upper_bound":0.5410668960631433},"point_estimate":0.37964284947192095,"standard_error":0.08787843507591214}}