{"Mean":{"confidence_interval":{"confidence_level":0.95,"lower_bound":104.09618614922573,"upper_bound":104.39033757003631},"point_estimate":104.23877251728221,"standard_error":0.07517380275710842},"Median":{"confidence_interval":{"confidence_level":0.95,"lower_bound":103.80246985403004,"upper_bound":104.25457441071221},"point_estimate":103.94294412418024,"standard_error":0.11665380126761579},"MedianAbsDev":{"confidence_interval":{"confidence_level":0.95,"lower_bound":0.36359410616072946,"upper_bound":0.7754409595235159},"point_estimate":0.5406977592755501,"standard_error":0.10191341039763592},"Slope":{"confidence_interval":{"confidence_level":0.95,"lower_bound":104.02218846545445,"upper_bound":104.30196250244268},"point_estimate":104.15849181162618,"standard_error":0.0715056508067428},"StdDev":{"confidence_interval":{"confidence_level":0.95,"lower_bound":0.6190865282222026,"upper_bound":0.8743134791766459},"point_estimate":0.7554747405499146,"standard_error":0.06515840876209908}}