{"Mean":{"confidence_interval":{"confidence_level":0.95,"lower_bound":-0.9042480645741489,"upper_bound":-0.9033821276722708},"point_estimate":-0.9037990137202783,"standard_error":0.00022106820394395048},"Median":{"confidence_interval":{"confidence_level":0.95,"lower_bound":-0.9041760181763903,"upper_bound":-0.9034066820932255},"point_estimate":-0.90385501314535,"standard_error":0.0001904838452300067}}