{"Mean":{"confidence_interval":{"confidence_level":0.95,"lower_bound":-0.047385434639758736,"upper_bound":-0.040059971970777264},"point_estimate":-0.043824330423427926,"standard_error":0.0018782931753302645},"Median":{"confidence_interval":{"confidence_level":0.95,"lower_bound":-0.05022113391242433,"upper_bound":-0.04052665768115982},"point_estimate":-0.04565570031954891,"standard_error":0.002621958565569738}}