{"Mean":{"confidence_interval":{"confidence_level":0.95,"lower_bound":-0.009734030682839203,"upper_bound":-0.005282773691824358},"point_estimate":-0.007526576953600594,"standard_error":0.0011388364681560567},"Median":{"confidence_interval":{"confidence_level":0.95,"lower_bound":-0.011664809604194915,"upper_bound":-0.005085051890780123},"point_estimate":-0.008114890935960406,"standard_error":0.0017448567811454753}}