{"Mean":{"confidence_interval":{"confidence_level":0.95,"lower_bound":0.042669374011270036,"upper_bound":0.05180049853194906},"point_estimate":0.04708187402891051,"standard_error":0.002313244461355644},"Median":{"confidence_interval":{"confidence_level":0.95,"lower_bound":0.042993004154253445,"upper_bound":0.05188416248638217},"point_estimate":0.04793416579119225,"standard_error":0.0022401351628955385}}