{"Mean":{"confidence_interval":{"confidence_level":0.95,"lower_bound":8092.233757229027,"upper_bound":8110.021903462722},"point_estimate":8101.214790981723,"standard_error":4.5643111479104075},"Median":{"confidence_interval":{"confidence_level":0.95,"lower_bound":8084.932590942836,"upper_bound":8113.1793318485525},"point_estimate":8102.7917753738475,"standard_error":6.743797258856854},"MedianAbsDev":{"confidence_interval":{"confidence_level":0.95,"lower_bound":4.151830260366108,"upper_bound":26.478026367338376},"point_estimate":17.698367761514035,"standard_error":6.0500139551173415},"Slope":{"confidence_interval":{"confidence_level":0.95,"lower_bound":8090.120319691908,"upper_bound":8109.265303197431},"point_estimate":8101.509726086831,"standard_error":4.9709662435938435},"StdDev":{"confidence_interval":{"confidence_level":0.95,"lower_bound":9.033182000622533,"upper_bound":18.571470694035966},"point_estimate":15.19526389116581,"standard_error":2.4275797258359955}}