{"Mean":{"confidence_interval":{"confidence_level":0.95,"lower_bound":4839.738834372777,"upper_bound":4973.251298149098},"point_estimate":4901.874322193329,"standard_error":34.21078391404819},"Median":{"confidence_interval":{"confidence_level":0.95,"lower_bound":4771.44416554947,"upper_bound":4784.465673011784},"point_estimate":4778.169438782251,"standard_error":2.9235022920346965},"MedianAbsDev":{"confidence_interval":{"confidence_level":0.95,"lower_bound":17.175789708222915,"upper_bound":33.14110528103329},"point_estimate":24.231283596177793,"standard_error":3.9172659436007655},"Slope":{"confidence_interval":{"confidence_level":0.95,"lower_bound":4826.063105870264,"upper_bound":5059.307265855849},"point_estimate":4930.58034586857,"standard_error":59.86003560003033},"StdDev":{"confidence_interval":{"confidence_level":0.95,"lower_bound":222.58574452175648,"upper_bound":438.4621276493925},"point_estimate":343.2721698500083,"standard_error":55.12231828343981}}