{"Mean":{"confidence_interval":{"confidence_level":0.95,"lower_bound":3887.712825490196,"upper_bound":3899.555710970206},"point_estimate":3893.525384984297,"standard_error":3.0276261825065305},"Median":{"confidence_interval":{"confidence_level":0.95,"lower_bound":3885.3319786096254,"upper_bound":3901.2796715049653},"point_estimate":3893.8574286987523,"standard_error":4.389660233794257},"MedianAbsDev":{"confidence_interval":{"confidence_level":0.95,"lower_bound":1.6603760560838645,"upper_bound":17.31052015898723},"point_estimate":10.335990643772469,"standard_error":3.835833655337188},"Slope":{"confidence_interval":{"confidence_level":0.95,"lower_bound":3883.752366232883,"upper_bound":3894.984331010641},"point_estimate":3888.755750260435,"standard_error":2.8480890787702853},"StdDev":{"confidence_interval":{"confidence_level":0.95,"lower_bound":5.771642028711045,"upper_bound":12.700196856626187},"point_estimate":10.074371522073596,"standard_error":1.781080682267165}}