{"Mean":{"confidence_interval":{"confidence_level":0.95,"lower_bound":1112.9215578086548,"upper_bound":1119.106606756844},"point_estimate":1115.5457696102515,"standard_error":1.6015379960043699},"Median":{"confidence_interval":{"confidence_level":0.95,"lower_bound":1110.9336143526043,"upper_bound":1115.0714613931482},"point_estimate":1112.7924482814792,"standard_error":1.0962907945016673},"MedianAbsDev":{"confidence_interval":{"confidence_level":0.95,"lower_bound":6.185725844953697,"upper_bound":10.474601412903215},"point_estimate":8.023075853885564,"standard_error":1.0425740733058475},"Slope":{"confidence_interval":{"confidence_level":0.95,"lower_bound":1113.8115458098214,"upper_bound":1118.3093082604964},"point_estimate":1116.0206263173673,"standard_error":1.150418539417833},"StdDev":{"confidence_interval":{"confidence_level":0.95,"lower_bound":7.54419590508355,"upper_bound":25.073752018623278},"point_estimate":16.07269294553452,"standard_error":5.678212368946886}}