{"Mean":{"confidence_interval":{"confidence_level":0.95,"lower_bound":50.873518420921044,"upper_bound":51.020931002600136},"point_estimate":50.945571441572085,"standard_error":0.037740987531058916},"Median":{"confidence_interval":{"confidence_level":0.95,"lower_bound":50.853703255162756,"upper_bound":51.04561440072004},"point_estimate":50.93794656399487,"standard_error":0.03802433802445699},"MedianAbsDev":{"confidence_interval":{"confidence_level":0.95,"lower_bound":0.019480232373792816,"upper_bound":0.24440855167067976},"point_estimate":0.07643796626633738,"standard_error":0.06186144790995007},"Slope":{"confidence_interval":{"confidence_level":0.95,"lower_bound":50.89098231683743,"upper_bound":50.981932204302524},"point_estimate":50.9327255235489,"standard_error":0.02290060533486221},"StdDev":{"confidence_interval":{"confidence_level":0.95,"lower_bound":0.06407926713986813,"upper_bound":0.1612042733868966},"point_estimate":0.12579064820040167,"standard_error":0.02508524328064199}}