{"Mean":{"confidence_interval":{"confidence_level":0.95,"lower_bound":128.66439662314266,"upper_bound":129.34992821666376},"point_estimate":128.97541596429582,"standard_error":0.1755651860219462},"Median":{"confidence_interval":{"confidence_level":0.95,"lower_bound":128.22954910384934,"upper_bound":128.7594321401378},"point_estimate":128.53429158323053,"standard_error":0.14628077064104833},"MedianAbsDev":{"confidence_interval":{"confidence_level":0.95,"lower_bound":0.7126172892892648,"upper_bound":1.319216515939448},"point_estimate":0.9417833739708619,"standard_error":0.15939164812858755},"Slope":{"confidence_interval":{"confidence_level":0.95,"lower_bound":128.63480706245127,"upper_bound":129.1311786004536},"point_estimate":128.8782182234958,"standard_error":0.12642761906092434},"StdDev":{"confidence_interval":{"confidence_level":0.95,"lower_bound":1.0598348379696867,"upper_bound":2.5224950484893696},"point_estimate":1.7669022017397777,"standard_error":0.4139078405874999}}