{"Mean":{"confidence_interval":{"confidence_level":0.95,"lower_bound":145.5704467404327,"upper_bound":146.09619162467231},"point_estimate":145.79016814096647,"standard_error":0.1360301495529954},"Median":{"confidence_interval":{"confidence_level":0.95,"lower_bound":145.43846110474186,"upper_bound":145.71188068435072},"point_estimate":145.5515516011988,"standard_error":0.06359402600653026},"MedianAbsDev":{"confidence_interval":{"confidence_level":0.95,"lower_bound":0.4441728728809962,"upper_bound":0.7401849860434692},"point_estimate":0.589432165007494,"standard_error":0.07514670853412717},"Slope":{"confidence_interval":{"confidence_level":0.95,"lower_bound":145.5899615834882,"upper_bound":145.80097194750397},"point_estimate":145.69262108360869,"standard_error":0.05356203243133922},"StdDev":{"confidence_interval":{"confidence_level":0.95,"lower_bound":0.5721968740518685,"upper_bound":2.169867406896154},"point_estimate":1.370245414738555,"standard_error":0.5113695796570306}}