{"Mean":{"confidence_interval":{"confidence_level":0.95,"lower_bound":54132.98625830155,"upper_bound":54387.738701441885},"point_estimate":54254.27397402383,"standard_error":65.27168471572574},"Median":{"confidence_interval":{"confidence_level":0.95,"lower_bound":54089.231379821955,"upper_bound":54411.988789976924},"point_estimate":54235.19930761622,"standard_error":80.86311762857278},"MedianAbsDev":{"confidence_interval":{"confidence_level":0.95,"lower_bound":45.128121498515355,"upper_bound":358.09301374642354},"point_estimate":224.63508648670143,"standard_error":79.17007396777792},"Slope":{"confidence_interval":{"confidence_level":0.95,"lower_bound":54160.98372738585,"upper_bound":54499.16602087373},"point_estimate":54366.53753901884,"standard_error":84.40251755110904},"StdDev":{"confidence_interval":{"confidence_level":0.95,"lower_bound":108.33624550427872,"upper_bound":286.0738425485393},"point_estimate":217.62257732926355,"standard_error":47.22402116033796}}