{"Mean":{"confidence_interval":{"confidence_level":0.95,"lower_bound":48846.96553130187,"upper_bound":49086.86656610686},"point_estimate":48959.97667659672,"standard_error":61.2822891573453},"Median":{"confidence_interval":{"confidence_level":0.95,"lower_bound":48716.69955817379,"upper_bound":48991.38467000835},"point_estimate":48850.690032601146,"standard_error":68.22861421570771},"MedianAbsDev":{"confidence_interval":{"confidence_level":0.95,"lower_bound":380.297076704382,"upper_bound":626.3580164746184},"point_estimate":525.6823584538339,"standard_error":64.8902730011427},"Slope":{"confidence_interval":{"confidence_level":0.95,"lower_bound":48776.91351622796,"upper_bound":48983.785835731695},"point_estimate":48877.73063044044,"standard_error":52.80434954222894},"StdDev":{"confidence_interval":{"confidence_level":0.95,"lower_bound":433.9128989349226,"upper_bound":827.8056665618474},"point_estimate":617.4160263490181,"standard_error":109.12512049720053}}