{"Mean":{"confidence_interval":{"confidence_level":0.95,"lower_bound":48452.676548773314,"upper_bound":48896.87612997452},"point_estimate":48662.398001170615,"standard_error":113.38422179272469},"Median":{"confidence_interval":{"confidence_level":0.95,"lower_bound":48117.456256921374,"upper_bound":48452.41823584316},"point_estimate":48216.057261845854,"standard_error":87.8095263151617},"MedianAbsDev":{"confidence_interval":{"confidence_level":0.95,"lower_bound":381.2509818730098,"upper_bound":752.9273976310834},"point_estimate":506.0823865366377,"standard_error":94.67088506849656},"Slope":{"confidence_interval":{"confidence_level":0.95,"lower_bound":48172.29919262399,"upper_bound":48466.56979475156},"point_estimate":48308.22640658096,"standard_error":75.39709757197485},"StdDev":{"confidence_interval":{"confidence_level":0.95,"lower_bound":800.5592088528176,"upper_bound":1441.9962982668649},"point_estimate":1137.1184307467531,"standard_error":164.948936308169}}