{"Mean":{"confidence_interval":{"confidence_level":0.95,"lower_bound":415619.3609145022,"upper_bound":418300.62635619595},"point_estimate":416744.54509379517,"standard_error":703.8244864595978},"Median":{"confidence_interval":{"confidence_level":0.95,"lower_bound":415360.80965909094,"upper_bound":417605.2792207792},"point_estimate":415742.1600378788,"standard_error":648.5252864357118},"MedianAbsDev":{"confidence_interval":{"confidence_level":0.95,"lower_bound":131.5138247485154,"upper_bound":2762.2604515281773},"point_estimate":1059.5246274396834,"standard_error":662.6403807531265},"Slope":{"confidence_interval":{"confidence_level":0.95,"lower_bound":415244.27652380173,"upper_bound":416789.62691493775},"point_estimate":415808.4613341204,"standard_error":399.5136827955867},"StdDev":{"confidence_interval":{"confidence_level":0.95,"lower_bound":692.9230448989059,"upper_bound":3437.068994381561},"point_estimate":2342.2985224940094,"standard_error":849.841857582542}}