{"Mean":{"confidence_interval":{"confidence_level":0.95,"lower_bound":-0.3626512968802155,"upper_bound":-0.3552413613039862},"point_estimate":-0.35919041267633844,"standard_error":0.0019161729615389856},"Median":{"confidence_interval":{"confidence_level":0.95,"lower_bound":-0.3636833676937543,"upper_bound":-0.3579964734115919},"point_estimate":-0.3615326156542341,"standard_error":0.0014620028329284036}}