{"Mean":{"confidence_interval":{"confidence_level":0.95,"lower_bound":0.012463090365403835,"upper_bound":0.02032989498442011},"point_estimate":0.016363457138702353,"standard_error":0.001982152146291041},"Median":{"confidence_interval":{"confidence_level":0.95,"lower_bound":0.010841632522787137,"upper_bound":0.02021420205873725},"point_estimate":0.015830601441665815,"standard_error":0.0023113006870092443}}