{"Mean":{"confidence_interval":{"confidence_level":0.95,"lower_bound":0.13908117112822999,"upper_bound":0.14841883421340366},"point_estimate":0.1436847761381057,"standard_error":0.002378204731081972},"Median":{"confidence_interval":{"confidence_level":0.95,"lower_bound":0.1387371219271527,"upper_bound":0.14898182811134153},"point_estimate":0.14418826336900192,"standard_error":0.0025309945774815547}}