{"Mean":{"confidence_interval":{"confidence_level":0.95,"lower_bound":-0.10711656179829707,"upper_bound":-0.09705832246059537},"point_estimate":-0.10180439178685341,"standard_error":0.0025797049305797863},"Median":{"confidence_interval":{"confidence_level":0.95,"lower_bound":-0.10910310328575334,"upper_bound":-0.09355971756777759},"point_estimate":-0.09717754538832224,"standard_error":0.004160219746696748}}