{"Mean":{"confidence_interval":{"confidence_level":0.95,"lower_bound":11604974.542607479,"upper_bound":11698616.785958078},"point_estimate":11651140.833425255,"standard_error":23969.693237478245},"Median":{"confidence_interval":{"confidence_level":0.95,"lower_bound":11510089.926470589,"upper_bound":11718841.318181818},"point_estimate":11582671.222199256,"standard_error":57868.98248317553},"MedianAbsDev":{"confidence_interval":{"confidence_level":0.95,"lower_bound":187898.6266702595,"upper_bound":325912.4465050116},"point_estimate":256698.7484782518,"standard_error":35443.29753465536},"Slope":{"confidence_interval":{"confidence_level":0.95,"lower_bound":11472240.65404953,"upper_bound":11533977.235089501},"point_estimate":11501367.55094429,"standard_error":15720.027583406694},"StdDev":{"confidence_interval":{"confidence_level":0.95,"lower_bound":212563.0349129245,"upper_bound":267180.1223451149},"point_estimate":241665.7293823342,"standard_error":13958.385597319295}}