{"Mean":{"confidence_interval":{"confidence_level":0.95,"lower_bound":12141785.125649335,"upper_bound":12278793.330512855},"point_estimate":12203492.885627355,"standard_error":35215.35500071892},"Median":{"confidence_interval":{"confidence_level":0.95,"lower_bound":12120262.2,"upper_bound":12168365.046165302},"point_estimate":12144488.00995671,"standard_error":12275.949437525614},"MedianAbsDev":{"confidence_interval":{"confidence_level":0.95,"lower_bound":93000.28148681858,"upper_bound":195566.86894631974},"point_estimate":150971.11339207165,"standard_error":26538.316932197737},"Slope":{"confidence_interval":{"confidence_level":0.95,"lower_bound":12082623.08732821,"upper_bound":12138837.543160278},"point_estimate":12110152.026992759,"standard_error":14342.246995209944},"StdDev":{"confidence_interval":{"confidence_level":0.95,"lower_bound":168317.80313306578,"upper_bound":493316.2903893936},"point_estimate":352317.41593494697,"standard_error":80797.0159869427}}