{"Mean":{"confidence_interval":{"confidence_level":0.95,"lower_bound":12053765.517717874,"upper_bound":12098842.722407352},"point_estimate":12075469.403406473,"standard_error":11505.288376344368},"Median":{"confidence_interval":{"confidence_level":0.95,"lower_bound":12034084.884615384,"upper_bound":12070958.81991465},"point_estimate":12048666.218406593,"standard_error":9495.958882237874},"MedianAbsDev":{"confidence_interval":{"confidence_level":0.95,"lower_bound":48778.349908503755,"upper_bound":101054.71432258654},"point_estimate":61662.591397493736,"standard_error":13623.76346846964},"Slope":{"confidence_interval":{"confidence_level":0.95,"lower_bound":12058608.777828654,"upper_bound":12101445.533426657},"point_estimate":12078572.471963942,"standard_error":10942.82960331584},"StdDev":{"confidence_interval":{"confidence_level":0.95,"lower_bound":84521.7801474692,"upper_bound":147615.70610548006},"point_estimate":116032.89758673427,"standard_error":16384.14368190219}}