{"Mean":{"confidence_interval":{"confidence_level":0.95,"lower_bound":11867006.642783219,"upper_bound":11904854.024196329},"point_estimate":11885684.093912091,"standard_error":9644.614764742386},"Median":{"confidence_interval":{"confidence_level":0.95,"lower_bound":11863121.45614035,"upper_bound":11914035.580729168},"point_estimate":11899457.722222222,"standard_error":15584.970697053293},"MedianAbsDev":{"confidence_interval":{"confidence_level":0.95,"lower_bound":64998.65816053891,"upper_bound":97946.83478539735},"point_estimate":83168.92271643785,"standard_error":8413.368068959062},"Slope":{"confidence_interval":{"confidence_level":0.95,"lower_bound":11859888.12019126,"upper_bound":11904080.442485204},"point_estimate":11881598.13436678,"standard_error":11293.248708442718},"StdDev":{"confidence_interval":{"confidence_level":0.95,"lower_bound":77664.56018194956,"upper_bound":116412.1210158259},"point_estimate":96864.80728766779,"standard_error":9944.636404236076}}