{"Mean":{"confidence_interval":{"confidence_level":0.95,"lower_bound":51.07442163620259,"upper_bound":52.45820122414816},"point_estimate":51.56975559280528,"standard_error":0.4137115133931454},"Median":{"confidence_interval":{"confidence_level":0.95,"lower_bound":51.06390997051079,"upper_bound":51.343389666371586},"point_estimate":51.10792096633752,"standard_error":0.11881693156055109},"MedianAbsDev":{"confidence_interval":{"confidence_level":0.95,"lower_bound":0.006243724833188186,"upper_bound":0.35216384308128645},"point_estimate":0.04554210883061763,"standard_error":0.14242213640953758},"Slope":{"confidence_interval":{"confidence_level":0.95,"lower_bound":51.04955427974574,"upper_bound":52.71502015400354},"point_estimate":51.56325050173251,"standard_error":0.45632063743921797},"StdDev":{"confidence_interval":{"confidence_level":0.95,"lower_bound":0.026458471566218705,"upper_bound":2.112143536164933},"point_estimate":1.374509388212953,"standard_error":0.7264214565303775}}