{"Mean":{"confidence_interval":{"confidence_level":0.95,"lower_bound":31.538981757789223,"upper_bound":31.710939860099266},"point_estimate":31.610285993340923,"standard_error":0.04472747606482529},"Median":{"confidence_interval":{"confidence_level":0.95,"lower_bound":31.475119398679404,"upper_bound":31.582918379798443},"point_estimate":31.539558882670107,"standard_error":0.027872052219240922},"MedianAbsDev":{"confidence_interval":{"confidence_level":0.95,"lower_bound":0.14783815892226707,"upper_bound":0.24671503299830666},"point_estimate":0.1983285693549277,"standard_error":0.0255223850320442},"Slope":{"confidence_interval":{"confidence_level":0.95,"lower_bound":31.51616027866913,"upper_bound":31.59183186651724},"point_estimate":31.553022336453214,"standard_error":0.019318026617866652},"StdDev":{"confidence_interval":{"confidence_level":0.95,"lower_bound":0.1855591398562508,"upper_bound":0.7077125410971721},"point_estimate":0.44691197019252965,"standard_error":0.16731610863203725}}