{"Mean":{"confidence_interval":{"confidence_level":0.95,"lower_bound":93528.42954434761,"upper_bound":95217.05991465632},"point_estimate":94294.33206632413,"standard_error":432.62093579907827},"Median":{"confidence_interval":{"confidence_level":0.95,"lower_bound":92797.22416851441,"upper_bound":93091.97561287027},"point_estimate":92884.51363636364,"standard_error":70.63568265086471},"MedianAbsDev":{"confidence_interval":{"confidence_level":0.95,"lower_bound":324.893687652201,"upper_bound":616.2804720129884},"point_estimate":455.1390978287572,"standard_error":69.1003591758605},"Slope":{"confidence_interval":{"confidence_level":0.95,"lower_bound":93586.5332621928,"upper_bound":95440.81634552633},"point_estimate":94440.6003879791,"standard_error":475.61574756349864},"StdDev":{"confidence_interval":{"confidence_level":0.95,"lower_bound":2441.3445562099673,"upper_bound":5939.017063386477},"point_estimate":4338.096595878897,"standard_error":894.45461568096}}