{"Mean":{"confidence_interval":{"confidence_level":0.95,"lower_bound":84438.39999229588,"upper_bound":84867.94277803584},"point_estimate":84643.40309187725,"standard_error":109.93411404372804},"Median":{"confidence_interval":{"confidence_level":0.95,"lower_bound":84055.99583333333,"upper_bound":84611.17889773063},"point_estimate":84403.22057560139,"standard_error":161.58516519072413},"MedianAbsDev":{"confidence_interval":{"confidence_level":0.95,"lower_bound":646.3731545800979,"upper_bound":1196.5827744549165},"point_estimate":968.6576344394999,"standard_error":148.3351019351642},"Slope":{"confidence_interval":{"confidence_level":0.95,"lower_bound":84322.47315360382,"upper_bound":84691.38542406049},"point_estimate":84496.03432466381,"standard_error":94.36526368697946},"StdDev":{"confidence_interval":{"confidence_level":0.95,"lower_bound":856.6331147614112,"upper_bound":1330.2623702554167},"point_estimate":1103.0625466728184,"standard_error":120.83007421694428}}