{"Mean":{"confidence_interval":{"confidence_level":0.95,"lower_bound":179022.3300772433,"upper_bound":180023.21441699605},"point_estimate":179509.26642611285,"standard_error":255.79749002649964},"Median":{"confidence_interval":{"confidence_level":0.95,"lower_bound":177838.16666666666,"upper_bound":179311.95},"point_estimate":178226.83265204387,"standard_error":388.35539366792074},"MedianAbsDev":{"confidence_interval":{"confidence_level":0.95,"lower_bound":838.983329512961,"upper_bound":2785.2682331831857},"point_estimate":1439.1333179419466,"standard_error":504.88015482716213},"Slope":{"confidence_interval":{"confidence_level":0.95,"lower_bound":179358.92280621614,"upper_bound":180866.21623620347},"point_estimate":180089.3154105709,"standard_error":384.834874934993},"StdDev":{"confidence_interval":{"confidence_level":0.95,"lower_bound":2180.031766718427,"upper_bound":2945.3112876503833},"point_estimate":2583.5616464982727,"standard_error":195.34797122883518}}