{"Mean":{"confidence_interval":{"confidence_level":0.95,"lower_bound":176309.38217719784,"upper_bound":177204.04333157817},"point_estimate":176753.89309333032,"standard_error":228.07385132040886},"Median":{"confidence_interval":{"confidence_level":0.95,"lower_bound":176327.7953125,"upper_bound":177269.91987179487},"point_estimate":176739.67521367522,"standard_error":226.8156827580311},"MedianAbsDev":{"confidence_interval":{"confidence_level":0.95,"lower_bound":68.7951731376288,"upper_bound":1322.1336523207174},"point_estimate":574.4063756676405,"standard_error":319.2055143014288},"Slope":{"confidence_interval":{"confidence_level":0.95,"lower_bound":176310.22017312195,"upper_bound":176854.68060343093},"point_estimate":176552.69927572427,"standard_error":138.42813297875145},"StdDev":{"confidence_interval":{"confidence_level":0.95,"lower_bound":339.4446903662221,"upper_bound":1009.3552558548259},"point_estimate":761.5822220656121,"standard_error":165.59667866649468}}