{"Mean":{"confidence_interval":{"confidence_level":0.95,"lower_bound":38.35376602855138,"upper_bound":38.576056661348126},"point_estimate":38.45638664926814,"standard_error":0.05704863332547262},"Median":{"confidence_interval":{"confidence_level":0.95,"lower_bound":38.23317167798254,"upper_bound":38.44873291596861},"point_estimate":38.393737224068076,"standard_error":0.0519701870882059},"MedianAbsDev":{"confidence_interval":{"confidence_level":0.95,"lower_bound":0.33117111028892604,"upper_bound":0.5322649088193614},"point_estimate":0.46118746928185916,"standard_error":0.04983356979914407},"Slope":{"confidence_interval":{"confidence_level":0.95,"lower_bound":38.33306388330789,"upper_bound":38.49625650453805},"point_estimate":38.41181999803061,"standard_error":0.04169549765884472},"StdDev":{"confidence_interval":{"confidence_level":0.95,"lower_bound":0.36315121871526224,"upper_bound":0.8008952948827281},"point_estimate":0.5742652369697171,"standard_error":0.12025755286264693}}