{"Mean":{"confidence_interval":{"confidence_level":0.95,"lower_bound":17.078328746257018,"upper_bound":17.129712013857475},"point_estimate":17.10160995231718,"standard_error":0.013223226310537177},"Median":{"confidence_interval":{"confidence_level":0.95,"lower_bound":17.070385838438686,"upper_bound":17.133987552606772},"point_estimate":17.08740045035038,"standard_error":0.013075901872475789},"MedianAbsDev":{"confidence_interval":{"confidence_level":0.95,"lower_bound":0.007516740163873667,"upper_bound":0.06290507336737282},"point_estimate":0.02585400028373836,"standard_error":0.013864431817491939},"Slope":{"confidence_interval":{"confidence_level":0.95,"lower_bound":17.06776247657563,"upper_bound":17.095984992747354},"point_estimate":17.079118047870097,"standard_error":0.007229730424866803},"StdDev":{"confidence_interval":{"confidence_level":0.95,"lower_bound":0.013089360593873337,"upper_bound":0.05663485484478724},"point_estimate":0.04403376302634751,"standard_error":0.011440262385100111}}