{"Mean":{"confidence_interval":{"confidence_level":0.95,"lower_bound":1216.2490365885408,"upper_bound":1230.1296565240918},"point_estimate":1222.7023563436705,"standard_error":3.55037541986878},"Median":{"confidence_interval":{"confidence_level":0.95,"lower_bound":1207.2379549214227,"upper_bound":1210.769295581645},"point_estimate":1209.2998292064833,"standard_error":0.94744603019026},"MedianAbsDev":{"confidence_interval":{"confidence_level":0.95,"lower_bound":3.79469252084493,"upper_bound":7.902680732003204},"point_estimate":6.037489945434406,"standard_error":1.0841062383839533},"Slope":{"confidence_interval":{"confidence_level":0.95,"lower_bound":1217.3354754223822,"upper_bound":1233.7383871917912},"point_estimate":1225.0458173863015,"standard_error":4.200370074368488},"StdDev":{"confidence_interval":{"confidence_level":0.95,"lower_bound":23.484685057032458,"upper_bound":46.39117741704273},"point_estimate":35.756501147681625,"standard_error":5.882558015130087}}