{"Mean":{"confidence_interval":{"confidence_level":0.95,"lower_bound":543.9123140313123,"upper_bound":545.7645147036003},"point_estimate":544.8081587150313,"standard_error":0.47229840511292065},"Median":{"confidence_interval":{"confidence_level":0.95,"lower_bound":542.6543991048293,"upper_bound":544.7461029099082},"point_estimate":543.7780062582437,"standard_error":0.6215118258050099},"MedianAbsDev":{"confidence_interval":{"confidence_level":0.95,"lower_bound":2.978909336124052,"upper_bound":5.183039885334914},"point_estimate":4.208127386734356,"standard_error":0.6259244226378198},"Slope":{"confidence_interval":{"confidence_level":0.95,"lower_bound":544.0247281724596,"upper_bound":546.5391803205379},"point_estimate":545.2328982568495,"standard_error":0.6414748694062968},"StdDev":{"confidence_interval":{"confidence_level":0.95,"lower_bound":3.8446491203608866,"upper_bound":5.507348492850445},"point_estimate":4.739184032824116,"standard_error":0.4249263850435892}}