{"Mean":{"confidence_interval":{"confidence_level":0.95,"lower_bound":685.292106311361,"upper_bound":688.316037756086},"point_estimate":686.6599158665075,"standard_error":0.7752009025340608},"Median":{"confidence_interval":{"confidence_level":0.95,"lower_bound":684.2456784968684,"upper_bound":685.7861040911255},"point_estimate":684.9171098665493,"standard_error":0.42230583771058633},"MedianAbsDev":{"confidence_interval":{"confidence_level":0.95,"lower_bound":3.35086303188986,"upper_bound":5.679745712649488},"point_estimate":4.310788267239962,"standard_error":0.5762025823003067},"Slope":{"confidence_interval":{"confidence_level":0.95,"lower_bound":684.9457431845341,"upper_bound":686.5351649673269},"point_estimate":685.7082115950354,"standard_error":0.40586758351476193},"StdDev":{"confidence_interval":{"confidence_level":0.95,"lower_bound":4.343426027736113,"upper_bound":11.122109134383722},"point_estimate":7.802488390437271,"standard_error":1.8141614154778922}}