{"Mean":{"confidence_interval":{"confidence_level":0.95,"lower_bound":0.23790069358779267,"upper_bound":0.24990311347616548},"point_estimate":0.24369260061019493,"standard_error":0.0030394829474114284},"Median":{"confidence_interval":{"confidence_level":0.95,"lower_bound":0.23569001690932478,"upper_bound":0.24624096157642694},"point_estimate":0.24000490128370688,"standard_error":0.002709426465812892}}