{"Mean":{"confidence_interval":{"confidence_level":0.95,"lower_bound":-0.09525227137241445,"upper_bound":-0.0912250974042559},"point_estimate":-0.09327148425825782,"standard_error":0.0010246454697309542},"Median":{"confidence_interval":{"confidence_level":0.95,"lower_bound":-0.09584186660006278,"upper_bound":-0.09108935201435253},"point_estimate":-0.0945683409832001,"standard_error":0.0012270277739687215}}