{"Mean":{"confidence_interval":{"confidence_level":0.95,"lower_bound":0.004188737473106237,"upper_bound":0.01213097438023965},"point_estimate":0.00800072588882661,"standard_error":0.002010408733964198},"Median":{"confidence_interval":{"confidence_level":0.95,"lower_bound":0.0031214755745775312,"upper_bound":0.01276783547471827},"point_estimate":0.008454483948696634,"standard_error":0.0024901018894161473}}