{"Mean":{"confidence_interval":{"confidence_level":0.95,"lower_bound":578.3002258800284,"upper_bound":580.938047918912},"point_estimate":579.5518213686848,"standard_error":0.6718217616072091},"Median":{"confidence_interval":{"confidence_level":0.95,"lower_bound":576.1432329210613,"upper_bound":579.0987351450178},"point_estimate":577.1857239290066,"standard_error":0.7242755044934337},"MedianAbsDev":{"confidence_interval":{"confidence_level":0.95,"lower_bound":3.1776065526575445,"upper_bound":6.185973647365808},"point_estimate":4.42118944683071,"standard_error":0.7067773456598629},"Slope":{"confidence_interval":{"confidence_level":0.95,"lower_bound":577.5579033415743,"upper_bound":580.0180303314944},"point_estimate":578.7383157975092,"standard_error":0.6283680198315351},"StdDev":{"confidence_interval":{"confidence_level":0.95,"lower_bound":5.043716237960469,"upper_bound":8.384080959655138},"point_estimate":6.742233911128185,"standard_error":0.8623655437038492}}