{"Mean":{"confidence_interval":{"confidence_level":0.95,"lower_bound":7219057.601763692,"upper_bound":7296484.358824876},"point_estimate":7254138.764982024,"standard_error":19798.041909093496},"Median":{"confidence_interval":{"confidence_level":0.95,"lower_bound":7170273.578226859,"upper_bound":7240816.938945234},"point_estimate":7195480.57244898,"standard_error":19445.866429155067},"MedianAbsDev":{"confidence_interval":{"confidence_level":0.95,"lower_bound":82316.3835232074,"upper_bound":150001.60115219446},"point_estimate":113337.17374331436,"standard_error":18019.70217645959},"Slope":{"confidence_interval":{"confidence_level":0.95,"lower_bound":7205196.729726544,"upper_bound":7244716.562880398},"point_estimate":7224437.625237181,"standard_error":10081.442897055666},"StdDev":{"confidence_interval":{"confidence_level":0.95,"lower_bound":121284.74305724437,"upper_bound":283934.4669166533},"point_estimate":198901.5825852765,"standard_error":47282.829919553085}}