{"Mean":{"confidence_interval":{"confidence_level":0.95,"lower_bound":6061515.09301389,"upper_bound":6088963.47311574},"point_estimate":6074986.912592592,"standard_error":7037.499271755861},"Median":{"confidence_interval":{"confidence_level":0.95,"lower_bound":6055915.583333333,"upper_bound":6092329.351851852},"point_estimate":6073551.825,"standard_error":11506.565001520585},"MedianAbsDev":{"confidence_interval":{"confidence_level":0.95,"lower_bound":2974.0873105325295,"upper_bound":40025.89974939768},"point_estimate":23873.051284502257,"standard_error":10036.517860444435},"Slope":{"confidence_interval":{"confidence_level":0.95,"lower_bound":6062083.485324233,"upper_bound":6086391.645555097},"point_estimate":6076499.677056277,"standard_error":6173.396484187676},"StdDev":{"confidence_interval":{"confidence_level":0.95,"lower_bound":13900.358936726638,"upper_bound":29601.217678374298},"point_estimate":23382.764527643067,"standard_error":4112.941425265808}}