{"Mean":{"confidence_interval":{"confidence_level":0.95,"lower_bound":704.763975228736,"upper_bound":723.8067568452122},"point_estimate":713.1651568715919,"standard_error":4.8935326417080525},"Median":{"confidence_interval":{"confidence_level":0.95,"lower_bound":696.7837312957657,"upper_bound":698.5701665536967},"point_estimate":697.9736803094204,"standard_error":0.4641644772013881},"MedianAbsDev":{"confidence_interval":{"confidence_level":0.95,"lower_bound":2.8997458545620227,"upper_bound":5.576697152923517},"point_estimate":4.180396519841499,"standard_error":0.6845145723042713},"Slope":{"confidence_interval":{"confidence_level":0.95,"lower_bound":703.8621258983009,"upper_bound":715.7071695997975},"point_estimate":709.4498015927625,"standard_error":3.0240186680333334},"StdDev":{"confidence_interval":{"confidence_level":0.95,"lower_bound":20.96342184786212,"upper_bound":71.55254301645647},"point_estimate":49.12721572241525,"standard_error":13.242248145161849}}