{"Mean":{"confidence_interval":{"confidence_level":0.95,"lower_bound":506.2684448643123,"upper_bound":508.31328061855925},"point_estimate":507.1778717153021,"standard_error":0.5270002608989308},"Median":{"confidence_interval":{"confidence_level":0.95,"lower_bound":505.34537120047816,"upper_bound":506.0949487704918},"point_estimate":505.61882501463697,"standard_error":0.2317517230921166},"MedianAbsDev":{"confidence_interval":{"confidence_level":0.95,"lower_bound":0.895412222975066,"upper_bound":1.8690646372768296},"point_estimate":1.2170875179011384,"standard_error":0.2736330385765775},"Slope":{"confidence_interval":{"confidence_level":0.95,"lower_bound":506.07590760176794,"upper_bound":508.1579822433904},"point_estimate":506.98115327790117,"standard_error":0.5382709966644644},"StdDev":{"confidence_interval":{"confidence_level":0.95,"lower_bound":2.3635263440625636,"upper_bound":7.561017753553416},"point_estimate":5.290647950258709,"standard_error":1.3260761658522597}}