{"Mean":{"confidence_interval":{"confidence_level":0.95,"lower_bound":2088258.7073941699,"upper_bound":2098178.65867821},"point_estimate":2092711.8979924414,"standard_error":2548.6788475856856},"Median":{"confidence_interval":{"confidence_level":0.95,"lower_bound":2083862.5192307692,"upper_bound":2087723.5714285714},"point_estimate":2085870.5983146066,"standard_error":1008.8060939254816},"MedianAbsDev":{"confidence_interval":{"confidence_level":0.95,"lower_bound":4682.974227619524,"upper_bound":8941.478541319919},"point_estimate":6450.279484397629,"standard_error":1058.147026324782},"Slope":{"confidence_interval":{"confidence_level":0.95,"lower_bound":2086993.4870598454,"upper_bound":2097520.2747257766},"point_estimate":2091435.5893985517,"standard_error":2725.0833768415887},"StdDev":{"confidence_interval":{"confidence_level":0.95,"lower_bound":10923.641559317579,"upper_bound":36061.147635254165},"point_estimate":25731.259102993103,"standard_error":6113.7435413095545}}