{"Mean":{"confidence_interval":{"confidence_level":0.95,"lower_bound":229.2107589369746,"upper_bound":230.6078866332623},"point_estimate":229.8181748033244,"standard_error":0.3588068996343954},"Median":{"confidence_interval":{"confidence_level":0.95,"lower_bound":228.52697841726618,"upper_bound":229.65936786748708},"point_estimate":228.95511329095655,"standard_error":0.2993370417457086},"MedianAbsDev":{"confidence_interval":{"confidence_level":0.95,"lower_bound":1.669454444507663,"upper_bound":2.7130558407222214},"point_estimate":2.1619215912559078,"standard_error":0.2506939878777856},"Slope":{"confidence_interval":{"confidence_level":0.95,"lower_bound":229.6181603226106,"upper_bound":230.70985570336725},"point_estimate":230.16248958855007,"standard_error":0.27915140802739596},"StdDev":{"confidence_interval":{"confidence_level":0.95,"lower_bound":1.9116779367457113,"upper_bound":5.454199815677932},"point_estimate":3.6044283434321955,"standard_error":1.1220481505762565}}