{"Mean":{"confidence_interval":{"confidence_level":0.95,"lower_bound":829.8200141382415,"upper_bound":837.4075090004508},"point_estimate":833.1619201476744,"standard_error":1.9534152044484934},"Median":{"confidence_interval":{"confidence_level":0.95,"lower_bound":826.3867528987693,"upper_bound":830.4817240414218},"point_estimate":827.9028816039718,"standard_error":1.0016134935819136},"MedianAbsDev":{"confidence_interval":{"confidence_level":0.95,"lower_bound":4.5011347320662605,"upper_bound":8.41801228190326},"point_estimate":6.016339054797285,"standard_error":0.9962553748791924},"Slope":{"confidence_interval":{"confidence_level":0.95,"lower_bound":828.5625480222182,"upper_bound":835.7969385110715},"point_estimate":831.4068604132491,"standard_error":1.914129820392026},"StdDev":{"confidence_interval":{"confidence_level":0.95,"lower_bound":7.729562263564499,"upper_bound":29.24906457781249},"point_estimate":19.620197602099257,"standard_error":5.495107219801075}}