{"Mean":{"confidence_interval":{"confidence_level":0.95,"lower_bound":532990.9206363363,"upper_bound":540109.5670348189},"point_estimate":536259.5880363397,"standard_error":1815.1875303408312},"Median":{"confidence_interval":{"confidence_level":0.95,"lower_bound":530034.119047619,"upper_bound":533553.8513513514},"point_estimate":531205.3224637681,"standard_error":772.6254044005265},"MedianAbsDev":{"confidence_interval":{"confidence_level":0.95,"lower_bound":6710.65039777934,"upper_bound":11992.768532209668},"point_estimate":9029.487249018319,"standard_error":1230.8915822567908},"Slope":{"confidence_interval":{"confidence_level":0.95,"lower_bound":531833.1353948349,"upper_bound":539841.868700251},"point_estimate":535534.894108172,"standard_error":2048.297018137983},"StdDev":{"confidence_interval":{"confidence_level":0.95,"lower_bound":10481.216447348594,"upper_bound":24781.713427845767},"point_estimate":18225.551212451042,"standard_error":3684.557029158351}}