{"Mean":{"confidence_interval":{"confidence_level":0.95,"lower_bound":523101.65901977575,"upper_bound":527803.5391838948},"point_estimate":525320.8341378747,"standard_error":1202.61729248363},"Median":{"confidence_interval":{"confidence_level":0.95,"lower_bound":520214.33478441124,"upper_bound":524070.8732394366},"point_estimate":521179.02582079347,"standard_error":1014.4411833222496},"MedianAbsDev":{"confidence_interval":{"confidence_level":0.95,"lower_bound":5552.0999930022845,"upper_bound":9752.60616685664},"point_estimate":6842.288284571408,"standard_error":1119.0467335455833},"Slope":{"confidence_interval":{"confidence_level":0.95,"lower_bound":520331.0404156331,"upper_bound":522765.63606272626},"point_estimate":521496.3138850303,"standard_error":620.2568315307917},"StdDev":{"confidence_interval":{"confidence_level":0.95,"lower_bound":8415.528708487289,"upper_bound":15310.508887017455},"point_estimate":12078.38111421942,"standard_error":1756.2732408012982}}