{"Mean":{"confidence_interval":{"confidence_level":0.95,"lower_bound":523337.0804796141,"upper_bound":525459.8705321196},"point_estimate":524378.757417682,"standard_error":542.6253871907929},"Median":{"confidence_interval":{"confidence_level":0.95,"lower_bound":523017.82666666666,"upper_bound":525188.1333333333},"point_estimate":524131.8008192525,"standard_error":719.220222108521},"MedianAbsDev":{"confidence_interval":{"confidence_level":0.95,"lower_bound":3841.1826693053777,"upper_bound":6392.434880845561},"point_estimate":4878.167759987604,"standard_error":643.492620622303},"Slope":{"confidence_interval":{"confidence_level":0.95,"lower_bound":522881.2999949072,"upper_bound":525177.6620073738},"point_estimate":524036.225288902,"standard_error":586.6759500309961},"StdDev":{"confidence_interval":{"confidence_level":0.95,"lower_bound":4400.046028401299,"upper_bound":6465.033635436026},"point_estimate":5450.037837121956,"standard_error":531.7151947225193}}