{"Mean":{"confidence_interval":{"confidence_level":0.95,"lower_bound":532995.2679341737,"upper_bound":534493.524112395},"point_estimate":533714.3210830999,"standard_error":383.83736765944394},"Median":{"confidence_interval":{"confidence_level":0.95,"lower_bound":532987.3647058824,"upper_bound":534611.7794117647},"point_estimate":533384.1220588235,"standard_error":390.36215882569115},"MedianAbsDev":{"confidence_interval":{"confidence_level":0.95,"lower_bound":119.16760670792378,"upper_bound":2065.99228297812},"point_estimate":627.7371894435333,"standard_error":573.3834600976862},"Slope":{"confidence_interval":{"confidence_level":0.95,"lower_bound":532766.864962719,"upper_bound":535186.5333097617},"point_estimate":534050.4788388083,"standard_error":618.8378831744488},"StdDev":{"confidence_interval":{"confidence_level":0.95,"lower_bound":522.0158884776364,"upper_bound":1652.2788093807405},"point_estimate":1279.2148234185097,"standard_error":276.71456386051085}}