{"Mean":{"confidence_interval":{"confidence_level":0.95,"lower_bound":473.8977717670956,"upper_bound":478.08025025250487},"point_estimate":475.6602641757965,"standard_error":1.0800335105981136},"Median":{"confidence_interval":{"confidence_level":0.95,"lower_bound":472.17018364766756,"upper_bound":474.9348330721442},"point_estimate":473.6408104784639,"standard_error":0.7491727093388186},"MedianAbsDev":{"confidence_interval":{"confidence_level":0.95,"lower_bound":3.9436659147895914,"upper_bound":6.4388974524306875},"point_estimate":5.3855810525832775,"standard_error":0.6072920575166503},"Slope":{"confidence_interval":{"confidence_level":0.95,"lower_bound":474.7640174137848,"upper_bound":477.53348288156354},"point_estimate":476.1205563083397,"standard_error":0.706041377650009},"StdDev":{"confidence_interval":{"confidence_level":0.95,"lower_bound":4.890791919438712,"upper_bound":16.93592364999261},"point_estimate":10.844452616527546,"standard_error":3.8433111671383844}}