{"Mean":{"confidence_interval":{"confidence_level":0.95,"lower_bound":0.003126354521071906,"upper_bound":0.0077410194362580115},"point_estimate":0.005535277600594357,"standard_error":0.0011850092481039748},"Median":{"confidence_interval":{"confidence_level":0.95,"lower_bound":0.003569654516207388,"upper_bound":0.008893099163045814},"point_estimate":0.0060930708667881195,"standard_error":0.0013663695804994875}}