{"Mean":{"confidence_interval":{"confidence_level":0.95,"lower_bound":0.031390421920205656,"upper_bound":0.038642004285618446},"point_estimate":0.03480721187514568,"standard_error":0.0018466839234493797},"Median":{"confidence_interval":{"confidence_level":0.95,"lower_bound":0.031099469427456228,"upper_bound":0.03663184674894171},"point_estimate":0.03453032829766833,"standard_error":0.0014492983651961235}}