{"Mean":{"confidence_interval":{"confidence_level":0.95,"lower_bound":-0.017137653091117887,"upper_bound":-0.008549695183647624},"point_estimate":-0.012641295902934058,"standard_error":0.002165386581560629},"Median":{"confidence_interval":{"confidence_level":0.95,"lower_bound":-0.01580892753943375,"upper_bound":-0.008528038708114472},"point_estimate":-0.011814709689680347,"standard_error":0.0018589470125439744}}