{"Mean":{"confidence_interval":{"confidence_level":0.95,"lower_bound":13746.472512205388,"upper_bound":13793.208999030481},"point_estimate":13768.873592051468,"standard_error":11.987384948751028},"Median":{"confidence_interval":{"confidence_level":0.95,"lower_bound":13736.46797979798,"upper_bound":13801.736363636363},"point_estimate":13756.658103354977,"standard_error":15.959429175856267},"MedianAbsDev":{"confidence_interval":{"confidence_level":0.95,"lower_bound":6.584419295982359,"upper_bound":69.33974063260877},"point_estimate":44.32760516757303,"standard_error":16.107846739882827},"Slope":{"confidence_interval":{"confidence_level":0.95,"lower_bound":13744.612494627123,"upper_bound":13796.91434562907},"point_estimate":13770.525106257379,"standard_error":14.31708864811157},"StdDev":{"confidence_interval":{"confidence_level":0.95,"lower_bound":20.5944350408669,"upper_bound":50.34270381517906},"point_estimate":39.928359369854476,"standard_error":7.564280181305541}}