{"Mean":{"confidence_interval":{"confidence_level":0.95,"lower_bound":13755.002575567218,"upper_bound":13836.590292108272},"point_estimate":13792.094475766487,"standard_error":20.842836729158627},"Median":{"confidence_interval":{"confidence_level":0.95,"lower_bound":13697.131097560976,"upper_bound":13775.095146871008},"point_estimate":13730.770105820106,"standard_error":19.656550020058308},"MedianAbsDev":{"confidence_interval":{"confidence_level":0.95,"lower_bound":72.89167192457485,"upper_bound":148.15819050990356},"point_estimate":117.35102652148638,"standard_error":19.457552014606016},"Slope":{"confidence_interval":{"confidence_level":0.95,"lower_bound":13772.421937017076,"upper_bound":13864.858894686022},"point_estimate":13817.739075086613,"standard_error":23.622064358415543},"StdDev":{"confidence_interval":{"confidence_level":0.95,"lower_bound":118.07692267379974,"upper_bound":302.37619684633836},"point_estimate":209.77928600444957,"standard_error":50.515984634084006}}