{"Mean":{"confidence_interval":{"confidence_level":0.95,"lower_bound":13963.392945444373,"upper_bound":14030.069098324197},"point_estimate":13992.52778237851,"standard_error":17.145727858424745},"Median":{"confidence_interval":{"confidence_level":0.95,"lower_bound":13944.60322769953,"upper_bound":13994.586267605633},"point_estimate":13973.25435694978,"standard_error":14.824596219274648},"MedianAbsDev":{"confidence_interval":{"confidence_level":0.95,"lower_bound":83.61862293212207,"upper_bound":132.57477937163767},"point_estimate":115.73554385644542,"standard_error":12.932171053598157},"Slope":{"confidence_interval":{"confidence_level":0.95,"lower_bound":13970.406497788317,"upper_bound":14021.11668794223},"point_estimate":13994.62952468171,"standard_error":12.920184454888687},"StdDev":{"confidence_interval":{"confidence_level":0.95,"lower_bound":88.80986677438268,"upper_bound":261.31313504094453},"point_estimate":172.1287513045744,"standard_error":53.489058277368024}}