{"Mean":{"confidence_interval":{"confidence_level":0.95,"lower_bound":37.718579860384104,"upper_bound":38.16627822144357},"point_estimate":37.91890656233307,"standard_error":0.115096800641785},"Median":{"confidence_interval":{"confidence_level":0.95,"lower_bound":37.47823555291521,"upper_bound":37.57429556364393},"point_estimate":37.52941143443127,"standard_error":0.02473140961515893},"MedianAbsDev":{"confidence_interval":{"confidence_level":0.95,"lower_bound":0.15235964917715863,"upper_bound":0.2650591086415621},"point_estimate":0.20146773819242508,"standard_error":0.03115305431101935},"Slope":{"confidence_interval":{"confidence_level":0.95,"lower_bound":37.7426985052295,"upper_bound":38.11842977725527},"point_estimate":37.92268318501567,"standard_error":0.09609500388501299},"StdDev":{"confidence_interval":{"confidence_level":0.95,"lower_bound":0.6391913938236315,"upper_bound":1.6712037709578862},"point_estimate":1.153121313281106,"standard_error":0.28962818064131973}}