{"Mean":{"confidence_interval":{"confidence_level":0.95,"lower_bound":7044.132854413799,"upper_bound":7080.931267993863},"point_estimate":7060.058866693402,"standard_error":9.486627754330478},"Median":{"confidence_interval":{"confidence_level":0.95,"lower_bound":7029.755714285714,"upper_bound":7064.44618226601},"point_estimate":7051.269019987105,"standard_error":8.40354135598403},"MedianAbsDev":{"confidence_interval":{"confidence_level":0.95,"lower_bound":40.12560654308698,"upper_bound":62.784284907499426},"point_estimate":53.12702855680665,"standard_error":5.683357208334038},"Slope":{"confidence_interval":{"confidence_level":0.95,"lower_bound":7049.378122429132,"upper_bound":7067.617661514983},"point_estimate":7058.530469589816,"standard_error":4.649161837543151},"StdDev":{"confidence_interval":{"confidence_level":0.95,"lower_bound":45.57689744955986,"upper_bound":145.676545124976},"point_estimate":95.21918812744765,"standard_error":30.132761423099584}}