{"Mean":{"confidence_interval":{"confidence_level":0.95,"lower_bound":5218.623644556358,"upper_bound":5240.913576329057},"point_estimate":5229.224393661735,"standard_error":5.717549121470647},"Median":{"confidence_interval":{"confidence_level":0.95,"lower_bound":5213.615012125853,"upper_bound":5244.857624928202},"point_estimate":5224.493020226471,"standard_error":7.494814436529464},"MedianAbsDev":{"confidence_interval":{"confidence_level":0.95,"lower_bound":1.1624060678179788,"upper_bound":32.282014166971926},"point_estimate":17.35615050892503,"standard_error":7.515877925946694},"Slope":{"confidence_interval":{"confidence_level":0.95,"lower_bound":5215.807137232146,"upper_bound":5231.234553339934},"point_estimate":5223.914105940011,"standard_error":4.056019657408828},"StdDev":{"confidence_interval":{"confidence_level":0.95,"lower_bound":9.384855336033644,"upper_bound":24.30491755661569},"point_estimate":19.06627502270518,"standard_error":3.8609977683331906}}