{"Mean":{"confidence_interval":{"confidence_level":0.95,"lower_bound":-0.028468668411976695,"upper_bound":-0.020956821182695904},"point_estimate":-0.024631550010452474,"standard_error":0.0019104922948141492},"Median":{"confidence_interval":{"confidence_level":0.95,"lower_bound":-0.025874318318467406,"upper_bound":-0.017663671600386198},"point_estimate":-0.02109490322024654,"standard_error":0.002138797731909564}}