{"Mean":{"confidence_interval":{"confidence_level":0.95,"lower_bound":-0.01627141509246844,"upper_bound":-0.008012240458002313},"point_estimate":-0.012335149918004107,"standard_error":0.002108634772332454},"Median":{"confidence_interval":{"confidence_level":0.95,"lower_bound":-0.018256318177416686,"upper_bound":-0.010642777825486505},"point_estimate":-0.014940062530877651,"standard_error":0.0019886694537474756}}