{"Mean":{"confidence_interval":{"confidence_level":0.95,"lower_bound":-0.04107728118118618,"upper_bound":-0.031360185190762044},"point_estimate":-0.03629868431829064,"standard_error":0.0024933271313763686},"Median":{"confidence_interval":{"confidence_level":0.95,"lower_bound":-0.04358981436554532,"upper_bound":-0.028390160215646443},"point_estimate":-0.03858276291195284,"standard_error":0.0034393011906821607}}