{"Mean":{"confidence_interval":{"confidence_level":0.95,"lower_bound":37.215657876320925,"upper_bound":37.29367307461349},"point_estimate":37.25337606101731,"standard_error":0.019959023344651605},"Median":{"confidence_interval":{"confidence_level":0.95,"lower_bound":37.148925914575685,"upper_bound":37.25037148376625},"point_estimate":37.17999801560826,"standard_error":0.027177738150578286},"MedianAbsDev":{"confidence_interval":{"confidence_level":0.95,"lower_bound":0.10445613604724723,"upper_bound":0.21808862610619423},"point_estimate":0.15028243993119458,"standard_error":0.02806989648027371},"Slope":{"confidence_interval":{"confidence_level":0.95,"lower_bound":37.23238677141796,"upper_bound":37.320896944016134},"point_estimate":37.27626991134671,"standard_error":0.022625049685913546},"StdDev":{"confidence_interval":{"confidence_level":0.95,"lower_bound":0.15875609693044854,"upper_bound":0.24447998512320404},"point_estimate":0.20081473542008538,"standard_error":0.022288378208980834}}