{"Mean":{"confidence_interval":{"confidence_level":0.95,"lower_bound":37.635652843106584,"upper_bound":38.17567911310942},"point_estimate":37.87532573828775,"standard_error":0.13883506097323495},"Median":{"confidence_interval":{"confidence_level":0.95,"lower_bound":37.36288075865759,"upper_bound":37.44301287164508},"point_estimate":37.40948667364322,"standard_error":0.021089421534961666},"MedianAbsDev":{"confidence_interval":{"confidence_level":0.95,"lower_bound":0.12578168793221522,"upper_bound":0.23357382015551165},"point_estimate":0.18055551710358023,"standard_error":0.026856230010346056},"Slope":{"confidence_interval":{"confidence_level":0.95,"lower_bound":37.63152342316146,"upper_bound":37.97900261572746},"point_estimate":37.79566269514931,"standard_error":0.08892878535176724},"StdDev":{"confidence_interval":{"confidence_level":0.95,"lower_bound":0.6786624180101185,"upper_bound":2.066163121651017},"point_estimate":1.396451766447623,"standard_error":0.3713116090710615}}