{"Mean":{"confidence_interval":{"confidence_level":0.95,"lower_bound":37.39473392665165,"upper_bound":37.51232361316805},"point_estimate":37.45198655919948,"standard_error":0.030299507092694883},"Median":{"confidence_interval":{"confidence_level":0.95,"lower_bound":37.375515975535265,"upper_bound":37.54980347842415},"point_estimate":37.41706193953334,"standard_error":0.05144096896922997},"MedianAbsDev":{"confidence_interval":{"confidence_level":0.95,"lower_bound":0.010399578409558465,"upper_bound":0.1585676647814736},"point_estimate":0.10674382672386769,"standard_error":0.04213324694769699},"Slope":{"confidence_interval":{"confidence_level":0.95,"lower_bound":37.40182574189435,"upper_bound":37.54250543228194},"point_estimate":37.46528458788846,"standard_error":0.036137398132200155},"StdDev":{"confidence_interval":{"confidence_level":0.95,"lower_bound":0.059001441466254675,"upper_bound":0.12176577251560833},"point_estimate":0.10115450920837943,"standard_error":0.01574042431775751}}