{"Mean":{"confidence_interval":{"confidence_level":0.95,"lower_bound":145.91751307432702,"upper_bound":146.39237008652336},"point_estimate":146.13231510250947,"standard_error":0.1211736507780181},"Median":{"confidence_interval":{"confidence_level":0.95,"lower_bound":145.78919555824214,"upper_bound":146.2435796654507},"point_estimate":145.97190544136342,"standard_error":0.12485651708114326},"MedianAbsDev":{"confidence_interval":{"confidence_level":0.95,"lower_bound":0.6583662254104655,"upper_bound":1.061777066832922},"point_estimate":0.8637203368555859,"standard_error":0.09697792509999138},"Slope":{"confidence_interval":{"confidence_level":0.95,"lower_bound":145.89373247020373,"upper_bound":146.19989371432155},"point_estimate":146.04313823068938,"standard_error":0.07787414818365686},"StdDev":{"confidence_interval":{"confidence_level":0.95,"lower_bound":0.7308455414874208,"upper_bound":1.752021503817566},"point_estimate":1.2168017661625914,"standard_error":0.2968871103946906}}