{"Mean":{"confidence_interval":{"confidence_level":0.95,"lower_bound":125.8929692045473,"upper_bound":130.20736532433628},"point_estimate":127.78372699081501,"standard_error":1.1093865688665057},"Median":{"confidence_interval":{"confidence_level":0.95,"lower_bound":124.15202099967827,"upper_bound":124.60332061068704},"point_estimate":124.3365865905664,"standard_error":0.12691333966598634},"MedianAbsDev":{"confidence_interval":{"confidence_level":0.95,"lower_bound":0.4601144931642391,"upper_bound":1.0573561240424705},"point_estimate":0.6973251826151406,"standard_error":0.15859639487156024},"Slope":{"confidence_interval":{"confidence_level":0.95,"lower_bound":125.53298520088245,"upper_bound":128.30589219597974},"point_estimate":126.78795549348715,"standard_error":0.7091112615812356},"StdDev":{"confidence_interval":{"confidence_level":0.95,"lower_bound":4.43969637928865,"upper_bound":16.41908824910699},"point_estimate":11.141505401952815,"standard_error":3.090292054703447}}