{"Mean":{"confidence_interval":{"confidence_level":0.95,"lower_bound":50.771081920287216,"upper_bound":50.95367519266023},"point_estimate":50.86072776440016,"standard_error":0.04674146198066271},"Median":{"confidence_interval":{"confidence_level":0.95,"lower_bound":50.72128470103508,"upper_bound":50.93842228199716},"point_estimate":50.89982104836919,"standard_error":0.055238208289574466},"MedianAbsDev":{"confidence_interval":{"confidence_level":0.95,"lower_bound":0.0028154305115563297,"upper_bound":0.29157168013647883},"point_estimate":0.11654021110549506,"standard_error":0.07473606789409643},"Slope":{"confidence_interval":{"confidence_level":0.95,"lower_bound":50.81498924031242,"upper_bound":50.99335423246685},"point_estimate":50.90611355749992,"standard_error":0.04418459709142365},"StdDev":{"confidence_interval":{"confidence_level":0.95,"lower_bound":0.08110136097113475,"upper_bound":0.2072151855267285},"point_estimate":0.15616263285475818,"standard_error":0.03340372611234}}