{"Mean":{"confidence_interval":{"confidence_level":0.95,"lower_bound":8870.002283896267,"upper_bound":9130.21447140874},"point_estimate":8977.750533464408,"standard_error":67.35801903724798},"Median":{"confidence_interval":{"confidence_level":0.95,"lower_bound":8781.484128135291,"upper_bound":8804.351351351352},"point_estimate":8796.852252252253,"standard_error":7.538436426962412},"MedianAbsDev":{"confidence_interval":{"confidence_level":0.95,"lower_bound":31.766660246838747,"upper_bound":56.046202991368204},"point_estimate":45.03612881567161,"standard_error":6.248581201279013},"Slope":{"confidence_interval":{"confidence_level":0.95,"lower_bound":8849.940915539377,"upper_bound":8994.86714855008},"point_estimate":8918.013268977564,"standard_error":37.03328169342768},"StdDev":{"confidence_interval":{"confidence_level":0.95,"lower_bound":266.64571029640905,"upper_bound":1070.6453312793735},"point_estimate":678.2469815570953,"standard_error":248.95621524159188}}