{"Mean":{"confidence_interval":{"confidence_level":0.95,"lower_bound":8824.054665415711,"upper_bound":8901.442934250323},"point_estimate":8858.57551993588,"standard_error":19.83303917670299},"Median":{"confidence_interval":{"confidence_level":0.95,"lower_bound":8783.288087134104,"upper_bound":8842.344328238134},"point_estimate":8804.213396063002,"standard_error":13.986401755214183},"MedianAbsDev":{"confidence_interval":{"confidence_level":0.95,"lower_bound":80.59871165287123,"upper_bound":156.057407829958},"point_estimate":105.52913216006523,"standard_error":19.312347893506512},"Slope":{"confidence_interval":{"confidence_level":0.95,"lower_bound":8782.71643818488,"upper_bound":8827.667862000168},"point_estimate":8804.651886471436,"standard_error":11.497566829206274},"StdDev":{"confidence_interval":{"confidence_level":0.95,"lower_bound":115.66152856407717,"upper_bound":293.1797823173004},"point_estimate":199.7122304455565,"standard_error":54.01253866379821}}