{"Mean":{"confidence_interval":{"confidence_level":0.95,"lower_bound":22196372.001489416,"upper_bound":22378553.87769413},"point_estimate":22283404.98622043,"standard_error":46539.42698802551},"Median":{"confidence_interval":{"confidence_level":0.95,"lower_bound":22068127.049675625,"upper_bound":22228791.321990117},"point_estimate":22175314.225892857,"standard_error":40815.78571171679},"MedianAbsDev":{"confidence_interval":{"confidence_level":0.95,"lower_bound":235519.09123021303,"upper_bound":416934.65191913996},"point_estimate":343676.7091801005,"standard_error":50611.43430884623},"Slope":{"confidence_interval":{"confidence_level":0.95,"lower_bound":22224446.80787532,"upper_bound":22593960.546949327},"point_estimate":22404726.162213683,"standard_error":94585.53805887925},"StdDev":{"confidence_interval":{"confidence_level":0.95,"lower_bound":342089.86286522815,"upper_bound":589068.2502114234},"point_estimate":466904.6311015143,"standard_error":63636.41358213809}}