{"Mean":{"confidence_interval":{"confidence_level":0.95,"lower_bound":7039.784567018923,"upper_bound":7141.378812046973},"point_estimate":7078.602192940133,"standard_error":27.256326197332147},"Median":{"confidence_interval":{"confidence_level":0.95,"lower_bound":7015.772504091653,"upper_bound":7058.805633792195},"point_estimate":7025.78898406558,"standard_error":11.441378104087146},"MedianAbsDev":{"confidence_interval":{"confidence_level":0.95,"lower_bound":54.84117560461741,"upper_bound":90.62191155643573},"point_estimate":69.03259108436094,"standard_error":8.85336789690188},"Slope":{"confidence_interval":{"confidence_level":0.95,"lower_bound":7029.726590185465,"upper_bound":7055.9491437439465},"point_estimate":7042.52325763221,"standard_error":6.685965695020814},"StdDev":{"confidence_interval":{"confidence_level":0.95,"lower_bound":63.08400316808221,"upper_bound":455.82749836869243},"point_estimate":274.15221461423516,"standard_error":127.77017722238519}}