{"Mean":{"confidence_interval":{"confidence_level":0.95,"lower_bound":7119.849266026552,"upper_bound":7202.3107577140945},"point_estimate":7156.157608874371,"standard_error":21.202001218459163},"Median":{"confidence_interval":{"confidence_level":0.95,"lower_bound":7072.310638297872,"upper_bound":7140.698187549251},"point_estimate":7111.123695103848,"standard_error":16.96870722652766},"MedianAbsDev":{"confidence_interval":{"confidence_level":0.95,"lower_bound":58.44415872693291,"upper_bound":117.46786215802693},"point_estimate":89.74681811466931,"standard_error":14.087559774205404},"Slope":{"confidence_interval":{"confidence_level":0.95,"lower_bound":7121.093397556027,"upper_bound":7178.042267961355},"point_estimate":7147.755899604568,"standard_error":14.565355469105317},"StdDev":{"confidence_interval":{"confidence_level":0.95,"lower_bound":85.93267163969705,"upper_bound":316.55405171717746},"point_estimate":213.45468813335103,"standard_error":59.23704491363272}}