{"Mean":{"confidence_interval":{"confidence_level":0.95,"lower_bound":7035.960279336593,"upper_bound":7153.228532609506},"point_estimate":7090.6440211748,"standard_error":30.07740072907391},"Median":{"confidence_interval":{"confidence_level":0.95,"lower_bound":6969.2800751879695,"upper_bound":6982.567678571429},"point_estimate":6975.409349489796,"standard_error":3.172858257765646},"MedianAbsDev":{"confidence_interval":{"confidence_level":0.95,"lower_bound":23.25301217165941,"upper_bound":47.01846452239826},"point_estimate":37.08724353274659,"standard_error":6.240957435453071},"Slope":{"confidence_interval":{"confidence_level":0.95,"lower_bound":7034.280782047834,"upper_bound":7174.128892922948},"point_estimate":7100.28085349068,"standard_error":35.83782610081123},"StdDev":{"confidence_interval":{"confidence_level":0.95,"lower_bound":206.74486675997204,"upper_bound":392.0091589209808},"point_estimate":302.95942665471046,"standard_error":47.94659144845615}}