{"Mean":{"confidence_interval":{"confidence_level":0.95,"lower_bound":1834396.0705754117,"upper_bound":1858892.5399703889},"point_estimate":1846275.2140335387,"standard_error":6263.0510684276815},"Median":{"confidence_interval":{"confidence_level":0.95,"lower_bound":1832018.2524143986,"upper_bound":1849628.35},"point_estimate":1842345.861111111,"standard_error":5074.421893052818},"MedianAbsDev":{"confidence_interval":{"confidence_level":0.95,"lower_bound":29903.612896544244,"upper_bound":51533.011836924314},"point_estimate":39811.92985265643,"standard_error":5531.424193275061},"Slope":{"confidence_interval":{"confidence_level":0.95,"lower_bound":1826298.4918143058,"upper_bound":1852626.5905047639},"point_estimate":1839252.2179104479,"standard_error":6707.33084598794},"StdDev":{"confidence_interval":{"confidence_level":0.95,"lower_bound":47656.649982400944,"upper_bound":77566.93470306203},"point_estimate":62828.53935532137,"standard_error":7700.539859786342}}