{"Mean":{"confidence_interval":{"confidence_level":0.95,"lower_bound":715818.969326923,"upper_bound":720764.9623076923},"point_estimate":718173.8554258242,"standard_error":1266.282025965162},"Median":{"confidence_interval":{"confidence_level":0.95,"lower_bound":714649.3701923077,"upper_bound":722120.0224358975},"point_estimate":716867.2884615385,"standard_error":1723.6378049103369},"MedianAbsDev":{"confidence_interval":{"confidence_level":0.95,"lower_bound":520.4699792213104,"upper_bound":7116.582515193962},"point_estimate":4120.045536469948,"standard_error":1685.3463942859019},"Slope":{"confidence_interval":{"confidence_level":0.95,"lower_bound":714277.4782734121,"upper_bound":719649.7773954532},"point_estimate":716029.7555444555,"standard_error":1370.7534713958173},"StdDev":{"confidence_interval":{"confidence_level":0.95,"lower_bound":2061.3800492013297,"upper_bound":5239.166519303693},"point_estimate":4215.471382206183,"standard_error":797.3715006513688}}