{"Mean":{"confidence_interval":{"confidence_level":0.95,"lower_bound":117.46156383251518,"upper_bound":118.1272349220723},"point_estimate":117.76971369115238,"standard_error":0.1703768694978576},"Median":{"confidence_interval":{"confidence_level":0.95,"lower_bound":117.18242385123855,"upper_bound":117.4749158933186},"point_estimate":117.29259167533036,"standard_error":0.0798386762446461},"MedianAbsDev":{"confidence_interval":{"confidence_level":0.95,"lower_bound":0.5085970619507956,"upper_bound":1.0231919903428732},"point_estimate":0.727131862437393,"standard_error":0.12322688405400772},"Slope":{"confidence_interval":{"confidence_level":0.95,"lower_bound":117.13544610288642,"upper_bound":117.57331424686465},"point_estimate":117.31775112727964,"standard_error":0.11289056352942646},"StdDev":{"confidence_interval":{"confidence_level":0.95,"lower_bound":1.0457805245512684,"upper_bound":2.33995413142855},"point_estimate":1.7161366155388138,"standard_error":0.3361223673180536}}