{"Mean":{"confidence_interval":{"confidence_level":0.95,"lower_bound":614730.3823816557,"upper_bound":618956.089268985},"point_estimate":616703.6585371386,"standard_error":1077.595524953653},"Median":{"confidence_interval":{"confidence_level":0.95,"lower_bound":611749.7547169811,"upper_bound":615339.907878788},"point_estimate":613277.7336956521,"standard_error":850.562539160222},"MedianAbsDev":{"confidence_interval":{"confidence_level":0.95,"lower_bound":4643.594484572096,"upper_bound":8621.486905633687},"point_estimate":6487.496845792285,"standard_error":1004.4405805995597},"Slope":{"confidence_interval":{"confidence_level":0.95,"lower_bound":614529.2831680157,"upper_bound":618091.7123740809},"point_estimate":616202.7871257573,"standard_error":911.5198217375681},"StdDev":{"confidence_interval":{"confidence_level":0.95,"lower_bound":7435.569471085652,"upper_bound":14219.472317328089},"point_estimate":10848.297224565431,"standard_error":1771.6229824224283}}