{"Mean":{"confidence_interval":{"confidence_level":0.95,"lower_bound":527943.4168151252,"upper_bound":532671.4060945176},"point_estimate":530173.6966927763,"standard_error":1202.7526996835354},"Median":{"confidence_interval":{"confidence_level":0.95,"lower_bound":527526.401081081,"upper_bound":530818.578125},"point_estimate":528895.6602490421,"standard_error":739.8246963040316},"MedianAbsDev":{"confidence_interval":{"confidence_level":0.95,"lower_bound":5971.790320646068,"upper_bound":9016.073340555646},"point_estimate":7499.530604116296,"standard_error":755.633825183816},"Slope":{"confidence_interval":{"confidence_level":0.95,"lower_bound":528974.2882624122,"upper_bound":532878.7381661097},"point_estimate":530872.4548160189,"standard_error":995.7530621564947},"StdDev":{"confidence_interval":{"confidence_level":0.95,"lower_bound":7747.541324999082,"upper_bound":16927.55960622913},"point_estimate":12095.219700039475,"standard_error":2508.6691739576368}}