{"Mean":{"confidence_interval":{"confidence_level":0.95,"lower_bound":619489.9288695275,"upper_bound":624396.8951770099},"point_estimate":621775.8012225897,"standard_error":1251.4358632556482},"Median":{"confidence_interval":{"confidence_level":0.95,"lower_bound":616678.4545454546,"upper_bound":620001.6506024096},"point_estimate":618266.1325668239,"standard_error":741.791615609042},"MedianAbsDev":{"confidence_interval":{"confidence_level":0.95,"lower_bound":5851.00001343166,"upper_bound":10262.23628663541},"point_estimate":8013.596780185249,"standard_error":1107.5184636429042},"Slope":{"confidence_interval":{"confidence_level":0.95,"lower_bound":616995.2374636172,"upper_bound":620692.3658352788},"point_estimate":618781.1344510122,"standard_error":940.9701754572129},"StdDev":{"confidence_interval":{"confidence_level":0.95,"lower_bound":8608.564070102917,"upper_bound":16949.966697792366},"point_estimate":12558.839811890146,"standard_error":2313.6557154896864}}