{"Mean":{"confidence_interval":{"confidence_level":0.95,"lower_bound":622415.7339327268,"upper_bound":630169.50018605},"point_estimate":626059.0969351716,"standard_error":1983.1622798456324},"Median":{"confidence_interval":{"confidence_level":0.95,"lower_bound":617047.4826388889,"upper_bound":618922.2947761194},"point_estimate":618039.7895161291,"standard_error":447.0079958603567},"MedianAbsDev":{"confidence_interval":{"confidence_level":0.95,"lower_bound":3135.839659843959,"upper_bound":6005.602532015642},"point_estimate":4550.181967699949,"standard_error":710.3899413691224},"Slope":{"confidence_interval":{"confidence_level":0.95,"lower_bound":622795.1066036383,"upper_bound":632031.6758160316},"point_estimate":627167.2159184277,"standard_error":2364.3198320332754},"StdDev":{"confidence_interval":{"confidence_level":0.95,"lower_bound":13811.944945574545,"upper_bound":25139.554711783923},"point_estimate":19950.275069291234,"standard_error":2896.911555422836}}