{"Mean":{"confidence_interval":{"confidence_level":0.95,"lower_bound":9219.694659959227,"upper_bound":9264.739087870135},"point_estimate":9240.415124744752,"standard_error":11.546136333078433},"Median":{"confidence_interval":{"confidence_level":0.95,"lower_bound":9200.827417695473,"upper_bound":9235.276816911251},"point_estimate":9217.294714457887,"standard_error":8.049471931768956},"MedianAbsDev":{"confidence_interval":{"confidence_level":0.95,"lower_bound":60.591600669403576,"upper_bound":96.60220233213505},"point_estimate":85.81702343251904,"standard_error":9.081841244097067},"Slope":{"confidence_interval":{"confidence_level":0.95,"lower_bound":9213.413469154022,"upper_bound":9243.380137203889},"point_estimate":9227.98114493539,"standard_error":7.665964150541324},"StdDev":{"confidence_interval":{"confidence_level":0.95,"lower_bound":73.63528563578308,"upper_bound":161.53278297312366},"point_estimate":115.60030434286101,"standard_error":24.813979096882345}}