{"Mean":{"confidence_interval":{"confidence_level":0.95,"lower_bound":9440.490466576262,"upper_bound":9524.897881436764},"point_estimate":9480.772996633768,"standard_error":21.572038411808208},"Median":{"confidence_interval":{"confidence_level":0.95,"lower_bound":9376.746823257605,"upper_bound":9458.615647364997},"point_estimate":9429.317740389466,"standard_error":23.625564918133772},"MedianAbsDev":{"confidence_interval":{"confidence_level":0.95,"lower_bound":108.87165930100348,"upper_bound":195.93562981547257},"point_estimate":145.17481246084753,"standard_error":23.090520154388823},"Slope":{"confidence_interval":{"confidence_level":0.95,"lower_bound":9398.343334170186,"upper_bound":9466.99836529395},"point_estimate":9431.84579000198,"standard_error":17.504455545990478},"StdDev":{"confidence_interval":{"confidence_level":0.95,"lower_bound":161.57994882844682,"upper_bound":265.93190298865693},"point_estimate":217.05614539811455,"standard_error":26.717921873040904}}