{"Mean":{"confidence_interval":{"confidence_level":0.95,"lower_bound":9089.151544342643,"upper_bound":9140.199532149409},"point_estimate":9112.643217493149,"standard_error":13.085251441121907},"Median":{"confidence_interval":{"confidence_level":0.95,"lower_bound":9062.475527430079,"upper_bound":9122.093301021292},"point_estimate":9101.84198766103,"standard_error":16.843432778254556},"MedianAbsDev":{"confidence_interval":{"confidence_level":0.95,"lower_bound":74.61135249801475,"upper_bound":114.69283200685118},"point_estimate":98.02824847241762,"standard_error":10.583506703805998},"Slope":{"confidence_interval":{"confidence_level":0.95,"lower_bound":9111.97979927466,"upper_bound":9169.875731359401},"point_estimate":9140.60361394951,"standard_error":14.751661794382741},"StdDev":{"confidence_interval":{"confidence_level":0.95,"lower_bound":83.57473668166173,"upper_bound":185.85467975117297},"point_estimate":131.7076610313211,"standard_error":29.825781153221463}}