{"Mean":{"confidence_interval":{"confidence_level":0.95,"lower_bound":6254.835301145926,"upper_bound":6273.97413899717},"point_estimate":6264.1232917120415,"standard_error":4.909479461973638},"Median":{"confidence_interval":{"confidence_level":0.95,"lower_bound":6250.092862092862,"upper_bound":6283.832163894664},"point_estimate":6259.465176715177,"standard_error":7.442759328435827},"MedianAbsDev":{"confidence_interval":{"confidence_level":0.95,"lower_bound":1.5848305331947299,"upper_bound":26.854401134465945},"point_estimate":16.438607920215386,"standard_error":6.763708435607781},"Slope":{"confidence_interval":{"confidence_level":0.95,"lower_bound":6253.368692888914,"upper_bound":6282.989011289457},"point_estimate":6273.222162522163,"standard_error":7.179442917885547},"StdDev":{"confidence_interval":{"confidence_level":0.95,"lower_bound":8.294399955709785,"upper_bound":19.502485925778764},"point_estimate":16.425834640830047,"standard_error":2.6059987020711746}}