{"Mean":{"confidence_interval":{"confidence_level":0.95,"lower_bound":69679.33295226577,"upper_bound":70633.98890443971},"point_estimate":70144.62915979273,"standard_error":243.8169759779392},"Median":{"confidence_interval":{"confidence_level":0.95,"lower_bound":68855.7908045977,"upper_bound":69609.2475177305},"point_estimate":69214.18910394266,"standard_error":188.63851723987136},"MedianAbsDev":{"confidence_interval":{"confidence_level":0.95,"lower_bound":1144.6272174418923,"upper_bound":2356.211282004196},"point_estimate":1757.5215755477545,"standard_error":321.4891881921549},"Slope":{"confidence_interval":{"confidence_level":0.95,"lower_bound":68928.93278907251,"upper_bound":69435.92704947646},"point_estimate":69167.38009300035,"standard_error":129.52210167986232},"StdDev":{"confidence_interval":{"confidence_level":0.95,"lower_bound":2051.7559073803413,"upper_bound":2852.938643003215},"point_estimate":2450.3041480921283,"standard_error":205.45695323359493}}