{"Mean":{"confidence_interval":{"confidence_level":0.95,"lower_bound":76091.07865630448,"upper_bound":76735.54134423789},"point_estimate":76372.14860631381,"standard_error":165.84648268812876},"Median":{"confidence_interval":{"confidence_level":0.95,"lower_bound":75842.03571428571,"upper_bound":76288.21990369182},"point_estimate":76048.17729323308,"standard_error":126.21470474650738},"MedianAbsDev":{"confidence_interval":{"confidence_level":0.95,"lower_bound":768.4490636666978,"upper_bound":1223.6983070939787},"point_estimate":1004.1998189740937,"standard_error":109.72387563740892},"Slope":{"confidence_interval":{"confidence_level":0.95,"lower_bound":76226.44935821633,"upper_bound":76696.01247232925},"point_estimate":76463.19671958454,"standard_error":119.86779411177947},"StdDev":{"confidence_interval":{"confidence_level":0.95,"lower_bound":870.562496436018,"upper_bound":2517.0687668901737},"point_estimate":1666.9770844678544,"standard_error":507.5549183074525}}