{"Mean":{"confidence_interval":{"confidence_level":0.95,"lower_bound":1216891.2446668756,"upper_bound":1233902.034717304},"point_estimate":1224606.7062140573,"standard_error":4341.224365060558},"Median":{"confidence_interval":{"confidence_level":0.95,"lower_bound":1207177.1764705882,"upper_bound":1220315.1112637362},"point_estimate":1215384.0669240667,"standard_error":3225.0246777679486},"MedianAbsDev":{"confidence_interval":{"confidence_level":0.95,"lower_bound":18640.709701061114,"upper_bound":32854.95841257466},"point_estimate":26733.111925067027,"standard_error":3599.511461030565},"Slope":{"confidence_interval":{"confidence_level":0.95,"lower_bound":1213759.352647185,"upper_bound":1228378.8384246319},"point_estimate":1220940.6673533323,"standard_error":3737.325078369159},"StdDev":{"confidence_interval":{"confidence_level":0.95,"lower_bound":26798.58964338402,"upper_bound":62389.503090063365},"point_estimate":43836.163577963045,"standard_error":10360.470117702318}}