{"Mean":{"confidence_interval":{"confidence_level":0.95,"lower_bound":9774068.138968255,"upper_bound":9887064.083968256},"point_estimate":9835628.712301586,"standard_error":28992.69929601056},"Median":{"confidence_interval":{"confidence_level":0.95,"lower_bound":9807931.916666668,"upper_bound":9915282.75},"point_estimate":9835330.589285715,"standard_error":25595.549514871367},"MedianAbsDev":{"confidence_interval":{"confidence_level":0.95,"lower_bound":8187.94663797037,"upper_bound":148753.29132576752},"point_estimate":48809.2179417972,"standard_error":36808.37241144678},"Slope":{"confidence_interval":{"confidence_level":0.95,"lower_bound":9827548.949369906,"upper_bound":9903827.203422053},"point_estimate":9860614.233766234,"standard_error":19403.79889054936},"StdDev":{"confidence_interval":{"confidence_level":0.95,"lower_bound":39712.60066543221,"upper_bound":136003.21617574597},"point_estimate":96755.6641700179,"standard_error":28036.495415422334}}