{"Mean":{"confidence_interval":{"confidence_level":0.95,"lower_bound":1336282.259682272,"upper_bound":1359521.185698223},"point_estimate":1347598.8032626137,"standard_error":5938.560790152512},"Median":{"confidence_interval":{"confidence_level":0.95,"lower_bound":1323969.303362573,"upper_bound":1348999.7216494845},"point_estimate":1339402.0968008256,"standard_error":6946.619403787029},"MedianAbsDev":{"confidence_interval":{"confidence_level":0.95,"lower_bound":35736.36007582459,"upper_bound":59602.70488053166},"point_estimate":45517.31359500223,"standard_error":6086.531533622104},"Slope":{"confidence_interval":{"confidence_level":0.95,"lower_bound":1353078.487787614,"upper_bound":1386245.242454779},"point_estimate":1369575.91926112,"standard_error":8443.094828952819},"StdDev":{"confidence_interval":{"confidence_level":0.95,"lower_bound":48561.08437358075,"upper_bound":69404.78210931952},"point_estimate":59635.93138232099,"standard_error":5324.782427965444}}