{"Mean":{"confidence_interval":{"confidence_level":0.95,"lower_bound":0.0038527016471819444,"upper_bound":0.008415608966039947},"point_estimate":0.006116214994636993,"standard_error":0.0011553980332174997},"Median":{"confidence_interval":{"confidence_level":0.95,"lower_bound":0.004660274491691707,"upper_bound":0.0073214815228943575},"point_estimate":0.0061928966625393045,"standard_error":0.0007057790478077883}}