{"Mean":{"confidence_interval":{"confidence_level":0.95,"lower_bound":0.7444100483468562,"upper_bound":0.751661445248491},"point_estimate":0.7482186100592219,"standard_error":0.0018496906381500254},"Median":{"confidence_interval":{"confidence_level":0.95,"lower_bound":0.7437976501882859,"upper_bound":0.7541839851875114},"point_estimate":0.7493674583512244,"standard_error":0.002539631999754169}}