{"Mean":{"confidence_interval":{"confidence_level":0.95,"lower_bound":0.3265954854191862,"upper_bound":0.3361270518661013},"point_estimate":0.3312708579284047,"standard_error":0.002407769764159784},"Median":{"confidence_interval":{"confidence_level":0.95,"lower_bound":0.32390972870683954,"upper_bound":0.3335093310550103},"point_estimate":0.3276366198205476,"standard_error":0.002496613923546821}}