{"Mean":{"confidence_interval":{"confidence_level":0.95,"lower_bound":115226181.27668048,"upper_bound":115380606.68240002},"point_estimate":115300099.79447256,"standard_error":39309.327948995735},"Median":{"confidence_interval":{"confidence_level":0.95,"lower_bound":115130974.47619048,"upper_bound":115276332.1880233},"point_estimate":115186041.78101474,"standard_error":46410.43465888029},"MedianAbsDev":{"confidence_interval":{"confidence_level":0.95,"lower_bound":211455.9057801267,"upper_bound":348307.0106987613},"point_estimate":278772.560083253,"standard_error":35984.04474305076},"Slope":{"confidence_interval":{"confidence_level":0.95,"lower_bound":115222818.4680985,"upper_bound":115376991.64933401},"point_estimate":115296563.44355254,"standard_error":39336.92197261912},"StdDev":{"confidence_interval":{"confidence_level":0.95,"lower_bound":299839.027619428,"upper_bound":476544.0690437372},"point_estimate":395516.19897145784,"standard_error":45020.53894130211}}