{"Mean":{"confidence_interval":{"confidence_level":0.95,"lower_bound":56612868.2948267,"upper_bound":56713027.651377365},"point_estimate":56661995.7400492,"standard_error":25607.64144801879},"Median":{"confidence_interval":{"confidence_level":0.95,"lower_bound":56599935.7475,"upper_bound":56717082.81012658},"point_estimate":56644794.6328125,"standard_error":29614.637429482435},"MedianAbsDev":{"confidence_interval":{"confidence_level":0.95,"lower_bound":186373.47002046413,"upper_bound":294207.2321782151},"point_estimate":246320.25704164803,"standard_error":26886.558551366594},"Slope":{"confidence_interval":{"confidence_level":0.95,"lower_bound":56675045.216448344,"upper_bound":56750923.130471215},"point_estimate":56712729.91306044,"standard_error":19332.91185458474},"StdDev":{"confidence_interval":{"confidence_level":0.95,"lower_bound":213090.83682860163,"upper_bound":298721.694153303},"point_estimate":257087.47455117025,"standard_error":21966.893305539594}}