{"Mean":{"confidence_interval":{"confidence_level":0.95,"lower_bound":57062285.97302727,"upper_bound":57143540.93694396},"point_estimate":57100589.291271776,"standard_error":20774.227691345342},"Median":{"confidence_interval":{"confidence_level":0.95,"lower_bound":57017340.828125,"upper_bound":57090944.172413796},"point_estimate":57036197.78893557,"standard_error":18375.50577625331},"MedianAbsDev":{"confidence_interval":{"confidence_level":0.95,"lower_bound":94031.1576722772,"upper_bound":163592.2857743863},"point_estimate":116231.54663314593,"standard_error":17246.083054479168},"Slope":{"confidence_interval":{"confidence_level":0.95,"lower_bound":57018230.895034134,"upper_bound":57076821.61873217},"point_estimate":57046186.15629969,"standard_error":14931.140193750785},"StdDev":{"confidence_interval":{"confidence_level":0.95,"lower_bound":146177.76463620813,"upper_bound":264613.83101894107},"point_estimate":208530.3082107512,"standard_error":30355.82017803538}}