{"Mean":{"confidence_interval":{"confidence_level":0.95,"lower_bound":43000444.35175566,"upper_bound":43139681.89102087},"point_estimate":43068703.18293588,"standard_error":35466.400276980436},"Median":{"confidence_interval":{"confidence_level":0.95,"lower_bound":42935714.10167993,"upper_bound":43140838.37288135},"point_estimate":43007316.33482143,"standard_error":48891.093742234625},"MedianAbsDev":{"confidence_interval":{"confidence_level":0.95,"lower_bound":271470.5512186273,"upper_bound":443096.37270576577},"point_estimate":349896.0663532067,"standard_error":43087.04512219148},"Slope":{"confidence_interval":{"confidence_level":0.95,"lower_bound":42906897.14139662,"upper_bound":43079067.874669544},"point_estimate":42991696.903987,"standard_error":44156.33875256862},"StdDev":{"confidence_interval":{"confidence_level":0.95,"lower_bound":297921.76060814754,"upper_bound":420288.31738367036},"point_estimate":356910.0251154888,"standard_error":31489.618070047713}}