{"Mean":{"confidence_interval":{"confidence_level":0.95,"lower_bound":52704244.22276487,"upper_bound":52896418.21916666},"point_estimate":52792554.4256746,"standard_error":49302.24014143196},"Median":{"confidence_interval":{"confidence_level":0.95,"lower_bound":52655678.0,"upper_bound":52877274.333333336},"point_estimate":52784496.55,"standard_error":50451.917328943455},"MedianAbsDev":{"confidence_interval":{"confidence_level":0.95,"lower_bound":21869.048551743777,"upper_bound":261062.38292437908},"point_estimate":144027.10031301226,"standard_error":60351.93925574084},"Slope":{"confidence_interval":{"confidence_level":0.95,"lower_bound":52666329.41964943,"upper_bound":52858464.96428572},"point_estimate":52748830.33246753,"standard_error":48942.42450293372},"StdDev":{"confidence_interval":{"confidence_level":0.95,"lower_bound":74764.76846149584,"upper_bound":228252.3490008705},"point_estimate":165046.30945463045,"standard_error":44309.87425822265}}