{"Mean":{"confidence_interval":{"confidence_level":0.95,"lower_bound":445.8831679822841,"upper_bound":447.3135904098843},"point_estimate":446.58945414133484,"standard_error":0.3655923003461682},"Median":{"confidence_interval":{"confidence_level":0.95,"lower_bound":445.62644636203174,"upper_bound":447.435716562071},"point_estimate":446.58690838072823,"standard_error":0.4798474287109759},"MedianAbsDev":{"confidence_interval":{"confidence_level":0.95,"lower_bound":0.23452026034907061,"upper_bound":2.1497632985176853},"point_estimate":1.3036611598079426,"standard_error":0.4825432859652014},"Slope":{"confidence_interval":{"confidence_level":0.95,"lower_bound":445.3009838654455,"upper_bound":446.94123730143167},"point_estimate":446.05325662276533,"standard_error":0.43044946805200507},"StdDev":{"confidence_interval":{"confidence_level":0.95,"lower_bound":0.6785471988679577,"upper_bound":1.5663968415166007},"point_estimate":1.213404638042378,"standard_error":0.23057941883157115}}