{"Mean":{"confidence_interval":{"confidence_level":0.95,"lower_bound":914.088965089755,"upper_bound":918.6784122125644},"point_estimate":916.2179255748715,"standard_error":1.1787350789190982},"Median":{"confidence_interval":{"confidence_level":0.95,"lower_bound":913.1349548745413,"upper_bound":919.4333779629079},"point_estimate":914.454372989898,"standard_error":1.6489320772784715},"MedianAbsDev":{"confidence_interval":{"confidence_level":0.95,"lower_bound":0.597207335921378,"upper_bound":6.4733692349706},"point_estimate":2.660672597809596,"standard_error":1.6224226231051586},"Slope":{"confidence_interval":{"confidence_level":0.95,"lower_bound":913.222943786998,"upper_bound":917.1294491118903},"point_estimate":914.6314532239554,"standard_error":1.002719526989429},"StdDev":{"confidence_interval":{"confidence_level":0.95,"lower_bound":1.6893611764162844,"upper_bound":4.998869410737293},"point_estimate":3.928384134376308,"standard_error":0.8517825754779285}}