{"Mean":{"confidence_interval":{"confidence_level":0.95,"lower_bound":599.1344778167391,"upper_bound":602.1472124042281},"point_estimate":600.5297890410911,"standard_error":0.765686543876567},"Median":{"confidence_interval":{"confidence_level":0.95,"lower_bound":596.8903442681199,"upper_bound":599.9719747140277},"point_estimate":598.3297945156389,"standard_error":0.8093391374911968},"MedianAbsDev":{"confidence_interval":{"confidence_level":0.95,"lower_bound":3.2155310541152975,"upper_bound":6.086802760392007},"point_estimate":4.670297630507757,"standard_error":0.7526086916142535},"Slope":{"confidence_interval":{"confidence_level":0.95,"lower_bound":597.2503297665302,"upper_bound":598.8091040847446},"point_estimate":598.0145582659482,"standard_error":0.3985254054146007},"StdDev":{"confidence_interval":{"confidence_level":0.95,"lower_bound":5.197466876665934,"upper_bound":10.351901359816745},"point_estimate":7.667884957863614,"standard_error":1.401807549660584}}