{"Mean":{"confidence_interval":{"confidence_level":0.95,"lower_bound":669.5772378656618,"upper_bound":675.6210785100891},"point_estimate":672.3424814322931,"standard_error":1.5446446505054736},"Median":{"confidence_interval":{"confidence_level":0.95,"lower_bound":667.971821516349,"upper_bound":672.3030332459292},"point_estimate":669.5467133205931,"standard_error":1.0904634559190258},"MedianAbsDev":{"confidence_interval":{"confidence_level":0.95,"lower_bound":6.051312531879762,"upper_bound":9.488294919140484},"point_estimate":7.556880503260147,"standard_error":0.8650824092569541},"Slope":{"confidence_interval":{"confidence_level":0.95,"lower_bound":669.2993121753835,"upper_bound":673.420234832831},"point_estimate":671.2921964462039,"standard_error":1.053424279746817},"StdDev":{"confidence_interval":{"confidence_level":0.95,"lower_bound":8.960673315741518,"upper_bound":22.252424008470634},"point_estimate":15.497878409228822,"standard_error":3.6068466687497827}}