{"Mean":{"confidence_interval":{"confidence_level":0.95,"lower_bound":699.1342568608584,"upper_bound":701.4076335391912},"point_estimate":700.1981972948546,"standard_error":0.5847518611155545},"Median":{"confidence_interval":{"confidence_level":0.95,"lower_bound":698.7612067210056,"upper_bound":701.5489420002311},"point_estimate":699.6656746413942,"standard_error":0.7391415886480599},"MedianAbsDev":{"confidence_interval":{"confidence_level":0.95,"lower_bound":0.4368947797769237,"upper_bound":3.216749954609255},"point_estimate":1.6732894293023752,"standard_error":0.6949114936487405},"Slope":{"confidence_interval":{"confidence_level":0.95,"lower_bound":698.9280867677934,"upper_bound":701.4976046412049},"point_estimate":700.5122864037377,"standard_error":0.6486392820161044},"StdDev":{"confidence_interval":{"confidence_level":0.95,"lower_bound":0.8972767075822613,"upper_bound":2.548400993499172},"point_estimate":1.948130739430581,"standard_error":0.436785051171697}}