{"Mean":{"confidence_interval":{"confidence_level":0.95,"lower_bound":716.9457243924189,"upper_bound":732.9806371551224},"point_estimate":724.0328081293658,"standard_error":4.114429787885658},"Median":{"confidence_interval":{"confidence_level":0.95,"lower_bound":708.8475120385233,"upper_bound":712.1208090379009},"point_estimate":710.165918109404,"standard_error":0.8192808340084459},"MedianAbsDev":{"confidence_interval":{"confidence_level":0.95,"lower_bound":3.684855319014908,"upper_bound":7.059075151740163},"point_estimate":4.896701536642244,"standard_error":0.9014467430774825},"Slope":{"confidence_interval":{"confidence_level":0.95,"lower_bound":715.0193707239812,"upper_bound":726.9641249520035},"point_estimate":720.6057139475098,"standard_error":3.0531833977778726},"StdDev":{"confidence_interval":{"confidence_level":0.95,"lower_bound":20.742748791746166,"upper_bound":61.26921167487183},"point_estimate":41.38705416792916,"standard_error":11.432323328902243}}