{"Mean":{"confidence_interval":{"confidence_level":0.95,"lower_bound":583.6972413106444,"upper_bound":586.692706345364},"point_estimate":584.9306566606838,"standard_error":0.7788301298956116},"Median":{"confidence_interval":{"confidence_level":0.95,"lower_bound":582.7416216391371,"upper_bound":584.4494981318724},"point_estimate":583.7213372615599,"standard_error":0.44950872476037024},"MedianAbsDev":{"confidence_interval":{"confidence_level":0.95,"lower_bound":2.7200525169324847,"upper_bound":4.152782168037211},"point_estimate":3.5709181484489507,"standard_error":0.37472495069230505},"Slope":{"confidence_interval":{"confidence_level":0.95,"lower_bound":583.2002516593622,"upper_bound":585.2619241902105},"point_estimate":584.1340022181251,"standard_error":0.5298065358186199},"StdDev":{"confidence_interval":{"confidence_level":0.95,"lower_bound":3.164242823425479,"upper_bound":12.438253343160014},"point_estimate":7.81679885076177,"standard_error":2.998467467905136}}