{"Mean":{"confidence_interval":{"confidence_level":0.95,"lower_bound":64694.298110606265,"upper_bound":65625.5748230526},"point_estimate":65068.34668799073,"standard_error":251.45367195601673},"Median":{"confidence_interval":{"confidence_level":0.95,"lower_bound":64583.750415183866,"upper_bound":65160.856227758006},"point_estimate":64815.38386502288,"standard_error":194.32579615334618},"MedianAbsDev":{"confidence_interval":{"confidence_level":0.95,"lower_bound":51.272545602187286,"upper_bound":725.2178295061793},"point_estimate":383.3776657203767,"standard_error":187.66808750208162},"Slope":{"confidence_interval":{"confidence_level":0.95,"lower_bound":64660.590303725985,"upper_bound":65130.93410159193},"point_estimate":64945.41870869344,"standard_error":119.56887682531435},"StdDev":{"confidence_interval":{"confidence_level":0.95,"lower_bound":208.4265869320482,"upper_bound":1264.8759937403886},"point_estimate":838.5382068394979,"standard_error":351.0304058567762}}