{"Mean":{"confidence_interval":{"confidence_level":0.95,"lower_bound":100485.93749026132,"upper_bound":102613.7436113342},"point_estimate":101473.20081656311,"standard_error":543.3956357262251},"Median":{"confidence_interval":{"confidence_level":0.95,"lower_bound":99211.54556962026,"upper_bound":99616.2955483871},"point_estimate":99379.06032258064,"standard_error":98.3431839076765},"MedianAbsDev":{"confidence_interval":{"confidence_level":0.95,"lower_bound":529.8241189309049,"upper_bound":1015.9344637253621},"point_estimate":668.1457268578303,"standard_error":130.0069690238794},"Slope":{"confidence_interval":{"confidence_level":0.95,"lower_bound":100641.10764994478,"upper_bound":103446.98769767636},"point_estimate":101903.16346416433,"standard_error":720.7520626511335},"StdDev":{"confidence_interval":{"confidence_level":0.95,"lower_bound":3507.47251745952,"upper_bound":7031.470882761372},"point_estimate":5440.2789366916795,"standard_error":900.0168596957471}}