{"Mean":{"confidence_interval":{"confidence_level":0.95,"lower_bound":111493.2283596701,"upper_bound":112040.79747291812},"point_estimate":111740.42280400007,"standard_error":140.58556904936174},"Median":{"confidence_interval":{"confidence_level":0.95,"lower_bound":111060.03763227514,"upper_bound":111670.22398589065},"point_estimate":111398.19012847928,"standard_error":165.91912752220446},"MedianAbsDev":{"confidence_interval":{"confidence_level":0.95,"lower_bound":520.9951596291439,"upper_bound":1086.554999974833},"point_estimate":813.3265602778793,"standard_error":150.99628001272103},"Slope":{"confidence_interval":{"confidence_level":0.95,"lower_bound":111456.04526660286,"upper_bound":111814.64387447454},"point_estimate":111629.744629657,"standard_error":91.47604356645749},"StdDev":{"confidence_interval":{"confidence_level":0.95,"lower_bound":848.4965196057905,"upper_bound":2029.2520385285359},"point_estimate":1414.9696222756654,"standard_error":341.87245627366724}}