{"Mean":{"confidence_interval":{"confidence_level":0.95,"lower_bound":105515.70228659417,"upper_bound":106019.17496918351},"point_estimate":105734.27091684101,"standard_error":129.1302086585486},"Median":{"confidence_interval":{"confidence_level":0.95,"lower_bound":105392.2447761194,"upper_bound":105747.45492957746},"point_estimate":105555.45989955738,"standard_error":101.18905489284592},"MedianAbsDev":{"confidence_interval":{"confidence_level":0.95,"lower_bound":608.2083063073995,"upper_bound":976.4386747397424},"point_estimate":760.7854662323391,"standard_error":95.91755291897611},"Slope":{"confidence_interval":{"confidence_level":0.95,"lower_bound":105523.58312813091,"upper_bound":105920.61160899178},"point_estimate":105718.0608296143,"standard_error":101.32470247003452},"StdDev":{"confidence_interval":{"confidence_level":0.95,"lower_bound":658.7759890481427,"upper_bound":1968.680534431614},"point_estimate":1293.2261004740928,"standard_error":406.08254560500563}}