{"Mean":{"confidence_interval":{"confidence_level":0.95,"lower_bound":776.7206795818106,"upper_bound":781.3015947420548},"point_estimate":778.7983916506121,"standard_error":1.1760738812555485},"Median":{"confidence_interval":{"confidence_level":0.95,"lower_bound":774.1025918635171,"upper_bound":777.5712223472067},"point_estimate":775.5121670622652,"standard_error":0.9234308615404827},"MedianAbsDev":{"confidence_interval":{"confidence_level":0.95,"lower_bound":4.655042967398639,"upper_bound":8.39349952364884},"point_estimate":6.6101970504809495,"standard_error":0.9217023583701115},"Slope":{"confidence_interval":{"confidence_level":0.95,"lower_bound":775.8097207221423,"upper_bound":779.1923381219569},"point_estimate":777.4206005033692,"standard_error":0.8633966081568187},"StdDev":{"confidence_interval":{"confidence_level":0.95,"lower_bound":6.625674011349332,"upper_bound":16.811891686127655},"point_estimate":11.7816504281341,"standard_error":2.729927826658368}}