{"Mean":{"confidence_interval":{"confidence_level":0.95,"lower_bound":767.8017493209843,"upper_bound":771.2408799529909},"point_estimate":769.3582646492438,"standard_error":0.880008974554918},"Median":{"confidence_interval":{"confidence_level":0.95,"lower_bound":766.0501086568231,"upper_bound":769.1589938080496},"point_estimate":767.9949152950387,"standard_error":0.741147906077219},"MedianAbsDev":{"confidence_interval":{"confidence_level":0.95,"lower_bound":4.510943445202716,"upper_bound":7.76642403729249},"point_estimate":5.9468302825044095,"standard_error":0.8177837364262465},"Slope":{"confidence_interval":{"confidence_level":0.95,"lower_bound":766.1317886919643,"upper_bound":767.936181733183},"point_estimate":767.0029091941817,"standard_error":0.4601650451931687},"StdDev":{"confidence_interval":{"confidence_level":0.95,"lower_bound":5.2968585265601416,"upper_bound":12.839354259878757},"point_estimate":8.867191743370272,"standard_error":2.270788142689053}}