{"Mean":{"confidence_interval":{"confidence_level":0.95,"lower_bound":905.8592554084307,"upper_bound":910.2197896176274},"point_estimate":907.5464854238677,"standard_error":1.1991014025559164},"Median":{"confidence_interval":{"confidence_level":0.95,"lower_bound":905.4683134833112,"upper_bound":907.4527612360928},"point_estimate":906.6689923050532,"standard_error":0.5709168498290664},"MedianAbsDev":{"confidence_interval":{"confidence_level":0.95,"lower_bound":0.16532737318602603,"upper_bound":2.4676670621304204},"point_estimate":1.371475824791273,"standard_error":0.6376779110066335},"Slope":{"confidence_interval":{"confidence_level":0.95,"lower_bound":905.6809442147152,"upper_bound":913.5142456426091},"point_estimate":908.978952293112,"standard_error":2.217769188683199},"StdDev":{"confidence_interval":{"confidence_level":0.95,"lower_bound":0.7055255877989128,"upper_bound":6.111945878434887},"point_estimate":4.0017975794340455,"standard_error":1.8265788244860148}}