{"Mean":{"confidence_interval":{"confidence_level":0.95,"lower_bound":50.7850531447933,"upper_bound":50.916162875924456},"point_estimate":50.84719626499066,"standard_error":0.03361841185749175},"Median":{"confidence_interval":{"confidence_level":0.95,"lower_bound":50.73649101474288,"upper_bound":50.923526052002344},"point_estimate":50.820661538504645,"standard_error":0.04130820053263533},"MedianAbsDev":{"confidence_interval":{"confidence_level":0.95,"lower_bound":0.003525203177377226,"upper_bound":0.180813347265378},"point_estimate":0.1270569584607583,"standard_error":0.04749018256905945},"Slope":{"confidence_interval":{"confidence_level":0.95,"lower_bound":50.76835416977113,"upper_bound":50.97001331581467},"point_estimate":50.86717475868261,"standard_error":0.052013745773125945},"StdDev":{"confidence_interval":{"confidence_level":0.95,"lower_bound":0.05449747816099695,"upper_bound":0.14285924758305296},"point_estimate":0.11138347083837316,"standard_error":0.023007273080909448}}