{"Mean":{"confidence_interval":{"confidence_level":0.95,"lower_bound":0.01024170349038867,"upper_bound":0.01991011580985867},"point_estimate":0.015260574690078021,"standard_error":0.0024520907433594123},"Median":{"confidence_interval":{"confidence_level":0.95,"lower_bound":0.01021270460945583,"upper_bound":0.016699053477737147},"point_estimate":0.01350319273790701,"standard_error":0.0016219389838435484}}