{"Mean":{"confidence_interval":{"confidence_level":0.95,"lower_bound":-0.0441595289851803,"upper_bound":-0.03623877306404407},"point_estimate":-0.03999857216050018,"standard_error":0.002013152285135828},"Median":{"confidence_interval":{"confidence_level":0.95,"lower_bound":-0.042608188976554474,"upper_bound":-0.03630233819685014},"point_estimate":-0.03908638011128507,"standard_error":0.0016216568391434296}}