{"Mean":{"confidence_interval":{"confidence_level":0.95,"lower_bound":0.01331505380234916,"upper_bound":0.02155402847713826},"point_estimate":0.01694797250932356,"standard_error":0.002132702619153083},"Median":{"confidence_interval":{"confidence_level":0.95,"lower_bound":0.014629802926285684,"upper_bound":0.019710099663655445},"point_estimate":0.01685177971154528,"standard_error":0.0012992214235720801}}