{"Mean":{"confidence_interval":{"confidence_level":0.95,"lower_bound":-0.024486064312027746,"upper_bound":-0.01042961298180605},"point_estimate":-0.018588295889039763,"standard_error":0.003798769031036542},"Median":{"confidence_interval":{"confidence_level":0.95,"lower_bound":-0.025678072528384166,"upper_bound":-0.016105356319498387},"point_estimate":-0.022376639981292024,"standard_error":0.002533229140370234}}