{"Mean":{"confidence_interval":{"confidence_level":0.95,"lower_bound":0.02678039676219522,"upper_bound":0.03910034374674711},"point_estimate":0.032980632717714675,"standard_error":0.003150602324070235},"Median":{"confidence_interval":{"confidence_level":0.95,"lower_bound":0.026352496678259188,"upper_bound":0.04041641334166557},"point_estimate":0.03373374494129244,"standard_error":0.003381038270833735}}