{"Mean":{"confidence_interval":{"confidence_level":0.95,"lower_bound":-0.18301875789624422,"upper_bound":-0.17105598947399375},"point_estimate":-0.1769810416697285,"standard_error":0.0030611959698794715},"Median":{"confidence_interval":{"confidence_level":0.95,"lower_bound":-0.17873238827606272,"upper_bound":-0.16700030039973812},"point_estimate":-0.1737062232160258,"standard_error":0.0028858186805702517}}