{"Mean":{"confidence_interval":{"confidence_level":0.95,"lower_bound":-0.19974452208935933,"upper_bound":-0.18818430308756795},"point_estimate":-0.19374954181922044,"standard_error":0.002938103940447982},"Median":{"confidence_interval":{"confidence_level":0.95,"lower_bound":-0.20256133808207766,"upper_bound":-0.18552771064157225},"point_estimate":-0.1911313356227653,"standard_error":0.004241096727537509}}