{"Mean":{"confidence_interval":{"confidence_level":0.95,"lower_bound":0.07464725620206968,"upper_bound":0.09101581826481474},"point_estimate":0.08256361180120897,"standard_error":0.004172579174594382},"Median":{"confidence_interval":{"confidence_level":0.95,"lower_bound":0.0684405523943683,"upper_bound":0.08534946198580218},"point_estimate":0.07767123339304494,"standard_error":0.004214964136627468}}