{"Mean":{"confidence_interval":{"confidence_level":0.95,"lower_bound":56805509.07660077,"upper_bound":56897251.25686751},"point_estimate":56849525.88476858,"standard_error":23456.583686756894},"Median":{"confidence_interval":{"confidence_level":0.95,"lower_bound":56757094.42424242,"upper_bound":56845121.71376811},"point_estimate":56816084.0877551,"standard_error":23276.504627191644},"MedianAbsDev":{"confidence_interval":{"confidence_level":0.95,"lower_bound":141762.3926158094,"upper_bound":236110.97228414583},"point_estimate":174923.70483113942,"standard_error":23268.9321804599},"Slope":{"confidence_interval":{"confidence_level":0.95,"lower_bound":56798479.0897786,"upper_bound":56885369.66914411},"point_estimate":56840609.33971036,"standard_error":22084.845486157887},"StdDev":{"confidence_interval":{"confidence_level":0.95,"lower_bound":179887.48860012903,"upper_bound":292655.55955075304},"point_estimate":236695.05045175517,"standard_error":28952.720745495688}}