{"Mean":{"confidence_interval":{"confidence_level":0.95,"lower_bound":52394012.91388889,"upper_bound":52552135.893472224},"point_estimate":52468246.80222223,"standard_error":40276.13948313473},"Median":{"confidence_interval":{"confidence_level":0.95,"lower_bound":52388119.0,"upper_bound":52525038.94444445},"point_estimate":52461282.025,"standard_error":29657.700022024364},"MedianAbsDev":{"confidence_interval":{"confidence_level":0.95,"lower_bound":17073.028256895366,"upper_bound":206940.99545105922},"point_estimate":74243.41758191586,"standard_error":47923.480722001725},"Slope":{"confidence_interval":{"confidence_level":0.95,"lower_bound":52416870.47413219,"upper_bound":52475778.831501834},"point_estimate":52452589.584415585,"standard_error":14991.986329517682},"StdDev":{"confidence_interval":{"confidence_level":0.95,"lower_bound":44095.36053237413,"upper_bound":190079.31487762442},"point_estimate":133952.69773208248,"standard_error":38033.24725179661}}