{"Mean":{"confidence_interval":{"confidence_level":0.95,"lower_bound":36964421.4778159,"upper_bound":37161954.26469604},"point_estimate":37053483.45705458,"standard_error":50641.82696642666},"Median":{"confidence_interval":{"confidence_level":0.95,"lower_bound":36896642.88095238,"upper_bound":37013082.71604938},"point_estimate":36940780.1640625,"standard_error":31731.552161111507},"MedianAbsDev":{"confidence_interval":{"confidence_level":0.95,"lower_bound":166242.1176000319,"upper_bound":257284.66558131503},"point_estimate":205525.41074509532,"standard_error":22497.725247738585},"Slope":{"confidence_interval":{"confidence_level":0.95,"lower_bound":36958901.6527736,"upper_bound":37175390.91171626},"point_estimate":37047144.335965715,"standard_error":56408.154081780696},"StdDev":{"confidence_interval":{"confidence_level":0.95,"lower_bound":254735.8279385181,"upper_bound":722819.1349639477},"point_estimate":510271.10795209813,"standard_error":119533.41707324267}}