{"Mean":{"confidence_interval":{"confidence_level":0.95,"lower_bound":61446.80685775606,"upper_bound":61816.97827670035},"point_estimate":61606.58785098532,"standard_error":95.32665023784206},"Median":{"confidence_interval":{"confidence_level":0.95,"lower_bound":61283.236928104576,"upper_bound":61444.83668273866},"point_estimate":61355.33565062389,"standard_error":39.84663728518266},"MedianAbsDev":{"confidence_interval":{"confidence_level":0.95,"lower_bound":169.50212260577197,"upper_bound":322.1872441781999},"point_estimate":249.74875222896188,"standard_error":38.93642541121503},"Slope":{"confidence_interval":{"confidence_level":0.95,"lower_bound":61350.33599505989,"upper_bound":61602.34810025027},"point_estimate":61461.91508114639,"standard_error":64.45581426191708},"StdDev":{"confidence_interval":{"confidence_level":0.95,"lower_bound":386.5806288614025,"upper_bound":1467.2438838374112},"point_estimate":960.5704402712978,"standard_error":295.82073720093}}