{"Mean":{"confidence_interval":{"confidence_level":0.95,"lower_bound":926.8739031057639,"upper_bound":931.6639054329146},"point_estimate":928.9214370519024,"standard_error":1.2323144016435668},"Median":{"confidence_interval":{"confidence_level":0.95,"lower_bound":924.7909353557241,"upper_bound":928.7508335034361},"point_estimate":926.9976014137258,"standard_error":1.1465600810719847},"MedianAbsDev":{"confidence_interval":{"confidence_level":0.95,"lower_bound":5.229456484003839,"upper_bound":8.209438391527359},"point_estimate":7.138583783033633,"standard_error":0.7767222517500821},"Slope":{"confidence_interval":{"confidence_level":0.95,"lower_bound":926.3531220092967,"upper_bound":929.1861194954977},"point_estimate":927.7138557276371,"standard_error":0.7245300688987985},"StdDev":{"confidence_interval":{"confidence_level":0.95,"lower_bound":5.8063994808052275,"upper_bound":19.18597359475208},"point_estimate":12.396409348354481,"standard_error":4.166743219281882}}