{"Mean":{"confidence_interval":{"confidence_level":0.95,"lower_bound":298.2663955860653,"upper_bound":302.616010624301},"point_estimate":299.981094355014,"standard_error":1.1542759729875016},"Median":{"confidence_interval":{"confidence_level":0.95,"lower_bound":297.20807273766667,"upper_bound":298.78575080410235},"point_estimate":298.2168259141258,"standard_error":0.41079930403841397},"MedianAbsDev":{"confidence_interval":{"confidence_level":0.95,"lower_bound":2.7100309554952053,"upper_bound":4.5207634970712265},"point_estimate":3.7464405245938455,"standard_error":0.44635765714095343},"Slope":{"confidence_interval":{"confidence_level":0.95,"lower_bound":298.60359849923896,"upper_bound":300.48807770899407},"point_estimate":299.5411136767781,"standard_error":0.48044048581402693},"StdDev":{"confidence_interval":{"confidence_level":0.95,"lower_bound":3.3906649179816015,"upper_bound":19.10965522587065},"point_estimate":11.634088613594702,"standard_error":5.160424575408164}}