{"Mean":{"confidence_interval":{"confidence_level":0.95,"lower_bound":1851.3066073482871,"upper_bound":1862.4705528629502},"point_estimate":1855.9365463746822,"standard_error":2.911833867327778},"Median":{"confidence_interval":{"confidence_level":0.95,"lower_bound":1848.3562592214278,"upper_bound":1851.3051753489956},"point_estimate":1849.3461766541823,"standard_error":0.8562282129348266},"MedianAbsDev":{"confidence_interval":{"confidence_level":0.95,"lower_bound":3.5104822974284655,"upper_bound":6.532593605507902},"point_estimate":4.805754561585964,"standard_error":0.8087170984314106},"Slope":{"confidence_interval":{"confidence_level":0.95,"lower_bound":1849.7661584974471,"upper_bound":1855.7643630218129},"point_estimate":1852.3491442498266,"standard_error":1.5504813854919206},"StdDev":{"confidence_interval":{"confidence_level":0.95,"lower_bound":8.394725183366653,"upper_bound":46.63393454887165},"point_estimate":29.226970666062975,"standard_error":10.897096492912759}}