{"Mean":{"confidence_interval":{"confidence_level":0.95,"lower_bound":-0.015292489864947741,"upper_bound":-0.009308485245477546},"point_estimate":-0.012292902594829513,"standard_error":0.001523897876041392},"Median":{"confidence_interval":{"confidence_level":0.95,"lower_bound":-0.014256733448020031,"upper_bound":-0.010529449704509197},"point_estimate":-0.012568906122054857,"standard_error":0.0009496824781892204}}