{"Mean":{"confidence_interval":{"confidence_level":0.95,"lower_bound":-0.0015535135767207246,"upper_bound":0.002485484560353379},"point_estimate":0.0004845205176826628,"standard_error":0.0010285323123976652},"Median":{"confidence_interval":{"confidence_level":0.95,"lower_bound":-0.0016865769478860981,"upper_bound":0.0029862838013896553},"point_estimate":0.0008624976468969425,"standard_error":0.0011824426129814728}}