{"Mean":{"confidence_interval":{"confidence_level":0.95,"lower_bound":0.005895350131979895,"upper_bound":0.011479708595059422},"point_estimate":0.008623419397772558,"standard_error":0.0014291653861285736},"Median":{"confidence_interval":{"confidence_level":0.95,"lower_bound":0.007443837459764291,"upper_bound":0.011844656710717993},"point_estimate":0.010189319730770086,"standard_error":0.0011226946982106085}}