{"Mean":{"confidence_interval":{"confidence_level":0.95,"lower_bound":60172.01465690074,"upper_bound":60680.53389915123},"point_estimate":60399.710694315916,"standard_error":129.98250376131605},"Median":{"confidence_interval":{"confidence_level":0.95,"lower_bound":59883.555028463,"upper_bound":60296.23529411765},"point_estimate":60061.34197461036,"standard_error":109.13707283663697},"MedianAbsDev":{"confidence_interval":{"confidence_level":0.95,"lower_bound":493.3194497311326,"upper_bound":882.8229223912756},"point_estimate":647.9580399134087,"standard_error":93.65286491474859},"Slope":{"confidence_interval":{"confidence_level":0.95,"lower_bound":60105.585232247824,"upper_bound":60518.34388560341},"point_estimate":60300.865180504006,"standard_error":105.20908676712853},"StdDev":{"confidence_interval":{"confidence_level":0.95,"lower_bound":748.5002853113143,"upper_bound":1904.8024154229647},"point_estimate":1306.407520738781,"standard_error":345.0148102341713}}