{"Mean":{"confidence_interval":{"confidence_level":0.95,"lower_bound":57680.9699042447,"upper_bound":58013.13904108243},"point_estimate":57824.74087990575,"standard_error":85.42027360460509},"Median":{"confidence_interval":{"confidence_level":0.95,"lower_bound":57565.090413943355,"upper_bound":57754.62037037037},"point_estimate":57648.78899046726,"standard_error":46.31323290827595},"MedianAbsDev":{"confidence_interval":{"confidence_level":0.95,"lower_bound":361.4665710418923,"upper_bound":573.9733300099538},"point_estimate":464.1216825750687,"standard_error":54.392675822241216},"Slope":{"confidence_interval":{"confidence_level":0.95,"lower_bound":57612.092086142584,"upper_bound":57802.06895649199},"point_estimate":57702.56158563618,"standard_error":48.43830429997316},"StdDev":{"confidence_interval":{"confidence_level":0.95,"lower_bound":431.67383593412274,"upper_bound":1318.3172015125742},"point_estimate":859.369889677718,"standard_error":282.5068897831907}}