{"Mean":{"confidence_interval":{"confidence_level":0.95,"lower_bound":36787.760281114715,"upper_bound":36952.5862630271},"point_estimate":36864.86153190637,"standard_error":42.479154660791345},"Median":{"confidence_interval":{"confidence_level":0.95,"lower_bound":36778.494500561166,"upper_bound":36978.357575757575},"point_estimate":36848.65946969697,"standard_error":38.29743145283748},"MedianAbsDev":{"confidence_interval":{"confidence_level":0.95,"lower_bound":5.756306715976485,"upper_bound":218.14546707664243},"point_estimate":76.54566737673494,"standard_error":58.686810345132194},"Slope":{"confidence_interval":{"confidence_level":0.95,"lower_bound":36783.40714218141,"upper_bound":36949.94045107393},"point_estimate":36846.64634920635,"standard_error":43.53116786546123},"StdDev":{"confidence_interval":{"confidence_level":0.95,"lower_bound":47.939093965955664,"upper_bound":182.2535725215585},"point_estimate":141.79738906679697,"standard_error":33.41130421913545}}