{"Mean":{"confidence_interval":{"confidence_level":0.95,"lower_bound":66.3814201027261,"upper_bound":66.7411391118175},"point_estimate":66.53514850115242,"standard_error":0.09281943550927468},"Median":{"confidence_interval":{"confidence_level":0.95,"lower_bound":66.27129063167862,"upper_bound":66.36622650189716},"point_estimate":66.31922571603616,"standard_error":0.025389233902684494},"MedianAbsDev":{"confidence_interval":{"confidence_level":0.95,"lower_bound":0.1064595085554681,"upper_bound":0.21416361100968148},"point_estimate":0.15304688762881566,"standard_error":0.027810395100342247},"Slope":{"confidence_interval":{"confidence_level":0.95,"lower_bound":66.3455499918273,"upper_bound":66.54660711444619},"point_estimate":66.43303389689288,"standard_error":0.05197618955091804},"StdDev":{"confidence_interval":{"confidence_level":0.95,"lower_bound":0.27378730885566377,"upper_bound":1.4329631642351246},"point_estimate":0.9342051668979978,"standard_error":0.3039664622080851}}