{"Mean":{"confidence_interval":{"confidence_level":0.95,"lower_bound":307597.9754344006,"upper_bound":309004.35758555843},"point_estimate":308263.60955361126,"standard_error":358.1439278666486},"Median":{"confidence_interval":{"confidence_level":0.95,"lower_bound":306676.8409090909,"upper_bound":308286.31571402145},"point_estimate":307643.63198430924,"standard_error":392.2683325678992},"MedianAbsDev":{"confidence_interval":{"confidence_level":0.95,"lower_bound":2405.2908188811257,"upper_bound":4019.379797689377},"point_estimate":3225.6858249836882,"standard_error":413.73748666021396},"Slope":{"confidence_interval":{"confidence_level":0.95,"lower_bound":308281.4231286715,"upper_bound":309672.6894303055},"point_estimate":308991.35627309,"standard_error":355.26143080486014},"StdDev":{"confidence_interval":{"confidence_level":0.95,"lower_bound":2559.4246246223997,"upper_bound":4844.419114551992},"point_estimate":3603.6607448037075,"standard_error":655.1411333105173}}