{"Mean":{"confidence_interval":{"confidence_level":0.95,"lower_bound":50.88425360467899,"upper_bound":51.156823366104824},"point_estimate":51.018479546881025,"standard_error":0.07017721098263272},"Median":{"confidence_interval":{"confidence_level":0.95,"lower_bound":50.78351558825506,"upper_bound":51.20361924865806},"point_estimate":51.0343137700919,"standard_error":0.14334940762927406},"MedianAbsDev":{"confidence_interval":{"confidence_level":0.95,"lower_bound":0.01295851283854826,"upper_bound":0.3753137471093216},"point_estimate":0.3443428011164216,"standard_error":0.11050079702855446},"Slope":{"confidence_interval":{"confidence_level":0.95,"lower_bound":50.81234809290242,"upper_bound":51.16484820424342},"point_estimate":50.94090281540896,"standard_error":0.09071988909053078},"StdDev":{"confidence_interval":{"confidence_level":0.95,"lower_bound":0.15533970353815799,"upper_bound":0.2765394693754327},"point_estimate":0.23480037947297477,"standard_error":0.03120637057263061}}