{"Mean":{"confidence_interval":{"confidence_level":0.95,"lower_bound":0.01428418365447023,"upper_bound":0.03403347954579081},"point_estimate":0.025730216684505924,"standard_error":0.005126287733683516},"Median":{"confidence_interval":{"confidence_level":0.95,"lower_bound":0.02694002342456622,"upper_bound":0.03503269441831369},"point_estimate":0.031091593337587264,"standard_error":0.0020697244672882105}}