{"Mean":{"confidence_interval":{"confidence_level":0.95,"lower_bound":-0.04371950410274674,"upper_bound":-0.027982580284453853},"point_estimate":-0.03587659634846174,"standard_error":0.004004706243520354},"Median":{"confidence_interval":{"confidence_level":0.95,"lower_bound":-0.04312970455806172,"upper_bound":-0.02588110286609535},"point_estimate":-0.030844850474167407,"standard_error":0.004956424072713371}}