{"Mean":{"confidence_interval":{"confidence_level":0.95,"lower_bound":0.013770391798711602,"upper_bound":0.02726265038127155},"point_estimate":0.020378365363418194,"standard_error":0.003425763232573289},"Median":{"confidence_interval":{"confidence_level":0.95,"lower_bound":0.005270314888251804,"upper_bound":0.023030081774169316},"point_estimate":0.011270336115867696,"standard_error":0.005082293557629256}}