{"Mean":{"confidence_interval":{"confidence_level":0.95,"lower_bound":0.01682374838335656,"upper_bound":0.022192928116505865},"point_estimate":0.019545397694727518,"standard_error":0.0013780449281595988},"Median":{"confidence_interval":{"confidence_level":0.95,"lower_bound":0.015793538079465597,"upper_bound":0.024474212780910554},"point_estimate":0.018940994972684422,"standard_error":0.0022296819668445747}}