{"Mean":{"confidence_interval":{"confidence_level":0.95,"lower_bound":12216445.521553751,"upper_bound":12284036.712147733},"point_estimate":12248027.378752911,"standard_error":17244.000444346802},"Median":{"confidence_interval":{"confidence_level":0.95,"lower_bound":12190025.481781377,"upper_bound":12242348.535714285},"point_estimate":12210502.466666667,"standard_error":14221.693127325007},"MedianAbsDev":{"confidence_interval":{"confidence_level":0.95,"lower_bound":76439.23550663685,"upper_bound":133982.355881379},"point_estimate":100468.9311293233,"standard_error":14646.256581591993},"Slope":{"confidence_interval":{"confidence_level":0.95,"lower_bound":12222700.492745632,"upper_bound":12319809.647481129},"point_estimate":12263075.54614748,"standard_error":25266.71138283696},"StdDev":{"confidence_interval":{"confidence_level":0.95,"lower_bound":113247.421856098,"upper_bound":224615.48539854013},"point_estimate":172296.81829477102,"standard_error":28513.301583246044}}