{"Mean":{"confidence_interval":{"confidence_level":0.95,"lower_bound":28.586246971746878,"upper_bound":29.128092978544288},"point_estimate":28.831425101614776,"standard_error":0.1393207045260644},"Median":{"confidence_interval":{"confidence_level":0.95,"lower_bound":28.315178173175354,"upper_bound":28.383895513250344},"point_estimate":28.346712829066533,"standard_error":0.019685200316771546},"MedianAbsDev":{"confidence_interval":{"confidence_level":0.95,"lower_bound":0.11491801567909142,"upper_bound":0.2067930612575134},"point_estimate":0.15644804989463154,"standard_error":0.02201357561051439},"Slope":{"confidence_interval":{"confidence_level":0.95,"lower_bound":28.592014745803606,"upper_bound":29.09690896911483},"point_estimate":28.825793842752866,"standard_error":0.12907551449230653},"StdDev":{"confidence_interval":{"confidence_level":0.95,"lower_bound":0.7914799041234898,"upper_bound":1.9708824880820315},"point_estimate":1.4056024299094025,"standard_error":0.30671264721779895}}