{"Mean":{"confidence_interval":{"confidence_level":0.95,"lower_bound":42.63937191561296,"upper_bound":43.01351305758733},"point_estimate":42.8167551961751,"standard_error":0.09517423800026502},"Median":{"confidence_interval":{"confidence_level":0.95,"lower_bound":42.61630466664514,"upper_bound":42.78885731507793},"point_estimate":42.71355894900554,"standard_error":0.04224694894691819},"MedianAbsDev":{"confidence_interval":{"confidence_level":0.95,"lower_bound":0.33693536081845554,"upper_bound":0.6434260258372045},"point_estimate":0.44784394306417974,"standard_error":0.0819576760557538},"Slope":{"confidence_interval":{"confidence_level":0.95,"lower_bound":42.54898699561063,"upper_bound":42.85139439840039},"point_estimate":42.6885438177643,"standard_error":0.07727613697337259},"StdDev":{"confidence_interval":{"confidence_level":0.95,"lower_bound":0.614023270510406,"upper_bound":1.24929007750704},"point_estimate":0.95514970473089,"standard_error":0.16229601849126205}}