{"Mean":{"confidence_interval":{"confidence_level":0.95,"lower_bound":2562.099039779694,"upper_bound":2579.240163141191},"point_estimate":2570.515312379255,"standard_error":4.389620369549418},"Median":{"confidence_interval":{"confidence_level":0.95,"lower_bound":2559.052407251067,"upper_bound":2580.5241874208527},"point_estimate":2569.6421368603724,"standard_error":5.532182301026777},"MedianAbsDev":{"confidence_interval":{"confidence_level":0.95,"lower_bound":3.115260954964692,"upper_bound":25.21126451934438},"point_estimate":15.592121479199607,"standard_error":5.700908317970487},"Slope":{"confidence_interval":{"confidence_level":0.95,"lower_bound":2559.9436798414768,"upper_bound":2587.2469140540056},"point_estimate":2575.421499929647,"standard_error":6.990129630503678},"StdDev":{"confidence_interval":{"confidence_level":0.95,"lower_bound":8.174124870428582,"upper_bound":18.74993015403582},"point_estimate":14.669073505763752,"standard_error":2.7313761953485316}}