{"Mean":{"confidence_interval":{"confidence_level":0.95,"lower_bound":2206.301037278501,"upper_bound":2226.2333599875087},"point_estimate":2215.7952583427223,"standard_error":5.078305869134929},"Median":{"confidence_interval":{"confidence_level":0.95,"lower_bound":2201.3703218481155,"upper_bound":2215.752436994491},"point_estimate":2208.8112524645544,"standard_error":3.877797716308663},"MedianAbsDev":{"confidence_interval":{"confidence_level":0.95,"lower_bound":21.70669496177759,"upper_bound":36.07793286128735},"point_estimate":29.098334671860165,"standard_error":3.5894869379364875},"Slope":{"confidence_interval":{"confidence_level":0.95,"lower_bound":2204.5829925644352,"upper_bound":2216.066069791532},"point_estimate":2210.178883636461,"standard_error":2.9245408336700587},"StdDev":{"confidence_interval":{"confidence_level":0.95,"lower_bound":34.41252100427489,"upper_bound":66.84071674350437},"point_estimate":51.07954577310474,"standard_error":8.391457060232732}}