{"Mean":{"confidence_interval":{"confidence_level":0.95,"lower_bound":2514.8814319790276,"upper_bound":2531.119023193544},"point_estimate":2522.4465942769352,"standard_error":4.155467825567748},"Median":{"confidence_interval":{"confidence_level":0.95,"lower_bound":2504.1420478865166,"upper_bound":2522.1605222734256},"point_estimate":2512.935409641365,"standard_error":4.446192972928816},"MedianAbsDev":{"confidence_interval":{"confidence_level":0.95,"lower_bound":19.778168661217183,"upper_bound":33.58377400042669},"point_estimate":24.54312698514866,"standard_error":3.1947509020424354},"Slope":{"confidence_interval":{"confidence_level":0.95,"lower_bound":2518.5708168260044,"upper_bound":2540.6391089424133},"point_estimate":2529.243864785353,"standard_error":5.648582096078181},"StdDev":{"confidence_interval":{"confidence_level":0.95,"lower_bound":27.663494990145956,"upper_bound":55.15254656906014},"point_estimate":41.786903019500976,"standard_error":7.094909354227596}}