{"Mean":{"confidence_interval":{"confidence_level":0.95,"lower_bound":2509.7093695864464,"upper_bound":2528.6059982291977},"point_estimate":2517.95243997119,"standard_error":4.845686557319455},"Median":{"confidence_interval":{"confidence_level":0.95,"lower_bound":2500.6171729611387,"upper_bound":2515.3829276224596},"point_estimate":2507.2287019734604,"standard_error":3.9222080049599093},"MedianAbsDev":{"confidence_interval":{"confidence_level":0.95,"lower_bound":18.3518307631332,"upper_bound":32.22963892482795},"point_estimate":24.580822770088506,"standard_error":3.8504832399819002},"Slope":{"confidence_interval":{"confidence_level":0.95,"lower_bound":2514.285308085408,"upper_bound":2544.708034644201},"point_estimate":2526.3830616560663,"standard_error":8.049759521934602},"StdDev":{"confidence_interval":{"confidence_level":0.95,"lower_bound":21.8184559504297,"upper_bound":73.70044189271889},"point_estimate":48.624680400609044,"standard_error":14.322857482748997}}