{"Mean":{"confidence_interval":{"confidence_level":0.95,"lower_bound":2677.212107262043,"upper_bound":2822.6915814433173},"point_estimate":2743.474725292886,"standard_error":37.49048293786129},"Median":{"confidence_interval":{"confidence_level":0.95,"lower_bound":2605.3765492928896,"upper_bound":2619.4841453268004},"point_estimate":2611.7039860387476,"standard_error":3.729321590891871},"MedianAbsDev":{"confidence_interval":{"confidence_level":0.95,"lower_bound":14.390283503945964,"upper_bound":33.76440160875657},"point_estimate":22.65836852887517,"standard_error":5.371730180564243},"Slope":{"confidence_interval":{"confidence_level":0.95,"lower_bound":2635.6194321676035,"upper_bound":2691.786986413977},"point_estimate":2661.044001385053,"standard_error":14.395575811526852},"StdDev":{"confidence_interval":{"confidence_level":0.95,"lower_bound":210.4967955327311,"upper_bound":506.4604500740462},"point_estimate":376.8338383320828,"standard_error":76.57111791016048}}