{"Mean":{"confidence_interval":{"confidence_level":0.95,"lower_bound":-0.08501541879492432,"upper_bound":-0.07578510878068621},"point_estimate":-0.08051197430787171,"standard_error":0.002351825163287514},"Median":{"confidence_interval":{"confidence_level":0.95,"lower_bound":-0.08267662446035196,"upper_bound":-0.07405626141647925},"point_estimate":-0.07797202517913293,"standard_error":0.00222905377943249}}