{"Mean":{"confidence_interval":{"confidence_level":0.95,"lower_bound":-0.0034820594918122194,"upper_bound":0.008004417227936055},"point_estimate":0.0029551329333370457,"standard_error":0.00293522947624496},"Median":{"confidence_interval":{"confidence_level":0.95,"lower_bound":0.0010651957967575676,"upper_bound":0.010603781080952723},"point_estimate":0.0037693936500338143,"standard_error":0.0025075846336678484}}