{"Mean":{"confidence_interval":{"confidence_level":0.95,"lower_bound":0.06705435198577445,"upper_bound":0.07770348468593116},"point_estimate":0.07232607297835703,"standard_error":0.0027067859259758626},"Median":{"confidence_interval":{"confidence_level":0.95,"lower_bound":0.06549637291933741,"upper_bound":0.0749479888773783},"point_estimate":0.06867946737045272,"standard_error":0.0022591750032150753}}