{"Mean":{"confidence_interval":{"confidence_level":0.95,"lower_bound":37.20926797124307,"upper_bound":37.310027744113405},"point_estimate":37.25609483131305,"standard_error":0.025758234891446925},"Median":{"confidence_interval":{"confidence_level":0.95,"lower_bound":37.154442401436754,"upper_bound":37.22866700120251},"point_estimate":37.193234314092905,"standard_error":0.019505661458162647},"MedianAbsDev":{"confidence_interval":{"confidence_level":0.95,"lower_bound":0.12528606916459423,"upper_bound":0.21171735524429056},"point_estimate":0.17243473482444707,"standard_error":0.022384763941783566},"Slope":{"confidence_interval":{"confidence_level":0.95,"lower_bound":37.205506085469324,"upper_bound":37.28142396248883},"point_estimate":37.24351684758681,"standard_error":0.019289151775915468},"StdDev":{"confidence_interval":{"confidence_level":0.95,"lower_bound":0.1659961250602339,"upper_bound":0.3463924755239186},"point_estimate":0.2576599316229344,"standard_error":0.047111785230044605}}