{"Mean":{"confidence_interval":{"confidence_level":0.95,"lower_bound":35.20827401293533,"upper_bound":35.60166381327061},"point_estimate":35.38675408648504,"standard_error":0.10070492451354679},"Median":{"confidence_interval":{"confidence_level":0.95,"lower_bound":35.15333645627542,"upper_bound":35.371507517852656},"point_estimate":35.26642025813088,"standard_error":0.054688297335642615},"MedianAbsDev":{"confidence_interval":{"confidence_level":0.95,"lower_bound":0.3368187689153104,"upper_bound":0.5438044264168815},"point_estimate":0.4509074083846208,"standard_error":0.052822180299017606},"Slope":{"confidence_interval":{"confidence_level":0.95,"lower_bound":35.16275304342503,"upper_bound":35.3540746873634},"point_estimate":35.25744129980408,"standard_error":0.04879701624642952},"StdDev":{"confidence_interval":{"confidence_level":0.95,"lower_bound":0.5162389119056571,"upper_bound":1.4266134910921044},"point_estimate":1.0129385935987612,"standard_error":0.23421079568259262}}