{"Mean":{"confidence_interval":{"confidence_level":0.95,"lower_bound":37.3881081212366,"upper_bound":37.577949226572194},"point_estimate":37.47738253097074,"standard_error":0.048422861239467},"Median":{"confidence_interval":{"confidence_level":0.95,"lower_bound":37.23026987669264,"upper_bound":37.45168450414687},"point_estimate":37.33355971848213,"standard_error":0.06417213474433126},"MedianAbsDev":{"confidence_interval":{"confidence_level":0.95,"lower_bound":0.2224049332906271,"upper_bound":0.47128426891297776},"point_estimate":0.31320942371829746,"standard_error":0.0722079495490428},"Slope":{"confidence_interval":{"confidence_level":0.95,"lower_bound":37.34392219148312,"upper_bound":37.4760129075384},"point_estimate":37.40614835339235,"standard_error":0.03366390254009865},"StdDev":{"confidence_interval":{"confidence_level":0.95,"lower_bound":0.341490813926234,"upper_bound":0.6436578737599805},"point_estimate":0.48746362713598596,"standard_error":0.08021217369252624}}