{"Mean":{"confidence_interval":{"confidence_level":0.95,"lower_bound":-0.027751971288445993,"upper_bound":-0.015863815904035548},"point_estimate":-0.021623313101945763,"standard_error":0.003038035859860895},"Median":{"confidence_interval":{"confidence_level":0.95,"lower_bound":-0.025511707213313972,"upper_bound":-0.014775290261564877},"point_estimate":-0.019643844715477754,"standard_error":0.0027554683773856645}}