{"Mean":{"confidence_interval":{"confidence_level":0.95,"lower_bound":0.017556173485341914,"upper_bound":0.07706413294488178},"point_estimate":0.039352953131866375,"standard_error":0.017866967050601115},"Median":{"confidence_interval":{"confidence_level":0.95,"lower_bound":0.015176299355724288,"upper_bound":0.030900866005286298},"point_estimate":0.020439329883966906,"standard_error":0.007162672313841873}}