{"Mean":{"confidence_interval":{"confidence_level":0.95,"lower_bound":-0.04754801980827707,"upper_bound":-0.03465647171670383},"point_estimate":-0.040727503579846336,"standard_error":0.00328997645421949},"Median":{"confidence_interval":{"confidence_level":0.95,"lower_bound":-0.04178698976253237,"upper_bound":-0.03196669599965439},"point_estimate":-0.03693283756831134,"standard_error":0.0022213361434212805}}