{"Mean":{"confidence_interval":{"confidence_level":0.95,"lower_bound":-0.003829832292840209,"upper_bound":0.0016386615511285727},"point_estimate":-0.0009222755367517266,"standard_error":0.0013947664779667968},"Median":{"confidence_interval":{"confidence_level":0.95,"lower_bound":-0.00449786095139415,"upper_bound":0.002436224675662624},"point_estimate":-0.000032428089741687316,"standard_error":0.0015560745663212663}}