{"Mean":{"confidence_interval":{"confidence_level":0.95,"lower_bound":-0.005871027113901697,"upper_bound":0.0006242865957328744},"point_estimate":-0.002689225243547755,"standard_error":0.0016352133149223332},"Median":{"confidence_interval":{"confidence_level":0.95,"lower_bound":-0.006353327644481821,"upper_bound":-0.0004749525740724847},"point_estimate":-0.003274531358419819,"standard_error":0.0016523008008066296}}