{"Mean":{"confidence_interval":{"confidence_level":0.95,"lower_bound":768.108894280272,"upper_bound":772.7935223740278},"point_estimate":770.1758823025059,"standard_error":1.2015610807612447},"Median":{"confidence_interval":{"confidence_level":0.95,"lower_bound":766.1371232612056,"upper_bound":769.0175599541308},"point_estimate":767.5082108682284,"standard_error":0.8128101749052014},"MedianAbsDev":{"confidence_interval":{"confidence_level":0.95,"lower_bound":4.264944565517909,"upper_bound":7.796967634944378},"point_estimate":5.873637550281616,"standard_error":0.930713767854794},"Slope":{"confidence_interval":{"confidence_level":0.95,"lower_bound":765.4668317225617,"upper_bound":767.4727939098617},"point_estimate":766.4197876525524,"standard_error":0.5120149004173827},"StdDev":{"confidence_interval":{"confidence_level":0.95,"lower_bound":5.649195611051836,"upper_bound":17.844668416093423},"point_estimate":12.087206307565118,"standard_error":3.30762526165657}}