{"Mean":{"confidence_interval":{"confidence_level":0.95,"lower_bound":83112.57280495761,"upper_bound":83403.042633086},"point_estimate":83255.877471733,"standard_error":74.57929937299767},"Median":{"confidence_interval":{"confidence_level":0.95,"lower_bound":83024.3593607306,"upper_bound":83527.7397260274},"point_estimate":83230.39649923897,"standard_error":136.7022445829129},"MedianAbsDev":{"confidence_interval":{"confidence_level":0.95,"lower_bound":58.13662071444346,"upper_bound":402.032115978942},"point_estimate":324.3704208622777,"standard_error":95.84907081355223},"Slope":{"confidence_interval":{"confidence_level":0.95,"lower_bound":83075.39018891209,"upper_bound":83426.63443945475},"point_estimate":83265.4124770207,"standard_error":88.31885071902083},"StdDev":{"confidence_interval":{"confidence_level":0.95,"lower_bound":159.26623289542155,"upper_bound":289.41611766677045},"point_estimate":249.12664302491618,"standard_error":33.09470100428758}}