{"Mean":{"confidence_interval":{"confidence_level":0.95,"lower_bound":133.2959190191925,"upper_bound":135.09091951145678},"point_estimate":134.1187100541671,"standard_error":0.45980535412027884},"Median":{"confidence_interval":{"confidence_level":0.95,"lower_bound":132.32499362638265,"upper_bound":132.7341575022121},"point_estimate":132.54831980833634,"standard_error":0.10932763166005265},"MedianAbsDev":{"confidence_interval":{"confidence_level":0.95,"lower_bound":0.5279352062219322,"upper_bound":1.0072045114957047},"point_estimate":0.7741903600896125,"standard_error":0.11846936294960007},"Slope":{"confidence_interval":{"confidence_level":0.95,"lower_bound":133.35432367392855,"upper_bound":135.6359543031673},"point_estimate":134.38632250769268,"standard_error":0.5865725152839637},"StdDev":{"confidence_interval":{"confidence_level":0.95,"lower_bound":2.8268290810665233,"upper_bound":6.175295076629903},"point_estimate":4.604855601860931,"standard_error":0.8619069990496885}}