{"Mean":{"confidence_interval":{"confidence_level":0.95,"lower_bound":0.025256059411495713,"upper_bound":0.034034399804023126},"point_estimate":0.02944173997467625,"standard_error":0.0022006157261925327},"Median":{"confidence_interval":{"confidence_level":0.95,"lower_bound":0.02559617818065929,"upper_bound":0.03229500351930481},"point_estimate":0.02870882743648684,"standard_error":0.0016992468232572718}}