{"Mean":{"confidence_interval":{"confidence_level":0.95,"lower_bound":0.0040239756016039185,"upper_bound":0.011967121547193054},"point_estimate":0.007666082043388256,"standard_error":0.0020398364362366394},"Median":{"confidence_interval":{"confidence_level":0.95,"lower_bound":0.003680365036887734,"upper_bound":0.009969763797551545},"point_estimate":0.007462635725672406,"standard_error":0.0015905226967109743}}