{"Mean":{"confidence_interval":{"confidence_level":0.95,"lower_bound":-0.07090884896302371,"upper_bound":-0.06597419357778074},"point_estimate":-0.06842627669711498,"standard_error":0.001259677166343312},"Median":{"confidence_interval":{"confidence_level":0.95,"lower_bound":-0.07144484184643507,"upper_bound":-0.06511485522037797},"point_estimate":-0.06773545648992585,"standard_error":0.001587523749640145}}