{"Mean":{"confidence_interval":{"confidence_level":0.95,"lower_bound":224230.9578867203,"upper_bound":225871.03557688967},"point_estimate":225009.0002421866,"standard_error":419.395053288776},"Median":{"confidence_interval":{"confidence_level":0.95,"lower_bound":222813.1,"upper_bound":224693.27710843374},"point_estimate":223611.16136007966,"standard_error":549.949902904725},"MedianAbsDev":{"confidence_interval":{"confidence_level":0.95,"lower_bound":1935.400831639772,"upper_bound":3963.795606624597},"point_estimate":2748.501965368965,"standard_error":531.6577539733096},"Slope":{"confidence_interval":{"confidence_level":0.95,"lower_bound":223973.00617890668,"upper_bound":225569.31649696716},"point_estimate":224734.88407270578,"standard_error":407.93464044012137},"StdDev":{"confidence_interval":{"confidence_level":0.95,"lower_bound":3030.091039751558,"upper_bound":5499.341771495877},"point_estimate":4217.2055792655165,"standard_error":659.0324223279491}}