{"Mean":{"confidence_interval":{"confidence_level":0.95,"lower_bound":144898.0801869268,"upper_bound":146078.6258830178},"point_estimate":145469.71759537485,"standard_error":301.6156582260346},"Median":{"confidence_interval":{"confidence_level":0.95,"lower_bound":143926.8487394958,"upper_bound":145024.04006968642},"point_estimate":144705.61714285714,"standard_error":290.3676149094282},"MedianAbsDev":{"confidence_interval":{"confidence_level":0.95,"lower_bound":1683.3462909775926,"upper_bound":2973.0557253562324},"point_estimate":2290.4635220028,"standard_error":344.73695457750676},"Slope":{"confidence_interval":{"confidence_level":0.95,"lower_bound":144183.83630946974,"upper_bound":145171.5191820987},"point_estimate":144648.73771622792,"standard_error":251.47854869730102},"StdDev":{"confidence_interval":{"confidence_level":0.95,"lower_bound":2445.042176700405,"upper_bound":3542.788034985183},"point_estimate":3040.4236394404024,"standard_error":280.215558879485}}