{"Mean":{"confidence_interval":{"confidence_level":0.95,"lower_bound":647737.158918849,"upper_bound":655744.5620514585},"point_estimate":651462.9237865267,"standard_error":2043.1155614835245},"Median":{"confidence_interval":{"confidence_level":0.95,"lower_bound":641679.3607594937,"upper_bound":648007.0},"point_estimate":644483.0224358975,"standard_error":1519.7670992407636},"MedianAbsDev":{"confidence_interval":{"confidence_level":0.95,"lower_bound":5755.213697317395,"upper_bound":12026.552198885798},"point_estimate":8400.25010910108,"standard_error":1547.684361032746},"Slope":{"confidence_interval":{"confidence_level":0.95,"lower_bound":649332.0807705711,"upper_bound":657048.2743058447},"point_estimate":653044.1862863898,"standard_error":1968.8407051160536},"StdDev":{"confidence_interval":{"confidence_level":0.95,"lower_bound":13669.086671640767,"upper_bound":27262.697533788818},"point_estimate":20609.501837767122,"standard_error":3526.706483046666}}