{"Mean":{"confidence_interval":{"confidence_level":0.95,"lower_bound":4450.1051986592565,"upper_bound":4480.595323004204},"point_estimate":4464.633060985049,"standard_error":7.798025131227223},"Median":{"confidence_interval":{"confidence_level":0.95,"lower_bound":4425.495449418706,"upper_bound":4455.40598860468},"point_estimate":4433.869392460667,"standard_error":7.993048932757032},"MedianAbsDev":{"confidence_interval":{"confidence_level":0.95,"lower_bound":30.668375851054297,"upper_bound":62.574373747742136},"point_estimate":42.03085095424677,"standard_error":8.251209280081296},"Slope":{"confidence_interval":{"confidence_level":0.95,"lower_bound":4449.707458477574,"upper_bound":4481.978208468391},"point_estimate":4465.065787116289,"standard_error":8.248958739765403},"StdDev":{"confidence_interval":{"confidence_level":0.95,"lower_bound":58.57493028259534,"upper_bound":97.4029455004127},"point_estimate":78.29360890882896,"standard_error":9.991414779539692}}