{"Mean":{"confidence_interval":{"confidence_level":0.95,"lower_bound":4593.377611547931,"upper_bound":4688.163326361295},"point_estimate":4637.766109480703,"standard_error":24.285859976124637},"Median":{"confidence_interval":{"confidence_level":0.95,"lower_bound":4535.744042056075,"upper_bound":4551.529161775849},"point_estimate":4542.272880895458,"standard_error":3.8290457188690312},"MedianAbsDev":{"confidence_interval":{"confidence_level":0.95,"lower_bound":19.62118448588775,"upper_bound":41.83928245397759},"point_estimate":26.80010502114107,"standard_error":5.478335251658436},"Slope":{"confidence_interval":{"confidence_level":0.95,"lower_bound":4582.732435671157,"upper_bound":4662.540510522082},"point_estimate":4619.931700058973,"standard_error":20.378488077177163},"StdDev":{"confidence_interval":{"confidence_level":0.95,"lower_bound":161.03004564338644,"upper_bound":310.6623567015896},"point_estimate":243.1052148388448,"standard_error":38.27949487506533}}