{"Mean":{"confidence_interval":{"confidence_level":0.95,"lower_bound":4342.572057662262,"upper_bound":4393.740308905387},"point_estimate":4363.026449920669,"standard_error":13.465817946818213},"Median":{"confidence_interval":{"confidence_level":0.95,"lower_bound":4328.59071738486,"upper_bound":4345.447768403566},"point_estimate":4335.477690620783,"standard_error":3.9850071426345766},"MedianAbsDev":{"confidence_interval":{"confidence_level":0.95,"lower_bound":29.31912667246403,"upper_bound":49.65872072201509},"point_estimate":41.325169762283025,"standard_error":4.964087468000518},"Slope":{"confidence_interval":{"confidence_level":0.95,"lower_bound":4333.940764323852,"upper_bound":4355.221365435605},"point_estimate":4344.142055835984,"standard_error":5.435434274678672},"StdDev":{"confidence_interval":{"confidence_level":0.95,"lower_bound":44.437129545297566,"upper_bound":220.67621079197585},"point_estimate":135.83300792988453,"standard_error":57.03912324460928}}