{"Mean":{"confidence_interval":{"confidence_level":0.95,"lower_bound":4985.514956908191,"upper_bound":5017.665272559346},"point_estimate":5001.156892645209,"standard_error":8.166859974146675},"Median":{"confidence_interval":{"confidence_level":0.95,"lower_bound":4974.18457150618,"upper_bound":5011.009157733633},"point_estimate":4992.787546630278,"standard_error":9.271030301519263},"MedianAbsDev":{"confidence_interval":{"confidence_level":0.95,"lower_bound":47.72934536622047,"upper_bound":78.0188003245248},"point_estimate":58.77986052340434,"standard_error":7.702008610886051},"Slope":{"confidence_interval":{"confidence_level":0.95,"lower_bound":4986.161031831832,"upper_bound":5014.981704287596},"point_estimate":5000.4195081065145,"standard_error":7.37266555508996},"StdDev":{"confidence_interval":{"confidence_level":0.95,"lower_bound":64.13446861258042,"upper_bound":98.75085517067299},"point_estimate":82.15812516843394,"standard_error":8.853886046759568}}