{"Mean":{"confidence_interval":{"confidence_level":0.95,"lower_bound":5698.8882456988,"upper_bound":5784.674601333399},"point_estimate":5736.131904284424,"standard_error":22.412319214444107},"Median":{"confidence_interval":{"confidence_level":0.95,"lower_bound":5692.457669376694,"upper_bound":5773.414128274616},"point_estimate":5703.527093495935,"standard_error":18.091753118016175},"MedianAbsDev":{"confidence_interval":{"confidence_level":0.95,"lower_bound":4.263161982850701,"upper_bound":93.95507575337341},"point_estimate":21.493566935485795,"standard_error":20.147429363682665},"Slope":{"confidence_interval":{"confidence_level":0.95,"lower_bound":5694.093473406545,"upper_bound":5849.467903643481},"point_estimate":5780.660454862211,"standard_error":41.91765377081552},"StdDev":{"confidence_interval":{"confidence_level":0.95,"lower_bound":12.714473071586314,"upper_bound":102.47748592697589},"point_estimate":74.75672210858387,"standard_error":24.30796622516101}}