{"Mean":{"confidence_interval":{"confidence_level":0.95,"lower_bound":1238986.4393641215,"upper_bound":1252047.5048723712},"point_estimate":1245219.3112977315,"standard_error":3335.6803876479853},"Median":{"confidence_interval":{"confidence_level":0.95,"lower_bound":1234619.2482142858,"upper_bound":1244432.3043478262},"point_estimate":1238865.1561904764,"standard_error":2568.6531649733965},"MedianAbsDev":{"confidence_interval":{"confidence_level":0.95,"lower_bound":17902.446447400365,"upper_bound":27890.508086866936},"point_estimate":23733.805377307093,"standard_error":2514.894437610389},"Slope":{"confidence_interval":{"confidence_level":0.95,"lower_bound":1228861.832155073,"upper_bound":1238427.0007950203},"point_estimate":1233536.6589389686,"standard_error":2441.3441471815254},"StdDev":{"confidence_interval":{"confidence_level":0.95,"lower_bound":24318.13344277849,"upper_bound":41497.04810619129},"point_estimate":33520.02391901913,"standard_error":4401.355030402484}}