{"Mean":{"confidence_interval":{"confidence_level":0.95,"lower_bound":1200084.410222222,"upper_bound":1207275.017968254},"point_estimate":1203326.225079365,"standard_error":1850.716782338082},"Median":{"confidence_interval":{"confidence_level":0.95,"lower_bound":1198414.2444444445,"upper_bound":1206556.2666666666},"point_estimate":1202038.7442857143,"standard_error":1977.0182009776702},"MedianAbsDev":{"confidence_interval":{"confidence_level":0.95,"lower_bound":699.1235475881072,"upper_bound":8988.455078423203},"point_estimate":5404.109615391261,"standard_error":2156.8944557274026},"Slope":{"confidence_interval":{"confidence_level":0.95,"lower_bound":1198780.4065116278,"upper_bound":1202971.7171374764},"point_estimate":1200681.0344588745,"standard_error":1081.2606902320222},"StdDev":{"confidence_interval":{"confidence_level":0.95,"lower_bound":2315.3981064061304,"upper_bound":8426.175573932953},"point_estimate":6173.318677533424,"standard_error":1663.7405908935298}}