{"Mean":{"confidence_interval":{"confidence_level":0.95,"lower_bound":1125369.266484414,"upper_bound":1135546.6138362193},"point_estimate":1130087.6080253867,"standard_error":2592.4733459350837},"Median":{"confidence_interval":{"confidence_level":0.95,"lower_bound":1120136.5604395603,"upper_bound":1130229.7692307692},"point_estimate":1127142.71372549,"standard_error":2753.3604645962823},"MedianAbsDev":{"confidence_interval":{"confidence_level":0.95,"lower_bound":14231.645303701476,"upper_bound":24057.242382387158},"point_estimate":19973.664694166844,"standard_error":2466.842696929607},"Slope":{"confidence_interval":{"confidence_level":0.95,"lower_bound":1120444.7043929696,"upper_bound":1126784.5684431733},"point_estimate":1123531.3803783064,"standard_error":1616.352168337823},"StdDev":{"confidence_interval":{"confidence_level":0.95,"lower_bound":17584.01599444058,"upper_bound":35711.52984230378},"point_estimate":26060.687829220195,"standard_error":5069.708953518284}}