{"Mean":{"confidence_interval":{"confidence_level":0.95,"lower_bound":1226338.5878962881,"upper_bound":1246815.5690745295},"point_estimate":1236248.6256618104,"standard_error":5244.363394623485},"Median":{"confidence_interval":{"confidence_level":0.95,"lower_bound":1207521.9632616485,"upper_bound":1231708.43},"point_estimate":1221276.316849817,"standard_error":5967.606734907054},"MedianAbsDev":{"confidence_interval":{"confidence_level":0.95,"lower_bound":24784.841983888284,"upper_bound":52975.147959115304},"point_estimate":39831.35027411503,"standard_error":6772.612674119485},"Slope":{"confidence_interval":{"confidence_level":0.95,"lower_bound":1237831.0954123328,"upper_bound":1258344.3533659242},"point_estimate":1248015.2844628342,"standard_error":5235.903478334028},"StdDev":{"confidence_interval":{"confidence_level":0.95,"lower_bound":41180.632930374486,"upper_bound":63292.12259432929},"point_estimate":52735.90388966742,"standard_error":5659.582510232195}}