{"Mean":{"confidence_interval":{"confidence_level":0.95,"lower_bound":28.49102031250025,"upper_bound":28.59544442638232},"point_estimate":28.53737526916294,"standard_error":0.026894761658420977},"Median":{"confidence_interval":{"confidence_level":0.95,"lower_bound":28.44531682689691,"upper_bound":28.49227236220359},"point_estimate":28.460729012969914,"standard_error":0.011591726604586475},"MedianAbsDev":{"confidence_interval":{"confidence_level":0.95,"lower_bound":0.04446921361573767,"upper_bound":0.09565590676057896},"point_estimate":0.06030938481476809,"standard_error":0.012305222708700762},"Slope":{"confidence_interval":{"confidence_level":0.95,"lower_bound":28.492209416083405,"upper_bound":28.5920494689038},"point_estimate":28.535639913195254,"standard_error":0.0258040536733438},"StdDev":{"confidence_interval":{"confidence_level":0.95,"lower_bound":0.11829769602939548,"upper_bound":0.3864525380976474},"point_estimate":0.27074747984900255,"standard_error":0.06787455592061072}}