{"Mean":{"confidence_interval":{"confidence_level":0.95,"lower_bound":-0.6439514169307826,"upper_bound":-0.6427285729561208},"point_estimate":-0.6433151733053448,"standard_error":0.0003134450884971286},"Median":{"confidence_interval":{"confidence_level":0.95,"lower_bound":-0.6436393773241649,"upper_bound":-0.6420619808679744},"point_estimate":-0.6427076833607694,"standard_error":0.0003921599685407699}}