{"Mean":{"confidence_interval":{"confidence_level":0.95,"lower_bound":0.744498802094399,"upper_bound":0.7509351110820989},"point_estimate":0.7478304127746616,"standard_error":0.0016487912591692867},"Median":{"confidence_interval":{"confidence_level":0.95,"lower_bound":0.7451520483286491,"upper_bound":0.7519153460557377},"point_estimate":0.748787056360281,"standard_error":0.0018024300778437992}}