{"Mean":{"confidence_interval":{"confidence_level":0.95,"lower_bound":0.0018885930523935503,"upper_bound":0.006973700529087772},"point_estimate":0.004458977802621611,"standard_error":0.0013002394809319899},"Median":{"confidence_interval":{"confidence_level":0.95,"lower_bound":0.002841649879681718,"upper_bound":0.0065057554323073585},"point_estimate":0.004925229351205651,"standard_error":0.0009194882179101969}}