{"Mean":{"confidence_interval":{"confidence_level":0.95,"lower_bound":-0.035004229866749476,"upper_bound":-0.013866910878346827},"point_estimate":-0.021732942248698484,"standard_error":0.006050180610169158},"Median":{"confidence_interval":{"confidence_level":0.95,"lower_bound":-0.016052242214521284,"upper_bound":-0.011797898367804982},"point_estimate":-0.01397142885069691,"standard_error":0.001017229594442546}}