{"Mean":{"confidence_interval":{"confidence_level":0.95,"lower_bound":0.023360065283194464,"upper_bound":0.04576354781004225},"point_estimate":0.03190772275265186,"standard_error":0.0061808334379742915},"Median":{"confidence_interval":{"confidence_level":0.95,"lower_bound":0.020465295682361898,"upper_bound":0.025789584077713146},"point_estimate":0.022776944612397543,"standard_error":0.0013182433006811757}}