{"Mean":{"confidence_interval":{"confidence_level":0.95,"lower_bound":0.004392737164344735,"upper_bound":0.008428652810147888},"point_estimate":0.006404875939941546,"standard_error":0.0010249766183039251},"Median":{"confidence_interval":{"confidence_level":0.95,"lower_bound":0.004284352704779781,"upper_bound":0.009570324479214465},"point_estimate":0.007935961848337891,"standard_error":0.0013657638036011488}}