{"Mean":{"confidence_interval":{"confidence_level":0.95,"lower_bound":-0.026695939977935873,"upper_bound":-0.01780902865066134},"point_estimate":-0.022259024859880627,"standard_error":0.0022638474079604383},"Median":{"confidence_interval":{"confidence_level":0.95,"lower_bound":-0.024430453760173276,"upper_bound":-0.01342568643917419},"point_estimate":-0.018013184510650926,"standard_error":0.0027888011898325104}}