{"Mean":{"confidence_interval":{"confidence_level":0.95,"lower_bound":-0.009387409834670136,"upper_bound":-0.003754650604349645},"point_estimate":-0.006437586213740354,"standard_error":0.0014406736724964174},"Median":{"confidence_interval":{"confidence_level":0.95,"lower_bound":-0.010417326255116155,"upper_bound":-0.0024452776171078883},"point_estimate":-0.006028623374381925,"standard_error":0.0019424980026863374}}