{"Mean":{"confidence_interval":{"confidence_level":0.95,"lower_bound":0.034973346930886356,"upper_bound":0.04603479857469951},"point_estimate":0.04039769475819455,"standard_error":0.0028224526429133823},"Median":{"confidence_interval":{"confidence_level":0.95,"lower_bound":0.02957708766980316,"upper_bound":0.04166108011734932},"point_estimate":0.035979063707366254,"standard_error":0.003186838475152312}}