{"Mean":{"confidence_interval":{"confidence_level":0.95,"lower_bound":261455.96557749907,"upper_bound":262926.39880774403},"point_estimate":262140.23332560793,"standard_error":375.605846326517},"Median":{"confidence_interval":{"confidence_level":0.95,"lower_bound":260312.13563829788,"upper_bound":261752.80555555556},"point_estimate":260997.63431818184,"standard_error":381.6502712763735},"MedianAbsDev":{"confidence_interval":{"confidence_level":0.95,"lower_bound":1445.545668831545,"upper_bound":2912.691876108964},"point_estimate":2262.4583211202407,"standard_error":401.6432580563678},"Slope":{"confidence_interval":{"confidence_level":0.95,"lower_bound":261520.0395813658,"upper_bound":262697.67861920473},"point_estimate":262094.76992389536,"standard_error":301.8365905179007},"StdDev":{"confidence_interval":{"confidence_level":0.95,"lower_bound":2486.353475158282,"upper_bound":5170.652663224287},"point_estimate":3779.7984416521003,"standard_error":737.0575375056105}}