{"Mean":{"confidence_interval":{"confidence_level":0.95,"lower_bound":36490292.92003989,"upper_bound":36546008.8004046},"point_estimate":36517195.764785886,"standard_error":14277.206527845054},"Median":{"confidence_interval":{"confidence_level":0.95,"lower_bound":36462771.47959184,"upper_bound":36522360.41489362},"point_estimate":36492332.00260671,"standard_error":14804.779817605855},"MedianAbsDev":{"confidence_interval":{"confidence_level":0.95,"lower_bound":76844.615107772,"upper_bound":128165.33106654102},"point_estimate":96231.93780487015,"standard_error":12807.180432276153},"Slope":{"confidence_interval":{"confidence_level":0.95,"lower_bound":36490518.698247485,"upper_bound":36566536.13686407},"point_estimate":36525581.16639279,"standard_error":19444.342894794474},"StdDev":{"confidence_interval":{"confidence_level":0.95,"lower_bound":110337.05631332585,"upper_bound":174274.08955228454},"point_estimate":143757.41230193689,"standard_error":16395.363625971306}}