{"Mean":{"confidence_interval":{"confidence_level":0.95,"lower_bound":37520118.32181595,"upper_bound":37593904.76195935},"point_estimate":37555415.85133449,"standard_error":18858.729393056346},"Median":{"confidence_interval":{"confidence_level":0.95,"lower_bound":37484149.962025315,"upper_bound":37556632.9072165},"point_estimate":37521267.47361112,"standard_error":17659.476621368154},"MedianAbsDev":{"confidence_interval":{"confidence_level":0.95,"lower_bound":97169.2024533859,"upper_bound":162981.2013773471},"point_estimate":119951.85861230872,"standard_error":16243.849242229446},"Slope":{"confidence_interval":{"confidence_level":0.95,"lower_bound":37525445.23608961,"upper_bound":37611700.3808732},"point_estimate":37566046.38083937,"standard_error":21950.925442022723},"StdDev":{"confidence_interval":{"confidence_level":0.95,"lower_bound":139512.0835507275,"upper_bound":238283.579497724},"point_estimate":189596.95793472553,"standard_error":25472.496874792843}}