{"Mean":{"confidence_interval":{"confidence_level":0.95,"lower_bound":476949.8499507234,"upper_bound":483254.61893044546},"point_estimate":480027.86803738243,"standard_error":1606.122357776491},"Median":{"confidence_interval":{"confidence_level":0.95,"lower_bound":470533.4549019608,"upper_bound":479278.7},"point_estimate":473285.38954954955,"standard_error":2520.3051047237536},"MedianAbsDev":{"confidence_interval":{"confidence_level":0.95,"lower_bound":8712.297591343304,"upper_bound":21057.048255329326},"point_estimate":12664.069722362881,"standard_error":3385.1988025855285},"Slope":{"confidence_interval":{"confidence_level":0.95,"lower_bound":468444.0700614548,"upper_bound":471547.6769965867},"point_estimate":469872.6000463031,"standard_error":793.3838943718372},"StdDev":{"confidence_interval":{"confidence_level":0.95,"lower_bound":13526.022566423173,"upper_bound":19348.055155945018},"point_estimate":16195.860725756365,"standard_error":1550.6927747665804}}