{"Mean":{"confidence_interval":{"confidence_level":0.95,"lower_bound":517713.2292529317,"upper_bound":522004.5830447947},"point_estimate":519435.1349567847,"standard_error":1132.2752979494755},"Median":{"confidence_interval":{"confidence_level":0.95,"lower_bound":517291.68272727274,"upper_bound":518974.20408163266},"point_estimate":518210.5984848485,"standard_error":401.1772081886274},"MedianAbsDev":{"confidence_interval":{"confidence_level":0.95,"lower_bound":3584.1204100533437,"upper_bound":5711.228574257119},"point_estimate":4563.871132611487,"standard_error":578.9811039714469},"Slope":{"confidence_interval":{"confidence_level":0.95,"lower_bound":518441.8062731222,"upper_bound":520959.1782732756},"point_estimate":519690.0926156347,"standard_error":643.3528321860614},"StdDev":{"confidence_interval":{"confidence_level":0.95,"lower_bound":4065.5633274122347,"upper_bound":18580.970602944693},"point_estimate":11418.918006145801,"standard_error":4848.0478660679755}}