{"Mean":{"confidence_interval":{"confidence_level":0.95,"lower_bound":520386.74722222297,"upper_bound":523767.60880830215},"point_estimate":521968.8178247504,"standard_error":862.314855672708},"Median":{"confidence_interval":{"confidence_level":0.95,"lower_bound":518276.85363568214,"upper_bound":521848.1979166667},"point_estimate":519465.3802469135,"standard_error":884.6737476056671},"MedianAbsDev":{"confidence_interval":{"confidence_level":0.95,"lower_bound":4300.45263776106,"upper_bound":7952.599992833646},"point_estimate":6143.799726343038,"standard_error":942.8088604338834},"Slope":{"confidence_interval":{"confidence_level":0.95,"lower_bound":519386.59328212106,"upper_bound":521675.42948234454},"point_estimate":520459.3100768435,"standard_error":583.3946679365148},"StdDev":{"confidence_interval":{"confidence_level":0.95,"lower_bound":6125.569050232086,"upper_bound":11378.19825741982},"point_estimate":8663.196884540683,"standard_error":1387.6220846691347}}