{"Mean":{"confidence_interval":{"confidence_level":0.95,"lower_bound":122150.57508680291,"upper_bound":123346.85254008078},"point_estimate":122708.52276585657,"standard_error":306.0985366841681},"Median":{"confidence_interval":{"confidence_level":0.95,"lower_bound":121345.87978142076,"upper_bound":122408.16805555555},"point_estimate":121918.67611111111,"standard_error":272.0713928938528},"MedianAbsDev":{"confidence_interval":{"confidence_level":0.95,"lower_bound":1242.0810221499632,"upper_bound":2352.106444926954},"point_estimate":1907.4556924166002,"standard_error":282.5811883503905},"Slope":{"confidence_interval":{"confidence_level":0.95,"lower_bound":121892.80859044462,"upper_bound":122672.78735209555},"point_estimate":122272.7591451981,"standard_error":198.11658830857306},"StdDev":{"confidence_interval":{"confidence_level":0.95,"lower_bound":2034.5589813240506,"upper_bound":4060.9817940461903},"point_estimate":3073.522210833418,"standard_error":524.3807209246323}}