{"Mean":{"confidence_interval":{"confidence_level":0.95,"lower_bound":76562.56417287374,"upper_bound":77002.47628260107},"point_estimate":76775.0633134819,"standard_error":112.08116465811587},"Median":{"confidence_interval":{"confidence_level":0.95,"lower_bound":76251.7935520362,"upper_bound":76785.59427720167},"point_estimate":76518.81471192678,"standard_error":138.2702068006063},"MedianAbsDev":{"confidence_interval":{"confidence_level":0.95,"lower_bound":759.4460162686195,"upper_bound":1276.1036379924},"point_estimate":1020.2105645449839,"standard_error":125.40823325432584},"Slope":{"confidence_interval":{"confidence_level":0.95,"lower_bound":76594.57477092692,"upper_bound":77220.7701208668},"point_estimate":76901.86480749337,"standard_error":159.89324685867624},"StdDev":{"confidence_interval":{"confidence_level":0.95,"lower_bound":923.0949892209626,"upper_bound":1305.7071521089001},"point_estimate":1127.781069146459,"standard_error":97.69326922625669}}