{"Mean":{"confidence_interval":{"confidence_level":0.95,"lower_bound":341425.51448529406,"upper_bound":342680.9994955066},"point_estimate":342009.18306489266,"standard_error":321.49613673609775},"Median":{"confidence_interval":{"confidence_level":0.95,"lower_bound":341155.9346405229,"upper_bound":342702.4791666667},"point_estimate":341694.76715686277,"standard_error":484.79088485308387},"MedianAbsDev":{"confidence_interval":{"confidence_level":0.95,"lower_bound":87.38570217404674,"upper_bound":1896.8340457362642},"point_estimate":908.4471450483135,"standard_error":455.4326311011848},"Slope":{"confidence_interval":{"confidence_level":0.95,"lower_bound":341411.07322117017,"upper_bound":343074.1160738094},"point_estimate":342168.8517443341,"standard_error":426.1804580312293},"StdDev":{"confidence_interval":{"confidence_level":0.95,"lower_bound":537.0110218598362,"upper_bound":1395.8010364593522},"point_estimate":1068.6165040744693,"standard_error":233.66014713413074}}