{"Mean":{"confidence_interval":{"confidence_level":0.95,"lower_bound":591.1227364322575,"upper_bound":595.7717821582212},"point_estimate":593.428764961223,"standard_error":1.183178059940306},"Median":{"confidence_interval":{"confidence_level":0.95,"lower_bound":592.7708006946095,"upper_bound":597.0432775785497},"point_estimate":594.8055448252566,"standard_error":0.9478569051249035},"MedianAbsDev":{"confidence_interval":{"confidence_level":0.95,"lower_bound":6.021769608597569,"upper_bound":9.757181775367819},"point_estimate":7.871655074630651,"standard_error":0.9104150552234292},"Slope":{"confidence_interval":{"confidence_level":0.95,"lower_bound":593.4674645827763,"upper_bound":597.09633899008},"point_estimate":595.1792328781163,"standard_error":0.9221488108083239},"StdDev":{"confidence_interval":{"confidence_level":0.95,"lower_bound":9.071187849839475,"upper_bound":14.74607675356823},"point_estimate":11.909996988812518,"standard_error":1.4586542885274216}}