{"Mean":{"confidence_interval":{"confidence_level":0.95,"lower_bound":12785140.134179328,"upper_bound":12816951.014632976},"point_estimate":12800836.62373646,"standard_error":8116.563660412653},"Median":{"confidence_interval":{"confidence_level":0.95,"lower_bound":12777262.713507626,"upper_bound":12812322.075471697},"point_estimate":12791309.475980394,"standard_error":8926.34518431765},"MedianAbsDev":{"confidence_interval":{"confidence_level":0.95,"lower_bound":56087.057821644295,"upper_bound":91707.79591604686},"point_estimate":74626.04528356095,"standard_error":9201.403615640676},"Slope":{"confidence_interval":{"confidence_level":0.95,"lower_bound":12811881.493654294,"upper_bound":12848070.216787184},"point_estimate":12830269.926768139,"standard_error":9228.89841715268},"StdDev":{"confidence_interval":{"confidence_level":0.95,"lower_bound":67697.95040425433,"upper_bound":93694.06083082026},"point_estimate":81378.50036137989,"standard_error":6636.691986542372}}