{"Mean":{"confidence_interval":{"confidence_level":0.95,"lower_bound":12962770.190595804,"upper_bound":12997331.735433374},"point_estimate":12979485.555284617,"standard_error":8846.836390076309},"Median":{"confidence_interval":{"confidence_level":0.95,"lower_bound":12944252.0,"upper_bound":12973473.424050633},"point_estimate":12963764.558333334,"standard_error":7891.983321195609},"MedianAbsDev":{"confidence_interval":{"confidence_level":0.95,"lower_bound":42359.786340354745,"upper_bound":76963.5617919343},"point_estimate":64228.273744604594,"standard_error":8888.169174211862},"Slope":{"confidence_interval":{"confidence_level":0.95,"lower_bound":12969076.475417439,"upper_bound":13002159.552519035},"point_estimate":12984762.877029702,"standard_error":8440.772415936992},"StdDev":{"confidence_interval":{"confidence_level":0.95,"lower_bound":70672.71857139241,"upper_bound":104859.04805760767},"point_estimate":88919.11485118416,"standard_error":8747.965466339821}}