{"Mean":{"confidence_interval":{"confidence_level":0.95,"lower_bound":0.018988349002632493,"upper_bound":0.02920636706056688},"point_estimate":0.023922272726534022,"standard_error":0.0026027275611050934},"Median":{"confidence_interval":{"confidence_level":0.95,"lower_bound":0.01677435917419401,"upper_bound":0.02575195998169444},"point_estimate":0.021068645777426065,"standard_error":0.0022674994725608885}}