{"Mean":{"confidence_interval":{"confidence_level":0.95,"lower_bound":-0.021497307677222167,"upper_bound":-0.011949550741611465},"point_estimate":-0.01665119478982524,"standard_error":0.002416981709944227},"Median":{"confidence_interval":{"confidence_level":0.95,"lower_bound":-0.01822946641176426,"upper_bound":-0.009025406298763472},"point_estimate":-0.013839298937847855,"standard_error":0.002318937344387471}}