{"Mean":{"confidence_interval":{"confidence_level":0.95,"lower_bound":-0.00522142190551754,"upper_bound":0.0048134249484929935},"point_estimate":-0.00007258168802326548,"standard_error":0.0025440161551535632},"Median":{"confidence_interval":{"confidence_level":0.95,"lower_bound":-0.001496699835623283,"upper_bound":0.005681042329223285},"point_estimate":0.0019080341699859726,"standard_error":0.0018183969982543556}}