{"Mean":{"confidence_interval":{"confidence_level":0.95,"lower_bound":5962881.756708484,"upper_bound":6015599.035891419},"point_estimate":5987562.608574101,"standard_error":13480.6261353323},"Median":{"confidence_interval":{"confidence_level":0.95,"lower_bound":5920856.6,"upper_bound":5984083.282828283},"point_estimate":5951915.80762987,"standard_error":15096.038174657391},"MedianAbsDev":{"confidence_interval":{"confidence_level":0.95,"lower_bound":70871.32983125439,"upper_bound":132358.97006296742},"point_estimate":101923.77101257685,"standard_error":15319.57703622615},"Slope":{"confidence_interval":{"confidence_level":0.95,"lower_bound":5978163.523295845,"upper_bound":6023518.949384915},"point_estimate":6000016.263277671,"standard_error":11573.448415711951},"StdDev":{"confidence_interval":{"confidence_level":0.95,"lower_bound":95963.60504535498,"upper_bound":182284.78107374447},"point_estimate":136023.2852030905,"standard_error":24345.446980715067}}