{"Mean":{"confidence_interval":{"confidence_level":0.95,"lower_bound":100.55997439865217,"upper_bound":100.9898692024367},"point_estimate":100.73919563608857,"standard_error":0.11133887640311532},"Median":{"confidence_interval":{"confidence_level":0.95,"lower_bound":100.38791293754117,"upper_bound":100.54115562325228},"point_estimate":100.43608852047434,"standard_error":0.04144190149124965},"MedianAbsDev":{"confidence_interval":{"confidence_level":0.95,"lower_bound":0.1639836273411258,"upper_bound":0.3383785055032863},"point_estimate":0.22957969172922807,"standard_error":0.047171172496958375},"Slope":{"confidence_interval":{"confidence_level":0.95,"lower_bound":100.51681876424036,"upper_bound":100.86416150699924},"point_estimate":100.67269527176796,"standard_error":0.08947881097197585},"StdDev":{"confidence_interval":{"confidence_level":0.95,"lower_bound":0.4081424711251029,"upper_bound":1.7618030144349617},"point_estimate":1.1154791557749295,"standard_error":0.40471498287985985}}