{"Mean":{"confidence_interval":{"confidence_level":0.95,"lower_bound":-0.0023964058842689427,"upper_bound":0.0006680980633480934},"point_estimate":-0.0009078735973678809,"standard_error":0.0007949643255711182},"Median":{"confidence_interval":{"confidence_level":0.95,"lower_bound":-0.003305110236306197,"upper_bound":0.0003900869317305933},"point_estimate":-0.0023184926752501944,"standard_error":0.0010065783862114358}}