{"Mean":{"confidence_interval":{"confidence_level":0.95,"lower_bound":-0.0022722020866592333,"upper_bound":0.004577123531494179},"point_estimate":0.0012001060772943717,"standard_error":0.0017486946375850556},"Median":{"confidence_interval":{"confidence_level":0.95,"lower_bound":-0.002780773856195684,"upper_bound":0.003909703082055849},"point_estimate":0.00029123651126061745,"standard_error":0.0018468338230835579}}