{"Mean":{"confidence_interval":{"confidence_level":0.95,"lower_bound":-0.00430346180038724,"upper_bound":0.005527420590187844},"point_estimate":0.0009141657876770015,"standard_error":0.0024949812036381405},"Median":{"confidence_interval":{"confidence_level":0.95,"lower_bound":0.0008722725362015904,"upper_bound":0.005370121112449944},"point_estimate":0.003226721579606906,"standard_error":0.0011591634476954837}}