{"Mean":{"confidence_interval":{"confidence_level":0.95,"lower_bound":-0.00885630186975031,"upper_bound":-0.0031675018575746013},"point_estimate":-0.0059045665602400765,"standard_error":0.0014521921219876274},"Median":{"confidence_interval":{"confidence_level":0.95,"lower_bound":-0.0072187647765920016,"upper_bound":-0.0009316600063640212},"point_estimate":-0.00375869339670154,"standard_error":0.0017922949090916538}}