{"Mean":{"confidence_interval":{"confidence_level":0.95,"lower_bound":0.04648149782900775,"upper_bound":0.05269759539240496},"point_estimate":0.04924135450933931,"standard_error":0.0016162708441619241},"Median":{"confidence_interval":{"confidence_level":0.95,"lower_bound":0.04549137907114886,"upper_bound":0.05344083434980851},"point_estimate":0.04773613917698327,"standard_error":0.002133919696240467}}