{"Mean":{"confidence_interval":{"confidence_level":0.95,"lower_bound":-0.0007306416874988062,"upper_bound":0.005761676923823383},"point_estimate":0.002421932088349621,"standard_error":0.0016216046285025458},"Median":{"confidence_interval":{"confidence_level":0.95,"lower_bound":-0.0010789047778916316,"upper_bound":0.0077421367711831834},"point_estimate":0.004631698595267464,"standard_error":0.0022914744759549095}}