{"Mean":{"confidence_interval":{"confidence_level":0.95,"lower_bound":-0.01122016155851305,"upper_bound":-0.0033497511051684766},"point_estimate":-0.007596780186887142,"standard_error":0.0020060186526269946},"Median":{"confidence_interval":{"confidence_level":0.95,"lower_bound":-0.010002518092278367,"upper_bound":-0.003155502630676321},"point_estimate":-0.006887732673299896,"standard_error":0.0018132686973181013}}