{"Mean":{"confidence_interval":{"confidence_level":0.95,"lower_bound":-0.003757424655621566,"upper_bound":0.004622808785025433},"point_estimate":0.0001839958675751152,"standard_error":0.0021414305505338366},"Median":{"confidence_interval":{"confidence_level":0.95,"lower_bound":-0.006897223029079216,"upper_bound":0.0018070780417573928},"point_estimate":-0.003567995920243927,"standard_error":0.0023406486891603853}}