{"Mean":{"confidence_interval":{"confidence_level":0.95,"lower_bound":50.84459145655364,"upper_bound":51.034629056173216},"point_estimate":50.93128147813345,"standard_error":0.04894560123484262},"Median":{"confidence_interval":{"confidence_level":0.95,"lower_bound":50.806180444093364,"upper_bound":51.04288793765596},"point_estimate":50.88465575340969,"standard_error":0.04889729669492368},"MedianAbsDev":{"confidence_interval":{"confidence_level":0.95,"lower_bound":0.015970615295864177,"upper_bound":0.2571160508456447},"point_estimate":0.12203644570273205,"standard_error":0.05754087730865902},"Slope":{"confidence_interval":{"confidence_level":0.95,"lower_bound":50.84231157232687,"upper_bound":51.01173101783957},"point_estimate":50.911939388773646,"standard_error":0.043260667352679985},"StdDev":{"confidence_interval":{"confidence_level":0.95,"lower_bound":0.05417171097775815,"upper_bound":0.20948208144475083},"point_estimate":0.16311073983250823,"standard_error":0.04017672228200849}}