{"Mean":{"confidence_interval":{"confidence_level":0.95,"lower_bound":-0.004593852560734082,"upper_bound":0.00646591104700697},"point_estimate":0.0012701395406806704,"standard_error":0.0028646815455597072},"Median":{"confidence_interval":{"confidence_level":0.95,"lower_bound":-0.004666038374715908,"upper_bound":0.009398640730822194},"point_estimate":0.0023243807879200773,"standard_error":0.003994054805347699}}