{"Mean":{"confidence_interval":{"confidence_level":0.95,"lower_bound":-0.028302536073016995,"upper_bound":-0.018922843611082662},"point_estimate":-0.02353361076129168,"standard_error":0.002394385291649337},"Median":{"confidence_interval":{"confidence_level":0.95,"lower_bound":-0.026918480541978762,"upper_bound":-0.020353585091318793},"point_estimate":-0.024069369622434444,"standard_error":0.0017183568268787116}}