{"Mean":{"confidence_interval":{"confidence_level":0.95,"lower_bound":0.022109884660021117,"upper_bound":0.02795453696017056},"point_estimate":0.024948102875331113,"standard_error":0.0014952343817336716},"Median":{"confidence_interval":{"confidence_level":0.95,"lower_bound":0.02061872423887401,"upper_bound":0.0263557726051753},"point_estimate":0.023934008416145236,"standard_error":0.0015250685728691036}}