{"Mean":{"confidence_interval":{"confidence_level":0.95,"lower_bound":665.2749547211831,"upper_bound":677.2358163806738},"point_estimate":669.9298968936055,"standard_error":3.1831226760827196},"Median":{"confidence_interval":{"confidence_level":0.95,"lower_bound":663.0214546558188,"upper_bound":665.3538478183074},"point_estimate":664.303469545056,"standard_error":0.57729650426973},"MedianAbsDev":{"confidence_interval":{"confidence_level":0.95,"lower_bound":2.947542140645505,"upper_bound":5.288336032713338},"point_estimate":3.991237979205581,"standard_error":0.5818982955495886},"Slope":{"confidence_interval":{"confidence_level":0.95,"lower_bound":664.7362162876522,"upper_bound":667.3130376198295},"point_estimate":665.9130744076792,"standard_error":0.653158548242932},"StdDev":{"confidence_interval":{"confidence_level":0.95,"lower_bound":5.060994253796547,"upper_bound":53.01916835267146},"point_estimate":32.08399709178377,"standard_error":14.447988685286953}}