{"Mean":{"confidence_interval":{"confidence_level":0.95,"lower_bound":591.7990343514238,"upper_bound":596.0152570690692},"point_estimate":593.8242596880297,"standard_error":1.0796327961307335},"Median":{"confidence_interval":{"confidence_level":0.95,"lower_bound":590.767592085819,"upper_bound":594.4302823419853},"point_estimate":592.9498478055202,"standard_error":0.9475118207400854},"MedianAbsDev":{"confidence_interval":{"confidence_level":0.95,"lower_bound":4.917961002364205,"upper_bound":7.7740525544094625},"point_estimate":5.910891680271162,"standard_error":0.733461848834727},"Slope":{"confidence_interval":{"confidence_level":0.95,"lower_bound":593.9132512220924,"upper_bound":597.727983454655},"point_estimate":595.8041455884246,"standard_error":0.9762698419717395},"StdDev":{"confidence_interval":{"confidence_level":0.95,"lower_bound":7.736382919042593,"upper_bound":13.587753928776532},"point_estimate":10.815286875397257,"standard_error":1.498223511296377}}