{"Mean":{"confidence_interval":{"confidence_level":0.95,"lower_bound":668.6085213265803,"upper_bound":670.5591436293869},"point_estimate":669.5386095735848,"standard_error":0.49832602751785193},"Median":{"confidence_interval":{"confidence_level":0.95,"lower_bound":668.3680953128463,"upper_bound":670.8491003053359},"point_estimate":669.1444321911375,"standard_error":0.5452296477790278},"MedianAbsDev":{"confidence_interval":{"confidence_level":0.95,"lower_bound":0.3138354306401408,"upper_bound":2.8871999398170383},"point_estimate":1.2815814452609466,"standard_error":0.6842963976906881},"Slope":{"confidence_interval":{"confidence_level":0.95,"lower_bound":667.9842798789474,"upper_bound":670.0617624124826},"point_estimate":668.7801456134174,"standard_error":0.5280712312752273},"StdDev":{"confidence_interval":{"confidence_level":0.95,"lower_bound":0.7563761024301789,"upper_bound":2.104497255673275},"point_estimate":1.6577658979811556,"standard_error":0.3376874180614276}}