{"Mean":{"confidence_interval":{"confidence_level":0.95,"lower_bound":653.3003262577666,"upper_bound":695.388379424256},"point_estimate":672.4835290250704,"standard_error":10.726919943274105},"Median":{"confidence_interval":{"confidence_level":0.95,"lower_bound":645.576303030303,"upper_bound":647.2272745758886},"point_estimate":646.397628572533,"standard_error":0.36485741657755455},"MedianAbsDev":{"confidence_interval":{"confidence_level":0.95,"lower_bound":2.755649811301994,"upper_bound":5.194956888850242},"point_estimate":4.016893703892501,"standard_error":0.6037981040601889},"Slope":{"confidence_interval":{"confidence_level":0.95,"lower_bound":646.0347616734279,"upper_bound":648.1150189562171},"point_estimate":647.0263259112692,"standard_error":0.5314559751874174},"StdDev":{"confidence_interval":{"confidence_level":0.95,"lower_bound":53.22421415342732,"upper_bound":147.950027476437},"point_estimate":108.04521148797257,"standard_error":24.735470238740827}}