{"Mean":{"confidence_interval":{"confidence_level":0.95,"lower_bound":682497.7386089561,"upper_bound":691503.8648958959},"point_estimate":686978.5574786157,"standard_error":2292.866302795427},"Median":{"confidence_interval":{"confidence_level":0.95,"lower_bound":680320.8253012048,"upper_bound":691774.8897058824},"point_estimate":686872.500801282,"standard_error":2580.674173410393},"MedianAbsDev":{"confidence_interval":{"confidence_level":0.95,"lower_bound":13726.376528975556,"upper_bound":27511.24064210522},"point_estimate":20095.94720988746,"standard_error":3441.275291522816},"Slope":{"confidence_interval":{"confidence_level":0.95,"lower_bound":668236.2541963984,"upper_bound":677501.0874912225},"point_estimate":672642.1534431801,"standard_error":2369.211291284954},"StdDev":{"confidence_interval":{"confidence_level":0.95,"lower_bound":19605.955437850975,"upper_bound":26385.278543111817},"point_estimate":23125.504254895248,"standard_error":1732.500276102179}}