{"Mean":{"confidence_interval":{"confidence_level":0.95,"lower_bound":90.9066495633504,"upper_bound":91.2968660545824},"point_estimate":91.08448807697413,"standard_error":0.10007472606647884},"Median":{"confidence_interval":{"confidence_level":0.95,"lower_bound":90.62910181979137,"upper_bound":91.03758426312072},"point_estimate":90.78514242729884,"standard_error":0.12181712110293473},"MedianAbsDev":{"confidence_interval":{"confidence_level":0.95,"lower_bound":0.36842418784727626,"upper_bound":0.7228391627165222},"point_estimate":0.4813229836725177,"standard_error":0.09142463865994067},"Slope":{"confidence_interval":{"confidence_level":0.95,"lower_bound":90.9393074638601,"upper_bound":91.20869952122284},"point_estimate":91.07088389616472,"standard_error":0.06886526651656484},"StdDev":{"confidence_interval":{"confidence_level":0.95,"lower_bound":0.5966926653877256,"upper_bound":1.4387828636839717},"point_estimate":1.010342661452315,"standard_error":0.23335258790429944}}