{"Mean":{"confidence_interval":{"confidence_level":0.95,"lower_bound":42.421940337843026,"upper_bound":42.749516951730044},"point_estimate":42.58400918208648,"standard_error":0.08382185204928252},"Median":{"confidence_interval":{"confidence_level":0.95,"lower_bound":42.40936047512481,"upper_bound":42.751797295119246},"point_estimate":42.60586828435441,"standard_error":0.0945759065806172},"MedianAbsDev":{"confidence_interval":{"confidence_level":0.95,"lower_bound":0.5420401608529714,"upper_bound":0.8647877349141981},"point_estimate":0.7103529349700517,"standard_error":0.08503232741653921},"Slope":{"confidence_interval":{"confidence_level":0.95,"lower_bound":42.37192813075445,"upper_bound":42.666397624553504},"point_estimate":42.52125158616226,"standard_error":0.0749732342724366},"StdDev":{"confidence_interval":{"confidence_level":0.95,"lower_bound":0.6730826757699768,"upper_bound":1.003759461009744},"point_estimate":0.8424049344176341,"standard_error":0.08476110594310872}}