{"Mean":{"confidence_interval":{"confidence_level":0.95,"lower_bound":77.75249423293921,"upper_bound":77.94706227666032},"point_estimate":77.84729913784373,"standard_error":0.04997476521894619},"Median":{"confidence_interval":{"confidence_level":0.95,"lower_bound":77.69477464479131,"upper_bound":78.01108034621899},"point_estimate":77.82405526143748,"standard_error":0.09277624023031815},"MedianAbsDev":{"confidence_interval":{"confidence_level":0.95,"lower_bound":0.023041201152257103,"upper_bound":0.27598602976204345},"point_estimate":0.1800645225752198,"standard_error":0.07835708676136419},"Slope":{"confidence_interval":{"confidence_level":0.95,"lower_bound":77.701424056332,"upper_bound":77.92677170064616},"point_estimate":77.78133653146152,"standard_error":0.05772620051452668},"StdDev":{"confidence_interval":{"confidence_level":0.95,"lower_bound":0.10228003813216384,"upper_bound":0.19582284110126263},"point_estimate":0.1664564337556307,"standard_error":0.02424677464783062}}