{"Mean":{"confidence_interval":{"confidence_level":0.95,"lower_bound":-0.017432378984956438,"upper_bound":-0.0050444879759771015},"point_estimate":-0.011304569383223217,"standard_error":0.003166307946403078},"Median":{"confidence_interval":{"confidence_level":0.95,"lower_bound":-0.018682825308201312,"upper_bound":-0.0007575990585034775},"point_estimate":-0.014213111527603073,"standard_error":0.004244802013377945}}