{"Mean":{"confidence_interval":{"confidence_level":0.95,"lower_bound":0.012134475682381175,"upper_bound":0.020461993308253067},"point_estimate":0.01540473186455249,"standard_error":0.002246312624631333},"Median":{"confidence_interval":{"confidence_level":0.95,"lower_bound":0.011604427557824204,"upper_bound":0.014204433896384483},"point_estimate":0.012638511987426826,"standard_error":0.0006764397055132201}}