{"Mean":{"confidence_interval":{"confidence_level":0.95,"lower_bound":-0.001671312516945233,"upper_bound":0.0008700568657850182},"point_estimate":-0.00038972830468353425,"standard_error":0.0006474219257605148},"Median":{"confidence_interval":{"confidence_level":0.95,"lower_bound":-0.0017914686511553146,"upper_bound":0.0005040796018114246},"point_estimate":-0.0004580811110684868,"standard_error":0.0005745348150699878}}