{"Mean":{"confidence_interval":{"confidence_level":0.95,"lower_bound":-0.016383516764819358,"upper_bound":-0.007922833627441991},"point_estimate":-0.011227018151771628,"standard_error":0.002254140194118528},"Median":{"confidence_interval":{"confidence_level":0.95,"lower_bound":-0.010166823427951277,"upper_bound":-0.00705556184396805},"point_estimate":-0.008630847632261074,"standard_error":0.0008322320790333909}}