{"Mean":{"confidence_interval":{"confidence_level":0.95,"lower_bound":12262270.53936158,"upper_bound":12333991.832668943},"point_estimate":12297065.366871275,"standard_error":18313.955362373366},"Median":{"confidence_interval":{"confidence_level":0.95,"lower_bound":12234737.142857144,"upper_bound":12306216.793814434},"point_estimate":12266830.997113997,"standard_error":20068.37419801647},"MedianAbsDev":{"confidence_interval":{"confidence_level":0.95,"lower_bound":106140.16986434413,"upper_bound":195319.90117349132},"point_estimate":135280.31057359272,"standard_error":22589.07117675736},"Slope":{"confidence_interval":{"confidence_level":0.95,"lower_bound":12218083.646598762,"upper_bound":12272167.157954367},"point_estimate":12244882.175203191,"standard_error":13796.69759052044},"StdDev":{"confidence_interval":{"confidence_level":0.95,"lower_bound":143429.79612972034,"upper_bound":225162.77285498314},"point_estimate":184709.90295427665,"standard_error":21005.432902685767}}