{"Mean":{"confidence_interval":{"confidence_level":0.95,"lower_bound":9846415.40725,"upper_bound":9963666.387875},"point_estimate":9906417.093333334,"standard_error":30020.675235452967},"Median":{"confidence_interval":{"confidence_level":0.95,"lower_bound":9790373.375,"upper_bound":10003763.0},"point_estimate":9925895.675,"standard_error":49093.66175077367},"MedianAbsDev":{"confidence_interval":{"confidence_level":0.95,"lower_bound":15682.942521572113,"upper_bound":166417.21392050385},"point_estimate":123677.5817117829,"standard_error":41541.341746730104},"Slope":{"confidence_interval":{"confidence_level":0.95,"lower_bound":9820129.562879816,"upper_bound":9973964.452513967},"point_estimate":9891079.62987013,"standard_error":39179.69212278677},"StdDev":{"confidence_interval":{"confidence_level":0.95,"lower_bound":56978.997926696204,"upper_bound":117468.40842692064},"point_estimate":100010.06084187234,"standard_error":14693.627253775176}}