{"Mean":{"confidence_interval":{"confidence_level":0.95,"lower_bound":145761.31759105055,"upper_bound":146731.3590213697},"point_estimate":146179.96483337245,"standard_error":249.6026235058727},"Median":{"confidence_interval":{"confidence_level":0.95,"lower_bound":145184.95238095237,"upper_bound":146075.77551020408},"point_estimate":145762.1550608122,"standard_error":215.51215678020574},"MedianAbsDev":{"confidence_interval":{"confidence_level":0.95,"lower_bound":1043.8449080723094,"upper_bound":1714.2236931378807},"point_estimate":1395.111586308746,"standard_error":162.09102966276114},"Slope":{"confidence_interval":{"confidence_level":0.95,"lower_bound":146164.51703336622,"upper_bound":147007.58253192346},"point_estimate":146579.99337034769,"standard_error":214.29305267666214},"StdDev":{"confidence_interval":{"confidence_level":0.95,"lower_bound":1245.9512370273226,"upper_bound":3832.5565175226934},"point_estimate":2507.9754335710504,"standard_error":804.8361550819684}}