{"Mean":{"confidence_interval":{"confidence_level":0.95,"lower_bound":156821.25875168954,"upper_bound":158125.21978856256},"point_estimate":157341.7256912123,"standard_error":343.91798363029017},"Median":{"confidence_interval":{"confidence_level":0.95,"lower_bound":156315.17279864533,"upper_bound":157277.81684981685},"point_estimate":156686.49867724866,"standard_error":226.84033056515327},"MedianAbsDev":{"confidence_interval":{"confidence_level":0.95,"lower_bound":947.0195499957144,"upper_bound":1743.9695530595568},"point_estimate":1272.768233439136,"standard_error":190.0521173035177},"Slope":{"confidence_interval":{"confidence_level":0.95,"lower_bound":156767.77204664508,"upper_bound":157376.3576751512},"point_estimate":157060.60042897254,"standard_error":155.41660619497458},"StdDev":{"confidence_interval":{"confidence_level":0.95,"lower_bound":1201.4716903044107,"upper_bound":5626.471811066045},"point_estimate":3455.3122723668434,"standard_error":1478.5743644130087}}