{"Mean":{"confidence_interval":{"confidence_level":0.95,"lower_bound":144273.6991347462,"upper_bound":147417.53275315624},"point_estimate":145726.01282632767,"standard_error":806.2068902358866},"Median":{"confidence_interval":{"confidence_level":0.95,"lower_bound":142592.73913043478,"upper_bound":143170.44201680672},"point_estimate":142788.77857142856,"standard_error":136.5059096132758},"MedianAbsDev":{"confidence_interval":{"confidence_level":0.95,"lower_bound":559.8986295556098,"upper_bound":1146.5344092849682},"point_estimate":828.4433933279123,"standard_error":134.849981330332},"Slope":{"confidence_interval":{"confidence_level":0.95,"lower_bound":144373.25924627317,"upper_bound":150067.39430515913},"point_estimate":146917.20359475605,"standard_error":1477.10572458887},"StdDev":{"confidence_interval":{"confidence_level":0.95,"lower_bound":4920.327760482856,"upper_bound":10676.470884588216},"point_estimate":8101.20392552146,"standard_error":1470.6220102655407}}