{"Mean":{"confidence_interval":{"confidence_level":0.95,"lower_bound":77.75930795590236,"upper_bound":78.00406547288074},"point_estimate":77.8682264227995,"standard_error":0.06321710823261907},"Median":{"confidence_interval":{"confidence_level":0.95,"lower_bound":77.73581051966946,"upper_bound":77.98542015964232},"point_estimate":77.79174351805634,"standard_error":0.060956693399278845},"MedianAbsDev":{"confidence_interval":{"confidence_level":0.95,"lower_bound":0.029344567395281233,"upper_bound":0.29848678837310877},"point_estimate":0.1152720072197655,"standard_error":0.07033681371884114},"Slope":{"confidence_interval":{"confidence_level":0.95,"lower_bound":77.71232937247453,"upper_bound":77.9095115219114},"point_estimate":77.78290394284404,"standard_error":0.05049634602079473},"StdDev":{"confidence_interval":{"confidence_level":0.95,"lower_bound":0.06734508921757552,"upper_bound":0.2884553825303038},"point_estimate":0.2104221180941876,"standard_error":0.06050804580699212}}