{"Mean":{"confidence_interval":{"confidence_level":0.95,"lower_bound":91.36953476257209,"upper_bound":91.97040356112187},"point_estimate":91.64797498397105,"standard_error":0.1534651644404626},"Median":{"confidence_interval":{"confidence_level":0.95,"lower_bound":91.07004361843353,"upper_bound":91.54851958088375},"point_estimate":91.30014920843198,"standard_error":0.11345099092599585},"MedianAbsDev":{"confidence_interval":{"confidence_level":0.95,"lower_bound":0.7404757623138148,"upper_bound":1.1444220143020387},"point_estimate":0.9743176235139347,"standard_error":0.10332469837236467},"Slope":{"confidence_interval":{"confidence_level":0.95,"lower_bound":90.98226672386625,"upper_bound":91.23651842309357},"point_estimate":91.10709502342486,"standard_error":0.06483868604775316},"StdDev":{"confidence_interval":{"confidence_level":0.95,"lower_bound":0.9644570667244096,"upper_bound":2.036810689741291},"point_estimate":1.536782197197148,"standard_error":0.27608461950341634}}