{"Mean":{"confidence_interval":{"confidence_level":0.95,"lower_bound":4400.569691135955,"upper_bound":4436.763815710611},"point_estimate":4418.243126713454,"standard_error":9.2791684051144},"Median":{"confidence_interval":{"confidence_level":0.95,"lower_bound":4389.573041006902,"upper_bound":4455.664717823792},"point_estimate":4407.752155230748,"standard_error":19.468580092175955},"MedianAbsDev":{"confidence_interval":{"confidence_level":0.95,"lower_bound":1.3167751093876863,"upper_bound":45.47281195436936},"point_estimate":28.742285239213825,"standard_error":14.355167844197279},"Slope":{"confidence_interval":{"confidence_level":0.95,"lower_bound":4392.73954897532,"upper_bound":4415.450244266333},"point_estimate":4401.10674597023,"standard_error":5.874927656508082},"StdDev":{"confidence_interval":{"confidence_level":0.95,"lower_bound":20.410935921849582,"upper_bound":34.516772032051456},"point_estimate":30.879819877308734,"standard_error":3.8457934793968414}}