{"Mean":{"confidence_interval":{"confidence_level":0.95,"lower_bound":6328.150968524817,"upper_bound":6387.608646338246},"point_estimate":6355.010696229811,"standard_error":15.234743817311658},"Median":{"confidence_interval":{"confidence_level":0.95,"lower_bound":6288.778922940413,"upper_bound":6333.323367534399},"point_estimate":6314.598009370261,"standard_error":13.731989099134266},"MedianAbsDev":{"confidence_interval":{"confidence_level":0.95,"lower_bound":56.57018617507188,"upper_bound":107.40487698799724},"point_estimate":85.78516864165046,"standard_error":14.947271433859298},"Slope":{"confidence_interval":{"confidence_level":0.95,"lower_bound":6288.905626325143,"upper_bound":6311.9944862566435},"point_estimate":6300.278093616537,"standard_error":5.892114115010003},"StdDev":{"confidence_interval":{"confidence_level":0.95,"lower_bound":91.04112787640624,"upper_bound":220.57458116418587},"point_estimate":153.41426277699188,"standard_error":37.79594986261659}}