{"Mean":{"confidence_interval":{"confidence_level":0.95,"lower_bound":-0.00450759875205761,"upper_bound":-0.00039657817575992915},"point_estimate":-0.0023745466738306353,"standard_error":0.0010505740045514966},"Median":{"confidence_interval":{"confidence_level":0.95,"lower_bound":-0.004516006285677054,"upper_bound":0.0005630489884913548},"point_estimate":-0.0016872332430283299,"standard_error":0.0011832560914527919}}