{"Mean":{"confidence_interval":{"confidence_level":0.95,"lower_bound":0.08472351892449602,"upper_bound":0.09313459664423228},"point_estimate":0.08910004086456125,"standard_error":0.0021400285928688547},"Median":{"confidence_interval":{"confidence_level":0.95,"lower_bound":0.08226350307503028,"upper_bound":0.09238630473898923},"point_estimate":0.08685150488572502,"standard_error":0.002693067469788122}}