{"Mean":{"confidence_interval":{"confidence_level":0.95,"lower_bound":546.2573833252148,"upper_bound":549.4849976487312},"point_estimate":547.8731261984508,"standard_error":0.82248082880657},"Median":{"confidence_interval":{"confidence_level":0.95,"lower_bound":546.2255254494809,"upper_bound":549.6909126861309},"point_estimate":547.8418855467451,"standard_error":0.7536023974887172},"MedianAbsDev":{"confidence_interval":{"confidence_level":0.95,"lower_bound":5.11332876783019,"upper_bound":8.510604737178326},"point_estimate":7.2870436334804465,"standard_error":0.8539798375273919},"Slope":{"confidence_interval":{"confidence_level":0.95,"lower_bound":547.5280262441904,"upper_bound":550.2695495909265},"point_estimate":548.8779357713762,"standard_error":0.7018139545300817},"StdDev":{"confidence_interval":{"confidence_level":0.95,"lower_bound":6.409713082480302,"upper_bound":10.12132167239252},"point_estimate":8.27565655336219,"standard_error":0.9533920808051861}}