{"Mean":{"confidence_interval":{"confidence_level":0.95,"lower_bound":587.5770435125505,"upper_bound":590.4748784974686},"point_estimate":588.9275904339493,"standard_error":0.7413042802080316},"Median":{"confidence_interval":{"confidence_level":0.95,"lower_bound":585.4693107722153,"upper_bound":588.85536455246},"point_estimate":586.7291901546234,"standard_error":1.009372534854817},"MedianAbsDev":{"confidence_interval":{"confidence_level":0.95,"lower_bound":3.5032840262612805,"upper_bound":6.873794777092942},"point_estimate":4.800250974875543,"standard_error":0.8927736753395982},"Slope":{"confidence_interval":{"confidence_level":0.95,"lower_bound":587.9736273761714,"upper_bound":590.7902973528452},"point_estimate":589.3172083901363,"standard_error":0.7191427546971251},"StdDev":{"confidence_interval":{"confidence_level":0.95,"lower_bound":4.92058134371428,"upper_bound":10.303529823047596},"point_estimate":7.451385959821425,"standard_error":1.5597726637811278}}