{"Mean":{"confidence_interval":{"confidence_level":0.95,"lower_bound":-0.014927821334052249,"upper_bound":-0.009493983549370786},"point_estimate":-0.012141560688706421,"standard_error":0.0013806826056068139},"Median":{"confidence_interval":{"confidence_level":0.95,"lower_bound":-0.013560464388416738,"upper_bound":-0.009319766450080591},"point_estimate":-0.011881801016761284,"standard_error":0.0011338379777850627}}