{"Mean":{"confidence_interval":{"confidence_level":0.95,"lower_bound":-0.0001537190176758959,"upper_bound":0.0059382458999747475},"point_estimate":0.0027682362956511497,"standard_error":0.0015372944491018092},"Median":{"confidence_interval":{"confidence_level":0.95,"lower_bound":-0.00014858717720595246,"upper_bound":0.004151114126053919},"point_estimate":0.002283402535187884,"standard_error":0.0011422083632763411}}