{"Mean":{"confidence_interval":{"confidence_level":0.95,"lower_bound":0.05634042341022021,"upper_bound":0.06654485492243982},"point_estimate":0.06148836945742109,"standard_error":0.0025867332418306245},"Median":{"confidence_interval":{"confidence_level":0.95,"lower_bound":0.05704254912835497,"upper_bound":0.06393152230887589},"point_estimate":0.05981052243478757,"standard_error":0.001763341399444808}}