{"Mean":{"confidence_interval":{"confidence_level":0.95,"lower_bound":-0.8825228669583496,"upper_bound":-0.881272030047755},"point_estimate":-0.8818892617884371,"standard_error":0.00031958919125654874},"Median":{"confidence_interval":{"confidence_level":0.95,"lower_bound":-0.8824919046809137,"upper_bound":-0.8813843687650613},"point_estimate":-0.8819282808570941,"standard_error":0.0002907116291054788}}