{"Mean":{"confidence_interval":{"confidence_level":0.95,"lower_bound":28782265.546455156,"upper_bound":28848698.522688933},"point_estimate":28814126.537727065,"standard_error":16958.87577819723},"Median":{"confidence_interval":{"confidence_level":0.95,"lower_bound":28750514.66,"upper_bound":28792640.64829994},"point_estimate":28779227.43726054,"standard_error":12062.148679968239},"MedianAbsDev":{"confidence_interval":{"confidence_level":0.95,"lower_bound":89375.24878611574,"upper_bound":152176.44353682842},"point_estimate":128948.83594405036,"standard_error":17530.820732210774},"Slope":{"confidence_interval":{"confidence_level":0.95,"lower_bound":28762926.6429338,"upper_bound":28833473.410813488},"point_estimate":28796509.25520319,"standard_error":18000.547523600402},"StdDev":{"confidence_interval":{"confidence_level":0.95,"lower_bound":130757.24965980032,"upper_bound":208723.86478636632},"point_estimate":170327.98056703366,"standard_error":20044.36478568042}}