{"Mean":{"confidence_interval":{"confidence_level":0.95,"lower_bound":590.5779084312948,"upper_bound":595.5475461121664},"point_estimate":592.9358347247696,"standard_error":1.2664072667925912},"Median":{"confidence_interval":{"confidence_level":0.95,"lower_bound":590.1582232930722,"upper_bound":593.9029019972772},"point_estimate":591.8201697453602,"standard_error":0.9642768110951532},"MedianAbsDev":{"confidence_interval":{"confidence_level":0.95,"lower_bound":5.677688302763092,"upper_bound":9.920266621343288},"point_estimate":8.125062255682474,"standard_error":1.0781793199487686},"Slope":{"confidence_interval":{"confidence_level":0.95,"lower_bound":592.5316754849008,"upper_bound":595.9038099209059},"point_estimate":594.243018432285,"standard_error":0.8567169882183541},"StdDev":{"confidence_interval":{"confidence_level":0.95,"lower_bound":8.603929479085265,"upper_bound":16.92959954534039},"point_estimate":12.724981059119644,"standard_error":2.187724650753048}}