{"Mean":{"confidence_interval":{"confidence_level":0.95,"lower_bound":670.243604937139,"upper_bound":674.7043781603608},"point_estimate":672.3102667854499,"standard_error":1.1373671013137943},"Median":{"confidence_interval":{"confidence_level":0.95,"lower_bound":667.6371685444407,"upper_bound":671.8954235423543},"point_estimate":669.5233411697334,"standard_error":0.9937546704077458},"MedianAbsDev":{"confidence_interval":{"confidence_level":0.95,"lower_bound":6.244118127187198,"upper_bound":9.94972418808261},"point_estimate":8.26702288205754,"standard_error":1.0115094682925514},"Slope":{"confidence_interval":{"confidence_level":0.95,"lower_bound":667.5607656202851,"upper_bound":670.4210753367117},"point_estimate":668.955457717783,"standard_error":0.7316626494849534},"StdDev":{"confidence_interval":{"confidence_level":0.95,"lower_bound":7.641965176203064,"upper_bound":15.70193898788749},"point_estimate":11.447035534109379,"standard_error":2.2768125871977443}}