{"Mean":{"confidence_interval":{"confidence_level":0.95,"lower_bound":131.66023175180732,"upper_bound":132.29796498631669},"point_estimate":131.90934000469352,"standard_error":0.17550498680281845},"Median":{"confidence_interval":{"confidence_level":0.95,"lower_bound":131.5859136800322,"upper_bound":131.91117133803414},"point_estimate":131.76820708450785,"standard_error":0.0936771653778694},"MedianAbsDev":{"confidence_interval":{"confidence_level":0.95,"lower_bound":0.023970995303004353,"upper_bound":0.3717599213108549},"point_estimate":0.24366457644265177,"standard_error":0.10339998465580073},"Slope":{"confidence_interval":{"confidence_level":0.95,"lower_bound":131.73858791199194,"upper_bound":132.81155135054},"point_estimate":132.1716452333262,"standard_error":0.31073887337234163},"StdDev":{"confidence_interval":{"confidence_level":0.95,"lower_bound":0.10338487432201367,"upper_bound":0.8933960347284519},"point_estimate":0.586828564883766,"standard_error":0.2637809601329981}}