{"Mean":{"confidence_interval":{"confidence_level":0.95,"lower_bound":32.44127381211151,"upper_bound":32.50154324762591},"point_estimate":32.469084216825316,"standard_error":0.0154256365127646},"Median":{"confidence_interval":{"confidence_level":0.95,"lower_bound":32.402914988710165,"upper_bound":32.46625794362066},"point_estimate":32.42872005866059,"standard_error":0.016485010055219514},"MedianAbsDev":{"confidence_interval":{"confidence_level":0.95,"lower_bound":0.07234506583686122,"upper_bound":0.13493658137356646},"point_estimate":0.08950637906115154,"standard_error":0.016096379165451067},"Slope":{"confidence_interval":{"confidence_level":0.95,"lower_bound":32.4328015076067,"upper_bound":32.48036081447861},"point_estimate":32.45608259918309,"standard_error":0.012130093786898923},"StdDev":{"confidence_interval":{"confidence_level":0.95,"lower_bound":0.10128510849044137,"upper_bound":0.21467149485929668},"point_estimate":0.1547751443792711,"standard_error":0.03244342436242979}}