{"Mean":{"confidence_interval":{"confidence_level":0.95,"lower_bound":0.16213700388693114,"upper_bound":0.18235710004674635},"point_estimate":0.17111653965032936,"standard_error":0.005115996650602591},"Median":{"confidence_interval":{"confidence_level":0.95,"lower_bound":0.1600912071271745,"upper_bound":0.17126603481419367},"point_estimate":0.16444106468044972,"standard_error":0.002797003904682503}}