{"Mean":{"confidence_interval":{"confidence_level":0.95,"lower_bound":-0.38708818719021953,"upper_bound":-0.3781412293945395},"point_estimate":-0.38202026276325673,"standard_error":0.0023045088579792504},"Median":{"confidence_interval":{"confidence_level":0.95,"lower_bound":-0.3804010195003673,"upper_bound":-0.37571731966436606},"point_estimate":-0.3776326453011246,"standard_error":0.001217659664550042}}