{"Mean":{"confidence_interval":{"confidence_level":0.95,"lower_bound":0.016770237694231978,"upper_bound":0.02564597854869868},"point_estimate":0.021222202680640567,"standard_error":0.0023314365352896968},"Median":{"confidence_interval":{"confidence_level":0.95,"lower_bound":0.014342206456261497,"upper_bound":0.022880604655868275},"point_estimate":0.019526956325969458,"standard_error":0.0020539938168904247}}