{"Mean":{"confidence_interval":{"confidence_level":0.95,"lower_bound":72451.51495097051,"upper_bound":72879.48717355343},"point_estimate":72662.26494039215,"standard_error":109.37100702660963},"Median":{"confidence_interval":{"confidence_level":0.95,"lower_bound":72325.7113964687,"upper_bound":72668.58555729984},"point_estimate":72502.65178571429,"standard_error":91.58753865138112},"MedianAbsDev":{"confidence_interval":{"confidence_level":0.95,"lower_bound":637.8754062963158,"upper_bound":1127.549189324101},"point_estimate":883.0309695059896,"standard_error":121.50372283630261},"Slope":{"confidence_interval":{"confidence_level":0.95,"lower_bound":72630.20476660394,"upper_bound":73155.69970485331},"point_estimate":72889.1411408305,"standard_error":133.70684003179875},"StdDev":{"confidence_interval":{"confidence_level":0.95,"lower_bound":907.6958833680114,"upper_bound":1273.5436039654242},"point_estimate":1097.3867028077293,"standard_error":93.80568189999317}}