{"Mean":{"confidence_interval":{"confidence_level":0.95,"lower_bound":2831437.703384354,"upper_bound":2851893.5768163265},"point_estimate":2841013.0072789113,"standard_error":5257.546410325909},"Median":{"confidence_interval":{"confidence_level":0.95,"lower_bound":2826752.8095238097,"upper_bound":2855680.4714285713},"point_estimate":2833306.986394558,"standard_error":7813.683234468743},"MedianAbsDev":{"confidence_interval":{"confidence_level":0.95,"lower_bound":2063.962723357442,"upper_bound":28809.339068531943},"point_estimate":11781.185179413837,"standard_error":7466.5184051586475},"Slope":{"confidence_interval":{"confidence_level":0.95,"lower_bound":2828390.5532578845,"upper_bound":2848622.2154635405},"point_estimate":2835134.8994434136,"standard_error":5198.6116617968155},"StdDev":{"confidence_interval":{"confidence_level":0.95,"lower_bound":7585.683243678623,"upper_bound":21251.560332086414},"point_estimate":17526.122331668066,"standard_error":3408.133908338317}}