{"Mean":{"confidence_interval":{"confidence_level":0.95,"lower_bound":0.023248308443086126,"upper_bound":0.02629328820328861},"point_estimate":0.024677310602158053,"standard_error":0.0007774937817188657},"Median":{"confidence_interval":{"confidence_level":0.95,"lower_bound":0.02233913051092215,"upper_bound":0.025183446174941837},"point_estimate":0.023597644001571716,"standard_error":0.0006779081012260702}}