{"Mean":{"confidence_interval":{"confidence_level":0.95,"lower_bound":-0.005806694843062836,"upper_bound":0.0033345725513407166},"point_estimate":-0.0008091291024343583,"standard_error":0.0023564343235987725},"Median":{"confidence_interval":{"confidence_level":0.95,"lower_bound":-0.004365213037656357,"upper_bound":0.005127422323030872},"point_estimate":-0.0003436969240813159,"standard_error":0.0025656349442421795}}