{"Mean":{"confidence_interval":{"confidence_level":0.95,"lower_bound":-0.02851906043478861,"upper_bound":-0.0252679428189261},"point_estimate":-0.026857392545729497,"standard_error":0.0008320879650195603},"Median":{"confidence_interval":{"confidence_level":0.95,"lower_bound":-0.027755996261194626,"upper_bound":-0.02450492398173465},"point_estimate":-0.02599937753572157,"standard_error":0.0007908285858371116}}