{"Mean":{"confidence_interval":{"confidence_level":0.95,"lower_bound":-0.018516043611871494,"upper_bound":-0.015862845146762068},"point_estimate":-0.017113914591549206,"standard_error":0.0006782121053900874},"Median":{"confidence_interval":{"confidence_level":0.95,"lower_bound":-0.01734107027267573,"upper_bound":-0.015454461715366241},"point_estimate":-0.01648494484918217,"standard_error":0.0004661311865045158}}