{"Mean":{"confidence_interval":{"confidence_level":0.95,"lower_bound":1117985.535477465,"upper_bound":1132885.1677322169},"point_estimate":1125292.2066873165,"standard_error":3795.3097303895183},"Median":{"confidence_interval":{"confidence_level":0.95,"lower_bound":1110362.037037037,"upper_bound":1126574.2212038303},"point_estimate":1118763.3350484262,"standard_error":4702.555746773953},"MedianAbsDev":{"confidence_interval":{"confidence_level":0.95,"lower_bound":24437.876671746548,"upper_bound":44990.335808018346},"point_estimate":32604.965970336318,"standard_error":5185.631425901055},"Slope":{"confidence_interval":{"confidence_level":0.95,"lower_bound":1117631.4264882344,"upper_bound":1132464.7610468229},"point_estimate":1124668.617588296,"standard_error":3785.438041596425},"StdDev":{"confidence_interval":{"confidence_level":0.95,"lower_bound":32275.576431615234,"upper_bound":43523.16853721737},"point_estimate":38240.99538714927,"standard_error":2882.674257350203}}