{"Mean":{"confidence_interval":{"confidence_level":0.95,"lower_bound":1085935.5415170053,"upper_bound":1107205.9003648888},"point_estimate":1095635.3093802591,"standard_error":5447.9237394788815},"Median":{"confidence_interval":{"confidence_level":0.95,"lower_bound":1076114.5733024692,"upper_bound":1082000.5},"point_estimate":1078273.434716599,"standard_error":1709.0178754988642},"MedianAbsDev":{"confidence_interval":{"confidence_level":0.95,"lower_bound":12328.427623132824,"upper_bound":29268.68976095913},"point_estimate":22518.55595371781,"standard_error":4240.410943219279},"Slope":{"confidence_interval":{"confidence_level":0.95,"lower_bound":1090588.6572055987,"upper_bound":1112847.9339218454},"point_estimate":1101308.3614156938,"standard_error":5681.357883635632},"StdDev":{"confidence_interval":{"confidence_level":0.95,"lower_bound":33195.55733055838,"upper_bound":76008.83916334211},"point_estimate":54405.684585900635,"standard_error":11546.744868725302}}