{"Mean":{"confidence_interval":{"confidence_level":0.95,"lower_bound":-0.0009163647053056776,"upper_bound":0.0064911308464564},"point_estimate":0.0028966419100930896,"standard_error":0.001881222021465319},"Median":{"confidence_interval":{"confidence_level":0.95,"lower_bound":-0.0019043433346682492,"upper_bound":0.005321407894702146},"point_estimate":0.0011527586598030215,"standard_error":0.0018845532621965461}}