{"Mean":{"confidence_interval":{"confidence_level":0.95,"lower_bound":0.006000970818786278,"upper_bound":0.011875261580911206},"point_estimate":0.00890328064596324,"standard_error":0.0015067627304338848},"Median":{"confidence_interval":{"confidence_level":0.95,"lower_bound":0.005108862897812205,"upper_bound":0.012735135895831196},"point_estimate":0.00822197545925829,"standard_error":0.001980082885749052}}