{"Mean":{"confidence_interval":{"confidence_level":0.95,"lower_bound":93867.49989712155,"upper_bound":94673.73752831426},"point_estimate":94235.68451574183,"standard_error":205.73977632132076},"Median":{"confidence_interval":{"confidence_level":0.95,"lower_bound":93840.95349431818,"upper_bound":94415.66584766585},"point_estimate":94093.27027234368,"standard_error":145.41706236307584},"MedianAbsDev":{"confidence_interval":{"confidence_level":0.95,"lower_bound":683.6227592437533,"upper_bound":1521.228510373991},"point_estimate":992.4636151513448,"standard_error":206.11764701491163},"Slope":{"confidence_interval":{"confidence_level":0.95,"lower_bound":93816.3042714192,"upper_bound":94587.91070031682},"point_estimate":94167.72887058856,"standard_error":196.92172411478754},"StdDev":{"confidence_interval":{"confidence_level":0.95,"lower_bound":1232.1831438463023,"upper_bound":2988.0999523622277},"point_estimate":2067.780475181397,"standard_error":510.72493353246915}}