{"Mean":{"confidence_interval":{"confidence_level":0.95,"lower_bound":172256.38332037407,"upper_bound":174069.9902351881},"point_estimate":173146.03175900012,"standard_error":462.91354010700616},"Median":{"confidence_interval":{"confidence_level":0.95,"lower_bound":170881.03472222222,"upper_bound":174808.00843881856},"point_estimate":172241.26451047527,"standard_error":948.0239564069518},"MedianAbsDev":{"confidence_interval":{"confidence_level":0.95,"lower_bound":3833.7346162907797,"upper_bound":5935.282900352535},"point_estimate":5201.612326571842,"standard_error":506.1579472815547},"Slope":{"confidence_interval":{"confidence_level":0.95,"lower_bound":172130.99469455142,"upper_bound":174210.68339332132},"point_estimate":173133.302992956,"standard_error":532.0948266311369},"StdDev":{"confidence_interval":{"confidence_level":0.95,"lower_bound":4036.7163614109368,"upper_bound":5199.772319804516},"point_estimate":4654.506423523764,"standard_error":298.2314759247169}}