{"Mean":{"confidence_interval":{"confidence_level":0.95,"lower_bound":7067497.563321735,"upper_bound":7094038.196692043},"point_estimate":7080271.10226289,"standard_error":6764.497884620042},"Median":{"confidence_interval":{"confidence_level":0.95,"lower_bound":7056343.132905982,"upper_bound":7075897.5},"point_estimate":7068913.6175,"standard_error":5245.652847084026},"MedianAbsDev":{"confidence_interval":{"confidence_level":0.95,"lower_bound":32293.356284326343,"upper_bound":62084.330743304265},"point_estimate":46278.914936244306,"standard_error":8008.662638964675},"Slope":{"confidence_interval":{"confidence_level":0.95,"lower_bound":7061044.195838309,"upper_bound":7084528.996583541},"point_estimate":7072283.688842914,"standard_error":5966.649919493865},"StdDev":{"confidence_interval":{"confidence_level":0.95,"lower_bound":52317.80222370775,"upper_bound":82897.85019609626},"point_estimate":67833.57884001403,"standard_error":7878.480234922288}}