{"Mean":{"confidence_interval":{"confidence_level":0.95,"lower_bound":7042313.286549065,"upper_bound":7107223.628432983},"point_estimate":7071765.45267482,"standard_error":16624.101889431044},"Median":{"confidence_interval":{"confidence_level":0.95,"lower_bound":7015797.447916667,"upper_bound":7075213.255681818},"point_estimate":7046064.1489527635,"standard_error":15470.050321657049},"MedianAbsDev":{"confidence_interval":{"confidence_level":0.95,"lower_bound":91733.50121140467,"upper_bound":143016.72024286832},"point_estimate":122175.78206844628,"standard_error":13501.492770951185},"Slope":{"confidence_interval":{"confidence_level":0.95,"lower_bound":7042929.925037352,"upper_bound":7155841.477233157},"point_estimate":7090389.11306044,"standard_error":29359.83583562484},"StdDev":{"confidence_interval":{"confidence_level":0.95,"lower_bound":96690.02593967422,"upper_bound":239153.530097531},"point_estimate":167695.91049851908,"standard_error":38347.17632342313}}