{"Mean":{"confidence_interval":{"confidence_level":0.95,"lower_bound":6879495.196280752,"upper_bound":6907479.412777777},"point_estimate":6892552.339801587,"standard_error":7181.536091018042},"Median":{"confidence_interval":{"confidence_level":0.95,"lower_bound":6876000.020833333,"upper_bound":6912053.800000001},"point_estimate":6884175.436507937,"standard_error":7809.844874076567},"MedianAbsDev":{"confidence_interval":{"confidence_level":0.95,"lower_bound":876.216584444046,"upper_bound":37857.72083789147},"point_estimate":16981.403578520236,"standard_error":10464.743526744973},"Slope":{"confidence_interval":{"confidence_level":0.95,"lower_bound":6880238.970168612,"upper_bound":6913139.018028763},"point_estimate":6895231.912554112,"standard_error":8873.702180098515},"StdDev":{"confidence_interval":{"confidence_level":0.95,"lower_bound":9464.197057696983,"upper_bound":29989.133594385574},"point_estimate":23850.41777750762,"standard_error":5136.78478106889}}