{"Mean":{"confidence_interval":{"confidence_level":0.95,"lower_bound":7248489.743204997,"upper_bound":7273663.081504328},"point_estimate":7260821.347858011,"standard_error":6415.888444482271},"Median":{"confidence_interval":{"confidence_level":0.95,"lower_bound":7245674.927337399,"upper_bound":7265060.204545454},"point_estimate":7252919.965476191,"standard_error":5372.406493781272},"MedianAbsDev":{"confidence_interval":{"confidence_level":0.95,"lower_bound":37876.33607956265,"upper_bound":63817.52025810378},"point_estimate":52394.20081184004,"standard_error":6538.062246279501},"Slope":{"confidence_interval":{"confidence_level":0.95,"lower_bound":7257398.809647373,"upper_bound":7283609.374365719},"point_estimate":7270221.586197725,"standard_error":6680.7358389499805},"StdDev":{"confidence_interval":{"confidence_level":0.95,"lower_bound":52255.06468838085,"upper_bound":75344.88789476715},"point_estimate":64329.234597806,"standard_error":5889.922722331706}}