{"Mean":{"confidence_interval":{"confidence_level":0.95,"lower_bound":0.007046474312628248,"upper_bound":0.018582521569606436},"point_estimate":0.012830234477632985,"standard_error":0.0029260618846483964},"Median":{"confidence_interval":{"confidence_level":0.95,"lower_bound":0.009178314588030645,"upper_bound":0.021898396435375028},"point_estimate":0.01649213667951477,"standard_error":0.0032711367981980463}}