{"Mean":{"confidence_interval":{"confidence_level":0.95,"lower_bound":0.00028767743120818344,"upper_bound":0.005627022922989349},"point_estimate":0.0029505909506564176,"standard_error":0.0013649749877783406},"Median":{"confidence_interval":{"confidence_level":0.95,"lower_bound":-0.0011683670353044295,"upper_bound":0.006968259682168965},"point_estimate":0.0046245785092460245,"standard_error":0.0019265156080147897}}