{"Mean":{"confidence_interval":{"confidence_level":0.95,"lower_bound":-0.0008581840435969642,"upper_bound":0.00903360651187135},"point_estimate":0.0040101338498701455,"standard_error":0.002527880624345908},"Median":{"confidence_interval":{"confidence_level":0.95,"lower_bound":-0.005343716510251562,"upper_bound":0.004009271137673798},"point_estimate":-0.0003459269868115733,"standard_error":0.0023458128745691407}}