{"Mean":{"confidence_interval":{"confidence_level":0.95,"lower_bound":78.47442713443398,"upper_bound":78.64807010417417},"point_estimate":78.56326914571093,"standard_error":0.044588551477113374},"Median":{"confidence_interval":{"confidence_level":0.95,"lower_bound":78.40388342358669,"upper_bound":78.69596290930667},"point_estimate":78.61544680110009,"standard_error":0.08577130478748803},"MedianAbsDev":{"confidence_interval":{"confidence_level":0.95,"lower_bound":0.015955914382862372,"upper_bound":0.2365191174457133},"point_estimate":0.16850377597950478,"standard_error":0.05931813885459955},"Slope":{"confidence_interval":{"confidence_level":0.95,"lower_bound":78.50392472109414,"upper_bound":78.6904151074915},"point_estimate":78.60352573413051,"standard_error":0.04957974787437656},"StdDev":{"confidence_interval":{"confidence_level":0.95,"lower_bound":0.09596283594981089,"upper_bound":0.17082672735643423},"point_estimate":0.14891223590190236,"standard_error":0.019426370647049353}}