{"Mean":{"confidence_interval":{"confidence_level":0.95,"lower_bound":52.26633926834092,"upper_bound":53.65708494965418},"point_estimate":52.898874346368636,"standard_error":0.3557687716124713},"Median":{"confidence_interval":{"confidence_level":0.95,"lower_bound":51.669386434292186,"upper_bound":51.81679094036509},"point_estimate":51.704453586654154,"standard_error":0.038778788368004545},"MedianAbsDev":{"confidence_interval":{"confidence_level":0.95,"lower_bound":0.10297355093629641,"upper_bound":0.2867689011861473},"point_estimate":0.1643926590850701,"standard_error":0.04576380976804605},"Slope":{"confidence_interval":{"confidence_level":0.95,"lower_bound":51.93236541406588,"upper_bound":52.59133205200238},"point_estimate":52.224720664643506,"standard_error":0.17017981498387652},"StdDev":{"confidence_interval":{"confidence_level":0.95,"lower_bound":1.9683053478390857,"upper_bound":4.7824817688657895},"point_estimate":3.580850915211977,"standard_error":0.7146074677909446}}