{"Mean":{"confidence_interval":{"confidence_level":0.95,"lower_bound":0.05747890364040166,"upper_bound":0.06371270444184896},"point_estimate":0.05996448081717021,"standard_error":0.0015284486771781401},"Median":{"confidence_interval":{"confidence_level":0.95,"lower_bound":0.05649248075229574,"upper_bound":0.0632646679505362},"point_estimate":0.058492587556076,"standard_error":0.001758973359482141}}