{"Mean":{"confidence_interval":{"confidence_level":0.95,"lower_bound":-0.0002539488479039552,"upper_bound":0.006670923108569037},"point_estimate":0.0033125376431120124,"standard_error":0.0017670175339217437},"Median":{"confidence_interval":{"confidence_level":0.95,"lower_bound":-0.000759536821085316,"upper_bound":0.004894753283742226},"point_estimate":0.002682489263128307,"standard_error":0.0015021875384713145}}