{"Mean":{"confidence_interval":{"confidence_level":0.95,"lower_bound":1.0508738747162996,"upper_bound":1.0581148691478712},"point_estimate":1.0544253271398385,"standard_error":0.0018475867301815639},"Median":{"confidence_interval":{"confidence_level":0.95,"lower_bound":1.0484198674495722,"upper_bound":1.0551205871532403},"point_estimate":1.0518328014509781,"standard_error":0.0017932213461973423}}