{"Mean":{"confidence_interval":{"confidence_level":0.95,"lower_bound":-0.5210268785704902,"upper_bound":-0.5193309996585953},"point_estimate":-0.5202143106759871,"standard_error":0.00042790448005276143},"Median":{"confidence_interval":{"confidence_level":0.95,"lower_bound":-0.5206046400924872,"upper_bound":-0.5193297000588675},"point_estimate":-0.5200073305513006,"standard_error":0.0003094223053603222}}