{"Mean":{"confidence_interval":{"confidence_level":0.95,"lower_bound":0.05795168551676981,"upper_bound":0.06097553352715329},"point_estimate":0.059538544706259966,"standard_error":0.0007609883020779734},"Median":{"confidence_interval":{"confidence_level":0.95,"lower_bound":0.05706634028823143,"upper_bound":0.060400714901912164},"point_estimate":0.05891796766895241,"standard_error":0.000906661977803105}}