{"Mean":{"confidence_interval":{"confidence_level":0.95,"lower_bound":0.028760439462239964,"upper_bound":0.03457018069889162},"point_estimate":0.03167798504818986,"standard_error":0.0014827341048754602},"Median":{"confidence_interval":{"confidence_level":0.95,"lower_bound":0.02735727299715851,"upper_bound":0.0352331358509419},"point_estimate":0.030158143821906735,"standard_error":0.0019898581409063}}