{"Mean":{"confidence_interval":{"confidence_level":0.95,"lower_bound":324243.208726411,"upper_bound":327856.1916095678},"point_estimate":325968.04904761905,"standard_error":926.7067050796269},"Median":{"confidence_interval":{"confidence_level":0.95,"lower_bound":323434.55092592596,"upper_bound":329285.0407407407},"point_estimate":324890.8328924162,"standard_error":1526.8501932395372},"MedianAbsDev":{"confidence_interval":{"confidence_level":0.95,"lower_bound":619.0305945655812,"upper_bound":4814.92050285138},"point_estimate":2726.7461636276275,"standard_error":1206.034932149022},"Slope":{"confidence_interval":{"confidence_level":0.95,"lower_bound":323193.7031100653,"upper_bound":326012.7159060847},"point_estimate":324119.8076960077,"standard_error":724.1823018801566},"StdDev":{"confidence_interval":{"confidence_level":0.95,"lower_bound":1596.3678650891216,"upper_bound":3672.2266467804957},"point_estimate":3085.282341193345,"standard_error":505.05995091279}}