{"Mean":{"confidence_interval":{"confidence_level":0.95,"lower_bound":136238.5282730446,"upper_bound":136935.45228556613},"point_estimate":136569.2524412664,"standard_error":177.3016242189923},"Median":{"confidence_interval":{"confidence_level":0.95,"lower_bound":135678.14166666666,"upper_bound":136761.3963414634},"point_estimate":136148.60613344988,"standard_error":253.69590851471233},"MedianAbsDev":{"confidence_interval":{"confidence_level":0.95,"lower_bound":1110.5246712301614,"upper_bound":2025.7090461067921},"point_estimate":1470.4136774328554,"standard_error":231.45585349058695},"Slope":{"confidence_interval":{"confidence_level":0.95,"lower_bound":136272.28894271207,"upper_bound":136911.28045426076},"point_estimate":136586.4505744791,"standard_error":163.19358987889265},"StdDev":{"confidence_interval":{"confidence_level":0.95,"lower_bound":1307.317124105169,"upper_bound":2327.9452875080888},"point_estimate":1776.838303373107,"standard_error":285.52156716884537}}