{"Mean":{"confidence_interval":{"confidence_level":0.95,"lower_bound":99372.82749273925,"upper_bound":100239.14752121184},"point_estimate":99783.7172918426,"standard_error":221.32932043163578},"Median":{"confidence_interval":{"confidence_level":0.95,"lower_bound":99229.33511904761,"upper_bound":99741.86657051282},"point_estimate":99421.80333333333,"standard_error":137.355306607838},"MedianAbsDev":{"confidence_interval":{"confidence_level":0.95,"lower_bound":1020.7420461875811,"upper_bound":1785.9622060664603},"point_estimate":1294.4249215782845,"standard_error":197.22275474915446},"Slope":{"confidence_interval":{"confidence_level":0.95,"lower_bound":99310.84358591046,"upper_bound":99891.70535417019},"point_estimate":99601.91849534506,"standard_error":148.00905242318305},"StdDev":{"confidence_interval":{"confidence_level":0.95,"lower_bound":1503.8941816024835,"upper_bound":3030.698141405644},"point_estimate":2224.000406400096,"standard_error":415.510269470822}}