{"Mean":{"confidence_interval":{"confidence_level":0.95,"lower_bound":0.01137819158118773,"upper_bound":0.0160043627717019},"point_estimate":0.013631366982067572,"standard_error":0.001178250540929931},"Median":{"confidence_interval":{"confidence_level":0.95,"lower_bound":0.010566415332852852,"upper_bound":0.01646400529902064},"point_estimate":0.01465671894681031,"standard_error":0.0016273448005581887}}