{"Mean":{"confidence_interval":{"confidence_level":0.95,"lower_bound":0.05621981706272387,"upper_bound":0.06396469718351849},"point_estimate":0.06001539138380951,"standard_error":0.00196525285101633},"Median":{"confidence_interval":{"confidence_level":0.95,"lower_bound":0.054587384824567486,"upper_bound":0.06334723827534275},"point_estimate":0.05794999536427747,"standard_error":0.002317248157449214}}