{"Mean":{"confidence_interval":{"confidence_level":0.95,"lower_bound":-0.046018239613007376,"upper_bound":-0.03831372517157137},"point_estimate":-0.04219647136179949,"standard_error":0.0019540658580090957},"Median":{"confidence_interval":{"confidence_level":0.95,"lower_bound":-0.04569068606458537,"upper_bound":-0.03688206382377024},"point_estimate":-0.0410599637034077,"standard_error":0.0021601340523071024}}