{"Mean":{"confidence_interval":{"confidence_level":0.95,"lower_bound":-0.21485953451123835,"upper_bound":-0.20515427799438712},"point_estimate":-0.20981515023431074,"standard_error":0.0024807200169569836},"Median":{"confidence_interval":{"confidence_level":0.95,"lower_bound":-0.21425452606896822,"upper_bound":-0.20368150753060565},"point_estimate":-0.2068759906563985,"standard_error":0.002693261828751643}}