{"Mean":{"confidence_interval":{"confidence_level":0.95,"lower_bound":-0.15681849023219246,"upper_bound":-0.13168148717979736},"point_estimate":-0.14515685409031565,"standard_error":0.006470752089389281},"Median":{"confidence_interval":{"confidence_level":0.95,"lower_bound":-0.1611811081773321,"upper_bound":-0.14358126330424337},"point_estimate":-0.15349161009399637,"standard_error":0.004509224076554153}}