{"Mean":{"confidence_interval":{"confidence_level":0.95,"lower_bound":-0.008495345055691831,"upper_bound":0.006528193651090673},"point_estimate":-0.0012056700336877668,"standard_error":0.0038211953770119684},"Median":{"confidence_interval":{"confidence_level":0.95,"lower_bound":-0.006169358850515172,"upper_bound":0.0032863907648791484},"point_estimate":0.00010055518616813863,"standard_error":0.00252427897093474}}