{"Mean":{"confidence_interval":{"confidence_level":0.95,"lower_bound":0.12611500436508816,"upper_bound":0.14518725995228143},"point_estimate":0.13590401064509638,"standard_error":0.004901616959728797},"Median":{"confidence_interval":{"confidence_level":0.95,"lower_bound":0.12451371717576565,"upper_bound":0.14235343241085202},"point_estimate":0.13562041874560538,"standard_error":0.004358924905560549}}