{"Mean":{"confidence_interval":{"confidence_level":0.95,"lower_bound":-0.023781441963916277,"upper_bound":-0.013104334532771907},"point_estimate":-0.01896629210456835,"standard_error":0.002848287583853076},"Median":{"confidence_interval":{"confidence_level":0.95,"lower_bound":-0.02491660153592466,"upper_bound":-0.019110096264184362},"point_estimate":-0.02174285539421683,"standard_error":0.0014692054753035143}}