{"Mean":{"confidence_interval":{"confidence_level":0.95,"lower_bound":-0.008411063914320357,"upper_bound":-0.0031978499112087504},"point_estimate":-0.005825752435432929,"standard_error":0.0013353297560995364},"Median":{"confidence_interval":{"confidence_level":0.95,"lower_bound":-0.010783859174168242,"upper_bound":-0.0012728115945773721},"point_estimate":-0.00563929142212094,"standard_error":0.00242639778869026}}