{"Mean":{"confidence_interval":{"confidence_level":0.95,"lower_bound":0.013050623334559176,"upper_bound":0.030150379269066108},"point_estimate":0.02119996747763353,"standard_error":0.004241905068361103},"Median":{"confidence_interval":{"confidence_level":0.95,"lower_bound":0.016195381394671804,"upper_bound":0.023237098112173893},"point_estimate":0.018956849303688905,"standard_error":0.0018968646705199413}}