{"Mean":{"confidence_interval":{"confidence_level":0.95,"lower_bound":-0.020172513098080453,"upper_bound":-0.0035638430203915592},"point_estimate":-0.011898197670823785,"standard_error":0.004230343913498191},"Median":{"confidence_interval":{"confidence_level":0.95,"lower_bound":-0.02314955504267191,"upper_bound":-0.001204649979648309},"point_estimate":-0.0141311256045068,"standard_error":0.005520486206940781}}