{"Mean":{"confidence_interval":{"confidence_level":0.95,"lower_bound":-0.027295286932596693,"upper_bound":-0.011518649951519853},"point_estimate":-0.01979678614222069,"standard_error":0.003984253912758343},"Median":{"confidence_interval":{"confidence_level":0.95,"lower_bound":-0.030915007082209622,"upper_bound":-0.012162575349725091},"point_estimate":-0.01840927735920017,"standard_error":0.004674211695619885}}