{"Mean":{"confidence_interval":{"confidence_level":0.95,"lower_bound":0.025773864586953583,"upper_bound":0.03797390036203355},"point_estimate":0.03171401133311913,"standard_error":0.003109893240342903},"Median":{"confidence_interval":{"confidence_level":0.95,"lower_bound":0.020154258771531763,"upper_bound":0.032307275318748774},"point_estimate":0.025652613363900567,"standard_error":0.003061116477719695}}