{"Mean":{"confidence_interval":{"confidence_level":0.95,"lower_bound":-0.004972930657326885,"upper_bound":0.004786159927515577},"point_estimate":-0.00029941223522844673,"standard_error":0.0024895161798287684},"Median":{"confidence_interval":{"confidence_level":0.95,"lower_bound":-0.006817522430385248,"upper_bound":0.0002904403896495378},"point_estimate":-0.003072086214548575,"standard_error":0.0017814435947455251}}