{"Mean":{"confidence_interval":{"confidence_level":0.95,"lower_bound":38220.06441731013,"upper_bound":38527.03056417157},"point_estimate":38359.01628689454,"standard_error":78.70039362799814},"Median":{"confidence_interval":{"confidence_level":0.95,"lower_bound":38023.571133167905,"upper_bound":38297.00141657183},"point_estimate":38105.1334013209,"standard_error":70.83533463643298},"MedianAbsDev":{"confidence_interval":{"confidence_level":0.95,"lower_bound":293.37567063526154,"upper_bound":554.0132623194866},"point_estimate":374.03107670858844,"standard_error":66.93672540376309},"Slope":{"confidence_interval":{"confidence_level":0.95,"lower_bound":38263.65835580058,"upper_bound":38743.68611989036},"point_estimate":38454.989289197576,"standard_error":127.04251965759583},"StdDev":{"confidence_interval":{"confidence_level":0.95,"lower_bound":424.48943811844237,"upper_bound":1114.5684648925178},"point_estimate":789.0918465871086,"standard_error":183.53682974284254}}