{"Mean":{"confidence_interval":{"confidence_level":0.95,"lower_bound":977251.0358317392,"upper_bound":983752.2020044576},"point_estimate":980377.9758561334,"standard_error":1655.1448170542092},"Median":{"confidence_interval":{"confidence_level":0.95,"lower_bound":974191.2261904762,"upper_bound":980336.8848616426},"point_estimate":977214.3174342106,"standard_error":1685.3797419602781},"MedianAbsDev":{"confidence_interval":{"confidence_level":0.95,"lower_bound":9890.685473598709,"upper_bound":17100.85000182766},"point_estimate":14887.510787966592,"standard_error":1831.5209474208016},"Slope":{"confidence_interval":{"confidence_level":0.95,"lower_bound":974826.3471940184,"upper_bound":979567.276422753},"point_estimate":977093.7733131372,"standard_error":1206.6561055248071},"StdDev":{"confidence_interval":{"confidence_level":0.95,"lower_bound":12724.127310464099,"upper_bound":20408.720510936717},"point_estimate":16647.60389546982,"standard_error":1970.676208505253}}