{"Mean":{"confidence_interval":{"confidence_level":0.95,"lower_bound":-0.07757416777452143,"upper_bound":-0.06737380551265833},"point_estimate":-0.07200562998273252,"standard_error":0.0026065628274923405},"Median":{"confidence_interval":{"confidence_level":0.95,"lower_bound":-0.07128188369581676,"upper_bound":-0.06531561080847537},"point_estimate":-0.06846545822021921,"standard_error":0.0014960952620162022}}