{"Mean":{"confidence_interval":{"confidence_level":0.95,"lower_bound":-0.051694789422502184,"upper_bound":-0.047518293052340434},"point_estimate":-0.04946110917886737,"standard_error":0.0010730504953877758},"Median":{"confidence_interval":{"confidence_level":0.95,"lower_bound":-0.05137341457693434,"upper_bound":-0.04652789690816095},"point_estimate":-0.04942305083870091,"standard_error":0.0012379293958367091}}