{"Mean":{"confidence_interval":{"confidence_level":0.95,"lower_bound":0.05263789498162885,"upper_bound":0.06014568343394029},"point_estimate":0.05610534555130875,"standard_error":0.001891249042981695},"Median":{"confidence_interval":{"confidence_level":0.95,"lower_bound":0.053268299942539565,"upper_bound":0.05830463356171033},"point_estimate":0.056196933340037614,"standard_error":0.001380786003920888}}