{"Mean":{"confidence_interval":{"confidence_level":0.95,"lower_bound":-0.05329175413601667,"upper_bound":-0.042602409974244436},"point_estimate":-0.04861498080712745,"standard_error":0.0027521318255356855},"Median":{"confidence_interval":{"confidence_level":0.95,"lower_bound":-0.05475916563897554,"upper_bound":-0.04984104848316517},"point_estimate":-0.05252759207724711,"standard_error":0.0011968421569896733}}