{"Mean":{"confidence_interval":{"confidence_level":0.95,"lower_bound":0.006921797472872299,"upper_bound":0.016923014463577427},"point_estimate":0.011290538334820965,"standard_error":0.002482620227439623},"Median":{"confidence_interval":{"confidence_level":0.95,"lower_bound":0.008395294727179481,"upper_bound":0.013649014648088542},"point_estimate":0.011144913124007783,"standard_error":0.0013031640122817473}}