{"Mean":{"confidence_interval":{"confidence_level":0.95,"lower_bound":-0.0014372102512385742,"upper_bound":0.007181016194174633},"point_estimate":0.0029768462531947204,"standard_error":0.002202132912094173},"Median":{"confidence_interval":{"confidence_level":0.95,"lower_bound":-0.000350226457415892,"upper_bound":0.005842055819415215},"point_estimate":0.0024675888882954577,"standard_error":0.001487049837775886}}