{"Mean":{"confidence_interval":{"confidence_level":0.95,"lower_bound":0.015830827545552956,"upper_bound":0.025866043861056943},"point_estimate":0.021137665911989956,"standard_error":0.002541889360157218},"Median":{"confidence_interval":{"confidence_level":0.95,"lower_bound":0.018523160485566237,"upper_bound":0.02311382872996548},"point_estimate":0.020493513439610256,"standard_error":0.0011380474613795117}}