{"Mean":{"confidence_interval":{"confidence_level":0.95,"lower_bound":-0.021971511485774423,"upper_bound":-0.016706076265678774},"point_estimate":-0.01921573782389474,"standard_error":0.0013462190825237273},"Median":{"confidence_interval":{"confidence_level":0.95,"lower_bound":-0.021359897882740064,"upper_bound":-0.015280201125630999},"point_estimate":-0.017293548737961406,"standard_error":0.0015863520671386955}}