{"Mean":{"confidence_interval":{"confidence_level":0.95,"lower_bound":-0.0017223743804366197,"upper_bound":0.0017640030066290034},"point_estimate":0.000010727031257262709,"standard_error":0.000884478021930828},"Median":{"confidence_interval":{"confidence_level":0.95,"lower_bound":-0.0026657627673735964,"upper_bound":0.0023345665890042167},"point_estimate":0.0002666314792396651,"standard_error":0.0012796830783942791}}