{"Mean":{"confidence_interval":{"confidence_level":0.95,"lower_bound":0.06709674399767016,"upper_bound":0.07772442539112707},"point_estimate":0.07249710700628786,"standard_error":0.002705687417946773},"Median":{"confidence_interval":{"confidence_level":0.95,"lower_bound":0.06880793043683497,"upper_bound":0.07651955531420351},"point_estimate":0.07286209082896988,"standard_error":0.001973291570170076}}