{"Mean":{"confidence_interval":{"confidence_level":0.95,"lower_bound":-0.016808682811850932,"upper_bound":-0.014040712798313523},"point_estimate":-0.01537358683482315,"standard_error":0.0007082143758894798},"Median":{"confidence_interval":{"confidence_level":0.95,"lower_bound":-0.016636451071401215,"upper_bound":-0.014108828608871526},"point_estimate":-0.015114802407346417,"standard_error":0.0006344596844255002}}