{"Mean":{"confidence_interval":{"confidence_level":0.95,"lower_bound":0.02378714802006591,"upper_bound":0.02698158792914005},"point_estimate":0.02533856420502345,"standard_error":0.000805038547711316},"Median":{"confidence_interval":{"confidence_level":0.95,"lower_bound":0.024021588988117844,"upper_bound":0.02627976576755464},"point_estimate":0.02510103171206257,"standard_error":0.0005431365579770512}}