{"Mean":{"confidence_interval":{"confidence_level":0.95,"lower_bound":-0.031668152263309976,"upper_bound":-0.028536650796736757},"point_estimate":-0.030147225051168958,"standard_error":0.000798345092933752},"Median":{"confidence_interval":{"confidence_level":0.95,"lower_bound":-0.031695048194432474,"upper_bound":-0.029291306990743338},"point_estimate":-0.03049406545420963,"standard_error":0.0006218436567546254}}