{"Mean":{"confidence_interval":{"confidence_level":0.95,"lower_bound":80180.55597326202,"upper_bound":80750.58862605682},"point_estimate":80456.85778482881,"standard_error":145.8237570761834},"Median":{"confidence_interval":{"confidence_level":0.95,"lower_bound":79585.49315068492,"upper_bound":80439.13562753037},"point_estimate":79984.09254807692,"standard_error":237.2026062606459},"MedianAbsDev":{"confidence_interval":{"confidence_level":0.95,"lower_bound":683.2515428657549,"upper_bound":1582.0409925676156},"point_estimate":1130.8571102386154,"standard_error":228.6533192376712},"Slope":{"confidence_interval":{"confidence_level":0.95,"lower_bound":79970.41270258026,"upper_bound":80481.0044383429},"point_estimate":80216.83490968615,"standard_error":130.14701782979193},"StdDev":{"confidence_interval":{"confidence_level":0.95,"lower_bound":1184.053402688771,"upper_bound":1705.7623102416503},"point_estimate":1465.8029243985707,"standard_error":133.03879753756473}}