{"Mean":{"confidence_interval":{"confidence_level":0.95,"lower_bound":79615.57465808238,"upper_bound":80022.28535950238},"point_estimate":79806.85235199874,"standard_error":103.93040160658838},"Median":{"confidence_interval":{"confidence_level":0.95,"lower_bound":79304.49822485207,"upper_bound":79838.93364082725},"point_estimate":79560.63104043392,"standard_error":164.88190521814715},"MedianAbsDev":{"confidence_interval":{"confidence_level":0.95,"lower_bound":566.1821207174805,"upper_bound":1099.85393123306},"point_estimate":823.4876312647838,"standard_error":136.70813746071192},"Slope":{"confidence_interval":{"confidence_level":0.95,"lower_bound":79745.96489780441,"upper_bound":80187.53291027366},"point_estimate":79965.88968978413,"standard_error":112.72211085804031},"StdDev":{"confidence_interval":{"confidence_level":0.95,"lower_bound":735.8121562701697,"upper_bound":1412.8151431731717},"point_estimate":1045.5211960770112,"standard_error":197.78257207896115}}