{"Mean":{"confidence_interval":{"confidence_level":0.95,"lower_bound":79976.49244225794,"upper_bound":80713.16566280182},"point_estimate":80318.85379192795,"standard_error":188.0804550999441},"Median":{"confidence_interval":{"confidence_level":0.95,"lower_bound":79533.9929557622,"upper_bound":80019.51975051976},"point_estimate":79847.7272074708,"standard_error":154.19091364692216},"MedianAbsDev":{"confidence_interval":{"confidence_level":0.95,"lower_bound":754.7038206331242,"upper_bound":1355.778878195169},"point_estimate":1047.4132664566675,"standard_error":158.53613274904814},"Slope":{"confidence_interval":{"confidence_level":0.95,"lower_bound":79655.81214162051,"upper_bound":80281.5491666072},"point_estimate":79916.14804787941,"standard_error":161.56203839549568},"StdDev":{"confidence_interval":{"confidence_level":0.95,"lower_bound":1201.0543089908379,"upper_bound":2516.017394652349},"point_estimate":1892.5439615173268,"standard_error":339.1836426201809}}