{"Mean":{"confidence_interval":{"confidence_level":0.95,"lower_bound":85859.47852446933,"upper_bound":86140.71778526505},"point_estimate":85992.056107929,"standard_error":72.25338396653738},"Median":{"confidence_interval":{"confidence_level":0.95,"lower_bound":85781.92216981133,"upper_bound":86213.19811320756},"point_estimate":85910.94310141509,"standard_error":110.08898624037744},"MedianAbsDev":{"confidence_interval":{"confidence_level":0.95,"lower_bound":29.176885625871403,"upper_bound":408.6313274623087},"point_estimate":215.7043093780375,"standard_error":102.4663569536467},"Slope":{"confidence_interval":{"confidence_level":0.95,"lower_bound":85805.47421253068,"upper_bound":86131.67246181492},"point_estimate":85919.16076941926,"standard_error":85.61719550195525},"StdDev":{"confidence_interval":{"confidence_level":0.95,"lower_bound":117.30607115143064,"upper_bound":292.2974250286385},"point_estimate":240.92078684287117,"standard_error":44.2225236279909}}