{"Mean":{"confidence_interval":{"confidence_level":0.95,"lower_bound":23637.145765682093,"upper_bound":23754.321186621466},"point_estimate":23697.32177890272,"standard_error":30.032575756201542},"Median":{"confidence_interval":{"confidence_level":0.95,"lower_bound":23621.130039011703,"upper_bound":23794.84379063719},"point_estimate":23701.25140875596,"standard_error":51.84798952444247},"MedianAbsDev":{"confidence_interval":{"confidence_level":0.95,"lower_bound":15.339752438980668,"upper_bound":177.39649750077507},"point_estimate":128.77400179377867,"standard_error":41.881719975239584},"Slope":{"confidence_interval":{"confidence_level":0.95,"lower_bound":23669.15195424428,"upper_bound":23775.511618759865},"point_estimate":23734.992842787902,"standard_error":27.099822120483115},"StdDev":{"confidence_interval":{"confidence_level":0.95,"lower_bound":60.3283372116337,"upper_bound":123.0500125072791},"point_estimate":99.79828144427984,"standard_error":16.4542942138037}}