{"Mean":{"confidence_interval":{"confidence_level":0.95,"lower_bound":24519.86658978195,"upper_bound":24748.358306975053},"point_estimate":24627.895319293508,"standard_error":58.38356577106845},"Median":{"confidence_interval":{"confidence_level":0.95,"lower_bound":24377.670751282152,"upper_bound":24634.156585365854},"point_estimate":24473.83581785309,"standard_error":62.55524826447963},"MedianAbsDev":{"confidence_interval":{"confidence_level":0.95,"lower_bound":337.31272718940517,"upper_bound":586.2652047239494},"point_estimate":451.5122860208536,"standard_error":64.00664374662244},"Slope":{"confidence_interval":{"confidence_level":0.95,"lower_bound":24380.966262427803,"upper_bound":24505.188690009065},"point_estimate":24440.592269370365,"standard_error":31.708006149835423},"StdDev":{"confidence_interval":{"confidence_level":0.95,"lower_bound":417.401945608726,"upper_bound":754.5356561693036},"point_estimate":585.316986612355,"standard_error":88.04438679562034}}