{"Mean":{"confidence_interval":{"confidence_level":0.95,"lower_bound":24324.84335614411,"upper_bound":24513.470458100688},"point_estimate":24405.569702683435,"standard_error":48.805216584611635},"Median":{"confidence_interval":{"confidence_level":0.95,"lower_bound":24192.193421962653,"upper_bound":24390.949019607844},"point_estimate":24287.0776425955,"standard_error":52.93527797432057},"MedianAbsDev":{"confidence_interval":{"confidence_level":0.95,"lower_bound":143.54831776708906,"upper_bound":332.5032291779002},"point_estimate":248.9411360059062,"standard_error":52.2613633241726},"Slope":{"confidence_interval":{"confidence_level":0.95,"lower_bound":24383.79338245205,"upper_bound":24543.256405273576},"point_estimate":24461.32141273829,"standard_error":40.664220824535064},"StdDev":{"confidence_interval":{"confidence_level":0.95,"lower_bound":239.49868177367694,"upper_bound":748.6362121270204},"point_estimate":487.30374916167796,"standard_error":161.47592732243038}}