{"Mean":{"confidence_interval":{"confidence_level":0.95,"lower_bound":1562509.9272254468,"upper_bound":1571132.640076637},"point_estimate":1566548.1044146824,"standard_error":2211.9479889228387},"Median":{"confidence_interval":{"confidence_level":0.95,"lower_bound":1560755.5572916665,"upper_bound":1571786.3416666668},"point_estimate":1564647.5238095238,"standard_error":3305.288353415273},"MedianAbsDev":{"confidence_interval":{"confidence_level":0.95,"lower_bound":881.0195906086606,"upper_bound":12729.958580248289},"point_estimate":7629.930498916713,"standard_error":2906.192410230276},"Slope":{"confidence_interval":{"confidence_level":0.95,"lower_bound":1560567.5546804308,"upper_bound":1572085.0219298245},"point_estimate":1565450.774025974,"standard_error":2979.3711960896885},"StdDev":{"confidence_interval":{"confidence_level":0.95,"lower_bound":3854.3949809994533,"upper_bound":9607.510856945366},"point_estimate":7383.40082068167,"standard_error":1565.120893065278}}