{"Mean":{"confidence_interval":{"confidence_level":0.95,"lower_bound":1786636.649287512,"upper_bound":1809159.6089805395},"point_estimate":1797169.5225662075,"standard_error":5771.609083959731},"Median":{"confidence_interval":{"confidence_level":0.95,"lower_bound":1768856.894736842,"upper_bound":1776919.0},"point_estimate":1772598.9253875967,"standard_error":2047.401353718874},"MedianAbsDev":{"confidence_interval":{"confidence_level":0.95,"lower_bound":9100.202707670318,"upper_bound":20503.08908536155},"point_estimate":14018.512514301923,"standard_error":2807.7114654048046},"Slope":{"confidence_interval":{"confidence_level":0.95,"lower_bound":1789425.2086995677,"upper_bound":1822293.9613392896},"point_estimate":1803972.2840697502,"standard_error":8450.747387505167},"StdDev":{"confidence_interval":{"confidence_level":0.95,"lower_bound":39496.05480233818,"upper_bound":74677.26044165385},"point_estimate":57986.436852370076,"standard_error":9022.554546024321}}