{"Mean":{"confidence_interval":{"confidence_level":0.95,"lower_bound":28.64078196764622,"upper_bound":29.112089960470506},"point_estimate":28.861043953416853,"standard_error":0.12044334935571828},"Median":{"confidence_interval":{"confidence_level":0.95,"lower_bound":28.365283796719496,"upper_bound":28.44045284630994},"point_estimate":28.399352420659696,"standard_error":0.01927995287069634},"MedianAbsDev":{"confidence_interval":{"confidence_level":0.95,"lower_bound":0.10369343223147778,"upper_bound":0.20998399926054565},"point_estimate":0.16325092718406906,"standard_error":0.026619732242343014},"Slope":{"confidence_interval":{"confidence_level":0.95,"lower_bound":28.621765712642233,"upper_bound":29.096677023680783},"point_estimate":28.84685529146773,"standard_error":0.12158637104767223},"StdDev":{"confidence_interval":{"confidence_level":0.95,"lower_bound":0.8044240977264504,"upper_bound":1.5293349296043561},"point_estimate":1.2087237445110985,"standard_error":0.18553656003281563}}