{"Mean":{"confidence_interval":{"confidence_level":0.95,"lower_bound":38.25997686412549,"upper_bound":38.4690054331677},"point_estimate":38.35109546713917,"standard_error":0.05359152243814683},"Median":{"confidence_interval":{"confidence_level":0.95,"lower_bound":38.180643644365254,"upper_bound":38.35074238803328},"point_estimate":38.23551959532166,"standard_error":0.0421537058864164},"MedianAbsDev":{"confidence_interval":{"confidence_level":0.95,"lower_bound":0.23759190578809944,"upper_bound":0.3815379277325502},"point_estimate":0.33411589248611434,"standard_error":0.037486704243977556},"Slope":{"confidence_interval":{"confidence_level":0.95,"lower_bound":38.27392379251176,"upper_bound":38.42457925106499},"point_estimate":38.3446844174999,"standard_error":0.03849933257931739},"StdDev":{"confidence_interval":{"confidence_level":0.95,"lower_bound":0.27658638095715943,"upper_bound":0.8168202728591951},"point_estimate":0.5381813537760187,"standard_error":0.16761778834213953}}