{"Mean":{"confidence_interval":{"confidence_level":0.95,"lower_bound":78.4723700178514,"upper_bound":78.75676810159987},"point_estimate":78.60832060668743,"standard_error":0.07300506904493281},"Median":{"confidence_interval":{"confidence_level":0.95,"lower_bound":78.39086955389463,"upper_bound":78.82658033629347},"point_estimate":78.52979504674602,"standard_error":0.11752567107069495},"MedianAbsDev":{"confidence_interval":{"confidence_level":0.95,"lower_bound":0.04112752374964639,"upper_bound":0.4033085831677201},"point_estimate":0.2470984557943948,"standard_error":0.09810239279600215},"Slope":{"confidence_interval":{"confidence_level":0.95,"lower_bound":78.40517684965891,"upper_bound":78.66089806033325},"point_estimate":78.51881891991009,"standard_error":0.06864448185448775},"StdDev":{"confidence_interval":{"confidence_level":0.95,"lower_bound":0.13104914097225495,"upper_bound":0.2939479385060186},"point_estimate":0.2433150941624813,"standard_error":0.04111753903269317}}