{"Mean":{"confidence_interval":{"confidence_level":0.95,"lower_bound":70.61457288660628,"upper_bound":70.87328130154019},"point_estimate":70.72660645481459,"standard_error":0.06683523941645973},"Median":{"confidence_interval":{"confidence_level":0.95,"lower_bound":70.47988342256335,"upper_bound":70.68551525119196},"point_estimate":70.62554785102097,"standard_error":0.0549826879502317},"MedianAbsDev":{"confidence_interval":{"confidence_level":0.95,"lower_bound":0.24517926864614153,"upper_bound":0.38306422590041117},"point_estimate":0.3172541022205343,"standard_error":0.036119200637288185},"Slope":{"confidence_interval":{"confidence_level":0.95,"lower_bound":70.6511862589866,"upper_bound":70.8339602667573},"point_estimate":70.7374848669701,"standard_error":0.04672158210978232},"StdDev":{"confidence_interval":{"confidence_level":0.95,"lower_bound":0.3326895804741554,"upper_bound":1.0288907987024816},"point_estimate":0.6739998099579261,"standard_error":0.21518136390141296}}