{"Mean":{"confidence_interval":{"confidence_level":0.95,"lower_bound":91.73082542738085,"upper_bound":92.22610681473901},"point_estimate":91.97085852435373,"standard_error":0.12628486760456784},"Median":{"confidence_interval":{"confidence_level":0.95,"lower_bound":91.3646795304953,"upper_bound":92.16040104814803},"point_estimate":91.76127808658676,"standard_error":0.21176490016281244},"MedianAbsDev":{"confidence_interval":{"confidence_level":0.95,"lower_bound":0.999708150298939,"upper_bound":1.6196964518522428},"point_estimate":1.3591877330965423,"standard_error":0.16094570340104075},"Slope":{"confidence_interval":{"confidence_level":0.95,"lower_bound":91.87675397841954,"upper_bound":92.3955964883215},"point_estimate":92.12740616180126,"standard_error":0.13314471539136777},"StdDev":{"confidence_interval":{"confidence_level":0.95,"lower_bound":1.0179008521854647,"upper_bound":1.56594033827938},"point_estimate":1.2680627773290685,"standard_error":0.14689701539336647}}