{"Mean":{"confidence_interval":{"confidence_level":0.95,"lower_bound":32.44645836809392,"upper_bound":32.496124906607854},"point_estimate":32.47043716627462,"standard_error":0.012700957368281201},"Median":{"confidence_interval":{"confidence_level":0.95,"lower_bound":32.41785106141446,"upper_bound":32.47430169217456},"point_estimate":32.44164675963001,"standard_error":0.014658982073695388},"MedianAbsDev":{"confidence_interval":{"confidence_level":0.95,"lower_bound":0.0698289300259646,"upper_bound":0.12347480591655167},"point_estimate":0.09434334474811716,"standard_error":0.014674663130518663},"Slope":{"confidence_interval":{"confidence_level":0.95,"lower_bound":32.45352268979167,"upper_bound":32.49554910616398},"point_estimate":32.47421167721484,"standard_error":0.010776579573063065},"StdDev":{"confidence_interval":{"confidence_level":0.95,"lower_bound":0.09679436808050844,"upper_bound":0.15711744534834793},"point_estimate":0.12716450614777935,"standard_error":0.015576103826093585}}