{"Mean":{"confidence_interval":{"confidence_level":0.95,"lower_bound":104751.74662960926,"upper_bound":105215.58515634769},"point_estimate":104967.73764380961,"standard_error":118.35196350878205},"Median":{"confidence_interval":{"confidence_level":0.95,"lower_bound":104405.78933861083,"upper_bound":104859.56976744186},"point_estimate":104578.9935897436,"standard_error":115.27540659161988},"MedianAbsDev":{"confidence_interval":{"confidence_level":0.95,"lower_bound":507.2765491421876,"upper_bound":985.4216470775631},"point_estimate":660.5950053350329,"standard_error":121.6026506594899},"Slope":{"confidence_interval":{"confidence_level":0.95,"lower_bound":104740.05500224486,"upper_bound":105125.99832049123},"point_estimate":104924.11570947243,"standard_error":98.32217629068607},"StdDev":{"confidence_interval":{"confidence_level":0.95,"lower_bound":805.8695468831373,"upper_bound":1614.7439596076085},"point_estimate":1186.5857953623342,"standard_error":231.00170703060763}}