{"Mean":{"confidence_interval":{"confidence_level":0.95,"lower_bound":104647.50775499597,"upper_bound":106288.26504937377},"point_estimate":105399.00678548627,"standard_error":418.5758031375696},"Median":{"confidence_interval":{"confidence_level":0.95,"lower_bound":103648.097536339,"upper_bound":104054.82628458497},"point_estimate":103840.16583333333,"standard_error":104.1163423441936},"MedianAbsDev":{"confidence_interval":{"confidence_level":0.95,"lower_bound":342.1970653944868,"upper_bound":837.3683914518929},"point_estimate":560.7274722312702,"standard_error":119.27705833728052},"Slope":{"confidence_interval":{"confidence_level":0.95,"lower_bound":104634.96994637414,"upper_bound":106116.6897178555},"point_estimate":105330.60094694843,"standard_error":379.1614946045712},"StdDev":{"confidence_interval":{"confidence_level":0.95,"lower_bound":2587.8185978971287,"upper_bound":5757.573607932014},"point_estimate":4201.421412618506,"standard_error":831.2130723450981}}