{"Mean":{"confidence_interval":{"confidence_level":0.95,"lower_bound":75.43682621896166,"upper_bound":75.62695500503499},"point_estimate":75.52593842214792,"standard_error":0.04882767926163291},"Median":{"confidence_interval":{"confidence_level":0.95,"lower_bound":75.42670834745536,"upper_bound":75.64292542463286},"point_estimate":75.48188356349908,"standard_error":0.052569700399579894},"MedianAbsDev":{"confidence_interval":{"confidence_level":0.95,"lower_bound":0.0012432124568654752,"upper_bound":0.26272540218872054},"point_estimate":0.0862108656643841,"standard_error":0.06872105193105074},"Slope":{"confidence_interval":{"confidence_level":0.95,"lower_bound":75.44111866005326,"upper_bound":75.61073470758677},"point_estimate":75.50537945877235,"standard_error":0.04515274362544269},"StdDev":{"confidence_interval":{"confidence_level":0.95,"lower_bound":0.05817475704570225,"upper_bound":0.20678658640258932},"point_estimate":0.16326056666027955,"standard_error":0.03615196985083694}}