{"Mean":{"confidence_interval":{"confidence_level":0.95,"lower_bound":909.2656951111691,"upper_bound":917.7139895969899},"point_estimate":913.33495832492,"standard_error":2.1573187846046977},"Median":{"confidence_interval":{"confidence_level":0.95,"lower_bound":903.4975434186472,"upper_bound":913.3897985799495},"point_estimate":908.5109164523058,"standard_error":3.188775626813275},"MedianAbsDev":{"confidence_interval":{"confidence_level":0.95,"lower_bound":13.856864783003521,"upper_bound":25.08734329879495},"point_estimate":19.36624868934203,"standard_error":2.8235211511375993},"Slope":{"confidence_interval":{"confidence_level":0.95,"lower_bound":902.1784148671053,"upper_bound":907.5812048052945},"point_estimate":904.7721710694631,"standard_error":1.3789344805810049},"StdDev":{"confidence_interval":{"confidence_level":0.95,"lower_bound":16.45391620674194,"upper_bound":26.989548058087056},"point_estimate":21.73115204223463,"standard_error":2.7254602853654695}}