{"Mean":{"confidence_interval":{"confidence_level":0.95,"lower_bound":0.006446577649124358,"upper_bound":0.010618897444014546},"point_estimate":0.008471201641901294,"standard_error":0.0010687554871120063},"Median":{"confidence_interval":{"confidence_level":0.95,"lower_bound":0.0059434151157318205,"upper_bound":0.011145505605815176},"point_estimate":0.008133520472184852,"standard_error":0.0013410161245772084}}