{"Mean":{"confidence_interval":{"confidence_level":0.95,"lower_bound":0.01595364610051281,"upper_bound":0.023347913362746775},"point_estimate":0.019700551978882208,"standard_error":0.0018829528472538585},"Median":{"confidence_interval":{"confidence_level":0.95,"lower_bound":0.014949513518677904,"upper_bound":0.023299150475368412},"point_estimate":0.019771650287176534,"standard_error":0.0022512845003823225}}