{"Mean":{"confidence_interval":{"confidence_level":0.95,"lower_bound":0.003020236206722533,"upper_bound":0.01040615540033361},"point_estimate":0.006833175399086899,"standard_error":0.001876843887839331},"Median":{"confidence_interval":{"confidence_level":0.95,"lower_bound":0.002613064191445469,"upper_bound":0.009614236458886039},"point_estimate":0.005152891801376347,"standard_error":0.0019756756444745775}}