{"Mean":{"confidence_interval":{"confidence_level":0.95,"lower_bound":7756.493564251543,"upper_bound":7809.812874390954},"point_estimate":7781.731769268218,"standard_error":13.584639185492628},"Median":{"confidence_interval":{"confidence_level":0.95,"lower_bound":7725.943162393162,"upper_bound":7784.3416208791205},"point_estimate":7754.236478021978,"standard_error":16.27587576784948},"MedianAbsDev":{"confidence_interval":{"confidence_level":0.95,"lower_bound":89.5382279067247,"upper_bound":154.89826099126452},"point_estimate":121.45430095444556,"standard_error":17.69558997732745},"Slope":{"confidence_interval":{"confidence_level":0.95,"lower_bound":7729.302990072071,"upper_bound":7773.417452290274},"point_estimate":7750.630288208614,"standard_error":11.269828672497953},"StdDev":{"confidence_interval":{"confidence_level":0.95,"lower_bound":99.87322697570025,"upper_bound":179.5806911002137},"point_estimate":136.15416791667252,"standard_error":22.24643903474708}}