{"Mean":{"confidence_interval":{"confidence_level":0.95,"lower_bound":6596.563048043941,"upper_bound":6632.397918142259},"point_estimate":6612.372924919843,"standard_error":9.212727894868099},"Median":{"confidence_interval":{"confidence_level":0.95,"lower_bound":6583.3115666139365,"upper_bound":6601.571343007402},"point_estimate":6594.054652485116,"standard_error":4.916523447277025},"MedianAbsDev":{"confidence_interval":{"confidence_level":0.95,"lower_bound":21.56022739217717,"upper_bound":36.95490893001171},"point_estimate":29.86825535975874,"standard_error":3.9865846540686003},"Slope":{"confidence_interval":{"confidence_level":0.95,"lower_bound":6601.3067062804885,"upper_bound":6629.865439124245},"point_estimate":6614.495295008793,"standard_error":7.343744428436721},"StdDev":{"confidence_interval":{"confidence_level":0.95,"lower_bound":36.755594653250704,"upper_bound":135.8512123731848},"point_estimate":92.74572576189404,"standard_error":25.653621310201853}}