{"Mean":{"confidence_interval":{"confidence_level":0.95,"lower_bound":7609.2641396491235,"upper_bound":8043.658571428571},"point_estimate":7763.839100785296,"standard_error":128.76157454096884},"Median":{"confidence_interval":{"confidence_level":0.95,"lower_bound":7600.436032748537,"upper_bound":7693.505684210526},"point_estimate":7615.432330827068,"standard_error":36.095496022264605},"MedianAbsDev":{"confidence_interval":{"confidence_level":0.95,"lower_bound":6.37833236255191,"upper_bound":101.63058953253922},"point_estimate":34.710153476402915,"standard_error":42.07185359163199},"Slope":{"confidence_interval":{"confidence_level":0.95,"lower_bound":7603.70714999419,"upper_bound":7764.223457520205},"point_estimate":7648.426607245387,"standard_error":43.73025980378739},"StdDev":{"confidence_interval":{"confidence_level":0.95,"lower_bound":17.887456770759353,"upper_bound":660.6154166048417},"point_estimate":430.06167427443364,"standard_error":228.17925879457275}}