{"Mean":{"confidence_interval":{"confidence_level":0.95,"lower_bound":673.7456208787336,"upper_bound":692.104169304046},"point_estimate":681.5408374144971,"standard_error":4.7552049815230415},"Median":{"confidence_interval":{"confidence_level":0.95,"lower_bound":666.2490850958302,"upper_bound":667.9437800687285},"point_estimate":667.0302485415168,"standard_error":0.4025169228755081},"MedianAbsDev":{"confidence_interval":{"confidence_level":0.95,"lower_bound":2.2445171010453744,"upper_bound":4.242702429225217},"point_estimate":3.1258428323107914,"standard_error":0.4915393059524667},"Slope":{"confidence_interval":{"confidence_level":0.95,"lower_bound":672.9474832657444,"upper_bound":683.957864145552},"point_estimate":678.0725310509816,"standard_error":2.8252123731809147},"StdDev":{"confidence_interval":{"confidence_level":0.95,"lower_bound":20.134872662008924,"upper_bound":73.6209892691771},"point_estimate":47.65941398160364,"standard_error":15.533607054704214}}