{"Mean":{"confidence_interval":{"confidence_level":0.95,"lower_bound":646.489586277791,"upper_bound":649.4874236668935},"point_estimate":647.8712037434402,"standard_error":0.7658223510061789},"Median":{"confidence_interval":{"confidence_level":0.95,"lower_bound":644.6751460135412,"upper_bound":647.2314865433137},"point_estimate":645.2932462238848,"standard_error":0.6658880624935838},"MedianAbsDev":{"confidence_interval":{"confidence_level":0.95,"lower_bound":2.772432222351641,"upper_bound":5.071723707161774},"point_estimate":3.9402639382668556,"standard_error":0.6076477362419113},"Slope":{"confidence_interval":{"confidence_level":0.95,"lower_bound":647.08615791233,"upper_bound":651.0217452231182},"point_estimate":648.8680027597643,"standard_error":1.0056338815023764},"StdDev":{"confidence_interval":{"confidence_level":0.95,"lower_bound":4.707862428227957,"upper_bound":10.430353805557536},"point_estimate":7.698628471499688,"standard_error":1.4867147676262338}}