{"Mean":{"confidence_interval":{"confidence_level":0.95,"lower_bound":668.2161057316945,"upper_bound":670.5033881073275},"point_estimate":669.323452441033,"standard_error":0.5873889029595464},"Median":{"confidence_interval":{"confidence_level":0.95,"lower_bound":667.4618906942393,"upper_bound":671.0522248892171},"point_estimate":668.8321431868537,"standard_error":0.9821792698964281},"MedianAbsDev":{"confidence_interval":{"confidence_level":0.95,"lower_bound":0.28076022224345165,"upper_bound":3.176629519551403},"point_estimate":2.3525923239704256,"standard_error":0.7694808279811755},"Slope":{"confidence_interval":{"confidence_level":0.95,"lower_bound":667.6662744392377,"upper_bound":670.1797272199576},"point_estimate":668.5367826929348,"standard_error":0.6418132451164513},"StdDev":{"confidence_interval":{"confidence_level":0.95,"lower_bound":1.1296896913694783,"upper_bound":2.3854126741869925},"point_estimate":1.9627835147905865,"standard_error":0.31941904669295146}}