{"Mean":{"confidence_interval":{"confidence_level":0.95,"lower_bound":675.0983103213117,"upper_bound":679.3380741402938},"point_estimate":676.9660723216515,"standard_error":1.085406680871218},"Median":{"confidence_interval":{"confidence_level":0.95,"lower_bound":672.8134185865387,"upper_bound":677.4887483355526},"point_estimate":675.6999329532455,"standard_error":1.3209348621291614},"MedianAbsDev":{"confidence_interval":{"confidence_level":0.95,"lower_bound":5.795516750128552,"upper_bound":9.130660409534649},"point_estimate":6.812338357585432,"standard_error":0.8529578703279166},"Slope":{"confidence_interval":{"confidence_level":0.95,"lower_bound":674.6133524261328,"upper_bound":677.5894764423615},"point_estimate":676.0875101322958,"standard_error":0.7584579391850279},"StdDev":{"confidence_interval":{"confidence_level":0.95,"lower_bound":6.005902805990637,"upper_bound":16.311585567345347},"point_estimate":10.920985566410543,"standard_error":3.198332761522158}}