{"Mean":{"confidence_interval":{"confidence_level":0.95,"lower_bound":0.007967600446120904,"upper_bound":0.012540322493819488},"point_estimate":0.010534799422817986,"standard_error":0.0011911976521089057},"Median":{"confidence_interval":{"confidence_level":0.95,"lower_bound":0.0065805154984179826,"upper_bound":0.01107617385595816},"point_estimate":0.008210386813563453,"standard_error":0.0011821219822019612}}