{"Mean":{"confidence_interval":{"confidence_level":0.95,"lower_bound":0.00134886863740128,"upper_bound":0.009723826921662614},"point_estimate":0.005696833020012226,"standard_error":0.00212513218183826},"Median":{"confidence_interval":{"confidence_level":0.95,"lower_bound":0.003141300532547091,"upper_bound":0.010419321226087686},"point_estimate":0.005378589631531927,"standard_error":0.0015040429500829838}}