{"Mean":{"confidence_interval":{"confidence_level":0.95,"lower_bound":-0.001063019099845951,"upper_bound":0.0061451377968846045},"point_estimate":0.002435635189375951,"standard_error":0.001819656810550936},"Median":{"confidence_interval":{"confidence_level":0.95,"lower_bound":-0.001721539027953245,"upper_bound":0.0027459270720567226},"point_estimate":0.0010516594416916103,"standard_error":0.0011924493670278794}}