{"Mean":{"confidence_interval":{"confidence_level":0.95,"lower_bound":443.92372146002094,"upper_bound":455.7493271671831},"point_estimate":448.887931266752,"standard_error":3.0606778799402323},"Median":{"confidence_interval":{"confidence_level":0.95,"lower_bound":439.1288708302426,"upper_bound":440.60540797862654},"point_estimate":439.7880075556792,"standard_error":0.3772433043990395},"MedianAbsDev":{"confidence_interval":{"confidence_level":0.95,"lower_bound":2.176395152680319,"upper_bound":4.092697386669592},"point_estimate":3.085272925432568,"standard_error":0.4960515694352281},"Slope":{"confidence_interval":{"confidence_level":0.95,"lower_bound":443.3838355730652,"upper_bound":450.17074971865867},"point_estimate":446.6142992403725,"standard_error":1.7369465231683259},"StdDev":{"confidence_interval":{"confidence_level":0.95,"lower_bound":12.278216823149211,"upper_bound":48.14249744839648},"point_estimate":30.74372757019063,"standard_error":10.748878734052784}}