{"Mean":{"confidence_interval":{"confidence_level":0.95,"lower_bound":475.6698699448033,"upper_bound":479.1280686972029},"point_estimate":477.22713481767573,"standard_error":0.8864550412239345},"Median":{"confidence_interval":{"confidence_level":0.95,"lower_bound":473.2647694696608,"upper_bound":476.90512592997067},"point_estimate":474.5652126314352,"standard_error":0.9264612586262985},"MedianAbsDev":{"confidence_interval":{"confidence_level":0.95,"lower_bound":3.6510747053782295,"upper_bound":6.953144942941966},"point_estimate":4.8155001001003015,"standard_error":0.8208719105186834},"Slope":{"confidence_interval":{"confidence_level":0.95,"lower_bound":476.8055604794793,"upper_bound":480.32521157607505},"point_estimate":478.56608769363646,"standard_error":0.8969607437019876},"StdDev":{"confidence_interval":{"confidence_level":0.95,"lower_bound":5.360832199382283,"upper_bound":12.982987701655336},"point_estimate":8.951775735012829,"standard_error":2.3235968645936125}}