{"Mean":{"confidence_interval":{"confidence_level":0.95,"lower_bound":301.37175402216496,"upper_bound":302.25147789532735},"point_estimate":301.7854901012128,"standard_error":0.2252490636340304},"Median":{"confidence_interval":{"confidence_level":0.95,"lower_bound":301.10639251963926,"upper_bound":302.22917264761776},"point_estimate":301.75454983308697,"standard_error":0.287625812887089},"MedianAbsDev":{"confidence_interval":{"confidence_level":0.95,"lower_bound":0.08677206635407266,"upper_bound":1.2078484779999805},"point_estimate":0.8323168940938843,"standard_error":0.30205664835114177},"Slope":{"confidence_interval":{"confidence_level":0.95,"lower_bound":301.6134847930108,"upper_bound":302.7436440244441},"point_estimate":302.19065761595533,"standard_error":0.29552299288212147},"StdDev":{"confidence_interval":{"confidence_level":0.95,"lower_bound":0.36977407772453186,"upper_bound":0.978912867857517},"point_estimate":0.7494481539617535,"standard_error":0.16356094826142492}}