{"Mean":{"confidence_interval":{"confidence_level":0.95,"lower_bound":69.79231960318734,"upper_bound":70.19710724734934},"point_estimate":69.95479832143677,"standard_error":0.1066763269613104},"Median":{"confidence_interval":{"confidence_level":0.95,"lower_bound":69.65326608140128,"upper_bound":69.83771506001337},"point_estimate":69.75752279100486,"standard_error":0.041115511536254666},"MedianAbsDev":{"confidence_interval":{"confidence_level":0.95,"lower_bound":0.27394273846864337,"upper_bound":0.4503286850074729},"point_estimate":0.38084811186717976,"standard_error":0.04405133112886272},"Slope":{"confidence_interval":{"confidence_level":0.95,"lower_bound":69.7896573864287,"upper_bound":69.94856385191487},"point_estimate":69.8679282885886,"standard_error":0.04053600632993983},"StdDev":{"confidence_interval":{"confidence_level":0.95,"lower_bound":0.3448179370659799,"upper_bound":1.7462718149732765},"point_estimate":1.0742747188364812,"standard_error":0.44916729668928806}}