{"Mean":{"confidence_interval":{"confidence_level":0.95,"lower_bound":57.59984410265308,"upper_bound":57.95151056373106},"point_estimate":57.75286966059154,"standard_error":0.09085886056555169},"Median":{"confidence_interval":{"confidence_level":0.95,"lower_bound":57.453677811041345,"upper_bound":57.55444101008923},"point_estimate":57.487262106102136,"standard_error":0.03205106371249662},"MedianAbsDev":{"confidence_interval":{"confidence_level":0.95,"lower_bound":0.1487036280860982,"upper_bound":0.2834317064128996},"point_estimate":0.1871796529587577,"standard_error":0.03751765831634793},"Slope":{"confidence_interval":{"confidence_level":0.95,"lower_bound":57.48411760797498,"upper_bound":57.74763728217662},"point_estimate":57.60130954210572,"standard_error":0.06777805710371852},"StdDev":{"confidence_interval":{"confidence_level":0.95,"lower_bound":0.39591850238554804,"upper_bound":1.3838164350826423},"point_estimate":0.9132159807894671,"standard_error":0.2714198679092592}}