{"Mean":{"confidence_interval":{"confidence_level":0.95,"lower_bound":1256.1909079768989,"upper_bound":1261.5740917741114},"point_estimate":1258.6575939462457,"standard_error":1.3879934353501133},"Median":{"confidence_interval":{"confidence_level":0.95,"lower_bound":1254.8768175866585,"upper_bound":1261.7547550134382},"point_estimate":1256.8390314736603,"standard_error":1.9778632444781292},"MedianAbsDev":{"confidence_interval":{"confidence_level":0.95,"lower_bound":0.21587263646348226,"upper_bound":8.187638175914046},"point_estimate":3.125050893684084,"standard_error":1.9809869979110468},"Slope":{"confidence_interval":{"confidence_level":0.95,"lower_bound":1255.4471069968463,"upper_bound":1259.4384741141337},"point_estimate":1257.253853816227,"standard_error":1.0597995327922862},"StdDev":{"confidence_interval":{"confidence_level":0.95,"lower_bound":2.1327666906101093,"upper_bound":6.181138218888179},"point_estimate":4.6084833486938965,"standard_error":1.1318453650231897}}