{"Mean":{"confidence_interval":{"confidence_level":0.95,"lower_bound":100.49601653415958,"upper_bound":101.57090970965595},"point_estimate":100.90091143681143,"standard_error":0.29467523673392804},"Median":{"confidence_interval":{"confidence_level":0.95,"lower_bound":100.25079580891953,"upper_bound":100.61814403247395},"point_estimate":100.42594884316745,"standard_error":0.09265263213884405},"MedianAbsDev":{"confidence_interval":{"confidence_level":0.95,"lower_bound":0.5005936302573667,"upper_bound":0.833304624686063},"point_estimate":0.6280342223743315,"standard_error":0.08161208062223553},"Slope":{"confidence_interval":{"confidence_level":0.95,"lower_bound":100.32145272646417,"upper_bound":100.57196316875992},"point_estimate":100.44040807293374,"standard_error":0.06387454407045995},"StdDev":{"confidence_interval":{"confidence_level":0.95,"lower_bound":0.6990236024021509,"upper_bound":4.955141149818399},"point_estimate":2.9612871466328765,"standard_error":1.4603431631808748}}