{"Mean":{"confidence_interval":{"confidence_level":0.95,"lower_bound":83.08934328222298,"upper_bound":84.91193371765621},"point_estimate":83.76967868044254,"standard_error":0.5025027526077249},"Median":{"confidence_interval":{"confidence_level":0.95,"lower_bound":82.87962673989426,"upper_bound":83.04298643333776},"point_estimate":82.95662277019164,"standard_error":0.042614232007981354},"MedianAbsDev":{"confidence_interval":{"confidence_level":0.95,"lower_bound":0.15944455459738677,"upper_bound":0.2847470888972339},"point_estimate":0.22306871414403256,"standard_error":0.03175968056706074},"Slope":{"confidence_interval":{"confidence_level":0.95,"lower_bound":83.09356423627956,"upper_bound":87.5524779700326},"point_estimate":84.71995292832791,"standard_error":1.2431649231687938},"StdDev":{"confidence_interval":{"confidence_level":0.95,"lower_bound":0.6869255497971022,"upper_bound":8.514567441939231},"point_estimate":5.068093716580999,"standard_error":2.5330278648765243}}