{"Mean":{"confidence_interval":{"confidence_level":0.95,"lower_bound":501.02237683696814,"upper_bound":502.32336798027893},"point_estimate":501.59429365583026,"standard_error":0.3364644213659454},"Median":{"confidence_interval":{"confidence_level":0.95,"lower_bound":500.87985131694086,"upper_bound":502.1746392307268},"point_estimate":501.3349900974315,"standard_error":0.27579685312283414},"MedianAbsDev":{"confidence_interval":{"confidence_level":0.95,"lower_bound":0.1385935519790732,"upper_bound":1.4793791238929832},"point_estimate":0.5280641728813679,"standard_error":0.35224338344867645},"Slope":{"confidence_interval":{"confidence_level":0.95,"lower_bound":501.0671171325947,"upper_bound":502.8313495972914},"point_estimate":501.7598308484739,"standard_error":0.47571411265514874},"StdDev":{"confidence_interval":{"confidence_level":0.95,"lower_bound":0.3261211910070758,"upper_bound":1.5491435943342717},"point_estimate":1.1203976190897171,"standard_error":0.3379006810382297}}