{"Mean":{"confidence_interval":{"confidence_level":0.95,"lower_bound":824.895697270348,"upper_bound":828.9877403162507},"point_estimate":826.6842039080055,"standard_error":1.051194623801643},"Median":{"confidence_interval":{"confidence_level":0.95,"lower_bound":822.6899112496127,"upper_bound":825.8650912106136},"point_estimate":824.0170538563018,"standard_error":0.8693226407396961},"MedianAbsDev":{"confidence_interval":{"confidence_level":0.95,"lower_bound":4.185073849325216,"upper_bound":7.0927177051739925},"point_estimate":5.82959293132997,"standard_error":0.7497946420596262},"Slope":{"confidence_interval":{"confidence_level":0.95,"lower_bound":825.2430268849936,"upper_bound":828.7316342457999},"point_estimate":826.9095550815941,"standard_error":0.8911499745795013},"StdDev":{"confidence_interval":{"confidence_level":0.95,"lower_bound":5.774950246783168,"upper_bound":15.844001831097826},"point_estimate":10.59015264618288,"standard_error":3.127220143250679}}