{"Mean":{"confidence_interval":{"confidence_level":0.95,"lower_bound":136922.80950604583,"upper_bound":138178.28961647276},"point_estimate":137495.6467167688,"standard_error":322.71769860764226},"Median":{"confidence_interval":{"confidence_level":0.95,"lower_bound":136189.9982142857,"upper_bound":136872.05660377358},"point_estimate":136445.40104166666,"standard_error":169.3714042327739},"MedianAbsDev":{"confidence_interval":{"confidence_level":0.95,"lower_bound":1007.2993881774562,"upper_bound":1796.2860262292154},"point_estimate":1368.8044991057332,"standard_error":186.70022505109478},"Slope":{"confidence_interval":{"confidence_level":0.95,"lower_bound":136657.53343813148,"upper_bound":137571.56012636563},"point_estimate":137081.77292226983,"standard_error":233.36244452870332},"StdDev":{"confidence_interval":{"confidence_level":0.95,"lower_bound":1954.6417729690734,"upper_bound":4616.669747305449},"point_estimate":3264.0679407019247,"standard_error":743.662205761276}}