{"Mean":{"confidence_interval":{"confidence_level":0.95,"lower_bound":140228.17240361022,"upper_bound":141312.23786209134},"point_estimate":140738.49246621318,"standard_error":275.59257367955075},"Median":{"confidence_interval":{"confidence_level":0.95,"lower_bound":139631.63206542778,"upper_bound":140444.04433497536},"point_estimate":140014.10720470006,"standard_error":207.15811261163194},"MedianAbsDev":{"confidence_interval":{"confidence_level":0.95,"lower_bound":1580.5881072961363,"upper_bound":2787.347736390687},"point_estimate":2097.7213681825806,"standard_error":326.52438595696793},"Slope":{"confidence_interval":{"confidence_level":0.95,"lower_bound":139711.57098211,"upper_bound":140353.2207794416},"point_estimate":140025.13579640695,"standard_error":163.57749189648916},"StdDev":{"confidence_interval":{"confidence_level":0.95,"lower_bound":1964.1683110353194,"upper_bound":3605.5498943420735},"point_estimate":2765.4562298591345,"standard_error":435.31543418999246}}