{"Mean":{"confidence_interval":{"confidence_level":0.95,"lower_bound":141000.96386303927,"upper_bound":142129.04874558985},"point_estimate":141516.12985823894,"standard_error":288.5282544023588},"Median":{"confidence_interval":{"confidence_level":0.95,"lower_bound":140138.33482142858,"upper_bound":141233.40927419355},"point_estimate":140631.59477124183,"standard_error":278.9007391270155},"MedianAbsDev":{"confidence_interval":{"confidence_level":0.95,"lower_bound":1127.9591342953458,"upper_bound":2136.689073303001},"point_estimate":1578.2244628900087,"standard_error":265.6159780549523},"Slope":{"confidence_interval":{"confidence_level":0.95,"lower_bound":140857.71008201246,"upper_bound":141886.20015297903},"point_estimate":141346.12247857248,"standard_error":262.54079476467507},"StdDev":{"confidence_interval":{"confidence_level":0.95,"lower_bound":1845.0921861124518,"upper_bound":4030.3133215434063},"point_estimate":2889.4010964252398,"standard_error":621.7925402890098}}