{"Mean":{"confidence_interval":{"confidence_level":0.95,"lower_bound":56186.77952895356,"upper_bound":56483.82566087964},"point_estimate":56323.90257936509,"standard_error":76.2866884086661},"Median":{"confidence_interval":{"confidence_level":0.95,"lower_bound":56149.32755731922,"upper_bound":56516.1696244856},"point_estimate":56262.75720164609,"standard_error":90.27006911444495},"MedianAbsDev":{"confidence_interval":{"confidence_level":0.95,"lower_bound":25.261207962012787,"upper_bound":413.76955277758117},"point_estimate":155.68882231312702,"standard_error":99.95685593988323},"Slope":{"confidence_interval":{"confidence_level":0.95,"lower_bound":56166.424756537075,"upper_bound":56422.28553540322},"point_estimate":56263.76228956229,"standard_error":66.25436150802791},"StdDev":{"confidence_interval":{"confidence_level":0.95,"lower_bound":97.80359856129489,"upper_bound":326.7154240099389},"point_estimate":254.30901253420654,"standard_error":58.84175368372088}}