{"Mean":{"confidence_interval":{"confidence_level":0.95,"lower_bound":246518.3775647196,"upper_bound":247995.35054392356},"point_estimate":247195.46866393078,"standard_error":377.03901883903853},"Median":{"confidence_interval":{"confidence_level":0.95,"lower_bound":245555.31313131313,"upper_bound":247355.72222222222},"point_estimate":246201.15576923077,"standard_error":415.40735210825125},"MedianAbsDev":{"confidence_interval":{"confidence_level":0.95,"lower_bound":1782.2382569396127,"upper_bound":3160.0341613637233},"point_estimate":2596.200691232373,"standard_error":334.49813596902663},"Slope":{"confidence_interval":{"confidence_level":0.95,"lower_bound":246212.70479647702,"upper_bound":247387.23966679766},"point_estimate":246771.04834564799,"standard_error":298.1252605634},"StdDev":{"confidence_interval":{"confidence_level":0.95,"lower_bound":2259.973415329075,"upper_bound":5202.040248076619},"point_estimate":3785.4297880937374,"standard_error":767.3326257834279}}