{"Mean":{"confidence_interval":{"confidence_level":0.95,"lower_bound":242229.84398162548,"upper_bound":247146.20376930037},"point_estimate":244490.44146567036,"standard_error":1263.3323593106463},"Median":{"confidence_interval":{"confidence_level":0.95,"lower_bound":239189.71218376845,"upper_bound":240054.07536231884},"point_estimate":239515.68607954547,"standard_error":229.67295927327098},"MedianAbsDev":{"confidence_interval":{"confidence_level":0.95,"lower_bound":779.4638274590667,"upper_bound":1857.3052012645737},"point_estimate":1282.113631378705,"standard_error":280.74025492740043},"Slope":{"confidence_interval":{"confidence_level":0.95,"lower_bound":241197.97201391775,"upper_bound":245149.04204105234},"point_estimate":243016.94522062954,"standard_error":1010.3830530852007},"StdDev":{"confidence_interval":{"confidence_level":0.95,"lower_bound":7590.152940558283,"upper_bound":17160.464331520314},"point_estimate":12685.471225207439,"standard_error":2451.995186997817}}