{"Mean":{"confidence_interval":{"confidence_level":0.95,"lower_bound":1071.8159473281776,"upper_bound":1079.8593961365616},"point_estimate":1075.7778093549498,"standard_error":2.0596466964206734},"Median":{"confidence_interval":{"confidence_level":0.95,"lower_bound":1067.472116430903,"upper_bound":1078.7052379068157},"point_estimate":1074.3927655216662,"standard_error":2.7997404342854217},"MedianAbsDev":{"confidence_interval":{"confidence_level":0.95,"lower_bound":13.734900187059722,"upper_bound":23.650125198881835},"point_estimate":18.9222777538928,"standard_error":2.487481269104568},"Slope":{"confidence_interval":{"confidence_level":0.95,"lower_bound":1074.193056330532,"upper_bound":1083.1963332661048},"point_estimate":1078.5365581738042,"standard_error":2.311206548713123},"StdDev":{"confidence_interval":{"confidence_level":0.95,"lower_bound":17.364511293952066,"upper_bound":23.769714266693754},"point_estimate":20.729021005436667,"standard_error":1.6381095858171772}}