{"Mean":{"confidence_interval":{"confidence_level":0.95,"lower_bound":1218.2679934543037,"upper_bound":1235.7977773171697},"point_estimate":1226.2925235027124,"standard_error":4.489913666548337},"Median":{"confidence_interval":{"confidence_level":0.95,"lower_bound":1207.7202701248386,"upper_bound":1211.10022118558},"point_estimate":1209.247972286068,"standard_error":0.9305169377325907},"MedianAbsDev":{"confidence_interval":{"confidence_level":0.95,"lower_bound":5.146322902297741,"upper_bound":10.353092241532288},"point_estimate":7.78399062913336,"standard_error":1.3016491914643011},"Slope":{"confidence_interval":{"confidence_level":0.95,"lower_bound":1217.1174347010162,"upper_bound":1237.606522698527},"point_estimate":1226.2655343198721,"standard_error":5.259398515737554},"StdDev":{"confidence_interval":{"confidence_level":0.95,"lower_bound":28.570374306315074,"upper_bound":58.84489810834396},"point_estimate":45.05174920671999,"standard_error":7.725618798691191}}