{"Mean":{"confidence_interval":{"confidence_level":0.95,"lower_bound":-0.19067334284703125,"upper_bound":-0.18551936095785745},"point_estimate":-0.18788662027249436,"standard_error":0.0013250306830967485},"Median":{"confidence_interval":{"confidence_level":0.95,"lower_bound":-0.1904071944527893,"upper_bound":-0.18401802776273968},"point_estimate":-0.18588193724764446,"standard_error":0.0014637801901510922}}