{"Mean":{"confidence_interval":{"confidence_level":0.95,"lower_bound":0.16021956391230532,"upper_bound":0.16802057774669368},"point_estimate":0.16432462747851928,"standard_error":0.0019902124767858208},"Median":{"confidence_interval":{"confidence_level":0.95,"lower_bound":0.15904333290183742,"upper_bound":0.16657339367411472},"point_estimate":0.1619334185360355,"standard_error":0.0019043860804353714}}