{"Mean":{"confidence_interval":{"confidence_level":0.95,"lower_bound":-0.006601666244040202,"upper_bound":0.0011171223762056909},"point_estimate":-0.0026169858661015954,"standard_error":0.001964287968956868},"Median":{"confidence_interval":{"confidence_level":0.95,"lower_bound":-0.0049979870555396655,"upper_bound":0.0017677911493462263},"point_estimate":-0.00160089867276203,"standard_error":0.0017130509526310745}}