{"Mean":{"confidence_interval":{"confidence_level":0.95,"lower_bound":415389.41931706603,"upper_bound":419127.8625247698},"point_estimate":417195.66480699857,"standard_error":955.9792469103718},"Median":{"confidence_interval":{"confidence_level":0.95,"lower_bound":414423.6430976431,"upper_bound":418173.06868686865},"point_estimate":416312.4721210423,"standard_error":1064.6926039532932},"MedianAbsDev":{"confidence_interval":{"confidence_level":0.95,"lower_bound":5741.983833321721,"upper_bound":9750.766278526487},"point_estimate":7686.436362950265,"standard_error":1008.5946637035414},"Slope":{"confidence_interval":{"confidence_level":0.95,"lower_bound":413648.8502304916,"upper_bound":416406.9437941121},"point_estimate":415027.3169114822,"standard_error":703.3819099503417},"StdDev":{"confidence_interval":{"confidence_level":0.95,"lower_bound":7225.576012384251,"upper_bound":11826.689517341141},"point_estimate":9596.9662054926,"standard_error":1183.5974327210558}}