{"Mean":{"confidence_interval":{"confidence_level":0.95,"lower_bound":417242.0845100192,"upper_bound":420345.31975911657},"point_estimate":418782.6726374113,"standard_error":792.7910171642494},"Median":{"confidence_interval":{"confidence_level":0.95,"lower_bound":414251.904040404,"upper_bound":420416.22716750845},"point_estimate":418318.3641693444,"standard_error":1419.3635086086608},"MedianAbsDev":{"confidence_interval":{"confidence_level":0.95,"lower_bound":6701.25518229955,"upper_bound":10875.639251158644},"point_estimate":9441.15249531065,"standard_error":1002.9664830498053},"Slope":{"confidence_interval":{"confidence_level":0.95,"lower_bound":418719.7532513121,"upper_bound":422244.4499921588},"point_estimate":420485.8223880597,"standard_error":900.3993542408766},"StdDev":{"confidence_interval":{"confidence_level":0.95,"lower_bound":7023.994309854591,"upper_bound":8770.893328839484},"point_estimate":7954.508346998571,"standard_error":447.13811369543737}}