{"Mean":{"confidence_interval":{"confidence_level":0.95,"lower_bound":2874667.8467120184,"upper_bound":2881696.817220238},"point_estimate":2878213.569467121,"standard_error":1798.4025345978334},"Median":{"confidence_interval":{"confidence_level":0.95,"lower_bound":2873801.7301587304,"upper_bound":2883420.9785714285},"point_estimate":2878000.345238095,"standard_error":2813.890804815178},"MedianAbsDev":{"confidence_interval":{"confidence_level":0.95,"lower_bound":936.5972333721081,"upper_bound":10101.71004923026},"point_estimate":5858.829145985023,"standard_error":2342.5646046183697},"Slope":{"confidence_interval":{"confidence_level":0.95,"lower_bound":2872205.4795127353,"upper_bound":2882043.4847374847},"point_estimate":2876980.1669758814,"standard_error":2630.2402600381265},"StdDev":{"confidence_interval":{"confidence_level":0.95,"lower_bound":3595.224973588355,"upper_bound":7505.220380546375},"point_estimate":6008.379915145164,"standard_error":1010.3811589588902}}