{"Mean":{"confidence_interval":{"confidence_level":0.95,"lower_bound":3394162.4715312906,"upper_bound":3412178.34166867},"point_estimate":3402902.5393167348,"standard_error":4595.376463177618},"Median":{"confidence_interval":{"confidence_level":0.95,"lower_bound":3380910.0294265593,"upper_bound":3403175.8666666667},"point_estimate":3394813.9683908047,"standard_error":5580.6136945835515},"MedianAbsDev":{"confidence_interval":{"confidence_level":0.95,"lower_bound":31776.31813585781,"upper_bound":52967.11249062925},"point_estimate":45308.143916869616,"standard_error":5359.83685166542},"Slope":{"confidence_interval":{"confidence_level":0.95,"lower_bound":3384439.066215844,"upper_bound":3408801.1203171434},"point_estimate":3395979.127947392,"standard_error":6238.6894335612715},"StdDev":{"confidence_interval":{"confidence_level":0.95,"lower_bound":37629.92111746549,"upper_bound":54319.47954046082},"point_estimate":46097.0629595454,"standard_error":4281.420186619865}}