{"Mean":{"confidence_interval":{"confidence_level":0.95,"lower_bound":3384487.8294510813,"upper_bound":3412589.2888678205},"point_estimate":3398132.460593772,"standard_error":7173.42917512677},"Median":{"confidence_interval":{"confidence_level":0.95,"lower_bound":3368613.2720588236,"upper_bound":3395789.1666666665},"point_estimate":3382182.184027778,"standard_error":8044.2926087713495},"MedianAbsDev":{"confidence_interval":{"confidence_level":0.95,"lower_bound":45408.046679516636,"upper_bound":81083.77529688815},"point_estimate":64328.532762332026,"standard_error":8952.724084629115},"Slope":{"confidence_interval":{"confidence_level":0.95,"lower_bound":3383563.921445619,"upper_bound":3412270.6554818796},"point_estimate":3397662.5111718634,"standard_error":7322.049378330658},"StdDev":{"confidence_interval":{"confidence_level":0.95,"lower_bound":58204.363996209555,"upper_bound":84632.29199332671},"point_estimate":72152.43260603714,"standard_error":6758.73074942989}}