{"Mean":{"confidence_interval":{"confidence_level":0.95,"lower_bound":3302259.8190248767,"upper_bound":3311355.377611027},"point_estimate":3306616.312006734,"standard_error":2313.94025547442},"Median":{"confidence_interval":{"confidence_level":0.95,"lower_bound":3297492.846153846,"upper_bound":3304882.1064545047},"point_estimate":3301677.37385399,"standard_error":1590.350298254382},"MedianAbsDev":{"confidence_interval":{"confidence_level":0.95,"lower_bound":11292.101954124913,"upper_bound":20578.945332857977},"point_estimate":16843.335695251,"standard_error":2230.2872474124247},"Slope":{"confidence_interval":{"confidence_level":0.95,"lower_bound":3302867.839251177,"upper_bound":3311267.8894813415},"point_estimate":3306902.3884971184,"standard_error":2142.660069566056},"StdDev":{"confidence_interval":{"confidence_level":0.95,"lower_bound":17347.133072805187,"upper_bound":28604.19665473509},"point_estimate":23179.469543892195,"standard_error":2886.6811510416464}}