{"Mean":{"confidence_interval":{"confidence_level":0.95,"lower_bound":9979.685491542019,"upper_bound":10022.494664676022},"point_estimate":9998.614679285953,"standard_error":11.025285140228815},"Median":{"confidence_interval":{"confidence_level":0.95,"lower_bound":9965.126313641465,"upper_bound":9981.853714565004},"point_estimate":9972.975757575758,"standard_error":4.434875253144277},"MedianAbsDev":{"confidence_interval":{"confidence_level":0.95,"lower_bound":25.812510873474125,"upper_bound":44.401123656166696},"point_estimate":35.27360200224795,"standard_error":4.606345688758533},"Slope":{"confidence_interval":{"confidence_level":0.95,"lower_bound":9980.790283448612,"upper_bound":10015.240751687119},"point_estimate":9996.324796867746,"standard_error":8.837622412487365},"StdDev":{"confidence_interval":{"confidence_level":0.95,"lower_bound":47.08302976928687,"upper_bound":163.53602357398043},"point_estimate":110.70544197267601,"standard_error":30.29482353504019}}