{"Mean":{"confidence_interval":{"confidence_level":0.95,"lower_bound":10150.452128225255,"upper_bound":10301.85534472722},"point_estimate":10220.420359331763,"standard_error":38.81006615050536},"Median":{"confidence_interval":{"confidence_level":0.95,"lower_bound":10073.001043977554,"upper_bound":10095.557649866361},"point_estimate":10078.810534995775,"standard_error":6.10634459832027},"MedianAbsDev":{"confidence_interval":{"confidence_level":0.95,"lower_bound":30.360830709991447,"upper_bound":64.80815177348029},"point_estimate":44.20329364840755,"standard_error":8.630369826501429},"Slope":{"confidence_interval":{"confidence_level":0.95,"lower_bound":10147.953847381825,"upper_bound":10295.505792260525},"point_estimate":10217.003899335617,"standard_error":37.81892959146957},"StdDev":{"confidence_interval":{"confidence_level":0.95,"lower_bound":244.73732632420703,"upper_bound":504.0020939317378},"point_estimate":388.74993568526116,"standard_error":66.12253780880748}}