{"Mean":{"confidence_interval":{"confidence_level":0.95,"lower_bound":10012.892073907313,"upper_bound":10064.68803455376},"point_estimate":10035.955930599946,"standard_error":13.292160862913438},"Median":{"confidence_interval":{"confidence_level":0.95,"lower_bound":9988.889211261552,"upper_bound":10027.036999053114},"point_estimate":10006.250329380764,"standard_error":9.56953109709282},"MedianAbsDev":{"confidence_interval":{"confidence_level":0.95,"lower_bound":63.671122518648886,"upper_bound":113.89492314403883},"point_estimate":81.84568016318043,"standard_error":12.575341884869276},"Slope":{"confidence_interval":{"confidence_level":0.95,"lower_bound":10016.116732391207,"upper_bound":10054.559612986397},"point_estimate":10034.87164847828,"standard_error":9.780586547181112},"StdDev":{"confidence_interval":{"confidence_level":0.95,"lower_bound":76.90725344983629,"upper_bound":197.1293506595425},"point_estimate":133.84206577334473,"standard_error":36.940124812666475}}