{"Mean":{"confidence_interval":{"confidence_level":0.95,"lower_bound":8833.466244778614,"upper_bound":8884.380854450941},"point_estimate":8856.986436925648,"standard_error":13.087007669615705},"Median":{"confidence_interval":{"confidence_level":0.95,"lower_bound":8819.217998700455,"upper_bound":8884.652696556206},"point_estimate":8853.645528752437,"standard_error":18.283529904989482},"MedianAbsDev":{"confidence_interval":{"confidence_level":0.95,"lower_bound":6.126597015986438,"upper_bound":76.61210128118869},"point_estimate":48.50674065930175,"standard_error":17.371053342074546},"Slope":{"confidence_interval":{"confidence_level":0.95,"lower_bound":8822.25622884635,"upper_bound":8856.673772120934},"point_estimate":8834.977486645908,"standard_error":8.845095521965913},"StdDev":{"confidence_interval":{"confidence_level":0.95,"lower_bound":21.561918035725036,"upper_bound":58.06005710525327},"point_estimate":43.36251652320451,"standard_error":10.250999479896386}}