{"Mean":{"confidence_interval":{"confidence_level":0.95,"lower_bound":10036.955363927811,"upper_bound":10098.76120985301},"point_estimate":10063.605604331427,"standard_error":15.945133377616543},"Median":{"confidence_interval":{"confidence_level":0.95,"lower_bound":10010.011339198436,"upper_bound":10053.305916305915},"point_estimate":10033.710313662945,"standard_error":12.518146730255152},"MedianAbsDev":{"confidence_interval":{"confidence_level":0.95,"lower_bound":64.60731657615173,"upper_bound":111.6671784185743},"point_estimate":94.85257986496829,"standard_error":12.054266428647788},"Slope":{"confidence_interval":{"confidence_level":0.95,"lower_bound":10051.001920485904,"upper_bound":10090.173026121935},"point_estimate":10070.3351627103,"standard_error":10.021897676004194},"StdDev":{"confidence_interval":{"confidence_level":0.95,"lower_bound":78.79969657745087,"upper_bound":247.27238026215113},"point_estimate":160.79646765118716,"standard_error":53.27914845927927}}