{"Mean":{"confidence_interval":{"confidence_level":0.95,"lower_bound":0.017975208470041488,"upper_bound":0.024360721442550207},"point_estimate":0.02113298231587435,"standard_error":0.0016072487921151234},"Median":{"confidence_interval":{"confidence_level":0.95,"lower_bound":0.018980253583063433,"upper_bound":0.025134281080021692},"point_estimate":0.021213082956212714,"standard_error":0.001558137486938536}}