{"Mean":{"confidence_interval":{"confidence_level":0.95,"lower_bound":0.007959201850130727,"upper_bound":0.01635388546416972},"point_estimate":0.012011463317790572,"standard_error":0.002121077762969229},"Median":{"confidence_interval":{"confidence_level":0.95,"lower_bound":0.005129631526846756,"upper_bound":0.01413877892099058},"point_estimate":0.011146385379780188,"standard_error":0.0023574548388549596}}