{"Mean":{"confidence_interval":{"confidence_level":0.95,"lower_bound":-0.0158138757071221,"upper_bound":-0.008074538826340301},"point_estimate":-0.011783136240875014,"standard_error":0.0019672906849750897},"Median":{"confidence_interval":{"confidence_level":0.95,"lower_bound":-0.015850185710559295,"upper_bound":-0.008196406269210699},"point_estimate":-0.012601569090758491,"standard_error":0.0020881996962863673}}