{"Mean":{"confidence_interval":{"confidence_level":0.95,"lower_bound":0.00007199560487953244,"upper_bound":0.008727786396436676},"point_estimate":0.004692984232266051,"standard_error":0.002227834427843555},"Median":{"confidence_interval":{"confidence_level":0.95,"lower_bound":0.00015660892570545926,"upper_bound":0.009094131071845101},"point_estimate":0.00635817528765914,"standard_error":0.002255457802718797}}