{"Mean":{"confidence_interval":{"confidence_level":0.95,"lower_bound":0.00569234430336687,"upper_bound":0.010061513539128824},"point_estimate":0.007843015532303488,"standard_error":0.0011175420742853325},"Median":{"confidence_interval":{"confidence_level":0.95,"lower_bound":0.003792929841830439,"upper_bound":0.011348647269467715},"point_estimate":0.0074593629100385694,"standard_error":0.001966516879227316}}