{"Mean":{"confidence_interval":{"confidence_level":0.95,"lower_bound":-0.03595945974833288,"upper_bound":-0.024240211706156783},"point_estimate":-0.03034723648870974,"standard_error":0.0029935507904226204},"Median":{"confidence_interval":{"confidence_level":0.95,"lower_bound":-0.03676066056752036,"upper_bound":-0.029119879134997362},"point_estimate":-0.03372131947472701,"standard_error":0.0019351944766015567}}