{"Mean":{"confidence_interval":{"confidence_level":0.95,"lower_bound":38.30907104463561,"upper_bound":38.48384803535283},"point_estimate":38.38852785199739,"standard_error":0.04466086302303806},"Median":{"confidence_interval":{"confidence_level":0.95,"lower_bound":38.24276301017324,"upper_bound":38.352549349000654},"point_estimate":38.29532012851074,"standard_error":0.028389117943071574},"MedianAbsDev":{"confidence_interval":{"confidence_level":0.95,"lower_bound":0.2145828764314987,"upper_bound":0.3805742039241487},"point_estimate":0.28844176761877294,"standard_error":0.045374286290464215},"Slope":{"confidence_interval":{"confidence_level":0.95,"lower_bound":38.29102654614951,"upper_bound":38.40827199335309},"point_estimate":38.34738225019687,"standard_error":0.02987651576708994},"StdDev":{"confidence_interval":{"confidence_level":0.95,"lower_bound":0.2813901546404868,"upper_bound":0.6332523004997596},"point_estimate":0.4481203615164908,"standard_error":0.10216628518627965}}