{"Mean":{"confidence_interval":{"confidence_level":0.95,"lower_bound":38.800128131482396,"upper_bound":38.95024956437342},"point_estimate":38.866307585364964,"standard_error":0.03851307878151607},"Median":{"confidence_interval":{"confidence_level":0.95,"lower_bound":38.72671781357303,"upper_bound":38.82047866851557},"point_estimate":38.782777214472006,"standard_error":0.023354247690418058},"MedianAbsDev":{"confidence_interval":{"confidence_level":0.95,"lower_bound":0.1353478625754318,"upper_bound":0.2330405817507879},"point_estimate":0.1954516430781504,"standard_error":0.023954110503680064},"Slope":{"confidence_interval":{"confidence_level":0.95,"lower_bound":38.76576673371413,"upper_bound":38.8482357132916},"point_estimate":38.80545107767501,"standard_error":0.02098937134424051},"StdDev":{"confidence_interval":{"confidence_level":0.95,"lower_bound":0.1920292225678351,"upper_bound":0.5789903961879962},"point_estimate":0.38602128455058043,"standard_error":0.10920659381734335}}