{"Mean":{"confidence_interval":{"confidence_level":0.95,"lower_bound":28.512212582845095,"upper_bound":28.80041909039299},"point_estimate":28.635654115558328,"standard_error":0.07457434091211773},"Median":{"confidence_interval":{"confidence_level":0.95,"lower_bound":28.44241131362778,"upper_bound":28.4839796995439},"point_estimate":28.45980151711669,"standard_error":0.01228189672633772},"MedianAbsDev":{"confidence_interval":{"confidence_level":0.95,"lower_bound":0.0549976576452521,"upper_bound":0.09953374916808862},"point_estimate":0.0729343200161845,"standard_error":0.011494992236356001},"Slope":{"confidence_interval":{"confidence_level":0.95,"lower_bound":28.472357798599642,"upper_bound":28.67998364458842},"point_estimate":28.556558957938112,"standard_error":0.05418739443893301},"StdDev":{"confidence_interval":{"confidence_level":0.95,"lower_bound":0.24773539037327785,"upper_bound":1.1665320108105448},"point_estimate":0.7505285736247829,"standard_error":0.24492366737637108}}