{"Mean":{"confidence_interval":{"confidence_level":0.95,"lower_bound":28.545676464749995,"upper_bound":28.94896199142369},"point_estimate":28.73348960928121,"standard_error":0.10291608575702132},"Median":{"confidence_interval":{"confidence_level":0.95,"lower_bound":28.30983240786556,"upper_bound":28.369902149967636},"point_estimate":28.3312343325446,"standard_error":0.015996602622194767},"MedianAbsDev":{"confidence_interval":{"confidence_level":0.95,"lower_bound":0.08400322704008789,"upper_bound":0.16096436244813808},"point_estimate":0.1202416423992327,"standard_error":0.019516290852076092},"Slope":{"confidence_interval":{"confidence_level":0.95,"lower_bound":28.58083643159937,"upper_bound":29.051048226844557},"point_estimate":28.80335410318296,"standard_error":0.12024815850601968},"StdDev":{"confidence_interval":{"confidence_level":0.95,"lower_bound":0.7095948477388877,"upper_bound":1.2966876689074347},"point_estimate":1.0331188763481334,"standard_error":0.14951024182540987}}