{"Mean":{"confidence_interval":{"confidence_level":0.95,"lower_bound":8951.36310895317,"upper_bound":9002.705954994151},"point_estimate":8973.736963438256,"standard_error":13.277648341675915},"Median":{"confidence_interval":{"confidence_level":0.95,"lower_bound":8928.277390293519,"upper_bound":8953.839202839203},"point_estimate":8941.144782500523,"standard_error":7.308276991287554},"MedianAbsDev":{"confidence_interval":{"confidence_level":0.95,"lower_bound":24.12039161542586,"upper_bound":50.72351587154616},"point_estimate":39.52803684183823,"standard_error":7.120989603510932},"Slope":{"confidence_interval":{"confidence_level":0.95,"lower_bound":8939.715478259668,"upper_bound":8970.640692438412},"point_estimate":8953.495855935735,"standard_error":7.951331988036656},"StdDev":{"confidence_interval":{"confidence_level":0.95,"lower_bound":52.6917592467,"upper_bound":203.7581758370354},"point_estimate":133.56253229092874,"standard_error":40.79510343487778}}