{"Mean":{"confidence_interval":{"confidence_level":0.95,"lower_bound":56216.75045000983,"upper_bound":56564.51221534228},"point_estimate":56374.39455648927,"standard_error":89.21121056506364},"Median":{"confidence_interval":{"confidence_level":0.95,"lower_bound":56138.82146542828,"upper_bound":56525.85139318885},"point_estimate":56313.46695169296,"standard_error":131.86336100252208},"MedianAbsDev":{"confidence_interval":{"confidence_level":0.95,"lower_bound":11.575449020508852,"upper_bound":507.9703461210418},"point_estimate":262.77091850309574,"standard_error":126.54059810128174},"Slope":{"confidence_interval":{"confidence_level":0.95,"lower_bound":56219.114150923524,"upper_bound":56461.7186510138},"point_estimate":56369.68427485827,"standard_error":61.46114297274679},"StdDev":{"confidence_interval":{"confidence_level":0.95,"lower_bound":144.05027191515146,"upper_bound":409.6048988200371},"point_estimate":297.7314640149925,"standard_error":78.63092490308067}}