{"Mean":{"confidence_interval":{"confidence_level":0.95,"lower_bound":93837.83620809008,"upper_bound":94434.55955812173},"point_estimate":94091.34722357105,"standard_error":154.79433818376592},"Median":{"confidence_interval":{"confidence_level":0.95,"lower_bound":93648.67235819736,"upper_bound":94058.4696969697},"point_estimate":93863.55833498383,"standard_error":107.60951440348781},"MedianAbsDev":{"confidence_interval":{"confidence_level":0.95,"lower_bound":688.6807850099901,"upper_bound":1038.4269884030698},"point_estimate":917.4440658864112,"standard_error":86.58148504295511},"Slope":{"confidence_interval":{"confidence_level":0.95,"lower_bound":93740.69979091475,"upper_bound":94004.65973199932},"point_estimate":93870.90815750232,"standard_error":67.51507549646246},"StdDev":{"confidence_interval":{"confidence_level":0.95,"lower_bound":721.1885647064898,"upper_bound":2428.0604061121276},"point_estimate":1555.2875275941446,"standard_error":552.5910813870336}}