{"Mean":{"confidence_interval":{"confidence_level":0.95,"lower_bound":0.004695324385859774,"upper_bound":0.013495647103076866},"point_estimate":0.009060657009016815,"standard_error":0.002229020395310185},"Median":{"confidence_interval":{"confidence_level":0.95,"lower_bound":0.0030027778180794495,"upper_bound":0.011059371083545821},"point_estimate":0.006962747159232174,"standard_error":0.001996449529293384}}