{"Mean":{"confidence_interval":{"confidence_level":0.95,"lower_bound":-0.010137677630197245,"upper_bound":-0.0014758026076372476},"point_estimate":-0.0055236906491922255,"standard_error":0.0022065905903610418},"Median":{"confidence_interval":{"confidence_level":0.95,"lower_bound":-0.008026891171451611,"upper_bound":0.0009894299564048303},"point_estimate":-0.0028762136055858756,"standard_error":0.0022636514353236354}}