{"Mean":{"confidence_interval":{"confidence_level":0.95,"lower_bound":-0.007052663054563984,"upper_bound":-0.0005025326849794859},"point_estimate":-0.003805897161301086,"standard_error":0.0016704793736879167},"Median":{"confidence_interval":{"confidence_level":0.95,"lower_bound":-0.007362099192088634,"upper_bound":-0.0024701460007087173},"point_estimate":-0.0051585398032969465,"standard_error":0.0012485608346093863}}