{"Mean":{"confidence_interval":{"confidence_level":0.95,"lower_bound":75.32808346649868,"upper_bound":75.46758454637732},"point_estimate":75.39852734086915,"standard_error":0.03557367876086428},"Median":{"confidence_interval":{"confidence_level":0.95,"lower_bound":75.31646480249205,"upper_bound":75.53745638513243},"point_estimate":75.388992007273,"standard_error":0.04985811778430989},"MedianAbsDev":{"confidence_interval":{"confidence_level":0.95,"lower_bound":0.01279976542044513,"upper_bound":0.23092825177549578},"point_estimate":0.11480803633441385,"standard_error":0.05569690863842341},"Slope":{"confidence_interval":{"confidence_level":0.95,"lower_bound":75.3423513958006,"upper_bound":75.49723100956945},"point_estimate":75.4261118924932,"standard_error":0.040414254125672865},"StdDev":{"confidence_interval":{"confidence_level":0.95,"lower_bound":0.06893384535842553,"upper_bound":0.14984112465698324},"point_estimate":0.1189357853197251,"standard_error":0.0212620542775528}}