{"Mean":{"confidence_interval":{"confidence_level":0.95,"lower_bound":656.2436061142243,"upper_bound":658.731941734961},"point_estimate":657.41155987761,"standard_error":0.6354284424974719},"Median":{"confidence_interval":{"confidence_level":0.95,"lower_bound":654.3309114927345,"upper_bound":657.1498340779809},"point_estimate":655.2983711837785,"standard_error":0.7026444884120366},"MedianAbsDev":{"confidence_interval":{"confidence_level":0.95,"lower_bound":3.0568431954847637,"upper_bound":5.612439822584918},"point_estimate":4.100601542172283,"standard_error":0.6052540544332883},"Slope":{"confidence_interval":{"confidence_level":0.95,"lower_bound":655.4295073260708,"upper_bound":657.615300817896},"point_estimate":656.4600165423195,"standard_error":0.5578938552460715},"StdDev":{"confidence_interval":{"confidence_level":0.95,"lower_bound":4.457128951363624,"upper_bound":8.423446478601626},"point_estimate":6.3864878547983315,"standard_error":1.0449669459369875}}