{"Mean":{"confidence_interval":{"confidence_level":0.95,"lower_bound":1824773.8386866658,"upper_bound":1856948.7102164659},"point_estimate":1840545.3965426371,"standard_error":8189.41196049178},"Median":{"confidence_interval":{"confidence_level":0.95,"lower_bound":1813702.875,"upper_bound":1848887.462937543},"point_estimate":1829948.179597701,"standard_error":8806.64601142425},"MedianAbsDev":{"confidence_interval":{"confidence_level":0.95,"lower_bound":59890.9334524991,"upper_bound":104252.5712937489},"point_estimate":79758.41047137887,"standard_error":11389.475579226528},"Slope":{"confidence_interval":{"confidence_level":0.95,"lower_bound":1797349.743842833,"upper_bound":1827602.7185363134},"point_estimate":1812327.3704477611,"standard_error":7684.541707148084},"StdDev":{"confidence_interval":{"confidence_level":0.95,"lower_bound":69586.63222788037,"upper_bound":93690.75450331306},"point_estimate":82198.79970744172,"standard_error":6152.740827085875}}