{"Mean":{"confidence_interval":{"confidence_level":0.95,"lower_bound":1526850.1674903482,"upper_bound":1542515.1917218424},"point_estimate":1534292.4261954909,"standard_error":3984.7987910292895},"Median":{"confidence_interval":{"confidence_level":0.95,"lower_bound":1523469.2903225806,"upper_bound":1536997.4125615763},"point_estimate":1529737.123397436,"standard_error":3603.13199591378},"MedianAbsDev":{"confidence_interval":{"confidence_level":0.95,"lower_bound":20501.632964613942,"upper_bound":35474.9206309013},"point_estimate":26273.214205037468,"standard_error":3963.9708243503096},"Slope":{"confidence_interval":{"confidence_level":0.95,"lower_bound":1523043.6305467887,"upper_bound":1536694.1748676274},"point_estimate":1529563.166709029,"standard_error":3481.103267194171},"StdDev":{"confidence_interval":{"confidence_level":0.95,"lower_bound":27975.97312371467,"upper_bound":53773.41416158709},"point_estimate":40034.41508875972,"standard_error":7028.753629176914}}