{"Mean":{"confidence_interval":{"confidence_level":0.95,"lower_bound":1867110.423628269,"upper_bound":1904051.5490458808},"point_estimate":1885263.5352818053,"standard_error":9433.301856182536},"Median":{"confidence_interval":{"confidence_level":0.95,"lower_bound":1846234.225,"upper_bound":1906677.5833333333},"point_estimate":1872615.4134804888,"standard_error":13873.938998202875},"MedianAbsDev":{"confidence_interval":{"confidence_level":0.95,"lower_bound":85593.52139624463,"upper_bound":123369.09802629994},"point_estimate":108569.95249847845,"standard_error":9805.071614554918},"Slope":{"confidence_interval":{"confidence_level":0.95,"lower_bound":1825997.4234570772,"upper_bound":1865938.8843162255},"point_estimate":1844498.490867445,"standard_error":10130.769871855815},"StdDev":{"confidence_interval":{"confidence_level":0.95,"lower_bound":81496.88088775157,"upper_bound":107416.00191096363},"point_estimate":94700.87969928242,"standard_error":6615.170564131638}}