{"Mean":{"confidence_interval":{"confidence_level":0.95,"lower_bound":1659202.666821789,"upper_bound":1702919.0232011487},"point_estimate":1680455.2494712258,"standard_error":11140.471524167006},"Median":{"confidence_interval":{"confidence_level":0.95,"lower_bound":1614011.3154761905,"upper_bound":1665764.8746484965},"point_estimate":1635646.4963235294,"standard_error":13000.859508864072},"MedianAbsDev":{"confidence_interval":{"confidence_level":0.95,"lower_bound":48689.39352273367,"upper_bound":111457.96038661315},"point_estimate":74306.97954898255,"standard_error":16505.03139109202},"Slope":{"confidence_interval":{"confidence_level":0.95,"lower_bound":1706208.7468840566,"upper_bound":1772169.1876309665},"point_estimate":1740035.9630234963,"standard_error":16803.932378930152},"StdDev":{"confidence_interval":{"confidence_level":0.95,"lower_bound":92225.37927396255,"upper_bound":128983.90151710281},"point_estimate":112041.36551811936,"standard_error":9384.96786711924}}