{"Mean":{"confidence_interval":{"confidence_level":0.95,"lower_bound":-0.02554204745520621,"upper_bound":-0.019396272268393078},"point_estimate":-0.022539918215273236,"standard_error":0.0015603509685894737},"Median":{"confidence_interval":{"confidence_level":0.95,"lower_bound":-0.02589712265519223,"upper_bound":-0.020173228797686127},"point_estimate":-0.023827946786464493,"standard_error":0.0014608545936480295}}