{"Mean":{"confidence_interval":{"confidence_level":0.95,"lower_bound":0.034051421446135106,"upper_bound":0.041505782373405194},"point_estimate":0.03764928969245007,"standard_error":0.001906031356576863},"Median":{"confidence_interval":{"confidence_level":0.95,"lower_bound":0.03431329968284924,"upper_bound":0.04222943420889447},"point_estimate":0.037245332231983674,"standard_error":0.0019018483057900435}}