{"Mean":{"confidence_interval":{"confidence_level":0.95,"lower_bound":-0.0028656898087101508,"upper_bound":0.008953567790726783},"point_estimate":0.004158725254826745,"standard_error":0.0031312309397121835},"Median":{"confidence_interval":{"confidence_level":0.95,"lower_bound":0.0022872475668029857,"upper_bound":0.010703595069638139},"point_estimate":0.005899036813926006,"standard_error":0.0023710450452040185}}