{"Mean":{"confidence_interval":{"confidence_level":0.95,"lower_bound":11711848.489521628,"upper_bound":11781429.16554195},"point_estimate":11746181.89060638,"standard_error":17766.89974911006},"Median":{"confidence_interval":{"confidence_level":0.95,"lower_bound":11690340.18371086,"upper_bound":11763538.90377551},"point_estimate":11734957.424199624,"standard_error":22253.37495890651},"MedianAbsDev":{"confidence_interval":{"confidence_level":0.95,"lower_bound":135306.1273513255,"upper_bound":231935.42557613816},"point_estimate":186731.63873162365,"standard_error":25719.925118606334},"Slope":{"confidence_interval":{"confidence_level":0.95,"lower_bound":11679887.541921966,"upper_bound":11777575.398567826},"point_estimate":11729277.68355549,"standard_error":24918.84162114169},"StdDev":{"confidence_interval":{"confidence_level":0.95,"lower_bound":153099.46952686345,"upper_bound":202472.3568621796},"point_estimate":179115.12419945345,"standard_error":12594.468717530795}}