{"Mean":{"confidence_interval":{"confidence_level":0.95,"lower_bound":0.002555380694965782,"upper_bound":0.010501984643478346},"point_estimate":0.006987003579751683,"standard_error":0.0020638703322922634},"Median":{"confidence_interval":{"confidence_level":0.95,"lower_bound":0.0052337450350756765,"upper_bound":0.011554598400269844},"point_estimate":0.008115567071366403,"standard_error":0.0017104850707963912}}