{"Mean":{"confidence_interval":{"confidence_level":0.95,"lower_bound":0.003585273042112136,"upper_bound":0.012450711539061554},"point_estimate":0.008144732108505526,"standard_error":0.002277410944765489},"Median":{"confidence_interval":{"confidence_level":0.95,"lower_bound":-0.0014930462121727217,"upper_bound":0.012624697634684878},"point_estimate":0.005322500615006387,"standard_error":0.003651623798426259}}