{"Mean":{"confidence_interval":{"confidence_level":0.95,"lower_bound":0.009695986703947524,"upper_bound":0.016222020740323067},"point_estimate":0.01292861298869985,"standard_error":0.0016952068545736639},"Median":{"confidence_interval":{"confidence_level":0.95,"lower_bound":0.008659991162736969,"upper_bound":0.018037321998315065},"point_estimate":0.013796117063519242,"standard_error":0.002468291523441483}}