{"Mean":{"confidence_interval":{"confidence_level":0.95,"lower_bound":330401.8866739019,"upper_bound":332054.96437275584},"point_estimate":331181.95299403736,"standard_error":422.1062312358549},"Median":{"confidence_interval":{"confidence_level":0.95,"lower_bound":329023.4564102564,"upper_bound":330871.081300813},"point_estimate":330022.1005291005,"standard_error":446.4979909037013},"MedianAbsDev":{"confidence_interval":{"confidence_level":0.95,"lower_bound":1912.7383237606057,"upper_bound":3688.1770951278486},"point_estimate":2879.592153877017,"standard_error":447.57821156154387},"Slope":{"confidence_interval":{"confidence_level":0.95,"lower_bound":330725.3550731306,"upper_bound":332276.6279583615},"point_estimate":331464.82532387564,"standard_error":394.92107672749074},"StdDev":{"confidence_interval":{"confidence_level":0.95,"lower_bound":3010.1087606578067,"upper_bound":5553.2106431970515},"point_estimate":4250.788836201991,"standard_error":671.1859743381256}}