{"Mean":{"confidence_interval":{"confidence_level":0.95,"lower_bound":312074.82501105283,"upper_bound":313788.012388861},"point_estimate":312866.0407262544,"standard_error":437.4711586269497},"Median":{"confidence_interval":{"confidence_level":0.95,"lower_bound":311187.1574074074,"upper_bound":312161.2198795181},"point_estimate":311683.8150510204,"standard_error":225.75389508013305},"MedianAbsDev":{"confidence_interval":{"confidence_level":0.95,"lower_bound":1763.3770296693815,"upper_bound":3053.551774813396},"point_estimate":2625.4641690705184,"standard_error":329.5489754380369},"Slope":{"confidence_interval":{"confidence_level":0.95,"lower_bound":311557.4508528396,"upper_bound":312596.13816530333},"point_estimate":312047.0808844392,"standard_error":264.6807021531534},"StdDev":{"confidence_interval":{"confidence_level":0.95,"lower_bound":2881.3648086832486,"upper_bound":6048.380534450606},"point_estimate":4417.373242542617,"standard_error":866.0380066396659}}