{"Mean":{"confidence_interval":{"confidence_level":0.95,"lower_bound":179979.15697914272,"upper_bound":181000.04544648074},"point_estimate":180413.48017988337,"standard_error":263.67711750072596},"Median":{"confidence_interval":{"confidence_level":0.95,"lower_bound":179526.78205128206,"upper_bound":179950.2894736842},"point_estimate":179702.61757624397,"standard_error":96.47626726004819},"MedianAbsDev":{"confidence_interval":{"confidence_level":0.95,"lower_bound":328.3299931109145,"upper_bound":785.463412732388},"point_estimate":521.2012262179527,"standard_error":109.92089958799122},"Slope":{"confidence_interval":{"confidence_level":0.95,"lower_bound":179895.71322076002,"upper_bound":180566.8641625235},"point_estimate":180200.3263134821,"standard_error":171.87926414640435},"StdDev":{"confidence_interval":{"confidence_level":0.95,"lower_bound":965.8572403410293,"upper_bound":4113.487536280968},"point_estimate":2642.1431150531835,"standard_error":873.1091727984831}}