{"Mean":{"confidence_interval":{"confidence_level":0.95,"lower_bound":305848.42524269107,"upper_bound":312582.56230377144},"point_estimate":308693.9499467741,"standard_error":1744.6013995455464},"Median":{"confidence_interval":{"confidence_level":0.95,"lower_bound":302785.66269188595,"upper_bound":304819.4346153846},"point_estimate":303933.2842987805,"standard_error":568.6542809814333},"MedianAbsDev":{"confidence_interval":{"confidence_level":0.95,"lower_bound":2079.125437232156,"upper_bound":4161.653916423683},"point_estimate":3125.3659890381086,"standard_error":580.0586387077891},"Slope":{"confidence_interval":{"confidence_level":0.95,"lower_bound":305375.3018311339,"upper_bound":309849.15328125167},"point_estimate":307506.07121619623,"standard_error":1145.122892580545},"StdDev":{"confidence_interval":{"confidence_level":0.95,"lower_bound":7053.174466995079,"upper_bound":27240.762139581308},"point_estimate":17432.687389872433,"standard_error":6042.321911754889}}