{"Mean":{"confidence_interval":{"confidence_level":0.95,"lower_bound":305115.9815163855,"upper_bound":306520.96525},"point_estimate":305767.5147070106,"standard_error":361.1483413711391},"Median":{"confidence_interval":{"confidence_level":0.95,"lower_bound":304818.54976190475,"upper_bound":306592.28125},"point_estimate":305314.771412037,"standard_error":519.5946019550554},"MedianAbsDev":{"confidence_interval":{"confidence_level":0.95,"lower_bound":206.77457066231975,"upper_bound":2122.56023694209},"point_estimate":1084.2891704027447,"standard_error":472.77085306338194},"Slope":{"confidence_interval":{"confidence_level":0.95,"lower_bound":304912.87307466887,"upper_bound":305499.8733183856},"point_estimate":305163.08567099564,"standard_error":149.2155493059786},"StdDev":{"confidence_interval":{"confidence_level":0.95,"lower_bound":591.3506511257015,"upper_bound":1577.029476459299},"point_estimate":1203.4719186296875,"standard_error":267.7841378066493}}