{"Mean":{"confidence_interval":{"confidence_level":0.95,"lower_bound":4716623.525,"upper_bound":4756278.436070189},"point_estimate":4736044.982628969,"standard_error":10188.537753128689},"Median":{"confidence_interval":{"confidence_level":0.95,"lower_bound":4705835.75,"upper_bound":4772495.375},"point_estimate":4721825.7125,"standard_error":20204.790011805642},"MedianAbsDev":{"confidence_interval":{"confidence_level":0.95,"lower_bound":5205.037857592106,"upper_bound":52752.5090951222},"point_estimate":33888.843950853305,"standard_error":13200.06319697891},"Slope":{"confidence_interval":{"confidence_level":0.95,"lower_bound":4732197.240956402,"upper_bound":4770747.7285962105},"point_estimate":4758360.6175324675,"standard_error":9835.77849085628},"StdDev":{"confidence_interval":{"confidence_level":0.95,"lower_bound":21916.68383988875,"upper_bound":38168.04674643723},"point_estimate":33910.76946690452,"standard_error":4191.436353001866}}