{"Mean":{"confidence_interval":{"confidence_level":0.95,"lower_bound":3125.555814761459,"upper_bound":3154.5071520807587},"point_estimate":3138.0806257495005,"standard_error":7.505249811162002},"Median":{"confidence_interval":{"confidence_level":0.95,"lower_bound":3126.5319149564275,"upper_bound":3143.647072059661},"point_estimate":3131.242285226208,"standard_error":5.103375014660706},"MedianAbsDev":{"confidence_interval":{"confidence_level":0.95,"lower_bound":1.8300648294705841,"upper_bound":27.536580046753944},"point_estimate":12.859517731966767,"standard_error":6.68229729549241},"Slope":{"confidence_interval":{"confidence_level":0.95,"lower_bound":3126.479869094948,"upper_bound":3137.294426870936},"point_estimate":3131.381572568612,"standard_error":2.805863670371723},"StdDev":{"confidence_interval":{"confidence_level":0.95,"lower_bound":6.798916785767123,"upper_bound":36.67849485057449},"point_estimate":25.022572081533262,"standard_error":8.941370161313333}}