{"Mean":{"confidence_interval":{"confidence_level":0.95,"lower_bound":-0.1412590134099903,"upper_bound":-0.13312551662813055},"point_estimate":-0.1371002492195632,"standard_error":0.002071083816532906},"Median":{"confidence_interval":{"confidence_level":0.95,"lower_bound":-0.1413796730966561,"upper_bound":-0.13264720612987713},"point_estimate":-0.13769616146163877,"standard_error":0.0021173341008941656}}