{"Mean":{"confidence_interval":{"confidence_level":0.95,"lower_bound":0.11474533079353115,"upper_bound":0.12489693708127174},"point_estimate":0.12003232826468269,"standard_error":0.002585487332703614},"Median":{"confidence_interval":{"confidence_level":0.95,"lower_bound":0.11601392475020678,"upper_bound":0.12624951692856157},"point_estimate":0.12151900949748828,"standard_error":0.002728659153476918}}