{"Mean":{"confidence_interval":{"confidence_level":0.95,"lower_bound":-0.00915547225520627,"upper_bound":-0.002005967108548651},"point_estimate":-0.005090562653995545,"standard_error":0.0018516167538682943},"Median":{"confidence_interval":{"confidence_level":0.95,"lower_bound":-0.0073026321240349246,"upper_bound":-0.0012991271796526371},"point_estimate":-0.004534421819239021,"standard_error":0.0016324030442753875}}