{"Mean":{"confidence_interval":{"confidence_level":0.95,"lower_bound":5171145.449699593,"upper_bound":5211009.417206877},"point_estimate":5189758.239151698,"standard_error":10195.236470884536},"Median":{"confidence_interval":{"confidence_level":0.95,"lower_bound":5152467.197336562,"upper_bound":5180436.75},"point_estimate":5167400.705263158,"standard_error":7908.351603237065},"MedianAbsDev":{"confidence_interval":{"confidence_level":0.95,"lower_bound":39414.99203895362,"upper_bound":69392.31205333522},"point_estimate":52267.26457439605,"standard_error":7529.742881757459},"Slope":{"confidence_interval":{"confidence_level":0.95,"lower_bound":5168880.328394115,"upper_bound":5204540.063523792},"point_estimate":5185635.190852667,"standard_error":9101.059298210288},"StdDev":{"confidence_interval":{"confidence_level":0.95,"lower_bound":67821.50217145198,"upper_bound":131961.2921000653},"point_estimate":102158.26063620496,"standard_error":16381.527113886468}}