{"Mean":{"confidence_interval":{"confidence_level":0.95,"lower_bound":4925250.314520833,"upper_bound":4964984.507083333},"point_estimate":4944639.810416667,"standard_error":10174.330357939183},"Median":{"confidence_interval":{"confidence_level":0.95,"lower_bound":4911248.75,"upper_bound":4977084.7},"point_estimate":4941477.4375,"standard_error":18215.941642977694},"MedianAbsDev":{"confidence_interval":{"confidence_level":0.95,"lower_bound":4065.4126778254176,"upper_bound":57566.23734049453},"point_estimate":43347.00708668679,"standard_error":14454.04239043507},"Slope":{"confidence_interval":{"confidence_level":0.95,"lower_bound":4934746.698643411,"upper_bound":4983227.679612085},"point_estimate":4967038.073376623,"standard_error":12405.062961202424},"StdDev":{"confidence_interval":{"confidence_level":0.95,"lower_bound":20912.97645122115,"upper_bound":40086.96539073124},"point_estimate":33959.300941192174,"standard_error":4840.700674984641}}