{"Mean":{"confidence_interval":{"confidence_level":0.95,"lower_bound":5053251.878458864,"upper_bound":5083125.594823772},"point_estimate":5067624.488806295,"standard_error":7632.503407384001},"Median":{"confidence_interval":{"confidence_level":0.95,"lower_bound":5037269.9433962265,"upper_bound":5054326.0322580645},"point_estimate":5043024.627700951,"standard_error":4472.344376693801},"MedianAbsDev":{"confidence_interval":{"confidence_level":0.95,"lower_bound":30267.690964101836,"upper_bound":59309.8540461408},"point_estimate":41610.961066795826,"standard_error":7685.20928508533},"Slope":{"confidence_interval":{"confidence_level":0.95,"lower_bound":5040016.5307543725,"upper_bound":5059899.342339253},"point_estimate":5049582.600239397,"standard_error":5073.534831604073},"StdDev":{"confidence_interval":{"confidence_level":0.95,"lower_bound":60816.492299624646,"upper_bound":90097.89429696754},"point_estimate":76539.71939901698,"standard_error":7476.347306161192}}