{"Mean":{"confidence_interval":{"confidence_level":0.95,"lower_bound":5052314.653878214,"upper_bound":5105229.671561913},"point_estimate":5076623.97871666,"standard_error":13521.058099334397},"Median":{"confidence_interval":{"confidence_level":0.95,"lower_bound":5041182.475,"upper_bound":5074736.640625},"point_estimate":5060285.142735043,"standard_error":8323.477909532305},"MedianAbsDev":{"confidence_interval":{"confidence_level":0.95,"lower_bound":64418.73409682084,"upper_bound":130150.08070668513},"point_estimate":102904.0148080889,"standard_error":16524.95252948627},"Slope":{"confidence_interval":{"confidence_level":0.95,"lower_bound":5059319.806104127,"upper_bound":5089211.357605686},"point_estimate":5074222.3794916505,"standard_error":7628.95406180186},"StdDev":{"confidence_interval":{"confidence_level":0.95,"lower_bound":85204.41691488265,"upper_bound":187287.52754562613},"point_estimate":135798.00264700776,"standard_error":27068.268631229228}}