{"Mean":{"confidence_interval":{"confidence_level":0.95,"lower_bound":166073.41151617633,"upper_bound":167637.38228963147},"point_estimate":166701.83148692903,"standard_error":410.7666333436655},"Median":{"confidence_interval":{"confidence_level":0.95,"lower_bound":165451.54,"upper_bound":166593.375},"point_estimate":166018.9466145833,"standard_error":285.7078684954565},"MedianAbsDev":{"confidence_interval":{"confidence_level":0.95,"lower_bound":1183.733914907923,"upper_bound":1941.4709054309926},"point_estimate":1699.7452854541477,"standard_error":190.64748824853143},"Slope":{"confidence_interval":{"confidence_level":0.95,"lower_bound":165847.54310930608,"upper_bound":166467.5955413176},"point_estimate":166155.21753312644,"standard_error":158.06124579569217},"StdDev":{"confidence_interval":{"confidence_level":0.95,"lower_bound":1446.1789317085388,"upper_bound":6701.705702165822},"point_estimate":4137.800450471748,"standard_error":1719.7618461752384}}