{"Mean":{"confidence_interval":{"confidence_level":0.95,"lower_bound":150376.0227533556,"upper_bound":155837.66714751246},"point_estimate":152912.60421460998,"standard_error":1398.5642765976268},"Median":{"confidence_interval":{"confidence_level":0.95,"lower_bound":146791.16054220058,"upper_bound":147424.16254658386},"point_estimate":147054.39537304803,"standard_error":151.4161352647696},"MedianAbsDev":{"confidence_interval":{"confidence_level":0.95,"lower_bound":789.3183560727258,"upper_bound":1583.073618047533},"point_estimate":1147.0557997373298,"standard_error":185.16199425204917},"Slope":{"confidence_interval":{"confidence_level":0.95,"lower_bound":148221.12215540718,"upper_bound":151174.07525164232},"point_estimate":149587.43185416624,"standard_error":758.4783974076204},"StdDev":{"confidence_interval":{"confidence_level":0.95,"lower_bound":9287.365724742525,"upper_bound":18499.717403851955},"point_estimate":13993.215047967971,"standard_error":2378.918421627964}}