{"Mean":{"confidence_interval":{"confidence_level":0.95,"lower_bound":0.0055788473417712325,"upper_bound":0.017010365382053107},"point_estimate":0.011041837708977598,"standard_error":0.0028717689863607893},"Median":{"confidence_interval":{"confidence_level":0.95,"lower_bound":0.007023059652544683,"upper_bound":0.016252683123276948},"point_estimate":0.012625642079766353,"standard_error":0.0023881142114922506}}