{"Mean":{"confidence_interval":{"confidence_level":0.95,"lower_bound":-0.0012958853433256113,"upper_bound":0.008194582203294576},"point_estimate":0.0025302344358699713,"standard_error":0.0024147939863580063},"Median":{"confidence_interval":{"confidence_level":0.95,"lower_bound":-0.0019212176982182916,"upper_bound":0.0041263354905500815},"point_estimate":0.00012767052745088492,"standard_error":0.0017814496925448982}}