{"Mean":{"confidence_interval":{"confidence_level":0.95,"lower_bound":-0.00945260705468816,"upper_bound":-0.00037178234295865206},"point_estimate":-0.004573926572409737,"standard_error":0.0023149698189885216},"Median":{"confidence_interval":{"confidence_level":0.95,"lower_bound":-0.007022047469345427,"upper_bound":0.001109129653659613},"point_estimate":-0.003472989048037056,"standard_error":0.002044288777423768}}