{"Mean":{"confidence_interval":{"confidence_level":0.95,"lower_bound":-0.013282368801332045,"upper_bound":-0.0044099019112983605},"point_estimate":-0.009066036932845467,"standard_error":0.0022439831192722034},"Median":{"confidence_interval":{"confidence_level":0.95,"lower_bound":-0.01527196793053509,"upper_bound":-0.005608573295217421},"point_estimate":-0.011523722261778113,"standard_error":0.002550810868831924}}