{"Mean":{"confidence_interval":{"confidence_level":0.95,"lower_bound":0.007885665519131509,"upper_bound":0.02040022894206613},"point_estimate":0.0145279694206355,"standard_error":0.003200844839197807},"Median":{"confidence_interval":{"confidence_level":0.95,"lower_bound":0.008443386077671144,"upper_bound":0.019962536262751573},"point_estimate":0.015051241939078253,"standard_error":0.0031893566976485066}}