{"Mean":{"confidence_interval":{"confidence_level":0.95,"lower_bound":0.008698543171440943,"upper_bound":0.016989717664880045},"point_estimate":0.013001011530762163,"standard_error":0.0021249723015835747},"Median":{"confidence_interval":{"confidence_level":0.95,"lower_bound":0.008613895353644594,"upper_bound":0.01636164177884547},"point_estimate":0.011910681248587185,"standard_error":0.0019666532434732724}}