{"Mean":{"confidence_interval":{"confidence_level":0.95,"lower_bound":0.005481289044273298,"upper_bound":0.01632551689607985},"point_estimate":0.01104759570060554,"standard_error":0.002765726673936619},"Median":{"confidence_interval":{"confidence_level":0.95,"lower_bound":0.010343826266619338,"upper_bound":0.017493239255770288},"point_estimate":0.013918771242155348,"standard_error":0.0018176601868854054}}