{"Mean":{"confidence_interval":{"confidence_level":0.95,"lower_bound":-0.02087315069930474,"upper_bound":-0.006876550528820292},"point_estimate":-0.013329134824742184,"standard_error":0.0036044364086084634},"Median":{"confidence_interval":{"confidence_level":0.95,"lower_bound":-0.02200346298190503,"upper_bound":-0.004729722494371091},"point_estimate":-0.008748195121394131,"standard_error":0.004144032036992399}}