{"Mean":{"confidence_interval":{"confidence_level":0.95,"lower_bound":0.007704316531354728,"upper_bound":0.017446407168450556},"point_estimate":0.012320438748556928,"standard_error":0.002494230599513674},"Median":{"confidence_interval":{"confidence_level":0.95,"lower_bound":0.0067823324341660385,"upper_bound":0.015564874064540213},"point_estimate":0.011647728858898754,"standard_error":0.0023353688548599727}}