{"Mean":{"confidence_interval":{"confidence_level":0.95,"lower_bound":-0.002330092117180396,"upper_bound":0.003816075836232684},"point_estimate":0.0007633591922675542,"standard_error":0.0015825586100872099},"Median":{"confidence_interval":{"confidence_level":0.95,"lower_bound":-0.0016192566685667709,"upper_bound":0.001739680715212799},"point_estimate":-0.00046220253698492364,"standard_error":0.000871547244094914}}