{"Mean":{"confidence_interval":{"confidence_level":0.95,"lower_bound":15670.321798132167,"upper_bound":15982.700893323472},"point_estimate":15807.424740008595,"standard_error":80.43385372616527},"Median":{"confidence_interval":{"confidence_level":0.95,"lower_bound":15541.501117388023,"upper_bound":15593.399092970521},"point_estimate":15561.76406926407,"standard_error":14.004969166571994},"MedianAbsDev":{"confidence_interval":{"confidence_level":0.95,"lower_bound":63.160950173322306,"upper_bound":106.52103182980385},"point_estimate":81.14277500387104,"standard_error":11.86919883491899},"Slope":{"confidence_interval":{"confidence_level":0.95,"lower_bound":15652.014115991331,"upper_bound":15917.482116757476},"point_estimate":15772.40095998086,"standard_error":68.04530683681102},"StdDev":{"confidence_interval":{"confidence_level":0.95,"lower_bound":396.0524868259983,"upper_bound":1202.1516405456248},"point_estimate":808.0375777093184,"standard_error":225.56788752478428}}