{"Mean":{"confidence_interval":{"confidence_level":0.95,"lower_bound":15904.476148620093,"upper_bound":16001.439193795839},"point_estimate":15948.085295572448,"standard_error":24.811190041281513},"Median":{"confidence_interval":{"confidence_level":0.95,"lower_bound":15858.75950024438,"upper_bound":15941.132184280019},"point_estimate":15883.190732326271,"standard_error":17.898722529785086},"MedianAbsDev":{"confidence_interval":{"confidence_level":0.95,"lower_bound":121.01022348164115,"upper_bound":210.2867402567268},"point_estimate":153.1125328350894,"standard_error":21.268028546564523},"Slope":{"confidence_interval":{"confidence_level":0.95,"lower_bound":15872.596653011771,"upper_bound":15927.554987894102},"point_estimate":15899.670919500231,"standard_error":14.005625643279638},"StdDev":{"confidence_interval":{"confidence_level":0.95,"lower_bound":148.5730154276195,"upper_bound":361.9301863135549},"point_estimate":249.0198478832645,"standard_error":64.88114742192872}}