{"Mean":{"confidence_interval":{"confidence_level":0.95,"lower_bound":0.014791185351951371,"upper_bound":0.05499380110009909},"point_estimate":0.02926591362473019,"standard_error":0.010796328576437591},"Median":{"confidence_interval":{"confidence_level":0.95,"lower_bound":0.012648994237236089,"upper_bound":0.027966250705131257},"point_estimate":0.014927650952044402,"standard_error":0.005198658438681111}}