{"Mean":{"confidence_interval":{"confidence_level":0.95,"lower_bound":37.78727874161385,"upper_bound":38.3283612257507},"point_estimate":38.022434197428645,"standard_error":0.13888010321118285},"Median":{"confidence_interval":{"confidence_level":0.95,"lower_bound":37.39535447023878,"upper_bound":37.60168164607794},"point_estimate":37.43584001874094,"standard_error":0.060777193401105656},"MedianAbsDev":{"confidence_interval":{"confidence_level":0.95,"lower_bound":0.1202275128062636,"upper_bound":0.4217382656745209},"point_estimate":0.18430961353725037,"standard_error":0.08493644564331602},"Slope":{"confidence_interval":{"confidence_level":0.95,"lower_bound":37.61754334581837,"upper_bound":37.97829028680503},"point_estimate":37.787569946252376,"standard_error":0.09215166549940297},"StdDev":{"confidence_interval":{"confidence_level":0.95,"lower_bound":0.7073035170419877,"upper_bound":2.10012943718229},"point_estimate":1.391290993764464,"standard_error":0.4209945702396105}}