{"Mean":{"confidence_interval":{"confidence_level":0.95,"lower_bound":37.35276270215999,"upper_bound":37.53100909673484},"point_estimate":37.43245960870626,"standard_error":0.045899595446671985},"Median":{"confidence_interval":{"confidence_level":0.95,"lower_bound":37.28414599431656,"upper_bound":37.35961775184043},"point_estimate":37.322689988459025,"standard_error":0.021581223481354158},"MedianAbsDev":{"confidence_interval":{"confidence_level":0.95,"lower_bound":0.1624108861144823,"upper_bound":0.2763664536828999},"point_estimate":0.21654404812507902,"standard_error":0.02814311533000693},"Slope":{"confidence_interval":{"confidence_level":0.95,"lower_bound":37.274135487375595,"upper_bound":37.34372107049581},"point_estimate":37.307414384508505,"standard_error":0.017773854250920804},"StdDev":{"confidence_interval":{"confidence_level":0.95,"lower_bound":0.22288412292485946,"upper_bound":0.6586026295814464},"point_estimate":0.460218487457903,"standard_error":0.11727582842605523}}