{"Mean":{"confidence_interval":{"confidence_level":0.95,"lower_bound":37.4265383564186,"upper_bound":37.53331027805861},"point_estimate":37.475581503123365,"standard_error":0.027494046911818656},"Median":{"confidence_interval":{"confidence_level":0.95,"lower_bound":37.408417941815244,"upper_bound":37.534065597551276},"point_estimate":37.442256443771754,"standard_error":0.031966968258366264},"MedianAbsDev":{"confidence_interval":{"confidence_level":0.95,"lower_bound":0.004202412110113996,"upper_bound":0.14397648883613692},"point_estimate":0.05403632928280433,"standard_error":0.033847265372238276},"Slope":{"confidence_interval":{"confidence_level":0.95,"lower_bound":37.436561783613264,"upper_bound":37.53967513526823},"point_estimate":37.47882267612236,"standard_error":0.026166524438322306},"StdDev":{"confidence_interval":{"confidence_level":0.95,"lower_bound":0.03017506891085127,"upper_bound":0.11641315709950957},"point_estimate":0.09156707727508295,"standard_error":0.02154015474120896}}