{"Mean":{"confidence_interval":{"confidence_level":0.95,"lower_bound":-0.02063385354307409,"upper_bound":-0.008876872506936797},"point_estimate":-0.014591227189742817,"standard_error":0.0030057266369508894},"Median":{"confidence_interval":{"confidence_level":0.95,"lower_bound":-0.02563638070362939,"upper_bound":-0.003876025199236799},"point_estimate":-0.014172415114824255,"standard_error":0.006184716350293135}}