{"Mean":{"confidence_interval":{"confidence_level":0.95,"lower_bound":-0.012413120574079246,"upper_bound":0.0016590973652215292},"point_estimate":-0.005020126715402751,"standard_error":0.0035856059247185456},"Median":{"confidence_interval":{"confidence_level":0.95,"lower_bound":-0.015939055015539938,"upper_bound":0.00657714324920966},"point_estimate":-0.005744227840466798,"standard_error":0.006457253912726727}}