{"Mean":{"confidence_interval":{"confidence_level":0.95,"lower_bound":-0.03938286152598756,"upper_bound":-0.019543650997315542},"point_estimate":-0.029724394969401047,"standard_error":0.005081874459166374},"Median":{"confidence_interval":{"confidence_level":0.95,"lower_bound":-0.044745818082137845,"upper_bound":-0.017071106833769778},"point_estimate":-0.03323595214110686,"standard_error":0.006955433704548535}}