{"Mean":{"confidence_interval":{"confidence_level":0.95,"lower_bound":0.008141314956729791,"upper_bound":0.023908963058420985},"point_estimate":0.015973248156724296,"standard_error":0.0040191464297482295},"Median":{"confidence_interval":{"confidence_level":0.95,"lower_bound":0.005028902532028923,"upper_bound":0.023359533589850656},"point_estimate":0.01353366312151083,"standard_error":0.004935893734158863}}