{"Mean":{"confidence_interval":{"confidence_level":0.95,"lower_bound":4826.640173528898,"upper_bound":4861.449344891507},"point_estimate":4841.645369704824,"standard_error":8.943264478397333},"Median":{"confidence_interval":{"confidence_level":0.95,"lower_bound":4808.315890613451,"upper_bound":4831.326910569106},"point_estimate":4819.312551472917,"standard_error":5.713852369101699},"MedianAbsDev":{"confidence_interval":{"confidence_level":0.95,"lower_bound":28.802478915498963,"upper_bound":53.41470093032368},"point_estimate":43.42332743842821,"standard_error":6.1277498401417185},"Slope":{"confidence_interval":{"confidence_level":0.95,"lower_bound":4826.425861817345,"upper_bound":4845.570247213216},"point_estimate":4835.836507931244,"standard_error":4.882354298995361},"StdDev":{"confidence_interval":{"confidence_level":0.95,"lower_bound":44.47349244101951,"upper_bound":137.1531826949203},"point_estimate":89.69788641960479,"standard_error":29.064164234711797}}