{"Mean":{"confidence_interval":{"confidence_level":0.95,"lower_bound":4634.290797749935,"upper_bound":4657.635475954065},"point_estimate":4645.76231134813,"standard_error":6.007588526373168},"Median":{"confidence_interval":{"confidence_level":0.95,"lower_bound":4626.385152987301,"upper_bound":4662.132003750106},"point_estimate":4646.506520071593,"standard_error":11.905902853682331},"MedianAbsDev":{"confidence_interval":{"confidence_level":0.95,"lower_bound":1.336551303298316,"upper_bound":32.25181870381451},"point_estimate":28.407622597171944,"standard_error":9.085169641789385},"Slope":{"confidence_interval":{"confidence_level":0.95,"lower_bound":4632.451332492968,"upper_bound":4657.722820408408},"point_estimate":4647.253659508479,"standard_error":6.738613753897985},"StdDev":{"confidence_interval":{"confidence_level":0.95,"lower_bound":13.110684889110432,"upper_bound":23.835075477158167},"point_estimate":20.020591087358195,"standard_error":2.792006904997381}}