{"Mean":{"confidence_interval":{"confidence_level":0.95,"lower_bound":4797.251535383856,"upper_bound":4818.336569691129},"point_estimate":4806.513311553699,"standard_error":5.394046946080261},"Median":{"confidence_interval":{"confidence_level":0.95,"lower_bound":4786.162951139721,"upper_bound":4803.941737881698},"point_estimate":4797.519334067327,"standard_error":5.101892224501488},"MedianAbsDev":{"confidence_interval":{"confidence_level":0.95,"lower_bound":22.499280632446155,"upper_bound":37.07247896380006},"point_estimate":29.267021041389885,"standard_error":3.8299182575328654},"Slope":{"confidence_interval":{"confidence_level":0.95,"lower_bound":4796.018841992674,"upper_bound":4807.946367207834},"point_estimate":4801.768355023881,"standard_error":3.0385576985126046},"StdDev":{"confidence_interval":{"confidence_level":0.95,"lower_bound":29.276112745945184,"upper_bound":80.63756297770325},"point_estimate":54.22232896220925,"standard_error":15.349082306148212}}