{"Mean":{"confidence_interval":{"confidence_level":0.95,"lower_bound":5131.913002758402,"upper_bound":5218.82177179751},"point_estimate":5171.336580382236,"standard_error":22.22970040479792},"Median":{"confidence_interval":{"confidence_level":0.95,"lower_bound":5086.169270833333,"upper_bound":5098.861742424242},"point_estimate":5094.197798233099,"standard_error":3.4241209125418672},"MedianAbsDev":{"confidence_interval":{"confidence_level":0.95,"lower_bound":17.792360203036885,"upper_bound":34.67143951631932},"point_estimate":26.301461236310335,"standard_error":4.398415168468049},"Slope":{"confidence_interval":{"confidence_level":0.95,"lower_bound":5135.801961209128,"upper_bound":5214.849434437817},"point_estimate":5172.358772166396,"standard_error":20.24738746641084},"StdDev":{"confidence_interval":{"confidence_level":0.95,"lower_bound":128.5489176487238,"upper_bound":309.82517339368854},"point_estimate":223.45537500088824,"standard_error":47.109163102925685}}