{"Mean":{"confidence_interval":{"confidence_level":0.95,"lower_bound":270065.3469690017,"upper_bound":271559.64729420916},"point_estimate":270746.42836822785,"standard_error":381.3220261158628},"Median":{"confidence_interval":{"confidence_level":0.95,"lower_bound":268908.59117647057,"upper_bound":270665.8353658537},"point_estimate":269747.79887218046,"standard_error":376.65213807886516},"MedianAbsDev":{"confidence_interval":{"confidence_level":0.95,"lower_bound":1434.333774069836,"upper_bound":3248.5803998261863},"point_estimate":2322.7330248346725,"standard_error":391.82942133393937},"Slope":{"confidence_interval":{"confidence_level":0.95,"lower_bound":270230.8017084009,"upper_bound":271349.6258499482},"point_estimate":270777.0464962317,"standard_error":285.6503967478348},"StdDev":{"confidence_interval":{"confidence_level":0.95,"lower_bound":2342.0509008668414,"upper_bound":5439.503242982985},"point_estimate":3837.0303484341493,"standard_error":869.9510878444187}}