{"Mean":{"confidence_interval":{"confidence_level":0.95,"lower_bound":272500.54285996547,"upper_bound":273919.44375397405},"point_estimate":273137.3915432497,"standard_error":363.19334114507774},"Median":{"confidence_interval":{"confidence_level":0.95,"lower_bound":271596.0625,"upper_bound":273477.0225754577},"point_estimate":272372.30365873536,"standard_error":466.1622758026843},"MedianAbsDev":{"confidence_interval":{"confidence_level":0.95,"lower_bound":2041.3525027293465,"upper_bound":3392.545340839464},"point_estimate":2725.5912224157396,"standard_error":324.54688686352847},"Slope":{"confidence_interval":{"confidence_level":0.95,"lower_bound":272910.9836164083,"upper_bound":274027.6051214859},"point_estimate":273454.774163588,"standard_error":284.0467182614591},"StdDev":{"confidence_interval":{"confidence_level":0.95,"lower_bound":2204.0114242896757,"upper_bound":5263.427722602502},"point_estimate":3637.6208355924155,"standard_error":919.5855656700877}}