{"Mean":{"confidence_interval":{"confidence_level":0.95,"lower_bound":288373.0346729631,"upper_bound":290027.0219144409},"point_estimate":289168.9199390309,"standard_error":421.61010763143355},"Median":{"confidence_interval":{"confidence_level":0.95,"lower_bound":287005.875,"upper_bound":289632.8576923077},"point_estimate":288697.66514459666,"standard_error":629.3250635095324},"MedianAbsDev":{"confidence_interval":{"confidence_level":0.95,"lower_bound":3056.326128348009,"upper_bound":5058.772806595091},"point_estimate":4170.145621642015,"standard_error":520.2189017892185},"Slope":{"confidence_interval":{"confidence_level":0.95,"lower_bound":288154.99519573414,"upper_bound":289670.6874929603},"point_estimate":288891.7835096793,"standard_error":386.071588184654},"StdDev":{"confidence_interval":{"confidence_level":0.95,"lower_bound":3217.130674721898,"upper_bound":5273.888002019616},"point_estimate":4230.571707176283,"standard_error":533.2367161099743}}