{"Mean":{"confidence_interval":{"confidence_level":0.95,"lower_bound":839.3725973556147,"upper_bound":844.0428177885763},"point_estimate":841.6412359024986,"standard_error":1.196596091685654},"Median":{"confidence_interval":{"confidence_level":0.95,"lower_bound":836.5406283472523,"upper_bound":842.020530104898},"point_estimate":838.9165618201772,"standard_error":1.2269730828554493},"MedianAbsDev":{"confidence_interval":{"confidence_level":0.95,"lower_bound":8.87497778877942,"upper_bound":13.842440373192133},"point_estimate":11.045026320339504,"standard_error":1.3003520468967515},"Slope":{"confidence_interval":{"confidence_level":0.95,"lower_bound":836.7032521743059,"upper_bound":841.3785026522285},"point_estimate":838.9716706291459,"standard_error":1.1953785944294018},"StdDev":{"confidence_interval":{"confidence_level":0.95,"lower_bound":9.800371567912308,"upper_bound":13.9998717808454},"point_estimate":12.003584876779131,"standard_error":1.0715424501526558}}