{"Mean":{"confidence_interval":{"confidence_level":0.95,"lower_bound":620.4714610922,"upper_bound":624.5131082061887},"point_estimate":622.4506995287118,"standard_error":1.029029648833397},"Median":{"confidence_interval":{"confidence_level":0.95,"lower_bound":619.8104017418177,"upper_bound":624.0366682411562},"point_estimate":622.2484872579679,"standard_error":1.254071252284666},"MedianAbsDev":{"confidence_interval":{"confidence_level":0.95,"lower_bound":6.010019817975036,"upper_bound":9.987425022958828},"point_estimate":8.0048066582038,"standard_error":1.0426042838441647},"Slope":{"confidence_interval":{"confidence_level":0.95,"lower_bound":621.2405407628966,"upper_bound":624.6264523355056},"point_estimate":622.883029584899,"standard_error":0.8634551311905404},"StdDev":{"confidence_interval":{"confidence_level":0.95,"lower_bound":8.181101673644266,"upper_bound":12.35108655440942},"point_estimate":10.352175916591337,"standard_error":1.067255169958809}}