{"Mean":{"confidence_interval":{"confidence_level":0.95,"lower_bound":2306.523445489731,"upper_bound":2310.016447193618},"point_estimate":2308.216802553889,"standard_error":0.8925463497867879},"Median":{"confidence_interval":{"confidence_level":0.95,"lower_bound":2306.1211797609967,"upper_bound":2310.2726830663614},"point_estimate":2307.457777142131,"standard_error":1.1143333932442465},"MedianAbsDev":{"confidence_interval":{"confidence_level":0.95,"lower_bound":0.2633591920787076,"upper_bound":5.043670282946416},"point_estimate":2.562248838950585,"standard_error":1.192697983500224},"Slope":{"confidence_interval":{"confidence_level":0.95,"lower_bound":2307.097896668549,"upper_bound":2310.1128472428954},"point_estimate":2308.7559306698895,"standard_error":0.7923359232732153},"StdDev":{"confidence_interval":{"confidence_level":0.95,"lower_bound":1.535041337888832,"upper_bound":3.887392333961193},"point_estimate":2.977559273397513,"standard_error":0.6106461281431221}}