{"Mean":{"confidence_interval":{"confidence_level":0.95,"lower_bound":0.09293245779866867,"upper_bound":0.11201689421163333},"point_estimate":0.10108663327394929,"standard_error":0.005036198840777278},"Median":{"confidence_interval":{"confidence_level":0.95,"lower_bound":0.0883261181288888,"upper_bound":0.09748312892241462},"point_estimate":0.09418042390287007,"standard_error":0.0022822144460530177}}