{"Mean":{"confidence_interval":{"confidence_level":0.95,"lower_bound":-0.07811081918349735,"upper_bound":-0.06137674862089674},"point_estimate":-0.06929637940933675,"standard_error":0.004271569711308667},"Median":{"confidence_interval":{"confidence_level":0.95,"lower_bound":-0.06780397164493866,"upper_bound":-0.060321462361093724},"point_estimate":-0.06509061504584612,"standard_error":0.0017900048980315096}}