{"Mean":{"confidence_interval":{"confidence_level":0.95,"lower_bound":-0.001958512527184692,"upper_bound":0.012572308288458737},"point_estimate":0.005075412788132283,"standard_error":0.0036615132824258144},"Median":{"confidence_interval":{"confidence_level":0.95,"lower_bound":-0.0007188944573487399,"upper_bound":0.00928401292129477},"point_estimate":0.006337641247151415,"standard_error":0.002410754037296861}}