{"Mean":{"confidence_interval":{"confidence_level":0.95,"lower_bound":-0.06904826461388,"upper_bound":-0.06013624401967606},"point_estimate":-0.06432951984842505,"standard_error":0.002271967890574121},"Median":{"confidence_interval":{"confidence_level":0.95,"lower_bound":-0.0677015031872002,"upper_bound":-0.058559536456768146},"point_estimate":-0.06407068422358053,"standard_error":0.002219676367231578}}