{"Mean":{"confidence_interval":{"confidence_level":0.95,"lower_bound":38.129735018229184,"upper_bound":38.34385971992031},"point_estimate":38.224991411507915,"standard_error":0.05473029093152336},"Median":{"confidence_interval":{"confidence_level":0.95,"lower_bound":38.01296467492319,"upper_bound":38.13737361687672},"point_estimate":38.08022342448413,"standard_error":0.028868003614247503},"MedianAbsDev":{"confidence_interval":{"confidence_level":0.95,"lower_bound":0.1791487062757692,"upper_bound":0.32708670650499133},"point_estimate":0.2608512114176539,"standard_error":0.03646969403436302},"Slope":{"confidence_interval":{"confidence_level":0.95,"lower_bound":38.12170192843102,"upper_bound":38.493719231611756},"point_estimate":38.26566190462612,"standard_error":0.09987218251877465},"StdDev":{"confidence_interval":{"confidence_level":0.95,"lower_bound":0.27173769753645927,"upper_bound":0.7891669596476066},"point_estimate":0.5488608095963355,"standard_error":0.13676795128920824}}