{"Mean":{"confidence_interval":{"confidence_level":0.95,"lower_bound":38.075942784637434,"upper_bound":38.23422025089803},"point_estimate":38.142527507683106,"standard_error":0.04084240802559506},"Median":{"confidence_interval":{"confidence_level":0.95,"lower_bound":38.014585611509375,"upper_bound":38.109544208667806},"point_estimate":38.04975145466345,"standard_error":0.026061566838798338},"MedianAbsDev":{"confidence_interval":{"confidence_level":0.95,"lower_bound":0.13313916272217818,"upper_bound":0.23178743556059164},"point_estimate":0.19049381123464065,"standard_error":0.02526078426870276},"Slope":{"confidence_interval":{"confidence_level":0.95,"lower_bound":38.08581654902335,"upper_bound":38.21272024114945},"point_estimate":38.148372393672254,"standard_error":0.03246716381496224},"StdDev":{"confidence_interval":{"confidence_level":0.95,"lower_bound":0.1837861228759847,"upper_bound":0.6424822706806834},"point_estimate":0.40942038560255334,"standard_error":0.14853235315174224}}