{"Mean":{"confidence_interval":{"confidence_level":0.95,"lower_bound":-0.056465399830251936,"upper_bound":-0.049562837784102816},"point_estimate":-0.05329709051302167,"standard_error":0.0017633247229815443},"Median":{"confidence_interval":{"confidence_level":0.95,"lower_bound":-0.05810273687682388,"upper_bound":-0.05084174356880988},"point_estimate":-0.056314373842542564,"standard_error":0.0019789464565625075}}