{"Mean":{"confidence_interval":{"confidence_level":0.95,"lower_bound":-0.006282048853485197,"upper_bound":0.0027567165752144995},"point_estimate":-0.0016661407625849778,"standard_error":0.0023073704042387536},"Median":{"confidence_interval":{"confidence_level":0.95,"lower_bound":-0.005106207180705535,"upper_bound":0.001374978406684102},"point_estimate":-0.00235892206136612,"standard_error":0.0016635194124462879}}