{"Mean":{"confidence_interval":{"confidence_level":0.95,"lower_bound":-0.014714992732033782,"upper_bound":-0.0053815255714060465},"point_estimate":-0.010499345614303879,"standard_error":0.002363796400871006},"Median":{"confidence_interval":{"confidence_level":0.95,"lower_bound":-0.012096677909270381,"upper_bound":-0.007059749514178426},"point_estimate":-0.008727218180264784,"standard_error":0.0013684011742660803}}