{"Mean":{"confidence_interval":{"confidence_level":0.95,"lower_bound":116.33336941192076,"upper_bound":117.38786457193874},"point_estimate":116.8384385822649,"standard_error":0.26929519922252015},"Median":{"confidence_interval":{"confidence_level":0.95,"lower_bound":116.50530888030887,"upper_bound":117.14790587277},"point_estimate":116.92379733356546,"standard_error":0.15259465366080377},"MedianAbsDev":{"confidence_interval":{"confidence_level":0.95,"lower_bound":1.159717475021442,"upper_bound":2.314891412486479},"point_estimate":1.709385984685357,"standard_error":0.31022750852699926},"Slope":{"confidence_interval":{"confidence_level":0.95,"lower_bound":116.88309422934263,"upper_bound":117.62081380656747},"point_estimate":117.2474318446279,"standard_error":0.18781395733837064},"StdDev":{"confidence_interval":{"confidence_level":0.95,"lower_bound":1.9236035220856489,"upper_bound":3.463941858248201},"point_estimate":2.7124096516476643,"standard_error":0.3975865674109571}}