{"Mean":{"confidence_interval":{"confidence_level":0.95,"lower_bound":122.67282762076363,"upper_bound":125.23538437000784},"point_estimate":123.87868438896315,"standard_error":0.655914625562374},"Median":{"confidence_interval":{"confidence_level":0.95,"lower_bound":121.06932141405933,"upper_bound":121.28785858755953},"point_estimate":121.15922975778116,"standard_error":0.052825031105999565},"MedianAbsDev":{"confidence_interval":{"confidence_level":0.95,"lower_bound":0.37251426987826713,"upper_bound":0.7325087703309033},"point_estimate":0.576102103424847,"standard_error":0.09272504389648284},"Slope":{"confidence_interval":{"confidence_level":0.95,"lower_bound":122.72901919044963,"upper_bound":125.59602597676727},"point_estimate":124.05838565145955,"standard_error":0.7345202091833422},"StdDev":{"confidence_interval":{"confidence_level":0.95,"lower_bound":4.6445540739159386,"upper_bound":8.170905053083462},"point_estimate":6.59868906466875,"standard_error":0.902295799525188}}