{"Mean":{"confidence_interval":{"confidence_level":0.95,"lower_bound":11030061.151378999,"upper_bound":11089520.54351573},"point_estimate":11058403.609493261,"standard_error":15187.330413203363},"Median":{"confidence_interval":{"confidence_level":0.95,"lower_bound":10998868.0,"upper_bound":11060262.57382134},"point_estimate":11029266.666189624,"standard_error":15965.765137794851},"MedianAbsDev":{"confidence_interval":{"confidence_level":0.95,"lower_bound":87488.89855388177,"upper_bound":145790.01521392076},"point_estimate":112105.71400698935,"standard_error":14355.18200994556},"Slope":{"confidence_interval":{"confidence_level":0.95,"lower_bound":10990212.875918059,"upper_bound":11057767.150658472},"point_estimate":11020399.20130043,"standard_error":17295.509922497335},"StdDev":{"confidence_interval":{"confidence_level":0.95,"lower_bound":114836.25274424627,"upper_bound":187417.34087706197},"point_estimate":152921.06592832544,"standard_error":18621.700735137303}}