{"Mean":{"confidence_interval":{"confidence_level":0.95,"lower_bound":28.762221401072924,"upper_bound":29.361992005099584},"point_estimate":29.02766163373999,"standard_error":0.154826855215372},"Median":{"confidence_interval":{"confidence_level":0.95,"lower_bound":28.49978281280415,"upper_bound":28.580789742653874},"point_estimate":28.542844338104018,"standard_error":0.019163529383387463},"MedianAbsDev":{"confidence_interval":{"confidence_level":0.95,"lower_bound":0.10376649735757906,"upper_bound":0.19204015574204814},"point_estimate":0.15242431919078717,"standard_error":0.023182027423601943},"Slope":{"confidence_interval":{"confidence_level":0.95,"lower_bound":28.722439234723907,"upper_bound":29.145075901358915},"point_estimate":28.92003933400444,"standard_error":0.10786116464077034},"StdDev":{"confidence_interval":{"confidence_level":0.95,"lower_bound":0.783806867254192,"upper_bound":2.307091959396498},"point_estimate":1.5580797704357499,"standard_error":0.4303011338329065}}