{"Mean":{"confidence_interval":{"confidence_level":0.95,"lower_bound":720.1012925740042,"upper_bound":724.5686921570147},"point_estimate":722.0630873898929,"standard_error":1.1464339149002707},"Median":{"confidence_interval":{"confidence_level":0.95,"lower_bound":718.1630251312828,"upper_bound":721.073647736711},"point_estimate":719.2253205676277,"standard_error":0.6566215745324862},"MedianAbsDev":{"confidence_interval":{"confidence_level":0.95,"lower_bound":3.937692958884844,"upper_bound":6.46761591674987},"point_estimate":5.278264634217244,"standard_error":0.6557830659999058},"Slope":{"confidence_interval":{"confidence_level":0.95,"lower_bound":718.5715116593383,"upper_bound":720.6757470626181},"point_estimate":719.5713405278179,"standard_error":0.5371965471512326},"StdDev":{"confidence_interval":{"confidence_level":0.95,"lower_bound":6.107804128443241,"upper_bound":17.248642244016253},"point_estimate":11.501403236207443,"standard_error":3.4393363690891463}}