{"Mean":{"confidence_interval":{"confidence_level":0.95,"lower_bound":707.879367399772,"upper_bound":710.7630259985959},"point_estimate":709.187206563098,"standard_error":0.7403040466912509},"Median":{"confidence_interval":{"confidence_level":0.95,"lower_bound":706.3104072266276,"upper_bound":707.9102747777533},"point_estimate":707.0219746387857,"standard_error":0.4131939935590899},"MedianAbsDev":{"confidence_interval":{"confidence_level":0.95,"lower_bound":1.7162151083822756,"upper_bound":3.1576291816341526},"point_estimate":2.4033096276627575,"standard_error":0.3706678345065794},"Slope":{"confidence_interval":{"confidence_level":0.95,"lower_bound":707.2539107656013,"upper_bound":709.7255057232661},"point_estimate":708.3469072817986,"standard_error":0.6360124989433743},"StdDev":{"confidence_interval":{"confidence_level":0.95,"lower_bound":4.015198989608788,"upper_bound":10.27272081723894},"point_estimate":7.447116015922867,"standard_error":1.5975552788043772}}