{"Mean":{"confidence_interval":{"confidence_level":0.95,"lower_bound":724.3240907804513,"upper_bound":743.8740765731908},"point_estimate":733.2247455462093,"standard_error":5.019173994934132},"Median":{"confidence_interval":{"confidence_level":0.95,"lower_bound":714.7001575630252,"upper_bound":716.7672738413547},"point_estimate":715.5503156891411,"standard_error":0.6217438641066861},"MedianAbsDev":{"confidence_interval":{"confidence_level":0.95,"lower_bound":3.2848302043124957,"upper_bound":6.257216297682931},"point_estimate":4.723366314809346,"standard_error":0.8086884458260709},"Slope":{"confidence_interval":{"confidence_level":0.95,"lower_bound":721.462640011509,"upper_bound":739.5677440378471},"point_estimate":729.781941713245,"standard_error":4.634030381699379},"StdDev":{"confidence_interval":{"confidence_level":0.95,"lower_bound":29.008118863717403,"upper_bound":69.79496903300674},"point_estimate":50.40867189298577,"standard_error":10.587499480259863}}