{"Mean":{"confidence_interval":{"confidence_level":0.95,"lower_bound":139283.99212872592,"upper_bound":140837.9709372501},"point_estimate":140026.9378235187,"standard_error":399.2619552109864},"Median":{"confidence_interval":{"confidence_level":0.95,"lower_bound":138915.1399491094,"upper_bound":141655.1316793893},"point_estimate":139604.64716466737,"standard_error":642.7918565296578},"MedianAbsDev":{"confidence_interval":{"confidence_level":0.95,"lower_bound":209.73767461609393,"upper_bound":2065.131045550341},"point_estimate":1022.8205335397467,"standard_error":511.0784794673488},"Slope":{"confidence_interval":{"confidence_level":0.95,"lower_bound":139140.32981968691,"upper_bound":140012.73471105564},"point_estimate":139464.22282145335,"standard_error":223.28545070594407},"StdDev":{"confidence_interval":{"confidence_level":0.95,"lower_bound":634.9579970426885,"upper_bound":1567.8452950897706},"point_estimate":1333.2563618244856,"standard_error":215.20968061968296}}