{"Mean":{"confidence_interval":{"confidence_level":0.95,"lower_bound":160151.4384160421,"upper_bound":161286.1914853096},"point_estimate":160690.03390212537,"standard_error":291.4162522742274},"Median":{"confidence_interval":{"confidence_level":0.95,"lower_bound":159810.16883116882,"upper_bound":160549.90128535847},"point_estimate":160100.87095569936,"standard_error":196.96522349481407},"MedianAbsDev":{"confidence_interval":{"confidence_level":0.95,"lower_bound":1486.0310583611865,"upper_bound":2548.72153247247},"point_estimate":2069.743490028147,"standard_error":268.0820579659887},"Slope":{"confidence_interval":{"confidence_level":0.95,"lower_bound":159943.33002981386,"upper_bound":160760.5217022754},"point_estimate":160323.3569955034,"standard_error":208.3520913802194},"StdDev":{"confidence_interval":{"confidence_level":0.95,"lower_bound":2051.9999839937973,"upper_bound":3801.023400470959},"point_estimate":2933.300458088913,"standard_error":453.7147753517272}}