{"Mean":{"confidence_interval":{"confidence_level":0.95,"lower_bound":162025.92086099906,"upper_bound":163745.637387138},"point_estimate":162807.64939955375,"standard_error":441.82008431747914},"Median":{"confidence_interval":{"confidence_level":0.95,"lower_bound":161458.22969387757,"upper_bound":162722.54235084838},"point_estimate":162079.606092437,"standard_error":346.22834744869425},"MedianAbsDev":{"confidence_interval":{"confidence_level":0.95,"lower_bound":1967.2331607889005,"upper_bound":3180.6523522732246},"point_estimate":2751.3839570397054,"standard_error":316.05942024489485},"Slope":{"confidence_interval":{"confidence_level":0.95,"lower_bound":161941.44973047057,"upper_bound":162890.9778605925},"point_estimate":162413.66561168697,"standard_error":242.62763077545887},"StdDev":{"confidence_interval":{"confidence_level":0.95,"lower_bound":2257.9455879052425,"upper_bound":6309.233107863318},"point_estimate":4442.325411684584,"standard_error":1073.2229741820197}}