{"Mean":{"confidence_interval":{"confidence_level":0.95,"lower_bound":-0.009014119511746611,"upper_bound":-0.0011193276904053427},"point_estimate":-0.0043372798508213295,"standard_error":0.0020742906716242895},"Median":{"confidence_interval":{"confidence_level":0.95,"lower_bound":-0.005203357635593431,"upper_bound":-0.00048269895670915997},"point_estimate":-0.003738929328941376,"standard_error":0.0012449851990545642}}