{"Mean":{"confidence_interval":{"confidence_level":0.95,"lower_bound":-0.044390934803095465,"upper_bound":-0.02922354880050677},"point_estimate":-0.03624785806119657,"standard_error":0.003870794705143602},"Median":{"confidence_interval":{"confidence_level":0.95,"lower_bound":-0.03458566601914825,"upper_bound":-0.022701394077679238},"point_estimate":-0.02797969820723678,"standard_error":0.0028479082172082008}}