{"Mean":{"confidence_interval":{"confidence_level":0.95,"lower_bound":0.00063783963821158,"upper_bound":0.0072508179356026905},"point_estimate":0.003951879885286447,"standard_error":0.0016740459879133259},"Median":{"confidence_interval":{"confidence_level":0.95,"lower_bound":-0.0016378571102479127,"upper_bound":0.00492061982359715},"point_estimate":0.0017897119466385725,"standard_error":0.0016492251016561863}}