{"Mean":{"confidence_interval":{"confidence_level":0.95,"lower_bound":-0.007943887517622369,"upper_bound":-0.0014276090031331576},"point_estimate":-0.004557648837292594,"standard_error":0.0016633646956370704},"Median":{"confidence_interval":{"confidence_level":0.95,"lower_bound":-0.006374129119211092,"upper_bound":0.0011574726894867382},"point_estimate":-0.0027611487540322166,"standard_error":0.0018168932943000455}}