{"Mean":{"confidence_interval":{"confidence_level":0.95,"lower_bound":-0.01640305220006536,"upper_bound":-0.005045065737239705},"point_estimate":-0.010816447615278557,"standard_error":0.0028632691276193685},"Median":{"confidence_interval":{"confidence_level":0.95,"lower_bound":-0.013866278210709418,"upper_bound":-0.0050539227887387295},"point_estimate":-0.008319054161602168,"standard_error":0.0023265988625052647}}