{"Mean":{"confidence_interval":{"confidence_level":0.95,"lower_bound":-0.06333065442892943,"upper_bound":-0.049698168944913454},"point_estimate":-0.056088630407477136,"standard_error":0.003496182399705907},"Median":{"confidence_interval":{"confidence_level":0.95,"lower_bound":-0.06150717568697639,"upper_bound":-0.045445315396633545},"point_estimate":-0.05612637530728237,"standard_error":0.004304742364863341}}