{"Mean":{"confidence_interval":{"confidence_level":0.95,"lower_bound":0.008839173208203027,"upper_bound":0.017016074568549176},"point_estimate":0.012707792744568458,"standard_error":0.002113566796579015},"Median":{"confidence_interval":{"confidence_level":0.95,"lower_bound":0.009798711937481714,"upper_bound":0.017201249659307027},"point_estimate":0.013003590966777834,"standard_error":0.0018565899952221606}}