{"Mean":{"confidence_interval":{"confidence_level":0.95,"lower_bound":7368053.344578374,"upper_bound":7443605.59674603},"point_estimate":7403890.155357143,"standard_error":19405.160391492223},"Median":{"confidence_interval":{"confidence_level":0.95,"lower_bound":7354419.666666667,"upper_bound":7457246.555555556},"point_estimate":7375066.779166667,"standard_error":33264.97056596015},"MedianAbsDev":{"confidence_interval":{"confidence_level":0.95,"lower_bound":8229.100553904327,"upper_bound":112077.07441023424},"point_estimate":52238.753198410566,"standard_error":27589.397355779336},"Slope":{"confidence_interval":{"confidence_level":0.95,"lower_bound":7354373.703504808,"upper_bound":7419978.12345679},"point_estimate":7382954.221645022,"standard_error":16616.18066375354},"StdDev":{"confidence_interval":{"confidence_level":0.95,"lower_bound":34858.09134133538,"upper_bound":81339.739574476},"point_estimate":64648.0477258478,"standard_error":12180.80167150011}}