{"Mean":{"confidence_interval":{"confidence_level":0.95,"lower_bound":-0.05159826912059158,"upper_bound":-0.03276042326288515},"point_estimate":-0.041658156940523106,"standard_error":0.004809390633968752},"Median":{"confidence_interval":{"confidence_level":0.95,"lower_bound":-0.04331328873109852,"upper_bound":-0.02627833085910168},"point_estimate":-0.03514985210949928,"standard_error":0.004661104171717403}}