{"Mean":{"confidence_interval":{"confidence_level":0.95,"lower_bound":0.015670469925099437,"upper_bound":0.03024835670645366},"point_estimate":0.02279630102299013,"standard_error":0.0037222146009978857},"Median":{"confidence_interval":{"confidence_level":0.95,"lower_bound":0.019948360171496704,"upper_bound":0.030136658682195616},"point_estimate":0.025362943866444443,"standard_error":0.002567810936689722}}