{"Mean":{"confidence_interval":{"confidence_level":0.95,"lower_bound":340.5860851465667,"upper_bound":344.8676279552685},"point_estimate":342.43002053066476,"standard_error":1.1029732289656866},"Median":{"confidence_interval":{"confidence_level":0.95,"lower_bound":339.75638585137824,"upper_bound":340.6294211138926},"point_estimate":340.26676972365044,"standard_error":0.21568802159246567},"MedianAbsDev":{"confidence_interval":{"confidence_level":0.95,"lower_bound":1.6214475874977905,"upper_bound":3.0291023944221007},"point_estimate":2.149664200723083,"standard_error":0.34702404309676393},"Slope":{"confidence_interval":{"confidence_level":0.95,"lower_bound":339.50434794319875,"upper_bound":341.03314198456627},"point_estimate":340.1575673815499,"standard_error":0.39209466499884965},"StdDev":{"confidence_interval":{"confidence_level":0.95,"lower_bound":2.8179183839720006,"upper_bound":16.523304593140914},"point_estimate":11.038945007974398,"standard_error":3.420043236792278}}