{"Mean":{"confidence_interval":{"confidence_level":0.95,"lower_bound":345.118933966543,"upper_bound":347.3063295970795},"point_estimate":346.0139295230854,"standard_error":0.571854680571273},"Median":{"confidence_interval":{"confidence_level":0.95,"lower_bound":344.14409880211724,"upper_bound":345.62892974690726},"point_estimate":344.7702370699727,"standard_error":0.35172052918322383},"MedianAbsDev":{"confidence_interval":{"confidence_level":0.95,"lower_bound":1.5336124765493364,"upper_bound":2.798119649688012},"point_estimate":2.2804762677269363,"standard_error":0.3322750175553107},"Slope":{"confidence_interval":{"confidence_level":0.95,"lower_bound":344.9046080810255,"upper_bound":346.0102484100567},"point_estimate":345.4408917225783,"standard_error":0.28299772702859066},"StdDev":{"confidence_interval":{"confidence_level":0.95,"lower_bound":2.209430949994425,"upper_bound":9.213638515371462},"point_estimate":5.750976933657769,"standard_error":2.2767429066815748}}