{"Mean":{"confidence_interval":{"confidence_level":0.95,"lower_bound":315.71595689215167,"upper_bound":316.76747121650993},"point_estimate":316.2273827412656,"standard_error":0.268719619510691},"Median":{"confidence_interval":{"confidence_level":0.95,"lower_bound":314.8839193825043,"upper_bound":316.23216400347087},"point_estimate":315.8264090861685,"standard_error":0.3460470651321624},"MedianAbsDev":{"confidence_interval":{"confidence_level":0.95,"lower_bound":1.7113617306235538,"upper_bound":2.8175223000058827},"point_estimate":2.422468794832115,"standard_error":0.2797690589527164},"Slope":{"confidence_interval":{"confidence_level":0.95,"lower_bound":315.3903227250876,"upper_bound":316.2602139447367},"point_estimate":315.8114410471461,"standard_error":0.22205229089296197},"StdDev":{"confidence_interval":{"confidence_level":0.95,"lower_bound":2.2168658873498397,"upper_bound":3.1278336303820553},"point_estimate":2.695390086774741,"standard_error":0.2322594417968932}}