{"Mean":{"confidence_interval":{"confidence_level":0.95,"lower_bound":2638.7021255476343,"upper_bound":2644.0197561091363},"point_estimate":2641.3401875119807,"standard_error":1.364178878082203},"Median":{"confidence_interval":{"confidence_level":0.95,"lower_bound":2637.08055070566,"upper_bound":2645.9822784810126},"point_estimate":2640.3290484504582,"standard_error":2.359378552798338},"MedianAbsDev":{"confidence_interval":{"confidence_level":0.95,"lower_bound":1.0663696842543748,"upper_bound":7.460624950116687},"point_estimate":5.585698456777311,"standard_error":1.6919430494191259},"Slope":{"confidence_interval":{"confidence_level":0.95,"lower_bound":2638.0603917196504,"upper_bound":2643.388844720611},"point_estimate":2640.224286640175,"standard_error":1.3534480464624588},"StdDev":{"confidence_interval":{"confidence_level":0.95,"lower_bound":2.8922659188478765,"upper_bound":5.336377636930935},"point_estimate":4.550637871977055,"standard_error":0.6257281225171617}}