{"Mean":{"confidence_interval":{"confidence_level":0.95,"lower_bound":1592.2562997895013,"upper_bound":1611.623005795462},"point_estimate":1601.3256477696805,"standard_error":4.946874483591594},"Median":{"confidence_interval":{"confidence_level":0.95,"lower_bound":1578.6473214285716,"upper_bound":1584.6302114552113},"point_estimate":1580.7634735547472,"standard_error":1.7507986542799585},"MedianAbsDev":{"confidence_interval":{"confidence_level":0.95,"lower_bound":7.49750800551794,"upper_bound":16.001003204807922},"point_estimate":10.637365670554876,"standard_error":2.210458620309565},"Slope":{"confidence_interval":{"confidence_level":0.95,"lower_bound":1593.8862360932822,"upper_bound":1620.5829885567257},"point_estimate":1605.8362053145613,"standard_error":6.849117389028604},"StdDev":{"confidence_interval":{"confidence_level":0.95,"lower_bound":33.51793790329783,"upper_bound":63.60196482640789},"point_estimate":49.557978362179796,"standard_error":7.688662658871657}}