{"Mean":{"confidence_interval":{"confidence_level":0.95,"lower_bound":524.8276356892491,"upper_bound":527.7577193366524},"point_estimate":526.1973762509347,"standard_error":0.7450944157612178},"Median":{"confidence_interval":{"confidence_level":0.95,"lower_bound":522.390118565518,"upper_bound":526.5356456776948},"point_estimate":525.1789877981734,"standard_error":1.1457062582962287},"MedianAbsDev":{"confidence_interval":{"confidence_level":0.95,"lower_bound":4.269675009209642,"upper_bound":8.367861964819426},"point_estimate":6.6112264028721075,"standard_error":1.1183600612140057},"Slope":{"confidence_interval":{"confidence_level":0.95,"lower_bound":524.8255637925829,"upper_bound":527.4191062142328},"point_estimate":526.0609281592713,"standard_error":0.6621548658119858},"StdDev":{"confidence_interval":{"confidence_level":0.95,"lower_bound":5.338571427469188,"upper_bound":10.046616006528836},"point_estimate":7.510679866642841,"standard_error":1.3465825576248778}}