{"Mean":{"confidence_interval":{"confidence_level":0.95,"lower_bound":436.95252649042504,"upper_bound":439.37724622937765},"point_estimate":437.9311522135355,"standard_error":0.6367385925477211},"Median":{"confidence_interval":{"confidence_level":0.95,"lower_bound":435.7736283873834,"upper_bound":437.84612394491336},"point_estimate":436.81970064586676,"standard_error":0.5181534276240825},"MedianAbsDev":{"confidence_interval":{"confidence_level":0.95,"lower_bound":1.644782901348667,"upper_bound":3.338178785105207},"point_estimate":2.5301535182884716,"standard_error":0.4112184249608959},"Slope":{"confidence_interval":{"confidence_level":0.95,"lower_bound":437.0817833632557,"upper_bound":438.6515702222942},"point_estimate":437.8591185895279,"standard_error":0.40100055476951696},"StdDev":{"confidence_interval":{"confidence_level":0.95,"lower_bound":2.408870449592104,"upper_bound":10.323810799201143},"point_estimate":6.39074433278956,"standard_error":2.645117147419238}}