{"Mean":{"confidence_interval":{"confidence_level":0.95,"lower_bound":37.29750985383794,"upper_bound":37.43399034659504},"point_estimate":37.35696022305223,"standard_error":0.035000486159984925},"Median":{"confidence_interval":{"confidence_level":0.95,"lower_bound":37.24125207922202,"upper_bound":37.304828611629496},"point_estimate":37.27832963376041,"standard_error":0.017136429673977296},"MedianAbsDev":{"confidence_interval":{"confidence_level":0.95,"lower_bound":0.11773438039228565,"upper_bound":0.21289337480252096},"point_estimate":0.16751344946977323,"standard_error":0.02429579528125717},"Slope":{"confidence_interval":{"confidence_level":0.95,"lower_bound":37.260449605092624,"upper_bound":37.32495111158074},"point_estimate":37.29153911062247,"standard_error":0.01644151846964616},"StdDev":{"confidence_interval":{"confidence_level":0.95,"lower_bound":0.17794529057345498,"upper_bound":0.530866735157571},"point_estimate":0.3513885108139156,"standard_error":0.10651346890303343}}