{"Mean":{"confidence_interval":{"confidence_level":0.95,"lower_bound":35.41285004258213,"upper_bound":35.68711861336794},"point_estimate":35.54763170296568,"standard_error":0.06968835482875273},"Median":{"confidence_interval":{"confidence_level":0.95,"lower_bound":35.35535200269507,"upper_bound":35.61098867795422},"point_estimate":35.54585646991025,"standard_error":0.06835753629149274},"MedianAbsDev":{"confidence_interval":{"confidence_level":0.95,"lower_bound":0.40250514721529773,"upper_bound":0.5955197549242404},"point_estimate":0.505064060703949,"standard_error":0.04715512195185191},"Slope":{"confidence_interval":{"confidence_level":0.95,"lower_bound":35.42356610388434,"upper_bound":35.61893481621202},"point_estimate":35.52127150174741,"standard_error":0.049819843775559515},"StdDev":{"confidence_interval":{"confidence_level":0.95,"lower_bound":0.5151061447634243,"upper_bound":0.8760076301069496},"point_estimate":0.6988783104842285,"standard_error":0.09240903411261851}}