{"Mean":{"confidence_interval":{"confidence_level":0.95,"lower_bound":-0.009923511113129375,"upper_bound":0.003632449326950697},"point_estimate":-0.0034046774643552435,"standard_error":0.00348736337994011},"Median":{"confidence_interval":{"confidence_level":0.95,"lower_bound":-0.013434744738026527,"upper_bound":0.01267686193389661},"point_estimate":-0.003651319791886487,"standard_error":0.006253138522058652}}