{"Mean":{"confidence_interval":{"confidence_level":0.95,"lower_bound":-0.06549569432136862,"upper_bound":-0.043465906989210296},"point_estimate":-0.055120043407802966,"standard_error":0.00561977907913157},"Median":{"confidence_interval":{"confidence_level":0.95,"lower_bound":-0.07589485638234694,"upper_bound":-0.0395982100530331},"point_estimate":-0.05426369083616611,"standard_error":0.009526293906913287}}