{"Mean":{"confidence_interval":{"confidence_level":0.95,"lower_bound":0.021227220093088573,"upper_bound":0.03499634097281878},"point_estimate":0.028035385668671697,"standard_error":0.003498143608962064},"Median":{"confidence_interval":{"confidence_level":0.95,"lower_bound":0.016563162467125858,"upper_bound":0.04076362895766028},"point_estimate":0.03151640156968716,"standard_error":0.005845764225478382}}