{"Mean":{"confidence_interval":{"confidence_level":0.95,"lower_bound":0.020852981059312225,"upper_bound":0.029403224690669298},"point_estimate":0.024779025515039965,"standard_error":0.0021793588009334083},"Median":{"confidence_interval":{"confidence_level":0.95,"lower_bound":0.018449779608076255,"upper_bound":0.028880212371058957},"point_estimate":0.023312790922844773,"standard_error":0.002754052963790462}}