{"Mean":{"confidence_interval":{"confidence_level":0.95,"lower_bound":-0.02554140779282219,"upper_bound":-0.017062074071994705},"point_estimate":-0.021215393081350453,"standard_error":0.002164695864239523},"Median":{"confidence_interval":{"confidence_level":0.95,"lower_bound":-0.025957610656527463,"upper_bound":-0.01394828675277704},"point_estimate":-0.02016572669203409,"standard_error":0.002985153226268792}}