{"Mean":{"confidence_interval":{"confidence_level":0.95,"lower_bound":0.005588839164728177,"upper_bound":0.011015965866180371},"point_estimate":0.008281013293917061,"standard_error":0.001384651556724337},"Median":{"confidence_interval":{"confidence_level":0.95,"lower_bound":0.0072966321124181555,"upper_bound":0.012023808066312203},"point_estimate":0.009380160345439537,"standard_error":0.0011371961899771569}}