{"Mean":{"confidence_interval":{"confidence_level":0.95,"lower_bound":1078245.3505269606,"upper_bound":1080173.4723120916},"point_estimate":1079300.8823202613,"standard_error":495.29871479390397},"Median":{"confidence_interval":{"confidence_level":0.95,"lower_bound":1078628.7352941176,"upper_bound":1080234.2352941176},"point_estimate":1079489.6372549022,"standard_error":377.52807453573075},"MedianAbsDev":{"confidence_interval":{"confidence_level":0.95,"lower_bound":53.23696729018083,"upper_bound":2324.2007557960455},"point_estimate":1190.1571288704872,"standard_error":564.8915500105952},"Slope":{"confidence_interval":{"confidence_level":0.95,"lower_bound":1079240.6498111936,"upper_bound":1080904.4386751647},"point_estimate":1080220.2982429336,"standard_error":436.1161649262587},"StdDev":{"confidence_interval":{"confidence_level":0.95,"lower_bound":599.1916563448796,"upper_bound":2331.841691347746},"point_estimate":1648.6744181447664,"standard_error":490.2222521274941}}