{"Mean":{"confidence_interval":{"confidence_level":0.95,"lower_bound":1114517.4428653687,"upper_bound":1127314.3018773517},"point_estimate":1120647.4903600013,"standard_error":3268.7894082346265},"Median":{"confidence_interval":{"confidence_level":0.95,"lower_bound":1107407.7966386555,"upper_bound":1120542.3617992178},"point_estimate":1113933.2549781448,"standard_error":3388.568474372303},"MedianAbsDev":{"confidence_interval":{"confidence_level":0.95,"lower_bound":20015.05881824297,"upper_bound":32828.130479815714},"point_estimate":26600.43805275089,"standard_error":3292.0476172784456},"Slope":{"confidence_interval":{"confidence_level":0.95,"lower_bound":1102804.3823358547,"upper_bound":1111609.9770865382},"point_estimate":1107026.637159746,"standard_error":2252.8409729104833},"StdDev":{"confidence_interval":{"confidence_level":0.95,"lower_bound":24749.184780941632,"upper_bound":41690.49708584178},"point_estimate":32931.479012255775,"standard_error":4447.661592335775}}