{"Mean":{"confidence_interval":{"confidence_level":0.95,"lower_bound":1023793.4252472544,"upper_bound":1033915.4521083129},"point_estimate":1028434.4117378482,"standard_error":2589.7529642633667},"Median":{"confidence_interval":{"confidence_level":0.95,"lower_bound":1021360.6803797468,"upper_bound":1028718.0810810811},"point_estimate":1023996.8464285715,"standard_error":1992.8984697501278},"MedianAbsDev":{"confidence_interval":{"confidence_level":0.95,"lower_bound":12031.914113841805,"upper_bound":18323.394551010417},"point_estimate":15804.421880248827,"standard_error":1675.4648630406266},"Slope":{"confidence_interval":{"confidence_level":0.95,"lower_bound":1019612.6461100666,"upper_bound":1026923.9836802175},"point_estimate":1023226.0441791045,"standard_error":1863.1332145507856},"StdDev":{"confidence_interval":{"confidence_level":0.95,"lower_bound":15768.24596570449,"upper_bound":37099.12972989708},"point_estimate":26107.43493292331,"standard_error":6002.92606586376}}