{"Mean":{"confidence_interval":{"confidence_level":0.95,"lower_bound":1095616.097578127,"upper_bound":1104807.2205384895},"point_estimate":1100103.8129440027,"standard_error":2342.2378229609976},"Median":{"confidence_interval":{"confidence_level":0.95,"lower_bound":1090996.6610588818,"upper_bound":1101880.9545454546},"point_estimate":1097177.3606557376,"standard_error":2862.9800333308626},"MedianAbsDev":{"confidence_interval":{"confidence_level":0.95,"lower_bound":15014.099033910888,"upper_bound":26192.467971570422},"point_estimate":20167.633395027544,"standard_error":2864.42355508401},"Slope":{"confidence_interval":{"confidence_level":0.95,"lower_bound":1087381.349108319,"upper_bound":1096641.954331695},"point_estimate":1091828.7445130781,"standard_error":2370.2331581684944},"StdDev":{"confidence_interval":{"confidence_level":0.95,"lower_bound":19429.465469913543,"upper_bound":27293.621763043084},"point_estimate":23564.46391911504,"standard_error":2010.2233227395898}}