{"Mean":{"confidence_interval":{"confidence_level":0.95,"lower_bound":161812.62774518397,"upper_bound":162560.31567402597},"point_estimate":162170.6894336219,"standard_error":191.5384927561788},"Median":{"confidence_interval":{"confidence_level":0.95,"lower_bound":161547.37181818183,"upper_bound":162626.58909090908},"point_estimate":162143.42987012985,"standard_error":279.8792640359688},"MedianAbsDev":{"confidence_interval":{"confidence_level":0.95,"lower_bound":111.15052002668553,"upper_bound":1135.925451015129},"point_estimate":727.4317188733518,"standard_error":250.9275070101272},"Slope":{"confidence_interval":{"confidence_level":0.95,"lower_bound":161644.27772752533,"upper_bound":162211.84247211856},"point_estimate":161848.799527745,"standard_error":144.6125609989586},"StdDev":{"confidence_interval":{"confidence_level":0.95,"lower_bound":355.14350052871356,"upper_bound":814.2022562603065},"point_estimate":637.6354153046956,"standard_error":122.89622226763979}}