{"Mean":{"confidence_interval":{"confidence_level":0.95,"lower_bound":145090.3479218213,"upper_bound":146177.48620708357},"point_estimate":145569.17026245885,"standard_error":278.5948627319235},"Median":{"confidence_interval":{"confidence_level":0.95,"lower_bound":144331.2273809524,"upper_bound":145466.60341095686},"point_estimate":144769.1975786925,"standard_error":340.74954634523414},"MedianAbsDev":{"confidence_interval":{"confidence_level":0.95,"lower_bound":971.6072684648104,"upper_bound":2024.9353865589455},"point_estimate":1402.393721920727,"standard_error":284.9120886859059},"Slope":{"confidence_interval":{"confidence_level":0.95,"lower_bound":145089.2249204721,"upper_bound":145875.35286201196},"point_estimate":145480.11549494395,"standard_error":200.56603537238405},"StdDev":{"confidence_interval":{"confidence_level":0.95,"lower_bound":1482.679752441987,"upper_bound":4161.9672617435845},"point_estimate":2791.620955716495,"standard_error":789.9713327071657}}