{"Mean":{"confidence_interval":{"confidence_level":0.95,"lower_bound":145478.36782416314,"upper_bound":146566.05739474986},"point_estimate":145974.51230764142,"standard_error":278.587359285745},"Median":{"confidence_interval":{"confidence_level":0.95,"lower_bound":144831.6725093263,"upper_bound":145827.68253968254},"point_estimate":145266.5157563025,"standard_error":264.30319258497576},"MedianAbsDev":{"confidence_interval":{"confidence_level":0.95,"lower_bound":1251.097182284104,"upper_bound":2115.2035300666757},"point_estimate":1625.6814483175458,"standard_error":213.27031773597008},"Slope":{"confidence_interval":{"confidence_level":0.95,"lower_bound":144687.70410166204,"upper_bound":145131.02261417106},"point_estimate":144900.2862260128,"standard_error":113.22568585697402},"StdDev":{"confidence_interval":{"confidence_level":0.95,"lower_bound":1679.9352812901973,"upper_bound":3889.0099287113603},"point_estimate":2792.602643864242,"standard_error":584.6853461228326}}