{"Mean":{"confidence_interval":{"confidence_level":0.95,"lower_bound":145549.57170185947,"upper_bound":146377.98723355267},"point_estimate":145949.02703771018,"standard_error":211.27240527794208},"Median":{"confidence_interval":{"confidence_level":0.95,"lower_bound":145023.11411564628,"upper_bound":145925.5108225108},"point_estimate":145595.83227187215,"standard_error":262.47188826400156},"MedianAbsDev":{"confidence_interval":{"confidence_level":0.95,"lower_bound":1364.1959789033303,"upper_bound":2260.8440679945097},"point_estimate":1771.4037094603905,"standard_error":237.5567557171489},"Slope":{"confidence_interval":{"confidence_level":0.95,"lower_bound":145565.08284653074,"upper_bound":146515.42019334974},"point_estimate":146023.80603137074,"standard_error":243.6778261328629},"StdDev":{"confidence_interval":{"confidence_level":0.95,"lower_bound":1661.7192929827047,"upper_bound":2529.184076562184},"point_estimate":2124.7602400482124,"standard_error":221.9412998178169}}