{"Mean":{"confidence_interval":{"confidence_level":0.95,"lower_bound":570.9656367513152,"upper_bound":573.3574880448905},"point_estimate":572.0082653582767,"standard_error":0.6148105109468591},"Median":{"confidence_interval":{"confidence_level":0.95,"lower_bound":569.9827158174426,"upper_bound":570.9367136614846},"point_estimate":570.4805007154864,"standard_error":0.27238441212540165},"MedianAbsDev":{"confidence_interval":{"confidence_level":0.95,"lower_bound":1.4727015652535147,"upper_bound":2.6603023159162795},"point_estimate":2.2040777793595927,"standard_error":0.3144607575422146},"Slope":{"confidence_interval":{"confidence_level":0.95,"lower_bound":570.5944227546636,"upper_bound":572.7691962948657},"point_estimate":571.5431524358179,"standard_error":0.5598176192467853},"StdDev":{"confidence_interval":{"confidence_level":0.95,"lower_bound":2.5273094094513318,"upper_bound":9.254156044496138},"point_estimate":6.172223188976807,"standard_error":1.7730799433693696}}