{"Mean":{"confidence_interval":{"confidence_level":0.95,"lower_bound":457658.8184777564,"upper_bound":460517.03020174475},"point_estimate":459023.19869599334,"standard_error":730.7223186967932},"Median":{"confidence_interval":{"confidence_level":0.95,"lower_bound":455051.8085106383,"upper_bound":459134.06597222225},"point_estimate":457131.8705189941,"standard_error":1100.2593564981505},"MedianAbsDev":{"confidence_interval":{"confidence_level":0.95,"lower_bound":3986.7424684688426,"upper_bound":7683.027609406233},"point_estimate":5800.8877771304715,"standard_error":958.5021679286111},"Slope":{"confidence_interval":{"confidence_level":0.95,"lower_bound":458412.91005164135,"upper_bound":462164.59911923483},"point_estimate":460221.261348702,"standard_error":960.8341670113599},"StdDev":{"confidence_interval":{"confidence_level":0.95,"lower_bound":5773.896084777629,"upper_bound":8939.986121446567},"point_estimate":7367.980670092925,"standard_error":811.4760868092525}}