{"Mean":{"confidence_interval":{"confidence_level":0.95,"lower_bound":289.05010964256445,"upper_bound":290.27724850961556},"point_estimate":289.5849260773852,"standard_error":0.3181302272914238},"Median":{"confidence_interval":{"confidence_level":0.95,"lower_bound":288.91485250971374,"upper_bound":290.00854280654454},"point_estimate":289.181137404609,"standard_error":0.2746984256745798},"MedianAbsDev":{"confidence_interval":{"confidence_level":0.95,"lower_bound":0.12246546963612616,"upper_bound":1.2932964142767804},"point_estimate":0.4773425410457809,"standard_error":0.33454717130452905},"Slope":{"confidence_interval":{"confidence_level":0.95,"lower_bound":288.8654324655416,"upper_bound":289.39898999076604},"point_estimate":289.07334619230585,"standard_error":0.1375481371666893},"StdDev":{"confidence_interval":{"confidence_level":0.95,"lower_bound":0.2423681638015046,"upper_bound":1.4750555733793949},"point_estimate":1.0595021480556888,"standard_error":0.3312713593568065}}