{"Mean":{"confidence_interval":{"confidence_level":0.95,"lower_bound":327.37203741143037,"upper_bound":333.95642526080366},"point_estimate":330.4136599048844,"standard_error":1.6905812062796013},"Median":{"confidence_interval":{"confidence_level":0.95,"lower_bound":324.34242862520557,"upper_bound":325.3340131126665},"point_estimate":324.74532342577396,"standard_error":0.1994563571048259},"MedianAbsDev":{"confidence_interval":{"confidence_level":0.95,"lower_bound":1.2533992491546184,"upper_bound":2.2431586547119498},"point_estimate":1.778571379230796,"standard_error":0.24282468807237262},"Slope":{"confidence_interval":{"confidence_level":0.95,"lower_bound":327.08526397153116,"upper_bound":334.31642871000184},"point_estimate":330.3308285662849,"standard_error":1.8571553480988907},"StdDev":{"confidence_interval":{"confidence_level":0.95,"lower_bound":10.571667665558754,"upper_bound":22.04464336966278},"point_estimate":17.025625279635488,"standard_error":2.92547295370586}}