{"Mean":{"confidence_interval":{"confidence_level":0.95,"lower_bound":340.7870992024927,"upper_bound":342.89630752345244},"point_estimate":341.692091568509,"standard_error":0.5436963554330212},"Median":{"confidence_interval":{"confidence_level":0.95,"lower_bound":339.6009926131117,"upper_bound":341.10417445321866},"point_estimate":340.1509974806338,"standard_error":0.3589248558388923},"MedianAbsDev":{"confidence_interval":{"confidence_level":0.95,"lower_bound":1.4688514469454415,"upper_bound":3.1258282862116213},"point_estimate":2.3586274819541893,"standard_error":0.42001570205562083},"Slope":{"confidence_interval":{"confidence_level":0.95,"lower_bound":341.0149313463237,"upper_bound":342.6376769536236},"point_estimate":341.80574346357406,"standard_error":0.4145917312324069},"StdDev":{"confidence_interval":{"confidence_level":0.95,"lower_bound":2.6536758220391237,"upper_bound":8.391977037015916},"point_estimate":5.456857342370138,"standard_error":1.8112754081624933}}