{"Mean":{"confidence_interval":{"confidence_level":0.95,"lower_bound":305.07937874896965,"upper_bound":306.4500525810566},"point_estimate":305.67079142382073,"standard_error":0.3542650773895959},"Median":{"confidence_interval":{"confidence_level":0.95,"lower_bound":304.54929623598554,"upper_bound":305.1475500059271},"point_estimate":304.87096973440396,"standard_error":0.16539521872469673},"MedianAbsDev":{"confidence_interval":{"confidence_level":0.95,"lower_bound":0.7287699481823492,"upper_bound":1.3515211306642971},"point_estimate":1.0590272356765509,"standard_error":0.16465346056126912},"Slope":{"confidence_interval":{"confidence_level":0.95,"lower_bound":305.027366756261,"upper_bound":306.20889103165746},"point_estimate":305.5580810035038,"standard_error":0.3030453736804171},"StdDev":{"confidence_interval":{"confidence_level":0.95,"lower_bound":1.3148190955368726,"upper_bound":5.470387948937392},"point_estimate":3.56038123087404,"standard_error":1.1113784215298617}}