{"Mean":{"confidence_interval":{"confidence_level":0.95,"lower_bound":357.62561287936535,"upper_bound":359.64278057982494},"point_estimate":358.55448020470345,"standard_error":0.5152021879983772},"Median":{"confidence_interval":{"confidence_level":0.95,"lower_bound":356.5020200214516,"upper_bound":358.6255207564173},"point_estimate":357.57654724731054,"standard_error":0.5143124864932371},"MedianAbsDev":{"confidence_interval":{"confidence_level":0.95,"lower_bound":3.19591559130111,"upper_bound":5.3925677040506494},"point_estimate":4.430127978184933,"standard_error":0.5607700876664217},"Slope":{"confidence_interval":{"confidence_level":0.95,"lower_bound":358.0782290690892,"upper_bound":360.1291444027806},"point_estimate":359.089820584543,"standard_error":0.5221825029108896},"StdDev":{"confidence_interval":{"confidence_level":0.95,"lower_bound":3.461278412954245,"upper_bound":7.197779994300726},"point_estimate":5.175074735464774,"standard_error":1.1172758283200124}}