{"Mean":{"confidence_interval":{"confidence_level":0.95,"lower_bound":-0.0801275598147318,"upper_bound":-0.07186774766351418},"point_estimate":-0.07606167286634802,"standard_error":0.0021060248231281253},"Median":{"confidence_interval":{"confidence_level":0.95,"lower_bound":-0.07829187784971525,"upper_bound":-0.07331134718265449},"point_estimate":-0.07558357746108935,"standard_error":0.0012904035948930789}}