{"Mean":{"confidence_interval":{"confidence_level":0.95,"lower_bound":0.08150630017860246,"upper_bound":0.09197763981600422},"point_estimate":0.08680664154417927,"standard_error":0.002652298664876591},"Median":{"confidence_interval":{"confidence_level":0.95,"lower_bound":0.08229782016666687,"upper_bound":0.08941852104448222},"point_estimate":0.08613352809710029,"standard_error":0.0017361975754485888}}