{"Mean":{"confidence_interval":{"confidence_level":0.95,"lower_bound":0.04962062423513734,"upper_bound":0.051506308054070124},"point_estimate":0.050599536269627876,"standard_error":0.000485707662921869},"Median":{"confidence_interval":{"confidence_level":0.95,"lower_bound":0.049031862053760644,"upper_bound":0.05076708751565162},"point_estimate":0.04977016646507937,"standard_error":0.00042855744420012794}}