{"Mean":{"confidence_interval":{"confidence_level":0.95,"lower_bound":1.017193888827093,"upper_bound":1.0212319063837532},"point_estimate":1.019245356756712,"standard_error":0.0010332907643229568},"Median":{"confidence_interval":{"confidence_level":0.95,"lower_bound":1.0173896895636159,"upper_bound":1.0214220422769973},"point_estimate":1.0195252531956056,"standard_error":0.0010462312811585347}}