{"Mean":{"confidence_interval":{"confidence_level":0.95,"lower_bound":0.02005313291745289,"upper_bound":0.029756235032168427},"point_estimate":0.025405519231149087,"standard_error":0.0025092105968130243},"Median":{"confidence_interval":{"confidence_level":0.95,"lower_bound":0.02351470748470752,"upper_bound":0.03015455534292122},"point_estimate":0.026768476485434123,"standard_error":0.0017210174737673012}}