{"Mean":{"confidence_interval":{"confidence_level":0.95,"lower_bound":-0.01963643014678144,"upper_bound":-0.00836800212856964},"point_estimate":-0.013965099610279252,"standard_error":0.002883850285112899},"Median":{"confidence_interval":{"confidence_level":0.95,"lower_bound":-0.02313075873680681,"upper_bound":-0.013536201235311185},"point_estimate":-0.01826353632390243,"standard_error":0.0025822025422468993}}