{"Mean":{"confidence_interval":{"confidence_level":0.95,"lower_bound":0.022995674729237,"upper_bound":0.030390169138873744},"point_estimate":0.026688426552713196,"standard_error":0.001880508976073557},"Median":{"confidence_interval":{"confidence_level":0.95,"lower_bound":0.021175766809484964,"upper_bound":0.030088593465051883},"point_estimate":0.025771874417365837,"standard_error":0.002464630695956587}}