{"Mean":{"confidence_interval":{"confidence_level":0.95,"lower_bound":-0.013428451120095128,"upper_bound":-0.0033726414364866827},"point_estimate":-0.008208873512863701,"standard_error":0.0025192900143776917},"Median":{"confidence_interval":{"confidence_level":0.95,"lower_bound":-0.013866727626567155,"upper_bound":0.0004877085596752817},"point_estimate":-0.007200351813163142,"standard_error":0.003674027010511669}}