{"Mean":{"confidence_interval":{"confidence_level":0.95,"lower_bound":0.006613718278941687,"upper_bound":0.02063665361219464},"point_estimate":0.013396886625737903,"standard_error":0.0035505732125129894},"Median":{"confidence_interval":{"confidence_level":0.95,"lower_bound":0.01027024281569111,"upper_bound":0.020195903179674606},"point_estimate":0.015163717635940266,"standard_error":0.0026433252506211217}}