{"Mean":{"confidence_interval":{"confidence_level":0.95,"lower_bound":0.04932981960522499,"upper_bound":0.05155045737795145},"point_estimate":0.05037021103593586,"standard_error":0.0005606345483060113},"Median":{"confidence_interval":{"confidence_level":0.95,"lower_bound":0.048843085025090494,"upper_bound":0.05066940113525442},"point_estimate":0.04942177123048008,"standard_error":0.0004617921619143722}}