{"Mean":{"confidence_interval":{"confidence_level":0.95,"lower_bound":-0.002711750311276533,"upper_bound":0.008372119060856234},"point_estimate":0.0033347864163710828,"standard_error":0.0028420324820930777},"Median":{"confidence_interval":{"confidence_level":0.95,"lower_bound":-0.002130486389232411,"upper_bound":0.010686870761940082},"point_estimate":0.005715109486142289,"standard_error":0.003120784169530931}}