{"Mean":{"confidence_interval":{"confidence_level":0.95,"lower_bound":0.024325062814185498,"upper_bound":0.026584696808961476},"point_estimate":0.025424464910671185,"standard_error":0.000573171369952418},"Median":{"confidence_interval":{"confidence_level":0.95,"lower_bound":0.02391772500563727,"upper_bound":0.026160812679873056},"point_estimate":0.025080627757618768,"standard_error":0.0005455566197483192}}