{"Mean":{"confidence_interval":{"confidence_level":0.95,"lower_bound":1819473.6765675668,"upper_bound":1841660.4817997245},"point_estimate":1830377.2995388752,"standard_error":5674.914990215822},"Median":{"confidence_interval":{"confidence_level":0.95,"lower_bound":1809555.404953917,"upper_bound":1838636.042253521},"point_estimate":1826957.136904762,"standard_error":8481.43483040974},"MedianAbsDev":{"confidence_interval":{"confidence_level":0.95,"lower_bound":38415.51819048818,"upper_bound":61840.652014416664},"point_estimate":51043.04341460905,"standard_error":6377.961832741754},"Slope":{"confidence_interval":{"confidence_level":0.95,"lower_bound":1816692.6092574955,"upper_bound":1852216.4687426086},"point_estimate":1833331.7966513964,"standard_error":9097.863991553328},"StdDev":{"confidence_interval":{"confidence_level":0.95,"lower_bound":46761.33079917204,"upper_bound":66972.78077816147},"point_estimate":57238.18865714163,"standard_error":5171.425093067667}}