{"Mean":{"confidence_interval":{"confidence_level":0.95,"lower_bound":1799097.8050178678,"upper_bound":1813637.0944815348},"point_estimate":1806307.7172548987,"standard_error":3694.2938154962894},"Median":{"confidence_interval":{"confidence_level":0.95,"lower_bound":1792670.2737341772,"upper_bound":1808522.8},"point_estimate":1799783.4195670048,"standard_error":4345.451595769686},"MedianAbsDev":{"confidence_interval":{"confidence_level":0.95,"lower_bound":27038.3436212555,"upper_bound":44520.73208429685},"point_estimate":37077.77999569659,"standard_error":4476.673198703179},"Slope":{"confidence_interval":{"confidence_level":0.95,"lower_bound":1797511.9071778094,"upper_bound":1814053.4555169141},"point_estimate":1805790.7329717749,"standard_error":4219.334950738509},"StdDev":{"confidence_interval":{"confidence_level":0.95,"lower_bound":31841.997800799298,"upper_bound":41862.978874961154},"point_estimate":37146.79753755323,"standard_error":2570.5234624394175}}