{"Mean":{"confidence_interval":{"confidence_level":0.95,"lower_bound":1583457.5278015158,"upper_bound":1600387.8682077911},"point_estimate":1590886.4954821796,"standard_error":4370.509229136729},"Median":{"confidence_interval":{"confidence_level":0.95,"lower_bound":1578191.2976406533,"upper_bound":1588739.4},"point_estimate":1582342.2532467532,"standard_error":2648.9742737544425},"MedianAbsDev":{"confidence_interval":{"confidence_level":0.95,"lower_bound":15516.299747857565,"upper_bound":26200.946818822114},"point_estimate":19587.32186766741,"standard_error":2746.348114993515},"Slope":{"confidence_interval":{"confidence_level":0.95,"lower_bound":1574831.0143906993,"upper_bound":1585265.2364014506},"point_estimate":1579702.0782591992,"standard_error":2654.424736271665},"StdDev":{"confidence_interval":{"confidence_level":0.95,"lower_bound":21497.7502222935,"upper_bound":66764.78654345243},"point_estimate":43958.76911050836,"standard_error":13431.79580303078}}