{"Mean":{"confidence_interval":{"confidence_level":0.95,"lower_bound":1981851.8672858854,"upper_bound":2038627.16718685},"point_estimate":2009377.7523150959,"standard_error":14454.037533538925},"Median":{"confidence_interval":{"confidence_level":0.95,"lower_bound":1927404.895256917,"upper_bound":1982419.6666666667},"point_estimate":1944136.2614205256,"standard_error":14727.737256577433},"MedianAbsDev":{"confidence_interval":{"confidence_level":0.95,"lower_bound":60044.120123135704,"upper_bound":138275.2017337236},"point_estimate":90285.45206904049,"standard_error":19127.62873231765},"Slope":{"confidence_interval":{"confidence_level":0.95,"lower_bound":1915152.8701973378,"upper_bound":1941353.4508300591},"point_estimate":1927355.2680035466,"standard_error":6675.791285772237},"StdDev":{"confidence_interval":{"confidence_level":0.95,"lower_bound":120795.99150282022,"upper_bound":168861.56523223914},"point_estimate":145044.0436677997,"standard_error":12345.72871429888}}