{"Mean":{"confidence_interval":{"confidence_level":0.95,"lower_bound":-0.5613285819682815,"upper_bound":-0.5459957659534641},"point_estimate":-0.5548426844954,"standard_error":0.0037606372527059315},"Median":{"confidence_interval":{"confidence_level":0.95,"lower_bound":-0.5652342138495876,"upper_bound":-0.5594412704637068},"point_estimate":-0.5620479439171515,"standard_error":0.0014548814126431402}}