{"Mean":{"confidence_interval":{"confidence_level":0.95,"lower_bound":0.019574970136315317,"upper_bound":0.03361623142381259},"point_estimate":0.02633472911226642,"standard_error":0.0035495150676417542},"Median":{"confidence_interval":{"confidence_level":0.95,"lower_bound":0.017319272253317086,"upper_bound":0.02849560133677074},"point_estimate":0.021881002883387124,"standard_error":0.0028948596699382486}}