{"Mean":{"confidence_interval":{"confidence_level":0.95,"lower_bound":-0.9058996465632854,"upper_bound":-0.9050893022725023},"point_estimate":-0.9055037950526701,"standard_error":0.0002104204119773},"Median":{"confidence_interval":{"confidence_level":0.95,"lower_bound":-0.9058859168081238,"upper_bound":-0.9051706989272882},"point_estimate":-0.9054701873223974,"standard_error":0.00017421291787036332}}