{"Mean":{"confidence_interval":{"confidence_level":0.95,"lower_bound":-0.09234414556120782,"upper_bound":-0.007348764208835764},"point_estimate":-0.04950256242822115,"standard_error":0.02142374929262872},"Median":{"confidence_interval":{"confidence_level":0.95,"lower_bound":-0.13595939805067525,"upper_bound":0.0032545350586463684},"point_estimate":-0.004929676781138204,"standard_error":0.034813813533379895}}