{"Mean":{"confidence_interval":{"confidence_level":0.95,"lower_bound":0.7455101041518565,"upper_bound":0.7519439951641451},"point_estimate":0.7484651370121682,"standard_error":0.0016744903751184483},"Median":{"confidence_interval":{"confidence_level":0.95,"lower_bound":0.7436302641978474,"upper_bound":0.7517234421399808},"point_estimate":0.7478809740741694,"standard_error":0.001976634286815767}}