{"Mean":{"confidence_interval":{"confidence_level":0.95,"lower_bound":-0.6479812764155337,"upper_bound":-0.6459927924372802},"point_estimate":-0.6469486347387254,"standard_error":0.0005069044568604239},"Median":{"confidence_interval":{"confidence_level":0.95,"lower_bound":-0.6480267978228211,"upper_bound":-0.6448689211825569},"point_estimate":-0.6464560276828557,"standard_error":0.0008333413462948631}}