{"Mean":{"confidence_interval":{"confidence_level":0.95,"lower_bound":0.024112652700146196,"upper_bound":0.029227913808704247},"point_estimate":0.026514014233701477,"standard_error":0.0013012834812319845},"Median":{"confidence_interval":{"confidence_level":0.95,"lower_bound":0.024803460264823274,"upper_bound":0.029163835400197735},"point_estimate":0.02745642680540894,"standard_error":0.0011109091147521336}}