{"Mean":{"confidence_interval":{"confidence_level":0.95,"lower_bound":-0.004687553681124548,"upper_bound":-0.0011283197474032426},"point_estimate":-0.0029427033642549505,"standard_error":0.0009104913062362779},"Median":{"confidence_interval":{"confidence_level":0.95,"lower_bound":-0.0057760206239143574,"upper_bound":-0.00033882961721531935},"point_estimate":-0.0034371740216843083,"standard_error":0.001503229129999759}}