{"Mean":{"confidence_interval":{"confidence_level":0.95,"lower_bound":-0.004102269484586842,"upper_bound":0.002205279921186408},"point_estimate":-0.0011670936787243624,"standard_error":0.0015984064800339348},"Median":{"confidence_interval":{"confidence_level":0.95,"lower_bound":-0.002608477002353893,"upper_bound":0.002144812831323284},"point_estimate":0.00035434345382179266,"standard_error":0.001242910241711381}}