{"Mean":{"confidence_interval":{"confidence_level":0.95,"lower_bound":0.015512845939643406,"upper_bound":0.02362111117181788},"point_estimate":0.019522180590434424,"standard_error":0.0020457371049124604},"Median":{"confidence_interval":{"confidence_level":0.95,"lower_bound":0.014059852194683309,"upper_bound":0.01910333948299714},"point_estimate":0.0159744667180719,"standard_error":0.0013093326766887453}}