{"Mean":{"confidence_interval":{"confidence_level":0.95,"lower_bound":-0.014658655486798539,"upper_bound":-0.006760646548525611},"point_estimate":-0.010652682790242674,"standard_error":0.002016480480398008},"Median":{"confidence_interval":{"confidence_level":0.95,"lower_bound":-0.01164379629188006,"upper_bound":-0.006902051886497538},"point_estimate":-0.00876597364053755,"standard_error":0.0012167762280137645}}