{"Mean":{"confidence_interval":{"confidence_level":0.95,"lower_bound":15938.066044431476,"upper_bound":16193.79404245811},"point_estimate":16055.569130765949,"standard_error":65.6380422215446},"Median":{"confidence_interval":{"confidence_level":0.95,"lower_bound":15780.036200716846,"upper_bound":15871.112903225807},"point_estimate":15811.509835547122,"standard_error":22.08157458373911},"MedianAbsDev":{"confidence_interval":{"confidence_level":0.95,"lower_bound":80.85451605129415,"upper_bound":177.51860468107674},"point_estimate":122.6342940838033,"standard_error":23.214853534330857},"Slope":{"confidence_interval":{"confidence_level":0.95,"lower_bound":15907.87683551928,"upper_bound":16151.40330784617},"point_estimate":16023.608942067052,"standard_error":62.300421984243485},"StdDev":{"confidence_interval":{"confidence_level":0.95,"lower_bound":403.0038108204451,"upper_bound":879.7218746428398},"point_estimate":661.679224526065,"standard_error":121.70187111618542}}