{"Mean":{"confidence_interval":{"confidence_level":0.95,"lower_bound":16044.395365575783,"upper_bound":16141.046975716756},"point_estimate":16086.31038247049,"standard_error":24.770359509044166},"Median":{"confidence_interval":{"confidence_level":0.95,"lower_bound":16008.14872468117,"upper_bound":16091.926057813154},"point_estimate":16046.67095039889,"standard_error":22.054121267981287},"MedianAbsDev":{"confidence_interval":{"confidence_level":0.95,"lower_bound":111.34882939130635,"upper_bound":167.4219128731915},"point_estimate":146.6983276322463,"standard_error":15.451644019474646},"Slope":{"confidence_interval":{"confidence_level":0.95,"lower_bound":16025.305368611294,"upper_bound":16075.411622059311},"point_estimate":16050.017105783762,"standard_error":12.779183336295427},"StdDev":{"confidence_interval":{"confidence_level":0.95,"lower_bound":121.48387215547795,"upper_bound":378.92409909118265},"point_estimate":249.16389097627058,"standard_error":77.4408903108175}}