{"Mean":{"confidence_interval":{"confidence_level":0.95,"lower_bound":0.012558026492534742,"upper_bound":0.021731116749062508},"point_estimate":0.01683998370861861,"standard_error":0.0023161683348775514},"Median":{"confidence_interval":{"confidence_level":0.95,"lower_bound":0.014911821133184677,"upper_bound":0.020785114337195765},"point_estimate":0.018487857687375486,"standard_error":0.001585916531466125}}