{"Mean":{"confidence_interval":{"confidence_level":0.95,"lower_bound":-0.021498409813427342,"upper_bound":-0.013259414898026836},"point_estimate":-0.01801792403743585,"standard_error":0.002192123334976218},"Median":{"confidence_interval":{"confidence_level":0.95,"lower_bound":-0.022906092342430462,"upper_bound":-0.016599432654067825},"point_estimate":-0.02021576441914319,"standard_error":0.0014615153048913}}