{"Mean":{"confidence_interval":{"confidence_level":0.95,"lower_bound":653.4540796234837,"upper_bound":656.0946509546242},"point_estimate":654.6955521965187,"standard_error":0.6723031312259229},"Median":{"confidence_interval":{"confidence_level":0.95,"lower_bound":651.9665545814819,"upper_bound":654.3735964332893},"point_estimate":652.9919071657725,"standard_error":0.6942271267800447},"MedianAbsDev":{"confidence_interval":{"confidence_level":0.95,"lower_bound":3.7659880872098483,"upper_bound":6.010867809758885},"point_estimate":4.865156088730066,"standard_error":0.5679978991126918},"Slope":{"confidence_interval":{"confidence_level":0.95,"lower_bound":653.3241343267099,"upper_bound":655.351349444138},"point_estimate":654.3008019062124,"standard_error":0.5163163844787649},"StdDev":{"confidence_interval":{"confidence_level":0.95,"lower_bound":4.766639234477971,"upper_bound":8.913795117071409},"point_estimate":6.793623138927055,"standard_error":1.0951101126886964}}