{"Mean":{"confidence_interval":{"confidence_level":0.95,"lower_bound":678.6968742844792,"upper_bound":681.8819236548885},"point_estimate":680.0193230483457,"standard_error":0.8287423426901517},"Median":{"confidence_interval":{"confidence_level":0.95,"lower_bound":677.6608406054763,"upper_bound":679.5019321808472},"point_estimate":678.357295723841,"standard_error":0.4772001130775415},"MedianAbsDev":{"confidence_interval":{"confidence_level":0.95,"lower_bound":2.578260097264458,"upper_bound":4.310800252512611},"point_estimate":3.1932843525035217,"standard_error":0.4667417135784135},"Slope":{"confidence_interval":{"confidence_level":0.95,"lower_bound":678.3112892240684,"upper_bound":679.6552338489581},"point_estimate":678.974178536712,"standard_error":0.3429632605615363},"StdDev":{"confidence_interval":{"confidence_level":0.95,"lower_bound":2.9357711159751743,"upper_bound":13.292031317278514},"point_estimate":8.34891960219049,"standard_error":3.113313279418452}}