{"Mean":{"confidence_interval":{"confidence_level":0.95,"lower_bound":669.5142800736742,"upper_bound":670.799339603647},"point_estimate":670.1211550567248,"standard_error":0.32845584001183353},"Median":{"confidence_interval":{"confidence_level":0.95,"lower_bound":669.2665304537554,"upper_bound":670.97382801425},"point_estimate":670.0645254736635,"standard_error":0.41115329465129663},"MedianAbsDev":{"confidence_interval":{"confidence_level":0.95,"lower_bound":0.16678632890542372,"upper_bound":1.8848908164804552},"point_estimate":1.0891393089062338,"standard_error":0.45199864565466635},"Slope":{"confidence_interval":{"confidence_level":0.95,"lower_bound":669.4435732207218,"upper_bound":671.0667680380665},"point_estimate":670.3080272044807,"standard_error":0.43224654948963265},"StdDev":{"confidence_interval":{"confidence_level":0.95,"lower_bound":0.5045818858954212,"upper_bound":1.3825166809706522},"point_estimate":1.0935986720792914,"standard_error":0.22467266117137988}}