{"Mean":{"confidence_interval":{"confidence_level":0.95,"lower_bound":46396.4567111259,"upper_bound":47119.6349356519},"point_estimate":46687.15886543702,"standard_error":189.10488609165583},"Median":{"confidence_interval":{"confidence_level":0.95,"lower_bound":46263.702855861244,"upper_bound":46496.12314705497},"point_estimate":46372.49375094018,"standard_error":50.30470239848085},"MedianAbsDev":{"confidence_interval":{"confidence_level":0.95,"lower_bound":301.19999747675416,"upper_bound":520.2827171535147},"point_estimate":377.4174782550233,"standard_error":52.89367827828273},"Slope":{"confidence_interval":{"confidence_level":0.95,"lower_bound":46359.43029217118,"upper_bound":46639.29535648417},"point_estimate":46490.83380644034,"standard_error":71.53347433117553},"StdDev":{"confidence_interval":{"confidence_level":0.95,"lower_bound":612.9256833913164,"upper_bound":3080.24094551218},"point_estimate":1900.7098244457648,"standard_error":783.6860780140569}}