{"Mean":{"confidence_interval":{"confidence_level":0.95,"lower_bound":387.5808248749547,"upper_bound":390.26935709268713},"point_estimate":388.9033542301727,"standard_error":0.686636339483116},"Median":{"confidence_interval":{"confidence_level":0.95,"lower_bound":387.11820800030017,"upper_bound":388.9616360158225},"point_estimate":388.16187464059806,"standard_error":0.5269700397889102},"MedianAbsDev":{"confidence_interval":{"confidence_level":0.95,"lower_bound":3.9443343236257578,"upper_bound":6.618132723049684},"point_estimate":5.156894794837621,"standard_error":0.7001275577549779},"Slope":{"confidence_interval":{"confidence_level":0.95,"lower_bound":388.49970139149667,"upper_bound":391.0450447991671},"point_estimate":389.7676219818446,"standard_error":0.6515150904207716},"StdDev":{"confidence_interval":{"confidence_level":0.95,"lower_bound":5.568771429315475,"upper_bound":8.103636752462071},"point_estimate":6.900487712192852,"standard_error":0.6472979971071956}}