{"Mean":{"confidence_interval":{"confidence_level":0.95,"lower_bound":452.4899934296765,"upper_bound":456.00633265483873},"point_estimate":454.066845947306,"standard_error":0.907832517300365},"Median":{"confidence_interval":{"confidence_level":0.95,"lower_bound":451.697729625795,"upper_bound":455.832082285658},"point_estimate":452.97223337394905,"standard_error":1.04659827253137},"MedianAbsDev":{"confidence_interval":{"confidence_level":0.95,"lower_bound":0.34286347728983857,"upper_bound":4.392928114338535},"point_estimate":2.399257837156128,"standard_error":1.0434275715719397},"Slope":{"confidence_interval":{"confidence_level":0.95,"lower_bound":451.9329798100468,"upper_bound":457.03732679700397},"point_estimate":453.7578620314754,"standard_error":1.415423633046947},"StdDev":{"confidence_interval":{"confidence_level":0.95,"lower_bound":1.1875064983459505,"upper_bound":4.162503302771952},"point_estimate":3.0183028422728047,"standard_error":0.83904721963751}}