{"Mean":{"confidence_interval":{"confidence_level":0.95,"lower_bound":422.87418636283155,"upper_bound":424.8543741225271},"point_estimate":423.78699517656804,"standard_error":0.5048413885331794},"Median":{"confidence_interval":{"confidence_level":0.95,"lower_bound":421.73812205062205,"upper_bound":423.3210443636914},"point_estimate":422.325627905338,"standard_error":0.41988884493633427},"MedianAbsDev":{"confidence_interval":{"confidence_level":0.95,"lower_bound":2.2413932227555646,"upper_bound":4.086220709572762},"point_estimate":2.9589422227850433,"standard_error":0.4552975756881054},"Slope":{"confidence_interval":{"confidence_level":0.95,"lower_bound":423.0001970125275,"upper_bound":424.5663009639992},"point_estimate":423.7538752749245,"standard_error":0.3993937685441335},"StdDev":{"confidence_interval":{"confidence_level":0.95,"lower_bound":3.357837712002545,"upper_bound":6.974594956079197},"point_estimate":5.067024888901801,"standard_error":1.0292866650579948}}