{"Mean":{"confidence_interval":{"confidence_level":0.95,"lower_bound":-0.022109189090423247,"upper_bound":-0.014666610812273004},"point_estimate":-0.018592409411861355,"standard_error":0.0019165318774768145},"Median":{"confidence_interval":{"confidence_level":0.95,"lower_bound":-0.02260639595826408,"upper_bound":-0.01419138901609096},"point_estimate":-0.0178966869087277,"standard_error":0.002138211868517964}}