{"Mean":{"confidence_interval":{"confidence_level":0.95,"lower_bound":-0.015921829459977173,"upper_bound":-0.006831065857838614},"point_estimate":-0.011265048510379017,"standard_error":0.002316777165047725},"Median":{"confidence_interval":{"confidence_level":0.95,"lower_bound":-0.015539697288735832,"upper_bound":-0.0030666170572114515},"point_estimate":-0.0076330995570412785,"standard_error":0.003228133947094066}}