{"Mean":{"confidence_interval":{"confidence_level":0.95,"lower_bound":0.03500269573976492,"upper_bound":0.044251113376386084},"point_estimate":0.03995122512992677,"standard_error":0.002365369248938399},"Median":{"confidence_interval":{"confidence_level":0.95,"lower_bound":0.03137463382979089,"upper_bound":0.04256695174821434},"point_estimate":0.03676172319932158,"standard_error":0.0027070408727598817}}