{"Mean":{"confidence_interval":{"confidence_level":0.95,"lower_bound":-0.03202845608340989,"upper_bound":-0.021578044115037054},"point_estimate":-0.026463597746016476,"standard_error":0.00267483324636753},"Median":{"confidence_interval":{"confidence_level":0.95,"lower_bound":-0.03037738732723283,"upper_bound":-0.019556050557742122},"point_estimate":-0.02549509390103588,"standard_error":0.0027018817912887435}}