{"Mean":{"confidence_interval":{"confidence_level":0.95,"lower_bound":-0.021201344255715078,"upper_bound":-0.009612515441204415},"point_estimate":-0.014564140901139,"standard_error":0.0029986214412479027},"Median":{"confidence_interval":{"confidence_level":0.95,"lower_bound":-0.01525897090947892,"upper_bound":-0.008891370284156652},"point_estimate":-0.012757541881150414,"standard_error":0.0015530195165180103}}