{"Mean":{"confidence_interval":{"confidence_level":0.95,"lower_bound":0.006890431089717475,"upper_bound":0.014828320235315254},"point_estimate":0.00997807005346285,"standard_error":0.002057148212294781},"Median":{"confidence_interval":{"confidence_level":0.95,"lower_bound":0.00510422279577627,"upper_bound":0.010645517108698543},"point_estimate":0.007679761192822321,"standard_error":0.0014019378448563253}}