{"Mean":{"confidence_interval":{"confidence_level":0.95,"lower_bound":0.0009534110927829358,"upper_bound":0.01358356253233186},"point_estimate":0.006309790416423544,"standard_error":0.0032951228635736173},"Median":{"confidence_interval":{"confidence_level":0.95,"lower_bound":-0.00040174900761857923,"upper_bound":0.005753346751047106},"point_estimate":0.0035427791968549727,"standard_error":0.0013739218798478157}}