{"Mean":{"confidence_interval":{"confidence_level":0.95,"lower_bound":-0.012938165870652015,"upper_bound":-0.004181623059558029},"point_estimate":-0.008772349960725734,"standard_error":0.0022303606062063944},"Median":{"confidence_interval":{"confidence_level":0.95,"lower_bound":-0.010043784881713536,"upper_bound":-0.0023292796757764063},"point_estimate":-0.006339865869435135,"standard_error":0.0023060769700169828}}