{"Mean":{"confidence_interval":{"confidence_level":0.95,"lower_bound":12237372.789702935,"upper_bound":12320532.70038167},"point_estimate":12278317.175468039,"standard_error":21176.2901547295},"Median":{"confidence_interval":{"confidence_level":0.95,"lower_bound":12193459.875,"upper_bound":12298447.846153846},"point_estimate":12236318.009469697,"standard_error":26959.35125882449},"MedianAbsDev":{"confidence_interval":{"confidence_level":0.95,"lower_bound":151464.40161343248,"upper_bound":266332.2713838348},"point_estimate":222340.718937436,"standard_error":28438.725491149482},"Slope":{"confidence_interval":{"confidence_level":0.95,"lower_bound":12190470.910977433,"upper_bound":12281878.928576227},"point_estimate":12233104.823948573,"standard_error":23306.536719742624},"StdDev":{"confidence_interval":{"confidence_level":0.95,"lower_bound":178710.88932467723,"upper_bound":245065.66294848672},"point_estimate":212699.2730109149,"standard_error":17033.7697445654}}