{"Mean":{"confidence_interval":{"confidence_level":0.95,"lower_bound":13113827.66827554,"upper_bound":13272549.534546683},"point_estimate":13187055.193807457,"standard_error":40675.775531314},"Median":{"confidence_interval":{"confidence_level":0.95,"lower_bound":13059217.0,"upper_bound":13164807.273592804},"point_estimate":13126054.225885225,"standard_error":25162.556630484214},"MedianAbsDev":{"confidence_interval":{"confidence_level":0.95,"lower_bound":165349.44528492406,"upper_bound":257117.282534634},"point_estimate":214857.9394229441,"standard_error":23484.074355816436},"Slope":{"confidence_interval":{"confidence_level":0.95,"lower_bound":13107277.635841375,"upper_bound":13261167.959069101},"point_estimate":13173431.206502143,"standard_error":39651.07443144294},"StdDev":{"confidence_interval":{"confidence_level":0.95,"lower_bound":234672.92496198465,"upper_bound":553566.2396241738},"point_estimate":408225.8617538373,"standard_error":80565.06944285006}}