{"Mean":{"confidence_interval":{"confidence_level":0.95,"lower_bound":3053.252523345545,"upper_bound":3077.348464485104},"point_estimate":3064.728258748498,"standard_error":6.154779317526504},"Median":{"confidence_interval":{"confidence_level":0.95,"lower_bound":3048.1786492374727,"upper_bound":3067.3926681783823},"point_estimate":3055.6479544880576,"standard_error":4.396783143577263},"MedianAbsDev":{"confidence_interval":{"confidence_level":0.95,"lower_bound":24.712345184587676,"upper_bound":42.06823078182517},"point_estimate":32.57866668771618,"standard_error":4.393046033943926},"Slope":{"confidence_interval":{"confidence_level":0.95,"lower_bound":3068.0022465936527,"upper_bound":3118.0378125273983},"point_estimate":3092.0050125609578,"standard_error":12.805527445487181},"StdDev":{"confidence_interval":{"confidence_level":0.95,"lower_bound":42.28029035386536,"upper_bound":77.88185619106312},"point_estimate":61.65360805036665,"standard_error":9.106785796849172}}