{"Mean":{"confidence_interval":{"confidence_level":0.95,"lower_bound":3108.1902760430503,"upper_bound":3117.0471101123085},"point_estimate":3112.5955710080507,"standard_error":2.256683992093961},"Median":{"confidence_interval":{"confidence_level":0.95,"lower_bound":3102.4741379310344,"upper_bound":3118.4584639498435},"point_estimate":3111.0585283377122,"standard_error":4.722929459317269},"MedianAbsDev":{"confidence_interval":{"confidence_level":0.95,"lower_bound":20.468671439116125,"upper_bound":32.47238516326278},"point_estimate":26.819545454621707,"standard_error":3.0624391559869393},"Slope":{"confidence_interval":{"confidence_level":0.95,"lower_bound":3112.440845227756,"upper_bound":3124.5530705933443},"point_estimate":3118.519412954162,"standard_error":3.0987878496039896},"StdDev":{"confidence_interval":{"confidence_level":0.95,"lower_bound":19.867967637352283,"upper_bound":25.233018263907528},"point_estimate":22.725673625483683,"standard_error":1.3679161865050378}}