{"Mean":{"confidence_interval":{"confidence_level":0.95,"lower_bound":1202295.8762414367,"upper_bound":1214467.9383635798},"point_estimate":1208253.7006668043,"standard_error":3105.575631177089},"Median":{"confidence_interval":{"confidence_level":0.95,"lower_bound":1193935.7272727273,"upper_bound":1204258.9024583665},"point_estimate":1200526.444891641,"standard_error":2297.167062358848},"MedianAbsDev":{"confidence_interval":{"confidence_level":0.95,"lower_bound":18825.81813242722,"upper_bound":32643.651916303203},"point_estimate":26919.285682262016,"standard_error":3267.891025988183},"Slope":{"confidence_interval":{"confidence_level":0.95,"lower_bound":1186619.0982710575,"upper_bound":1194465.2921756487},"point_estimate":1190320.9329333531,"standard_error":2001.0705131129405},"StdDev":{"confidence_interval":{"confidence_level":0.95,"lower_bound":25774.479599463233,"upper_bound":35891.122882021504},"point_estimate":31238.310956024907,"standard_error":2581.671417695336}}