{"Mean":{"confidence_interval":{"confidence_level":0.95,"lower_bound":1404639.9399434444,"upper_bound":1425450.8468358165},"point_estimate":1414698.619070897,"standard_error":5299.295291036392},"Median":{"confidence_interval":{"confidence_level":0.95,"lower_bound":1387292.6129032257,"upper_bound":1421287.4686520377},"point_estimate":1399828.514520202,"standard_error":9590.21553961},"MedianAbsDev":{"confidence_interval":{"confidence_level":0.95,"lower_bound":36563.16767431502,"upper_bound":61172.861348335486},"point_estimate":45126.4283149748,"standard_error":6623.472677478407},"Slope":{"confidence_interval":{"confidence_level":0.95,"lower_bound":1388631.0801770815,"upper_bound":1406555.2776645597},"point_estimate":1396930.240762524,"standard_error":4575.756506182507},"StdDev":{"confidence_interval":{"confidence_level":0.95,"lower_bound":43683.80674873354,"upper_bound":61504.45550174306},"point_estimate":53201.07466755903,"standard_error":4553.199253699539}}