{"Mean":{"confidence_interval":{"confidence_level":0.95,"lower_bound":208623.9173625557,"upper_bound":212716.84471325987},"point_estimate":210512.1492294041,"standard_error":1048.166946869751},"Median":{"confidence_interval":{"confidence_level":0.95,"lower_bound":206232.87184175532,"upper_bound":207127.86666666667},"point_estimate":206653.74835526315,"standard_error":244.37848746406826},"MedianAbsDev":{"confidence_interval":{"confidence_level":0.95,"lower_bound":1130.5632168956715,"upper_bound":2345.3014719989696},"point_estimate":1803.0310113231476,"standard_error":312.0021724001223},"Slope":{"confidence_interval":{"confidence_level":0.95,"lower_bound":208482.69956255073,"upper_bound":212112.31133039272},"point_estimate":210200.21949283287,"standard_error":926.0149144240619},"StdDev":{"confidence_interval":{"confidence_level":0.95,"lower_bound":6276.873530820881,"upper_bound":14058.664370621753},"point_estimate":10558.175572849412,"standard_error":1974.1383869322922}}