{"Mean":{"confidence_interval":{"confidence_level":0.95,"lower_bound":239809.3524445924,"upper_bound":242154.65917276352},"point_estimate":240852.21644627373,"standard_error":600.7012406987776},"Median":{"confidence_interval":{"confidence_level":0.95,"lower_bound":238736.1695652174,"upper_bound":240014.97352583587},"point_estimate":239297.96970588237,"standard_error":296.21454974349984},"MedianAbsDev":{"confidence_interval":{"confidence_level":0.95,"lower_bound":1934.7919499011282,"upper_bound":3587.5924119495785},"point_estimate":2760.1689574726042,"standard_error":414.608625525094},"Slope":{"confidence_interval":{"confidence_level":0.95,"lower_bound":238648.5876667269,"upper_bound":239869.268460543},"point_estimate":239221.8042742722,"standard_error":310.89762806130926},"StdDev":{"confidence_interval":{"confidence_level":0.95,"lower_bound":3104.583711756528,"upper_bound":8939.829371265292},"point_estimate":6057.234703516569,"standard_error":1616.2203893093997}}