{"Mean":{"confidence_interval":{"confidence_level":0.95,"lower_bound":143.04286823870484,"upper_bound":155.38364462667298},"point_estimate":148.94693645112727,"standard_error":3.1532359539785784},"Median":{"confidence_interval":{"confidence_level":0.95,"lower_bound":132.74039746780863,"upper_bound":133.66405869990894},"point_estimate":132.9342849179309,"standard_error":0.32810933242090157},"MedianAbsDev":{"confidence_interval":{"confidence_level":0.95,"lower_bound":0.843571959282922,"upper_bound":2.670575279614231},"point_estimate":1.2705343297288583,"standard_error":0.5626566274379965},"Slope":{"confidence_interval":{"confidence_level":0.95,"lower_bound":138.2570035546406,"upper_bound":145.01367093118228},"point_estimate":141.28238699289238,"standard_error":1.7294740818529801},"StdDev":{"confidence_interval":{"confidence_level":0.95,"lower_bound":24.670136106186817,"upper_bound":36.82990180575781},"point_estimate":31.616166421235334,"standard_error":3.1120897674999983}}