{"Mean":{"confidence_interval":{"confidence_level":0.95,"lower_bound":32.484273938596985,"upper_bound":32.586288262971756},"point_estimate":32.5303663191233,"standard_error":0.026113355701919784},"Median":{"confidence_interval":{"confidence_level":0.95,"lower_bound":32.4508929521437,"upper_bound":32.50080882747392},"point_estimate":32.48221986842733,"standard_error":0.01157493684125324},"MedianAbsDev":{"confidence_interval":{"confidence_level":0.95,"lower_bound":0.0820014951746475,"upper_bound":0.1522674125645813},"point_estimate":0.11083101108496567,"standard_error":0.018169496224474883},"Slope":{"confidence_interval":{"confidence_level":0.95,"lower_bound":32.47867217529638,"upper_bound":32.53585102217621},"point_estimate":32.5064849980965,"standard_error":0.014599114006276226},"StdDev":{"confidence_interval":{"confidence_level":0.95,"lower_bound":0.13264990175355285,"upper_bound":0.38315331829010263},"point_estimate":0.26318646449683414,"standard_error":0.06577554134527804}}