{"Mean":{"confidence_interval":{"confidence_level":0.95,"lower_bound":479727.38080638763,"upper_bound":482810.0062168257},"point_estimate":481193.04884360783,"standard_error":784.2329663898329},"Median":{"confidence_interval":{"confidence_level":0.95,"lower_bound":477813.2873563218,"upper_bound":480589.71462703927},"point_estimate":479384.12360541895,"standard_error":764.6242796834098},"MedianAbsDev":{"confidence_interval":{"confidence_level":0.95,"lower_bound":4210.58390620795,"upper_bound":7419.123063765431},"point_estimate":5848.346110016849,"standard_error":741.6938949424394},"Slope":{"confidence_interval":{"confidence_level":0.95,"lower_bound":478892.28512268607,"upper_bound":481061.76545493124},"point_estimate":479949.55541894486,"standard_error":552.2137126558945},"StdDev":{"confidence_interval":{"confidence_level":0.95,"lower_bound":5841.072986707502,"upper_bound":9715.618205312683},"point_estimate":7859.857995453547,"standard_error":992.0538936053832}}