{"Mean":{"confidence_interval":{"confidence_level":0.95,"lower_bound":370636.9465017335,"upper_bound":372635.312640881},"point_estimate":371592.7912390312,"standard_error":510.6025397452005},"Median":{"confidence_interval":{"confidence_level":0.95,"lower_bound":369264.57038123166,"upper_bound":371173.8431219681},"point_estimate":370380.1824293785,"standard_error":490.9829832069215},"MedianAbsDev":{"confidence_interval":{"confidence_level":0.95,"lower_bound":2728.0827383125165,"upper_bound":4675.741251261017},"point_estimate":3872.350114959736,"standard_error":494.8008170283355},"Slope":{"confidence_interval":{"confidence_level":0.95,"lower_bound":370453.4475762209,"upper_bound":373156.11380437826},"point_estimate":371711.5163647111,"standard_error":691.9985463134869},"StdDev":{"confidence_interval":{"confidence_level":0.95,"lower_bound":3926.603352411298,"upper_bound":6192.476085099586},"point_estimate":5142.55341866742,"standard_error":578.9839095295641}}