{"Mean":{"confidence_interval":{"confidence_level":0.95,"lower_bound":2680225.592069728,"upper_bound":2689773.41422449},"point_estimate":2684907.4987755106,"standard_error":2449.442612122738},"Median":{"confidence_interval":{"confidence_level":0.95,"lower_bound":2677867.3571428573,"upper_bound":2694401.880952381},"point_estimate":2684467.064285714,"standard_error":3795.0836763656903},"MedianAbsDev":{"confidence_interval":{"confidence_level":0.95,"lower_bound":968.6899756598807,"upper_bound":14321.735715738394},"point_estimate":10775.049468704327,"standard_error":3631.032639829718},"Slope":{"confidence_interval":{"confidence_level":0.95,"lower_bound":2678336.533351545,"upper_bound":2692301.3139435416},"point_estimate":2685804.368089054,"standard_error":3674.7553714735227},"StdDev":{"confidence_interval":{"confidence_level":0.95,"lower_bound":4732.401003612698,"upper_bound":9737.060833035404},"point_estimate":8167.698828102017,"standard_error":1236.0059740594797}}