{"Mean":{"confidence_interval":{"confidence_level":0.95,"lower_bound":0.010548421934492399,"upper_bound":0.038377140080924556},"point_estimate":0.024296134625730437,"standard_error":0.007031319231483811},"Median":{"confidence_interval":{"confidence_level":0.95,"lower_bound":0.005846457446852638,"upper_bound":0.042234264525342624},"point_estimate":0.023316088596655238,"standard_error":0.009056896136111577}}