{"Mean":{"confidence_interval":{"confidence_level":0.95,"lower_bound":-0.08697893552913166,"upper_bound":-0.06683790627742964},"point_estimate":-0.07695977826567368,"standard_error":0.005138736194764759},"Median":{"confidence_interval":{"confidence_level":0.95,"lower_bound":-0.08989130862087591,"upper_bound":-0.060376855228753704},"point_estimate":-0.0738042954323902,"standard_error":0.007114213056692391}}