{"Mean":{"confidence_interval":{"confidence_level":0.95,"lower_bound":-0.0024531890874116527,"upper_bound":0.01233633578824814},"point_estimate":0.0047333745646855885,"standard_error":0.0037800620789725232},"Median":{"confidence_interval":{"confidence_level":0.95,"lower_bound":-0.0038628032535260592,"upper_bound":0.015193516438660959},"point_estimate":0.008755984396913608,"standard_error":0.0051319553410587}}