{"Mean":{"confidence_interval":{"confidence_level":0.95,"lower_bound":0.11790753046202535,"upper_bound":0.13911374322012773},"point_estimate":0.12826122960520925,"standard_error":0.005373011228038356},"Median":{"confidence_interval":{"confidence_level":0.95,"lower_bound":0.11466214813372289,"upper_bound":0.13842311377052718},"point_estimate":0.12685324440628598,"standard_error":0.006227726369396628}}