{"Mean":{"confidence_interval":{"confidence_level":0.95,"lower_bound":7317667.882698414,"upper_bound":7357525.702592592},"point_estimate":7335142.778624339,"standard_error":10337.38215573484},"Median":{"confidence_interval":{"confidence_level":0.95,"lower_bound":7313363.616666667,"upper_bound":7345098.452380952},"point_estimate":7328058.75,"standard_error":8817.284449703488},"MedianAbsDev":{"confidence_interval":{"confidence_level":0.95,"lower_bound":3961.342396338244,"upper_bound":42460.77996172597},"point_estimate":23094.869662205827,"standard_error":9904.541665329089},"Slope":{"confidence_interval":{"confidence_level":0.95,"lower_bound":7306498.294398546,"upper_bound":7339055.788553975},"point_estimate":7321249.555844156,"standard_error":8453.44082428048},"StdDev":{"confidence_interval":{"confidence_level":0.95,"lower_bound":11680.570119162945,"upper_bound":49886.64902339784},"point_estimate":34521.11243159772,"standard_error":11383.997634423082}}