{"Mean":{"confidence_interval":{"confidence_level":0.95,"lower_bound":687057.4274552979,"upper_bound":693309.7456745144},"point_estimate":690122.8489285454,"standard_error":1592.8163018370105},"Median":{"confidence_interval":{"confidence_level":0.95,"lower_bound":684371.75,"upper_bound":691421.5145474138},"point_estimate":687460.255050505,"standard_error":2008.391145525285},"MedianAbsDev":{"confidence_interval":{"confidence_level":0.95,"lower_bound":10704.76480410144,"upper_bound":18302.771620645217},"point_estimate":13912.56927006133,"standard_error":1836.4616942528692},"Slope":{"confidence_interval":{"confidence_level":0.95,"lower_bound":687985.6972835712,"upper_bound":693190.84966614},"point_estimate":690591.6726777006,"standard_error":1330.930684782467},"StdDev":{"confidence_interval":{"confidence_level":0.95,"lower_bound":13329.762963779018,"upper_bound":18230.91799930241},"point_estimate":15916.718279347619,"standard_error":1253.6356403696977}}