{"Mean":{"confidence_interval":{"confidence_level":0.95,"lower_bound":620333.6701695552,"upper_bound":624024.4602438388},"point_estimate":622016.7870120994,"standard_error":941.8618555050997},"Median":{"confidence_interval":{"confidence_level":0.95,"lower_bound":618421.5625,"upper_bound":622219.1332799145},"point_estimate":620393.0897435897,"standard_error":984.0005923651288},"MedianAbsDev":{"confidence_interval":{"confidence_level":0.95,"lower_bound":5527.027294063934,"upper_bound":8747.209685640859},"point_estimate":7386.074115024821,"standard_error":822.6294337464474},"Slope":{"confidence_interval":{"confidence_level":0.95,"lower_bound":618935.0551185483,"upper_bound":622218.1636431757},"point_estimate":620542.1990926556,"standard_error":840.0015422954132},"StdDev":{"confidence_interval":{"confidence_level":0.95,"lower_bound":6049.42421128684,"upper_bound":13435.21539287642},"point_estimate":9478.992609089779,"standard_error":2195.927689374534}}