{"Mean":{"confidence_interval":{"confidence_level":0.95,"lower_bound":0.07607799178440218,"upper_bound":0.09195571683614948},"point_estimate":0.08421909514096093,"standard_error":0.003986602473299013},"Median":{"confidence_interval":{"confidence_level":0.95,"lower_bound":0.08301536483354321,"upper_bound":0.09087639280310666},"point_estimate":0.08695543054174748,"standard_error":0.001951326323651335}}