{"Mean":{"confidence_interval":{"confidence_level":0.95,"lower_bound":-0.04853441212932095,"upper_bound":-0.03726635846282967},"point_estimate":-0.04382489390733102,"standard_error":0.0028580848123360863},"Median":{"confidence_interval":{"confidence_level":0.95,"lower_bound":-0.051691742822662534,"upper_bound":-0.045137985891295695},"point_estimate":-0.049168151830913276,"standard_error":0.0017189340503292426}}