{"Mean":{"confidence_interval":{"confidence_level":0.95,"lower_bound":-0.005246152713686064,"upper_bound":0.005059185899244384},"point_estimate":0.00007400909698973557,"standard_error":0.002629352292638314},"Median":{"confidence_interval":{"confidence_level":0.95,"lower_bound":-0.004618756528546819,"upper_bound":0.0050070433953930404},"point_estimate":-0.0007750275025855125,"standard_error":0.0023620276362012914}}