{"Mean":{"confidence_interval":{"confidence_level":0.95,"lower_bound":404.1175500885853,"upper_bound":406.7569015052525},"point_estimate":405.40971737256535,"standard_error":0.6755191015891634},"Median":{"confidence_interval":{"confidence_level":0.95,"lower_bound":404.48865030674847,"upper_bound":406.30903203817314},"point_estimate":405.38653234378205,"standard_error":0.3811152791010763},"MedianAbsDev":{"confidence_interval":{"confidence_level":0.95,"lower_bound":3.6099545951705325,"upper_bound":6.558335491259524},"point_estimate":4.663629160719414,"standard_error":0.7616479767364259},"Slope":{"confidence_interval":{"confidence_level":0.95,"lower_bound":402.4060456197649,"upper_bound":405.21659352867954},"point_estimate":403.76519543689557,"standard_error":0.7156854943724068},"StdDev":{"confidence_interval":{"confidence_level":0.95,"lower_bound":5.1396698976150645,"upper_bound":8.517635496177801},"point_estimate":6.7765386819448565,"standard_error":0.8859866793304412}}