{"Mean":{"confidence_interval":{"confidence_level":0.95,"lower_bound":1543.3326360340186,"upper_bound":1550.6412013750032},"point_estimate":1546.7920415100375,"standard_error":1.873286001007848},"Median":{"confidence_interval":{"confidence_level":0.95,"lower_bound":1541.7701151723586,"upper_bound":1552.274326161721},"point_estimate":1543.7005478685114,"standard_error":3.043964236645465},"MedianAbsDev":{"confidence_interval":{"confidence_level":0.95,"lower_bound":0.6225366497491931,"upper_bound":10.835940551444958},"point_estimate":4.352851307988758,"standard_error":2.7071429213688853},"Slope":{"confidence_interval":{"confidence_level":0.95,"lower_bound":1542.8311845503451,"upper_bound":1548.5277462107026},"point_estimate":1545.362126284497,"standard_error":1.4991565255891617},"StdDev":{"confidence_interval":{"confidence_level":0.95,"lower_bound":3.1953084653060193,"upper_bound":7.722656911219274},"point_estimate":6.256249073293157,"standard_error":1.1460022619034465}}