{"Mean":{"confidence_interval":{"confidence_level":0.95,"lower_bound":134.84771174377673,"upper_bound":135.8602940466999},"point_estimate":135.28326146396978,"standard_error":0.2620623272738797},"Median":{"confidence_interval":{"confidence_level":0.95,"lower_bound":134.6959029834212,"upper_bound":135.11185447315094},"point_estimate":134.88641406116272,"standard_error":0.11061141781165267},"MedianAbsDev":{"confidence_interval":{"confidence_level":0.95,"lower_bound":0.5128706180790201,"upper_bound":0.8241330609545056},"point_estimate":0.6137000793313832,"standard_error":0.08167742375763923},"Slope":{"confidence_interval":{"confidence_level":0.95,"lower_bound":134.92291945041146,"upper_bound":136.05917254254592},"point_estimate":135.37139134458312,"standard_error":0.2984996997833463},"StdDev":{"confidence_interval":{"confidence_level":0.95,"lower_bound":0.8256230063177097,"upper_bound":4.103031154011583},"point_estimate":2.6506526580606575,"standard_error":0.865333185631453}}