{"Mean":{"confidence_interval":{"confidence_level":0.95,"lower_bound":0.0006482744492029072,"upper_bound":0.01068056725300819},"point_estimate":0.005715416189004285,"standard_error":0.00254137967404463},"Median":{"confidence_interval":{"confidence_level":0.95,"lower_bound":0.00067000342101875,"upper_bound":0.010411593351561388},"point_estimate":0.004591295769482695,"standard_error":0.002453256675210574}}