{"Mean":{"confidence_interval":{"confidence_level":0.95,"lower_bound":-0.004342416630585873,"upper_bound":0.0077108168351722696},"point_estimate":0.0003710796757641077,"standard_error":0.0031764210535042},"Median":{"confidence_interval":{"confidence_level":0.95,"lower_bound":-0.007019750634167599,"upper_bound":0.003336469141231424},"point_estimate":-0.0028038156309946327,"standard_error":0.0030134965779523306}}