{"Mean":{"confidence_interval":{"confidence_level":0.95,"lower_bound":505.0195424625282,"upper_bound":507.70141712405996},"point_estimate":506.1517557856576,"standard_error":0.6976008533848115},"Median":{"confidence_interval":{"confidence_level":0.95,"lower_bound":504.01140052207467,"upper_bound":504.6708160527708},"point_estimate":504.2232958801498,"standard_error":0.16412834540411195},"MedianAbsDev":{"confidence_interval":{"confidence_level":0.95,"lower_bound":0.7874713791715787,"upper_bound":1.5325537882321085},"point_estimate":1.0719940597758346,"standard_error":0.20179634598743787},"Slope":{"confidence_interval":{"confidence_level":0.95,"lower_bound":504.72696966243865,"upper_bound":506.72541317278103},"point_estimate":505.62811545484584,"standard_error":0.5131764801097517},"StdDev":{"confidence_interval":{"confidence_level":0.95,"lower_bound":2.6518706225191764,"upper_bound":10.983052987814334},"point_estimate":7.017755492848585,"standard_error":2.4112702527658625}}