{"Mean":{"confidence_interval":{"confidence_level":0.95,"lower_bound":92701.32659824341,"upper_bound":93126.97603145284},"point_estimate":92884.18963845093,"standard_error":109.8926046927686},"Median":{"confidence_interval":{"confidence_level":0.95,"lower_bound":92546.10652832675,"upper_bound":92655.8738127544},"point_estimate":92592.73770292208,"standard_error":27.00768388496677},"MedianAbsDev":{"confidence_interval":{"confidence_level":0.95,"lower_bound":148.5365150330772,"upper_bound":285.4674372584222},"point_estimate":199.0166405417728,"standard_error":36.54571267087877},"Slope":{"confidence_interval":{"confidence_level":0.95,"lower_bound":92600.11969246222,"upper_bound":92915.14835552002},"point_estimate":92737.39139352742,"standard_error":80.96337699014693},"StdDev":{"confidence_interval":{"confidence_level":0.95,"lower_bound":408.4227140887586,"upper_bound":1705.4129329348937},"point_estimate":1106.4801733485983,"standard_error":352.3796442497406}}