{"Mean":{"confidence_interval":{"confidence_level":0.95,"lower_bound":107295.85117951626,"upper_bound":107915.60625441687},"point_estimate":107586.37160859752,"standard_error":157.46598430149496},"Median":{"confidence_interval":{"confidence_level":0.95,"lower_bound":106952.66565083865,"upper_bound":107539.62823529412},"point_estimate":107253.21276613168,"standard_error":160.32498074651147},"MedianAbsDev":{"confidence_interval":{"confidence_level":0.95,"lower_bound":794.0244937820378,"upper_bound":1379.3546066547992},"point_estimate":1040.32141731617,"standard_error":148.35863114851563},"Slope":{"confidence_interval":{"confidence_level":0.95,"lower_bound":107093.60633802658,"upper_bound":107622.07063743453},"point_estimate":107342.35547953303,"standard_error":135.43895755390065},"StdDev":{"confidence_interval":{"confidence_level":0.95,"lower_bound":1081.4961347916114,"upper_bound":2116.160606949915},"point_estimate":1578.3849588152573,"standard_error":280.2635283471253}}