{"Mean":{"confidence_interval":{"confidence_level":0.95,"lower_bound":93599.48381664176,"upper_bound":95605.66352353031},"point_estimate":94472.43656090414,"standard_error":518.1367423536709},"Median":{"confidence_interval":{"confidence_level":0.95,"lower_bound":92813.6019138756,"upper_bound":93093.90909090909},"point_estimate":92923.69447415331,"standard_error":75.26155652223234},"MedianAbsDev":{"confidence_interval":{"confidence_level":0.95,"lower_bound":398.8039699475083,"upper_bound":746.8242052863212},"point_estimate":492.4625070664937,"standard_error":93.60701867968403},"Slope":{"confidence_interval":{"confidence_level":0.95,"lower_bound":93795.51862334237,"upper_bound":95584.4973394224},"point_estimate":94622.6490301866,"standard_error":457.57419599107186},"StdDev":{"confidence_interval":{"confidence_level":0.95,"lower_bound":2373.0777189221885,"upper_bound":7887.981325012764},"point_estimate":5220.822142235889,"standard_error":1544.6963711578653}}