{"Mean":{"confidence_interval":{"confidence_level":0.95,"lower_bound":8614642.488801401,"upper_bound":8655474.963494124},"point_estimate":8634372.095896708,"standard_error":10448.273438298493},"Median":{"confidence_interval":{"confidence_level":0.95,"lower_bound":8600677.19736842,"upper_bound":8637078.608695652},"point_estimate":8618829.75,"standard_error":9311.572777498577},"MedianAbsDev":{"confidence_interval":{"confidence_level":0.95,"lower_bound":60727.094353695895,"upper_bound":102164.00696976071},"point_estimate":77099.90885523349,"standard_error":10368.723320860956},"Slope":{"confidence_interval":{"confidence_level":0.95,"lower_bound":8599016.855594328,"upper_bound":8640337.155507367},"point_estimate":8618258.335829763,"standard_error":10540.2955333723},"StdDev":{"confidence_interval":{"confidence_level":0.95,"lower_bound":82721.42795002446,"upper_bound":124865.03459231887},"point_estimate":104796.1316966948,"standard_error":10793.405261304604}}