{"Mean":{"confidence_interval":{"confidence_level":0.95,"lower_bound":37.26368968779025,"upper_bound":37.39321951694128},"point_estimate":37.32034679149002,"standard_error":0.03332009740507891},"Median":{"confidence_interval":{"confidence_level":0.95,"lower_bound":37.20734307411895,"upper_bound":37.284908283193694},"point_estimate":37.249989966838754,"standard_error":0.019211341517781106},"MedianAbsDev":{"confidence_interval":{"confidence_level":0.95,"lower_bound":0.12182744810963742,"upper_bound":0.21385577266835876},"point_estimate":0.17434841645356192,"standard_error":0.02448083145577114},"Slope":{"confidence_interval":{"confidence_level":0.95,"lower_bound":37.24355223807928,"upper_bound":37.304473085571395},"point_estimate":37.27290583419614,"standard_error":0.015589132200636442},"StdDev":{"confidence_interval":{"confidence_level":0.95,"lower_bound":0.1696431659962155,"upper_bound":0.5063946437377687},"point_estimate":0.33452584531986596,"standard_error":0.10254691299993711}}