{"Mean":{"confidence_interval":{"confidence_level":0.95,"lower_bound":37.238768436263285,"upper_bound":37.334492219218326},"point_estimate":37.284398853125,"standard_error":0.0244050026629557},"Median":{"confidence_interval":{"confidence_level":0.95,"lower_bound":37.15734768377068,"upper_bound":37.31321936632679},"point_estimate":37.23884970796436,"standard_error":0.04193867866117387},"MedianAbsDev":{"confidence_interval":{"confidence_level":0.95,"lower_bound":0.14915369207122794,"upper_bound":0.2700301675421865},"point_estimate":0.2153742340620688,"standard_error":0.03134581386654038},"Slope":{"confidence_interval":{"confidence_level":0.95,"lower_bound":37.27197945597364,"upper_bound":37.37563385421904},"point_estimate":37.32218351403323,"standard_error":0.02641593910953263},"StdDev":{"confidence_interval":{"confidence_level":0.95,"lower_bound":0.18153402542095481,"upper_bound":0.31566105701753816},"point_estimate":0.24573425745224303,"standard_error":0.03557369384946497}}