{"Mean":{"confidence_interval":{"confidence_level":0.95,"lower_bound":37.510179503452754,"upper_bound":37.732381922974334},"point_estimate":37.60868014919022,"standard_error":0.05735646219769947},"Median":{"confidence_interval":{"confidence_level":0.95,"lower_bound":37.35304947250471,"upper_bound":37.49076574188679},"point_estimate":37.43109245268986,"standard_error":0.03699709188841741},"MedianAbsDev":{"confidence_interval":{"confidence_level":0.95,"lower_bound":0.13252563173717655,"upper_bound":0.3045025468944231},"point_estimate":0.2257172128028317,"standard_error":0.04454063093398682},"Slope":{"confidence_interval":{"confidence_level":0.95,"lower_bound":37.52719188761827,"upper_bound":37.688891743599825},"point_estimate":37.60633765602484,"standard_error":0.041335241047524944},"StdDev":{"confidence_interval":{"confidence_level":0.95,"lower_bound":0.29415581260732254,"upper_bound":0.859326831650566},"point_estimate":0.5763768941081606,"standard_error":0.1644304396360653}}