{"Mean":{"confidence_interval":{"confidence_level":0.95,"lower_bound":-0.020875020085221956,"upper_bound":-0.015950696712552028},"point_estimate":-0.01847269829419851,"standard_error":0.001250851524842066},"Median":{"confidence_interval":{"confidence_level":0.95,"lower_bound":-0.022182331471893524,"upper_bound":-0.01537658822571275},"point_estimate":-0.01922767769319733,"standard_error":0.001763185308864411}}