{"Mean":{"confidence_interval":{"confidence_level":0.95,"lower_bound":0.006233467442682762,"upper_bound":0.01698961163078082},"point_estimate":0.010914096558015007,"standard_error":0.002771220801941922},"Median":{"confidence_interval":{"confidence_level":0.95,"lower_bound":0.005474276547440704,"upper_bound":0.012293521992784884},"point_estimate":0.008497930605829485,"standard_error":0.0017303780402754783}}