{"Mean":{"confidence_interval":{"confidence_level":0.95,"lower_bound":0.008996774419564096,"upper_bound":0.021469521465230876},"point_estimate":0.015294432546484327,"standard_error":0.003199031639423557},"Median":{"confidence_interval":{"confidence_level":0.95,"lower_bound":0.01062879457388477,"upper_bound":0.01880776323286293},"point_estimate":0.01360966313374301,"standard_error":0.001995800623383579}}