{"Mean":{"confidence_interval":{"confidence_level":0.95,"lower_bound":13618.55050108438,"upper_bound":13686.078480212389},"point_estimate":13648.473904794118,"standard_error":17.331017243675863},"Median":{"confidence_interval":{"confidence_level":0.95,"lower_bound":13611.809712756147,"upper_bound":13634.102361293551},"point_estimate":13620.865924657533,"standard_error":5.287924961713745},"MedianAbsDev":{"confidence_interval":{"confidence_level":0.95,"lower_bound":55.61299843588726,"upper_bound":96.18772415967257},"point_estimate":76.35716401829141,"standard_error":10.064415612959738},"Slope":{"confidence_interval":{"confidence_level":0.95,"lower_bound":13597.454736769572,"upper_bound":13645.778433916457},"point_estimate":13620.084124407125,"standard_error":12.321794301608666},"StdDev":{"confidence_interval":{"confidence_level":0.95,"lower_bound":76.74569038223527,"upper_bound":259.14062782965334},"point_estimate":174.6381542681381,"standard_error":47.347989978315546}}