{"Mean":{"confidence_interval":{"confidence_level":0.95,"lower_bound":14006.478714372111,"upper_bound":14123.439097242888},"point_estimate":14063.40579008365,"standard_error":29.779895747727476},"Median":{"confidence_interval":{"confidence_level":0.95,"lower_bound":13943.250956172189,"upper_bound":14095.720115356886},"point_estimate":14040.444320598996,"standard_error":33.43333694943025},"MedianAbsDev":{"confidence_interval":{"confidence_level":0.95,"lower_bound":250.50732392090785,"upper_bound":370.65647834409197},"point_estimate":318.56157173181236,"standard_error":29.9763943472294},"Slope":{"confidence_interval":{"confidence_level":0.95,"lower_bound":13946.734955010503,"upper_bound":14075.175822548279},"point_estimate":14010.595119141846,"standard_error":32.688659156459856},"StdDev":{"confidence_interval":{"confidence_level":0.95,"lower_bound":242.6704512020089,"upper_bound":360.57616921224},"point_estimate":299.3329481239593,"standard_error":30.520635229113232}}