{"Mean":{"confidence_interval":{"confidence_level":0.95,"lower_bound":13534.061069247447,"upper_bound":13596.165949754088},"point_estimate":13562.374300166355,"standard_error":15.846609537338324},"Median":{"confidence_interval":{"confidence_level":0.95,"lower_bound":13510.386798722318,"upper_bound":13566.871199465419},"point_estimate":13549.465623702781,"standard_error":13.475798686408336},"MedianAbsDev":{"confidence_interval":{"confidence_level":0.95,"lower_bound":89.68936291916792,"upper_bound":148.5396448626264},"point_estimate":126.8088828685553,"standard_error":15.541850514693108},"Slope":{"confidence_interval":{"confidence_level":0.95,"lower_bound":13539.169405041966,"upper_bound":13596.887900596339},"point_estimate":13565.896716741803,"standard_error":14.813864131368442},"StdDev":{"confidence_interval":{"confidence_level":0.95,"lower_bound":98.01772191453935,"upper_bound":224.3851671147758},"point_estimate":159.14693912975486,"standard_error":35.38738249937664}}