{"Mean":{"confidence_interval":{"confidence_level":0.95,"lower_bound":8858.579379069011,"upper_bound":8917.285270365399},"point_estimate":8886.9847058493,"standard_error":15.004482382516478},"Median":{"confidence_interval":{"confidence_level":0.95,"lower_bound":8836.258409288195,"upper_bound":8937.650104631695},"point_estimate":8868.274047851562,"standard_error":27.14628355572601},"MedianAbsDev":{"confidence_interval":{"confidence_level":0.95,"lower_bound":2.4508396289342196,"upper_bound":84.42321191264631},"point_estimate":49.917224520285714,"standard_error":19.69810352953737},"Slope":{"confidence_interval":{"confidence_level":0.95,"lower_bound":8841.661939071606,"upper_bound":8911.925962094907},"point_estimate":8865.141422737419,"standard_error":18.2509651662933},"StdDev":{"confidence_interval":{"confidence_level":0.95,"lower_bound":29.63706494921999,"upper_bound":58.607516948130915},"point_estimate":50.02800243663904,"standard_error":7.1167213250930415}}