{"Mean":{"confidence_interval":{"confidence_level":0.95,"lower_bound":6646309.05015873,"upper_bound":7278797.275425927},"point_estimate":6951577.280052911,"standard_error":156947.64531847893},"Median":{"confidence_interval":{"confidence_level":0.95,"lower_bound":6598827.444444444,"upper_bound":7653628.148148148},"point_estimate":6646573.916666667,"standard_error":260312.38360459323},"MedianAbsDev":{"confidence_interval":{"confidence_level":0.95,"lower_bound":20096.60734321324,"upper_bound":815726.2094392144},"point_estimate":92720.89632054185,"standard_error":219976.44367991798},"Slope":{"confidence_interval":{"confidence_level":0.95,"lower_bound":6620016.9244162645,"upper_bound":7588517.370833334},"point_estimate":7301639.0311688315,"standard_error":213005.28274175694},"StdDev":{"confidence_interval":{"confidence_level":0.95,"lower_bound":57474.454368510684,"upper_bound":584931.8913130875},"point_estimate":521282.1819330343,"standard_error":103668.71432075457}}