{"Mean":{"confidence_interval":{"confidence_level":0.95,"lower_bound":22790720.899126984,"upper_bound":22939353.238655753},"point_estimate":22869722.02662698,"standard_error":38110.26058024527},"Median":{"confidence_interval":{"confidence_level":0.95,"lower_bound":22796229.152777776,"upper_bound":22936677.854166664},"point_estimate":22881637.976190478,"standard_error":29836.671624473023},"MedianAbsDev":{"confidence_interval":{"confidence_level":0.95,"lower_bound":6507.696084464774,"upper_bound":224009.77770636234},"point_estimate":66787.7047142782,"standard_error":52567.540151124864},"Slope":{"confidence_interval":{"confidence_level":0.95,"lower_bound":22808072.89037946,"upper_bound":22995622.389547154},"point_estimate":22916755.742857143,"standard_error":48713.14992240532},"StdDev":{"confidence_interval":{"confidence_level":0.95,"lower_bound":36915.435108046295,"upper_bound":171761.7938735967},"point_estimate":127265.98117576195,"standard_error":32650.709869069276}}