{"Mean":{"confidence_interval":{"confidence_level":0.95,"lower_bound":678.0183801599519,"upper_bound":695.4072024350061},"point_estimate":685.9854036732212,"standard_error":4.438070014273109},"Median":{"confidence_interval":{"confidence_level":0.95,"lower_bound":667.7831564986736,"upper_bound":671.3732066544567},"point_estimate":668.9684881707908,"standard_error":1.0848079507601012},"MedianAbsDev":{"confidence_interval":{"confidence_level":0.95,"lower_bound":3.6451384143067482,"upper_bound":7.62541884031631},"point_estimate":5.027163282144196,"standard_error":1.0148727230895525},"Slope":{"confidence_interval":{"confidence_level":0.95,"lower_bound":675.6268660248562,"upper_bound":689.6069247730261},"point_estimate":682.2068942524891,"standard_error":3.5836323717234637},"StdDev":{"confidence_interval":{"confidence_level":0.95,"lower_bound":27.155573375604714,"upper_bound":60.52337358214542},"point_estimate":44.623249742267475,"standard_error":8.63417340194653}}