{"Mean":{"confidence_interval":{"confidence_level":0.95,"lower_bound":291642.0914301087,"upper_bound":293846.3412719479},"point_estimate":292702.65843534115,"standard_error":563.0583659332549},"Median":{"confidence_interval":{"confidence_level":0.95,"lower_bound":290235.7398989899,"upper_bound":292337.84230769234},"point_estimate":291734.2792207792,"standard_error":596.6555177119981},"MedianAbsDev":{"confidence_interval":{"confidence_level":0.95,"lower_bound":3102.652593872415,"upper_bound":5529.157822329629},"point_estimate":4426.940542284282,"standard_error":640.6729246406854},"Slope":{"confidence_interval":{"confidence_level":0.95,"lower_bound":291614.86414731544,"upper_bound":293918.6667160409},"point_estimate":292723.92218191223,"standard_error":588.5946306264229},"StdDev":{"confidence_interval":{"confidence_level":0.95,"lower_bound":4291.05601334608,"upper_bound":7030.080748805492},"point_estimate":5676.12521731713,"standard_error":706.2951636440994}}