{"Mean":{"confidence_interval":{"confidence_level":0.95,"lower_bound":50.86634912113181,"upper_bound":51.00302077291191},"point_estimate":50.93240578088238,"standard_error":0.03517122168910174},"Median":{"confidence_interval":{"confidence_level":0.95,"lower_bound":50.83192602624983,"upper_bound":51.044177666281435},"point_estimate":50.895723931822445,"standard_error":0.05927544810826504},"MedianAbsDev":{"confidence_interval":{"confidence_level":0.95,"lower_bound":0.023956695968526308,"upper_bound":0.18595379100609938},"point_estimate":0.14362598652001043,"standard_error":0.043971149276606745},"Slope":{"confidence_interval":{"confidence_level":0.95,"lower_bound":50.847436418531444,"upper_bound":51.0222800542642},"point_estimate":50.94362418707381,"standard_error":0.04552317298321802},"StdDev":{"confidence_interval":{"confidence_level":0.95,"lower_bound":0.06939689061362038,"upper_bound":0.1433601449085073},"point_estimate":0.11699130406980963,"standard_error":0.0190901429903994}}