{"Mean":{"confidence_interval":{"confidence_level":0.95,"lower_bound":-0.013109891089371386,"upper_bound":-0.0005777020255153139},"point_estimate":-0.006715292523705951,"standard_error":0.003203688524340933},"Median":{"confidence_interval":{"confidence_level":0.95,"lower_bound":-0.00977644977809522,"upper_bound":0.0007051351002944628},"point_estimate":-0.004786671017962485,"standard_error":0.0027738143265870507}}