{"Mean":{"confidence_interval":{"confidence_level":0.95,"lower_bound":-0.0010443017032907805,"upper_bound":0.00817918449390856},"point_estimate":0.002819079644232003,"standard_error":0.0023608045643590363},"Median":{"confidence_interval":{"confidence_level":0.95,"lower_bound":-0.001542492537889406,"upper_bound":0.004786441183249668},"point_estimate":0.001620295986041631,"standard_error":0.0018869583805099267}}