{"Mean":{"confidence_interval":{"confidence_level":0.95,"lower_bound":-0.0013137353004236047,"upper_bound":0.013158142024231483},"point_estimate":0.00572073328265188,"standard_error":0.0036791718125534787},"Median":{"confidence_interval":{"confidence_level":0.95,"lower_bound":-0.0017847434517258565,"upper_bound":0.00841107125213214},"point_estimate":0.003499588666989295,"standard_error":0.00250169381352562}}