{"Mean":{"confidence_interval":{"confidence_level":0.95,"lower_bound":77.75578300239957,"upper_bound":77.89616559703106},"point_estimate":77.82773086720111,"standard_error":0.03599408662399304},"Median":{"confidence_interval":{"confidence_level":0.95,"lower_bound":77.72017545304158,"upper_bound":77.93323902866189},"point_estimate":77.84448321229794,"standard_error":0.06385458599015607},"MedianAbsDev":{"confidence_interval":{"confidence_level":0.95,"lower_bound":0.021726592072938027,"upper_bound":0.19838897595950586},"point_estimate":0.1349392871279758,"standard_error":0.048849366297478054},"Slope":{"confidence_interval":{"confidence_level":0.95,"lower_bound":77.75447577144055,"upper_bound":77.91513568804388},"point_estimate":77.85976827095561,"standard_error":0.04086229404250234},"StdDev":{"confidence_interval":{"confidence_level":0.95,"lower_bound":0.07368622890739301,"upper_bound":0.1421632760292693},"point_estimate":0.12032969024387394,"standard_error":0.017304711223421653}}