{"Mean":{"confidence_interval":{"confidence_level":0.95,"lower_bound":90.8049516784324,"upper_bound":91.28242748067935},"point_estimate":91.01845148412262,"standard_error":0.12261214114486942},"Median":{"confidence_interval":{"confidence_level":0.95,"lower_bound":90.49954468887073,"upper_bound":90.92195727105732},"point_estimate":90.7109428870788,"standard_error":0.08623422884046797},"MedianAbsDev":{"confidence_interval":{"confidence_level":0.95,"lower_bound":0.4173990321754591,"upper_bound":0.762278889099873},"point_estimate":0.5727362858414417,"standard_error":0.08158208758130234},"Slope":{"confidence_interval":{"confidence_level":0.95,"lower_bound":90.76357624741146,"upper_bound":91.07009037838293},"point_estimate":90.91068643649676,"standard_error":0.07840618187488183},"StdDev":{"confidence_interval":{"confidence_level":0.95,"lower_bound":0.6321077380471101,"upper_bound":1.8177508688616588},"point_estimate":1.2332672030990108,"standard_error":0.32377765553113497}}