{"Mean":{"confidence_interval":{"confidence_level":0.95,"lower_bound":1397797.0372379958,"upper_bound":1406123.3654143733},"point_estimate":1401911.1896743479,"standard_error":2123.4114013154385},"Median":{"confidence_interval":{"confidence_level":0.95,"lower_bound":1396068.4166666667,"upper_bound":1407542.4210526317},"point_estimate":1401624.4102564103,"standard_error":2606.9876816598053},"MedianAbsDev":{"confidence_interval":{"confidence_level":0.95,"lower_bound":17914.866729315854,"upper_bound":28360.080911868376},"point_estimate":24644.137908632987,"standard_error":2626.6822417057947},"Slope":{"confidence_interval":{"confidence_level":0.95,"lower_bound":1405701.3460079648,"upper_bound":1414625.5279961443},"point_estimate":1410233.439113344,"standard_error":2270.8927943324798},"StdDev":{"confidence_interval":{"confidence_level":0.95,"lower_bound":18054.374348555502,"upper_bound":24534.724909461285},"point_estimate":21302.51440277148,"standard_error":1657.401318874257}}