{"Mean":{"confidence_interval":{"confidence_level":0.95,"lower_bound":1404824.2214261638,"upper_bound":1416945.5285679062},"point_estimate":1410629.9473326965,"standard_error":3089.2108214472455},"Median":{"confidence_interval":{"confidence_level":0.95,"lower_bound":1395166.1255813953,"upper_bound":1412490.3974358975},"point_estimate":1402372.724539007,"standard_error":4234.208116839825},"MedianAbsDev":{"confidence_interval":{"confidence_level":0.95,"lower_bound":18448.64520393143,"upper_bound":31385.363422343853},"point_estimate":23998.0581426993,"standard_error":3157.21832276411},"Slope":{"confidence_interval":{"confidence_level":0.95,"lower_bound":1405586.2035079682,"upper_bound":1417712.6911474986},"point_estimate":1411360.1124486479,"standard_error":3099.6945163946225},"StdDev":{"confidence_interval":{"confidence_level":0.95,"lower_bound":24701.12539476045,"upper_bound":36628.58977983868},"point_estimate":30994.61614951902,"standard_error":3047.559158972529}}