{"Mean":{"confidence_interval":{"confidence_level":0.95,"lower_bound":1377612.2933062154,"upper_bound":1387865.6290558157},"point_estimate":1382166.3639485664,"standard_error":2623.0373607325328},"Median":{"confidence_interval":{"confidence_level":0.95,"lower_bound":1375562.8199969165,"upper_bound":1382686.7869843529},"point_estimate":1378759.8175,"standard_error":2038.5750050029708},"MedianAbsDev":{"confidence_interval":{"confidence_level":0.95,"lower_bound":11985.783350213767,"upper_bound":18591.499736934962},"point_estimate":15144.457578007132,"standard_error":1700.870090696454},"Slope":{"confidence_interval":{"confidence_level":0.95,"lower_bound":1381865.2602319208,"upper_bound":1390150.1676914964},"point_estimate":1385933.9386493277,"standard_error":2107.148255630407},"StdDev":{"confidence_interval":{"confidence_level":0.95,"lower_bound":14484.7930616165,"upper_bound":39445.695334765405},"point_estimate":26428.025434318937,"standard_error":7699.884384882399}}