{"Mean":{"confidence_interval":{"confidence_level":0.95,"lower_bound":6182261.064312415,"upper_bound":6199808.254733595},"point_estimate":6190860.407548682,"standard_error":4489.4113212455995},"Median":{"confidence_interval":{"confidence_level":0.95,"lower_bound":6172165.609195402,"upper_bound":6193225.085106383},"point_estimate":6181927.900423729,"standard_error":5244.635485062419},"MedianAbsDev":{"confidence_interval":{"confidence_level":0.95,"lower_bound":31896.907706122416,"upper_bound":53338.63793305013},"point_estimate":43638.92630381145,"standard_error":5560.709020936178},"Slope":{"confidence_interval":{"confidence_level":0.95,"lower_bound":6175944.357284334,"upper_bound":6195186.020478309},"point_estimate":6185438.134485001,"standard_error":4907.302138395991},"StdDev":{"confidence_interval":{"confidence_level":0.95,"lower_bound":37258.68253823872,"upper_bound":52087.38713836562},"point_estimate":45022.95040545828,"standard_error":3775.9609355320854}}