{"Mean":{"confidence_interval":{"confidence_level":0.95,"lower_bound":13779.356478859607,"upper_bound":13913.446977855923},"point_estimate":13839.047568751055,"standard_error":34.452298248313014},"Median":{"confidence_interval":{"confidence_level":0.95,"lower_bound":13710.89393939394,"upper_bound":13799.675992183687},"point_estimate":13776.040403398825,"standard_error":24.22735814204302},"MedianAbsDev":{"confidence_interval":{"confidence_level":0.95,"lower_bound":118.56002974997895,"upper_bound":204.0637332658068},"point_estimate":159.29417897328426,"standard_error":22.38325341988003},"Slope":{"confidence_interval":{"confidence_level":0.95,"lower_bound":13775.764330061113,"upper_bound":13888.42701088863},"point_estimate":13824.842109707239,"standard_error":28.821172553294783},"StdDev":{"confidence_interval":{"confidence_level":0.95,"lower_bound":162.9915865188538,"upper_bound":511.1828480741675},"point_estimate":346.6369974912899,"standard_error":92.80954215495713}}