{"Mean":{"confidence_interval":{"confidence_level":0.95,"lower_bound":13805.76307886446,"upper_bound":14060.270497298443},"point_estimate":13925.194393155554,"standard_error":65.18453488066598},"Median":{"confidence_interval":{"confidence_level":0.95,"lower_bound":13625.655555555555,"upper_bound":13711.570207570208},"point_estimate":13652.150691709432,"standard_error":19.838766440292147},"MedianAbsDev":{"confidence_interval":{"confidence_level":0.95,"lower_bound":73.56446021306708,"upper_bound":167.17969673416513},"point_estimate":111.792952235733,"standard_error":22.445492700653812},"Slope":{"confidence_interval":{"confidence_level":0.95,"lower_bound":13829.963954277362,"upper_bound":14145.273861410327},"point_estimate":13972.247243690786,"standard_error":80.9281460531295},"StdDev":{"confidence_interval":{"confidence_level":0.95,"lower_bound":442.628180005026,"upper_bound":828.6691845969142},"point_estimate":652.5167692589356,"standard_error":98.420303122284}}