{"Mean":{"confidence_interval":{"confidence_level":0.95,"lower_bound":18216369.185339406,"upper_bound":18253003.326956365},"point_estimate":18233909.732040357,"standard_error":9361.39759257824},"Median":{"confidence_interval":{"confidence_level":0.95,"lower_bound":18195014.1136028,"upper_bound":18225555.440562613},"point_estimate":18207941.713286713,"standard_error":9806.666243742113},"MedianAbsDev":{"confidence_interval":{"confidence_level":0.95,"lower_bound":44466.2988088122,"upper_bound":80522.35870122853},"point_estimate":60852.070986752165,"standard_error":9247.762500548492},"Slope":{"confidence_interval":{"confidence_level":0.95,"lower_bound":18192777.063627377,"upper_bound":18218588.206179116},"point_estimate":18205264.08909709,"standard_error":6571.797521031778},"StdDev":{"confidence_interval":{"confidence_level":0.95,"lower_bound":72051.40262485543,"upper_bound":113365.85090400856},"point_estimate":94367.46247110638,"standard_error":10592.092067697997}}