{"Mean":{"confidence_interval":{"confidence_level":0.95,"lower_bound":-0.015640519400826714,"upper_bound":-0.009288254760844399},"point_estimate":-0.0123807153992459,"standard_error":0.0016301672786649948},"Median":{"confidence_interval":{"confidence_level":0.95,"lower_bound":-0.01589035668773453,"upper_bound":-0.007596640778476105},"point_estimate":-0.012028034875755989,"standard_error":0.0021619619256384886}}