{"Mean":{"confidence_interval":{"confidence_level":0.95,"lower_bound":-0.034367685775733556,"upper_bound":-0.027212676914659277},"point_estimate":-0.03121608325598091,"standard_error":0.001800328158307867},"Median":{"confidence_interval":{"confidence_level":0.95,"lower_bound":-0.03622743845167154,"upper_bound":-0.029653712655077435},"point_estimate":-0.03331943853044894,"standard_error":0.0016747810383118363}}