{"Mean":{"confidence_interval":{"confidence_level":0.95,"lower_bound":-0.038783209129918596,"upper_bound":-0.03126373838994029},"point_estimate":-0.03506887657729019,"standard_error":0.0018950874834322688},"Median":{"confidence_interval":{"confidence_level":0.95,"lower_bound":-0.03868966845472248,"upper_bound":-0.032348011794909606},"point_estimate":-0.035357492355545195,"standard_error":0.0016549595927492875}}