{"Mean":{"confidence_interval":{"confidence_level":0.95,"lower_bound":-0.019728186404647997,"upper_bound":-0.013591413846139678},"point_estimate":-0.01691987620409885,"standard_error":0.0015522092557668052},"Median":{"confidence_interval":{"confidence_level":0.95,"lower_bound":-0.019961910424688978,"upper_bound":-0.013997443602323245},"point_estimate":-0.01703879335960934,"standard_error":0.0015074063196023229}}