{"Mean":{"confidence_interval":{"confidence_level":0.95,"lower_bound":-0.02985657939590529,"upper_bound":-0.021617323640900014},"point_estimate":-0.025528778288695153,"standard_error":0.002104277615219125},"Median":{"confidence_interval":{"confidence_level":0.95,"lower_bound":-0.02840918064101894,"upper_bound":-0.021128705400913383},"point_estimate":-0.024650351954547678,"standard_error":0.001823057343320772}}