{"Mean":{"confidence_interval":{"confidence_level":0.95,"lower_bound":0.023297935388888226,"upper_bound":0.03118941664969502},"point_estimate":0.02719300472520536,"standard_error":0.0020222631708208395},"Median":{"confidence_interval":{"confidence_level":0.95,"lower_bound":0.023299919891198635,"upper_bound":0.028486156695569198},"point_estimate":0.025559804572292233,"standard_error":0.001362079231643749}}