{"Mean":{"confidence_interval":{"confidence_level":0.95,"lower_bound":-0.00884398565538168,"upper_bound":-0.0053878997434733955},"point_estimate":-0.007071273983815463,"standard_error":0.0008828527657475133},"Median":{"confidence_interval":{"confidence_level":0.95,"lower_bound":-0.008818548214264088,"upper_bound":-0.004085487918515485},"point_estimate":-0.006482754795420487,"standard_error":0.0013521434711535633}}