{"Mean":{"confidence_interval":{"confidence_level":0.95,"lower_bound":114017.7100482792,"upper_bound":114813.57493033767},"point_estimate":114356.00592049623,"standard_error":206.34762139922913},"Median":{"confidence_interval":{"confidence_level":0.95,"lower_bound":113704.23188405797,"upper_bound":114012.20303354201},"point_estimate":113826.22610474231,"standard_error":78.89852678057446},"MedianAbsDev":{"confidence_interval":{"confidence_level":0.95,"lower_bound":220.74497931016444,"upper_bound":544.1258458528442},"point_estimate":395.0667223988441,"standard_error":81.75210478670654},"Slope":{"confidence_interval":{"confidence_level":0.95,"lower_bound":113958.00635496587,"upper_bound":114365.93406539099},"point_estimate":114145.72378667718,"standard_error":103.99501253235849},"StdDev":{"confidence_interval":{"confidence_level":0.95,"lower_bound":638.562661181423,"upper_bound":3216.461159015285},"point_estimate":2068.5575121295815,"standard_error":690.5795131531231}}