{"Mean":{"confidence_interval":{"confidence_level":0.95,"lower_bound":133872.8739567901,"upper_bound":134180.31225205763},"point_estimate":134020.16982951207,"standard_error":79.1358495566118},"Median":{"confidence_interval":{"confidence_level":0.95,"lower_bound":133777.62301587302,"upper_bound":134276.47037037037},"point_estimate":133979.22962962964,"standard_error":117.47983756073522},"MedianAbsDev":{"confidence_interval":{"confidence_level":0.95,"lower_bound":66.26947326792722,"upper_bound":437.93806778059235},"point_estimate":299.99037689634264,"standard_error":103.67950969313354},"Slope":{"confidence_interval":{"confidence_level":0.95,"lower_bound":133775.59327701564,"upper_bound":134029.03533060136},"point_estimate":133862.41766233766,"standard_error":64.94912306465154},"StdDev":{"confidence_interval":{"confidence_level":0.95,"lower_bound":139.19665706067667,"upper_bound":319.5955036041872},"point_estimate":263.3823178551803,"standard_error":43.86884454168205}}