{"Mean":{"confidence_interval":{"confidence_level":0.95,"lower_bound":115669.4588338799,"upper_bound":116183.38127681789},"point_estimate":115904.45521299887,"standard_error":131.26210235195416},"Median":{"confidence_interval":{"confidence_level":0.95,"lower_bound":115432.47660818713,"upper_bound":115954.63201911589},"point_estimate":115674.90615615615,"standard_error":125.225799389962},"MedianAbsDev":{"confidence_interval":{"confidence_level":0.95,"lower_bound":751.219967891251,"upper_bound":1147.0470894678388},"point_estimate":970.0231273763401,"standard_error":102.82033997493258},"Slope":{"confidence_interval":{"confidence_level":0.95,"lower_bound":115414.91663909376,"upper_bound":115714.48018228349},"point_estimate":115560.89486987505,"standard_error":76.27852698309754},"StdDev":{"confidence_interval":{"confidence_level":0.95,"lower_bound":828.1791632090855,"upper_bound":1869.7112200617294},"point_estimate":1321.1998555412588,"standard_error":300.7734015912627}}