{"Mean":{"confidence_interval":{"confidence_level":0.95,"lower_bound":0.0026457935007532163,"upper_bound":0.01653658907341694},"point_estimate":0.008500126475447844,"standard_error":0.0036953160104794018},"Median":{"confidence_interval":{"confidence_level":0.95,"lower_bound":0.0011497998938490017,"upper_bound":0.010546945363461013},"point_estimate":0.005757388324169499,"standard_error":0.0023956056505593315}}