{"Mean":{"confidence_interval":{"confidence_level":0.95,"lower_bound":-0.014952269815403315,"upper_bound":-0.001207592274760325},"point_estimate":-0.006846989474428855,"standard_error":0.003574056625165502},"Median":{"confidence_interval":{"confidence_level":0.95,"lower_bound":-0.010656385980331362,"upper_bound":-0.0026315109099205314},"point_estimate":-0.007059913049941802,"standard_error":0.0019308349890110681}}