{"Mean":{"confidence_interval":{"confidence_level":0.95,"lower_bound":7087.086931358781,"upper_bound":7113.624120609235},"point_estimate":7099.871979689105,"standard_error":6.793504696041778},"Median":{"confidence_interval":{"confidence_level":0.95,"lower_bound":7080.514426145794,"upper_bound":7115.529299119111},"point_estimate":7096.6979605515135,"standard_error":9.113555835931908},"MedianAbsDev":{"confidence_interval":{"confidence_level":0.95,"lower_bound":7.142855503215434,"upper_bound":38.15476142717593},"point_estimate":25.82547818953389,"standard_error":8.102387448959657},"Slope":{"confidence_interval":{"confidence_level":0.95,"lower_bound":7077.190814907247,"upper_bound":7104.801981197698},"point_estimate":7087.8227270240295,"standard_error":7.088766212740565},"StdDev":{"confidence_interval":{"confidence_level":0.95,"lower_bound":12.311310938561965,"upper_bound":28.86217356752793},"point_estimate":22.79353525237796,"standard_error":4.27194322164386}}