{"Mean":{"confidence_interval":{"confidence_level":0.95,"lower_bound":3722.868546189914,"upper_bound":3750.8875433451162},"point_estimate":3736.3031646226295,"standard_error":7.138039136991006},"Median":{"confidence_interval":{"confidence_level":0.95,"lower_bound":3716.5508964719493,"upper_bound":3738.2697139189436},"point_estimate":3725.635882861917,"standard_error":6.791575731989618},"MedianAbsDev":{"confidence_interval":{"confidence_level":0.95,"lower_bound":33.88306417138265,"upper_bound":57.45805396074434},"point_estimate":46.171901358953875,"standard_error":6.053300298118249},"Slope":{"confidence_interval":{"confidence_level":0.95,"lower_bound":3718.409974774933,"upper_bound":3737.981785148099},"point_estimate":3727.8816086247834,"standard_error":4.995243310232047},"StdDev":{"confidence_interval":{"confidence_level":0.95,"lower_bound":51.62273323468133,"upper_bound":92.78712063627256},"point_estimate":71.70528004960008,"standard_error":10.737451204189377}}