{"Mean":{"confidence_interval":{"confidence_level":0.95,"lower_bound":1081.6544053026223,"upper_bound":1090.4739395035297},"point_estimate":1085.7592583152402,"standard_error":2.2615477882109976},"Median":{"confidence_interval":{"confidence_level":0.95,"lower_bound":1080.944382647386,"upper_bound":1085.5486924866013},"point_estimate":1082.8183454339369,"standard_error":1.3091230527358249},"MedianAbsDev":{"confidence_interval":{"confidence_level":0.95,"lower_bound":10.523088274325671,"upper_bound":17.43178434805802},"point_estimate":13.786018976835942,"standard_error":1.787416776845677},"Slope":{"confidence_interval":{"confidence_level":0.95,"lower_bound":1083.0496189887492,"upper_bound":1088.8868935132696},"point_estimate":1085.886559290465,"standard_error":1.4898860566204435},"StdDev":{"confidence_interval":{"confidence_level":0.95,"lower_bound":13.723147495372425,"upper_bound":31.620574890337434},"point_estimate":22.746704032930882,"standard_error":4.744617149909394}}