{"Mean":{"confidence_interval":{"confidence_level":0.95,"lower_bound":1141.7855602362647,"upper_bound":1144.6503838540093},"point_estimate":1143.1125240843317,"standard_error":0.7365022214111885},"Median":{"confidence_interval":{"confidence_level":0.95,"lower_bound":1141.2673600201094,"upper_bound":1145.1489684983526},"point_estimate":1142.4572606603965,"standard_error":0.853104045516831},"MedianAbsDev":{"confidence_interval":{"confidence_level":0.95,"lower_bound":0.4746546657389165,"upper_bound":3.8575287362137187},"point_estimate":1.837872535659268,"standard_error":0.8580054406687081},"Slope":{"confidence_interval":{"confidence_level":0.95,"lower_bound":1141.7014088226344,"upper_bound":1142.9462228366745},"point_estimate":1142.2842098390518,"standard_error":0.3155800543514083},"StdDev":{"confidence_interval":{"confidence_level":0.95,"lower_bound":0.9267591253337504,"upper_bound":3.087712714605705},"point_estimate":2.4538160556427595,"standard_error":0.5499600958599399}}