{"Mean":{"confidence_interval":{"confidence_level":0.95,"lower_bound":959.5781266240002,"upper_bound":964.7395594262395},"point_estimate":961.8691266544963,"standard_error":1.3242503654106597},"Median":{"confidence_interval":{"confidence_level":0.95,"lower_bound":956.9658026485788,"upper_bound":961.4705680839402},"point_estimate":959.1865840716132,"standard_error":1.4403703797964944},"MedianAbsDev":{"confidence_interval":{"confidence_level":0.95,"lower_bound":5.4228987108613715,"upper_bound":9.396285485594682},"point_estimate":7.34204465589343,"standard_error":1.1136451577509925},"Slope":{"confidence_interval":{"confidence_level":0.95,"lower_bound":959.3304412312045,"upper_bound":963.1350621413883},"point_estimate":961.1060770806341,"standard_error":0.972091803394175},"StdDev":{"confidence_interval":{"confidence_level":0.95,"lower_bound":6.441752885370509,"upper_bound":19.392011054726147},"point_estimate":13.288357001674719,"standard_error":3.4780865757161847}}