{"Mean":{"confidence_interval":{"confidence_level":0.95,"lower_bound":969.0866478733683,"upper_bound":973.2382407093041},"point_estimate":970.9087692975041,"standard_error":1.0662013435349906},"Median":{"confidence_interval":{"confidence_level":0.95,"lower_bound":967.7427946856449,"upper_bound":971.1030382827618},"point_estimate":969.0269305962854,"standard_error":0.900052636919883},"MedianAbsDev":{"confidence_interval":{"confidence_level":0.95,"lower_bound":5.380422731025234,"upper_bound":8.858156998161494},"point_estimate":6.696285632556203,"standard_error":0.8665723214232407},"Slope":{"confidence_interval":{"confidence_level":0.95,"lower_bound":968.6640936221775,"upper_bound":972.3523669784008},"point_estimate":970.405757406747,"standard_error":0.9442080844475751},"StdDev":{"confidence_interval":{"confidence_level":0.95,"lower_bound":5.646254900104374,"upper_bound":16.153356777047975},"point_estimate":10.718624072985422,"standard_error":3.208690603244945}}