{"Mean":{"confidence_interval":{"confidence_level":0.95,"lower_bound":1.0300856166983239,"upper_bound":1.034669701175285},"point_estimate":1.0324116739952753,"standard_error":0.0011674199856249103},"Median":{"confidence_interval":{"confidence_level":0.95,"lower_bound":1.0308318290864595,"upper_bound":1.034649522469889},"point_estimate":1.0327751752932262,"standard_error":0.0009652988627545349}}