{"Mean":{"confidence_interval":{"confidence_level":0.95,"lower_bound":0.025237958403046847,"upper_bound":0.030595710276315292},"point_estimate":0.02790024197676133,"standard_error":0.001375680185820376},"Median":{"confidence_interval":{"confidence_level":0.95,"lower_bound":0.02426793493534407,"upper_bound":0.031713853405012316},"point_estimate":0.026635024438859567,"standard_error":0.0021251544204875946}}