{"Mean":{"confidence_interval":{"confidence_level":0.95,"lower_bound":-0.513382783609705,"upper_bound":-0.5122390790429878},"point_estimate":-0.5127981083564498,"standard_error":0.0002913632800380848},"Median":{"confidence_interval":{"confidence_level":0.95,"lower_bound":-0.5132154731159917,"upper_bound":-0.5122344508502154},"point_estimate":-0.5125833349849422,"standard_error":0.00025550892025155236}}