{"Mean":{"confidence_interval":{"confidence_level":0.95,"lower_bound":0.057231399425229035,"upper_bound":0.059511789873001576},"point_estimate":0.05835309439323377,"standard_error":0.0005799430860706204},"Median":{"confidence_interval":{"confidence_level":0.95,"lower_bound":0.05671222972107093,"upper_bound":0.05873233177985626},"point_estimate":0.057543921103240914,"standard_error":0.0005434162373305399}}