{"Mean":{"confidence_interval":{"confidence_level":0.95,"lower_bound":563.2852924984358,"upper_bound":565.0361293812507},"point_estimate":564.1622777061226,"standard_error":0.44771404209856425},"Median":{"confidence_interval":{"confidence_level":0.95,"lower_bound":562.8366251692514,"upper_bound":565.6175859687207},"point_estimate":564.1228935108505,"standard_error":0.7332796137333677},"MedianAbsDev":{"confidence_interval":{"confidence_level":0.95,"lower_bound":0.4801263173924937,"upper_bound":2.464556125765328},"point_estimate":1.8382312271704866,"standard_error":0.5255985760755801},"Slope":{"confidence_interval":{"confidence_level":0.95,"lower_bound":563.7432856518194,"upper_bound":565.5710010455527},"point_estimate":564.761897991495,"standard_error":0.4752644974123662},"StdDev":{"confidence_interval":{"confidence_level":0.95,"lower_bound":0.9307652130807236,"upper_bound":1.8006830046989493},"point_estimate":1.4924364002740698,"standard_error":0.22292513343611384}}