{"Mean":{"confidence_interval":{"confidence_level":0.95,"lower_bound":0.0026985079642704085,"upper_bound":0.008911372771257758},"point_estimate":0.005709989785719571,"standard_error":0.0015701836313339738},"Median":{"confidence_interval":{"confidence_level":0.95,"lower_bound":0.0021172710056802657,"upper_bound":0.008992407235296707},"point_estimate":0.004541373743602639,"standard_error":0.0017511840319508456}}