{"Mean":{"confidence_interval":{"confidence_level":0.95,"lower_bound":-0.038746545789123045,"upper_bound":-0.031581470931675446},"point_estimate":-0.03525432907320347,"standard_error":0.0018109197711350374},"Median":{"confidence_interval":{"confidence_level":0.95,"lower_bound":-0.03763745576271005,"upper_bound":-0.031187286717999755},"point_estimate":-0.034504345431261574,"standard_error":0.0016406293003185198}}