{"Mean":{"confidence_interval":{"confidence_level":0.95,"lower_bound":-0.03786836774008006,"upper_bound":-0.027701848877465775},"point_estimate":-0.032557469240578785,"standard_error":0.0025907845821877807},"Median":{"confidence_interval":{"confidence_level":0.95,"lower_bound":-0.03578044431419669,"upper_bound":-0.026314219664262388},"point_estimate":-0.02968695418354672,"standard_error":0.002286879167764683}}