{"Mean":{"confidence_interval":{"confidence_level":0.95,"lower_bound":217998.1006160242,"upper_bound":218584.39111900036},"point_estimate":218295.22123110355,"standard_error":150.38575057563662},"Median":{"confidence_interval":{"confidence_level":0.95,"lower_bound":217759.55272108843,"upper_bound":218768.4136904762},"point_estimate":218371.3664021164,"standard_error":262.96394014693},"MedianAbsDev":{"confidence_interval":{"confidence_level":0.95,"lower_bound":111.22525516821986,"upper_bound":851.3604821075445},"point_estimate":683.6661191124981,"standard_error":188.98950917914945},"Slope":{"confidence_interval":{"confidence_level":0.95,"lower_bound":217821.7611781802,"upper_bound":218606.64514472455},"point_estimate":218194.0099257885,"standard_error":202.03367835008183},"StdDev":{"confidence_interval":{"confidence_level":0.95,"lower_bound":319.7134622910437,"upper_bound":586.5735194422795},"point_estimate":499.93862129549785,"standard_error":68.14030137656506}}