{"Mean":{"confidence_interval":{"confidence_level":0.95,"lower_bound":190929.25796106263,"upper_bound":192465.1331162534},"point_estimate":191629.4601474906,"standard_error":393.3756171412207},"Median":{"confidence_interval":{"confidence_level":0.95,"lower_bound":190126.4818181818,"upper_bound":191453.97647058824},"point_estimate":190516.88221865357,"standard_error":337.0783590737688},"MedianAbsDev":{"confidence_interval":{"confidence_level":0.95,"lower_bound":1854.9131194517945,"upper_bound":3432.0742920277135},"point_estimate":2606.419631959162,"standard_error":396.62019406676364},"Slope":{"confidence_interval":{"confidence_level":0.95,"lower_bound":190133.67993476253,"upper_bound":190895.7229842659},"point_estimate":190505.8318304517,"standard_error":194.64361919472674},"StdDev":{"confidence_interval":{"confidence_level":0.95,"lower_bound":2448.311485956666,"upper_bound":5645.3543380471965},"point_estimate":3962.875305507688,"standard_error":943.9477570278266}}