{"Mean":{"confidence_interval":{"confidence_level":0.95,"lower_bound":184607.23846530583,"upper_bound":185484.2273876925},"point_estimate":184997.33677647423,"standard_error":224.68971048108722},"Median":{"confidence_interval":{"confidence_level":0.95,"lower_bound":184203.22685185185,"upper_bound":184534.9358974359},"point_estimate":184363.4651675485,"standard_error":86.93329986629867},"MedianAbsDev":{"confidence_interval":{"confidence_level":0.95,"lower_bound":481.4402743571624,"upper_bound":948.8251757832171},"point_estimate":709.5721866613503,"standard_error":120.0038845801784},"Slope":{"confidence_interval":{"confidence_level":0.95,"lower_bound":184376.59695010225,"upper_bound":185079.58345346712},"point_estimate":184700.42913206245,"standard_error":180.1230654797038},"StdDev":{"confidence_interval":{"confidence_level":0.95,"lower_bound":1096.5160563846985,"upper_bound":3276.750606466127},"point_estimate":2263.1746136823976,"standard_error":569.7078793758342}}