{"Mean":{"confidence_interval":{"confidence_level":0.95,"lower_bound":186387.48226989282,"upper_bound":190177.59476354747},"point_estimate":188130.2231825268,"standard_error":974.221856041121},"Median":{"confidence_interval":{"confidence_level":0.95,"lower_bound":184305.63095238095,"upper_bound":184873.47222222222},"point_estimate":184448.52702809343,"standard_error":141.75548865245693},"MedianAbsDev":{"confidence_interval":{"confidence_level":0.95,"lower_bound":494.7647772542791,"upper_bound":1188.101003772981},"point_estimate":760.7537698822923,"standard_error":174.15254883308256},"Slope":{"confidence_interval":{"confidence_level":0.95,"lower_bound":186422.88579626594,"upper_bound":192885.34725591858},"point_estimate":189087.0062657012,"standard_error":1691.4321664050233},"StdDev":{"confidence_interval":{"confidence_level":0.95,"lower_bound":5934.356438209248,"upper_bound":13239.259768879276},"point_estimate":9810.0947829784,"standard_error":1882.3472688012434}}