{"Mean":{"confidence_interval":{"confidence_level":0.95,"lower_bound":747204.9887388976,"upper_bound":750671.3777605607},"point_estimate":748802.8540084985,"standard_error":888.5234324931831},"Median":{"confidence_interval":{"confidence_level":0.95,"lower_bound":745579.7173913043,"upper_bound":748578.45},"point_estimate":747398.8108692106,"standard_error":722.1461120265573},"MedianAbsDev":{"confidence_interval":{"confidence_level":0.95,"lower_bound":5439.805698930813,"upper_bound":8300.06837109356},"point_estimate":6924.7245305499,"standard_error":724.688396219418},"Slope":{"confidence_interval":{"confidence_level":0.95,"lower_bound":748015.8413003706,"upper_bound":751260.5469247737},"point_estimate":749602.8488266588,"standard_error":829.3933311304137},"StdDev":{"confidence_interval":{"confidence_level":0.95,"lower_bound":5927.053819686214,"upper_bound":12401.465324406148},"point_estimate":8914.271309023874,"standard_error":1906.5505204983829}}