{"Mean":{"confidence_interval":{"confidence_level":0.95,"lower_bound":2567179.6404459327,"upper_bound":2578030.032195932},"point_estimate":2572028.4593353174,"standard_error":2802.8165880895085},"Median":{"confidence_interval":{"confidence_level":0.95,"lower_bound":2565812.28125,"upper_bound":2579195.75},"point_estimate":2567908.9241071427,"standard_error":3294.9535592970688},"MedianAbsDev":{"confidence_interval":{"confidence_level":0.95,"lower_bound":782.4222798593757,"upper_bound":15770.791717929184},"point_estimate":3427.255538528716,"standard_error":3552.530072903452},"Slope":{"confidence_interval":{"confidence_level":0.95,"lower_bound":2566010.9805059377,"upper_bound":2570586.0870881765},"point_estimate":2567703.8623376624,"standard_error":1189.3064766030507},"StdDev":{"confidence_interval":{"confidence_level":0.95,"lower_bound":2079.489620800657,"upper_bound":12736.5129342917},"point_estimate":9366.299869458868,"standard_error":2600.696566668783}}