{"Mean":{"confidence_interval":{"confidence_level":0.95,"lower_bound":833.2251697848614,"upper_bound":837.3038473874176},"point_estimate":834.9498868232524,"standard_error":1.0575826795963397},"Median":{"confidence_interval":{"confidence_level":0.95,"lower_bound":831.9397697535416,"upper_bound":833.1903378378379},"point_estimate":832.3040372418297,"standard_error":0.3552242067008641},"MedianAbsDev":{"confidence_interval":{"confidence_level":0.95,"lower_bound":1.6202080623987867,"upper_bound":2.692935852044192},"point_estimate":2.1688644081414945,"standard_error":0.26833419882903026},"Slope":{"confidence_interval":{"confidence_level":0.95,"lower_bound":833.2654303538902,"upper_bound":836.4519545819875},"point_estimate":834.6824381812173,"standard_error":0.8214788193761116},"StdDev":{"confidence_interval":{"confidence_level":0.95,"lower_bound":3.5876144807310224,"upper_bound":16.643302357332622},"point_estimate":10.626555428055498,"standard_error":3.65564316800859}}