{"Mean":{"confidence_interval":{"confidence_level":0.95,"lower_bound":876.3015139462293,"upper_bound":885.022849835417},"point_estimate":879.7023570494279,"standard_error":2.3994556127454354},"Median":{"confidence_interval":{"confidence_level":0.95,"lower_bound":875.928443777038,"upper_bound":879.9920876151879},"point_estimate":876.660609177815,"standard_error":1.2268586312470642},"MedianAbsDev":{"confidence_interval":{"confidence_level":0.95,"lower_bound":0.35808781242975707,"upper_bound":5.35653388891688},"point_estimate":1.2300965337410603,"standard_error":1.4540748544389104},"Slope":{"confidence_interval":{"confidence_level":0.95,"lower_bound":875.6514326928452,"upper_bound":877.2403253192246},"point_estimate":876.3696475956137,"standard_error":0.41572579499120893},"StdDev":{"confidence_interval":{"confidence_level":0.95,"lower_bound":0.8196503665232721,"upper_bound":12.147079936705897},"point_estimate":7.996065539858338,"standard_error":3.5847892937521793}}