{"Mean":{"confidence_interval":{"confidence_level":0.95,"lower_bound":833.2323757781141,"upper_bound":839.1142995905996},"point_estimate":835.8640006016561,"standard_error":1.5124008156810462},"Median":{"confidence_interval":{"confidence_level":0.95,"lower_bound":830.3050323577706,"upper_bound":834.5828770852604},"point_estimate":832.4652715396503,"standard_error":1.225858121919305},"MedianAbsDev":{"confidence_interval":{"confidence_level":0.95,"lower_bound":5.618117564571454,"upper_bound":10.166587915381655},"point_estimate":8.82833625399644,"standard_error":1.1675785366450786},"Slope":{"confidence_interval":{"confidence_level":0.95,"lower_bound":830.5032765253807,"upper_bound":833.3395434267463},"point_estimate":831.9028268078031,"standard_error":0.7223943651088839},"StdDev":{"confidence_interval":{"confidence_level":0.95,"lower_bound":7.637164299711776,"upper_bound":22.023650949963773},"point_estimate":15.19427402104215,"standard_error":3.854280448949119}}