{"Mean":{"confidence_interval":{"confidence_level":0.95,"lower_bound":833.3942915683118,"upper_bound":847.3445528875275},"point_estimate":839.9034812949544,"standard_error":3.555429488709809},"Median":{"confidence_interval":{"confidence_level":0.95,"lower_bound":824.7297919667617,"upper_bound":826.0416210987396},"point_estimate":825.4451621323776,"standard_error":0.3039582733175741},"MedianAbsDev":{"confidence_interval":{"confidence_level":0.95,"lower_bound":2.5913929289068927,"upper_bound":5.8210099959586605},"point_estimate":4.136075339076847,"standard_error":0.8527884211932752},"Slope":{"confidence_interval":{"confidence_level":0.95,"lower_bound":834.1015322542798,"upper_bound":849.8674769108643},"point_estimate":841.4749201449137,"standard_error":4.03711405965647},"StdDev":{"confidence_interval":{"confidence_level":0.95,"lower_bound":24.442325787599287,"upper_bound":45.1442345865341},"point_estimate":35.73725532594078,"standard_error":5.279584799889769}}