{"Mean":{"confidence_interval":{"confidence_level":0.95,"lower_bound":135021.1089140675,"upper_bound":135775.97221208553},"point_estimate":135382.52230226443,"standard_error":192.70225508829486},"Median":{"confidence_interval":{"confidence_level":0.95,"lower_bound":134461.00548041044,"upper_bound":135256.5125},"point_estimate":134799.43455615942,"standard_error":225.5285359704697},"MedianAbsDev":{"confidence_interval":{"confidence_level":0.95,"lower_bound":1035.3540211582656,"upper_bound":1799.120242059217},"point_estimate":1384.5142143413138,"standard_error":202.5601215071512},"Slope":{"confidence_interval":{"confidence_level":0.95,"lower_bound":134959.43510312476,"upper_bound":136012.37380610727},"point_estimate":135451.24322558002,"standard_error":271.0453221629475},"StdDev":{"confidence_interval":{"confidence_level":0.95,"lower_bound":1523.9801910605531,"upper_bound":2301.7622204833838},"point_estimate":1939.525200006904,"standard_error":198.81080427796272}}