{"Mean":{"confidence_interval":{"confidence_level":0.95,"lower_bound":593255.2923333334,"upper_bound":595729.9878277779},"point_estimate":594461.9494166666,"standard_error":632.5466269689666},"Median":{"confidence_interval":{"confidence_level":0.95,"lower_bound":592713.52,"upper_bound":596280.8222222222},"point_estimate":594133.2444444445,"standard_error":998.3633556800766},"MedianAbsDev":{"confidence_interval":{"confidence_level":0.95,"lower_bound":448.72947370014134,"upper_bound":3495.234585863887},"point_estimate":2349.3408910408825,"standard_error":782.8684789207952},"Slope":{"confidence_interval":{"confidence_level":0.95,"lower_bound":593440.8363376252,"upper_bound":595770.9764326069},"point_estimate":594687.5793073593,"standard_error":612.5608399222964},"StdDev":{"confidence_interval":{"confidence_level":0.95,"lower_bound":1234.3891178574545,"upper_bound":2660.188147957564},"point_estimate":2110.8651509411206,"standard_error":370.97830466946124}}