{"Mean":{"confidence_interval":{"confidence_level":0.95,"lower_bound":771.0188048870972,"upper_bound":776.3337553697369},"point_estimate":773.3661897972554,"standard_error":1.3645836174743038},"Median":{"confidence_interval":{"confidence_level":0.95,"lower_bound":768.0229628527501,"upper_bound":772.3640121955339},"point_estimate":770.6086911024992,"standard_error":1.0192563927129181},"MedianAbsDev":{"confidence_interval":{"confidence_level":0.95,"lower_bound":5.930257563380312,"upper_bound":9.970321160137196},"point_estimate":7.8580619482328355,"standard_error":0.9942086936300881},"Slope":{"confidence_interval":{"confidence_level":0.95,"lower_bound":771.566166566276,"upper_bound":775.9823499138835},"point_estimate":773.7462942436608,"standard_error":1.1271739737857016},"StdDev":{"confidence_interval":{"confidence_level":0.95,"lower_bound":7.529287910027843,"upper_bound":20.545006004444936},"point_estimate":13.771692128494738,"standard_error":4.006958908388409}}