{"Mean":{"confidence_interval":{"confidence_level":0.95,"lower_bound":785.5898624023093,"upper_bound":812.2786699676947},"point_estimate":797.1856667286352,"standard_error":6.919481626273088},"Median":{"confidence_interval":{"confidence_level":0.95,"lower_bound":776.2696291993417,"upper_bound":778.1056192445029},"point_estimate":777.10134086465,"standard_error":0.5064531053953628},"MedianAbsDev":{"confidence_interval":{"confidence_level":0.95,"lower_bound":2.677482764314091,"upper_bound":5.086389328265198},"point_estimate":3.527876984175702,"standard_error":0.6661380608106809},"Slope":{"confidence_interval":{"confidence_level":0.95,"lower_bound":782.8902492268179,"upper_bound":797.1667743263125},"point_estimate":789.5902182599167,"standard_error":3.6505723090578104},"StdDev":{"confidence_interval":{"confidence_level":0.95,"lower_bound":24.327698021918582,"upper_bound":106.16173459905356},"point_estimate":69.9653216279537,"standard_error":21.911166254945353}}