{"Mean":{"confidence_interval":{"confidence_level":0.95,"lower_bound":116.50754387386404,"upper_bound":117.44467541744737},"point_estimate":116.9627688994215,"standard_error":0.23973185019419724},"Median":{"confidence_interval":{"confidence_level":0.95,"lower_bound":116.42346452981381,"upper_bound":117.32437740592349},"point_estimate":116.79796199507378,"standard_error":0.1881883690437642},"MedianAbsDev":{"confidence_interval":{"confidence_level":0.95,"lower_bound":1.3070808827270302,"upper_bound":2.0747686659465994},"point_estimate":1.617025321910913,"standard_error":0.19017164781666765},"Slope":{"confidence_interval":{"confidence_level":0.95,"lower_bound":116.79132892247624,"upper_bound":117.69896517321848},"point_estimate":117.25478117680314,"standard_error":0.23157140070502277},"StdDev":{"confidence_interval":{"confidence_level":0.95,"lower_bound":1.7665415546830259,"upper_bound":3.048395840673864},"point_estimate":2.4083308395758984,"standard_error":0.33189937770376976}}