{"Mean":{"confidence_interval":{"confidence_level":0.95,"lower_bound":4656758.129800557,"upper_bound":4675328.12551668},"point_estimate":4665816.390862199,"standard_error":4739.575133592127},"Median":{"confidence_interval":{"confidence_level":0.95,"lower_bound":4644883.232876712,"upper_bound":4674813.62962963},"point_estimate":4654459.175364759,"standard_error":7594.201732176824},"MedianAbsDev":{"confidence_interval":{"confidence_level":0.95,"lower_bound":32843.04638591017,"upper_bound":52807.48712480194},"point_estimate":41454.19338133125,"standard_error":5092.908069352071},"Slope":{"confidence_interval":{"confidence_level":0.95,"lower_bound":4655230.855691085,"upper_bound":4676329.254429809},"point_estimate":4665829.12623319,"standard_error":5375.9890721373895},"StdDev":{"confidence_interval":{"confidence_level":0.95,"lower_bound":38939.841415903094,"upper_bound":56358.91941458552},"point_estimate":47769.129512439955,"standard_error":4470.373724628989}}