{"Mean":{"confidence_interval":{"confidence_level":0.95,"lower_bound":7580.610733303061,"upper_bound":7639.904639933393},"point_estimate":7609.927474142575,"standard_error":15.110732718163984},"Median":{"confidence_interval":{"confidence_level":0.95,"lower_bound":7551.180433365917,"upper_bound":7635.282786784875},"point_estimate":7583.538119647563,"standard_error":20.307688500960513},"MedianAbsDev":{"confidence_interval":{"confidence_level":0.95,"lower_bound":118.04384535246942,"upper_bound":184.37634400910807},"point_estimate":151.3872861376567,"standard_error":17.16991441153006},"Slope":{"confidence_interval":{"confidence_level":0.95,"lower_bound":7570.732953905879,"upper_bound":7639.032818725475},"point_estimate":7603.28273943066,"standard_error":17.36115695448401},"StdDev":{"confidence_interval":{"confidence_level":0.95,"lower_bound":129.80712899186923,"upper_bound":172.1248288208878},"point_estimate":152.1902520572139,"standard_error":10.796717708099417}}