{"Mean":{"confidence_interval":{"confidence_level":0.95,"lower_bound":14927.375506699162,"upper_bound":15343.555664084091},"point_estimate":15108.014466541452,"standard_error":107.43568767716197},"Median":{"confidence_interval":{"confidence_level":0.95,"lower_bound":14784.216417910447,"upper_bound":14816.095277580353},"point_estimate":14797.741981778452,"standard_error":8.462446473825358},"MedianAbsDev":{"confidence_interval":{"confidence_level":0.95,"lower_bound":40.835089132876305,"upper_bound":84.24534746552901},"point_estimate":58.55606730558139,"standard_error":11.510903024275382},"Slope":{"confidence_interval":{"confidence_level":0.95,"lower_bound":14906.798305404378,"upper_bound":15077.42882525983},"point_estimate":14987.764351098063,"standard_error":43.558510222553686},"StdDev":{"confidence_interval":{"confidence_level":0.95,"lower_bound":365.11085768153424,"upper_bound":1622.1375942573318},"point_estimate":1081.6884100648942,"standard_error":330.72510056067574}}