{"Mean":{"confidence_interval":{"confidence_level":0.95,"lower_bound":8748.130748826321,"upper_bound":8792.677819887065},"point_estimate":8769.22583392966,"standard_error":11.331269152793098},"Median":{"confidence_interval":{"confidence_level":0.95,"lower_bound":8719.727748189918,"upper_bound":8767.34335839599},"point_estimate":8745.097722903149,"standard_error":11.507704722290974},"MedianAbsDev":{"confidence_interval":{"confidence_level":0.95,"lower_bound":63.40540145882464,"upper_bound":105.10031957950508},"point_estimate":84.53733391446158,"standard_error":10.328306871766298},"Slope":{"confidence_interval":{"confidence_level":0.95,"lower_bound":8716.03498886728,"upper_bound":8747.032020714489},"point_estimate":8730.869926189791,"standard_error":7.9091024293012655},"StdDev":{"confidence_interval":{"confidence_level":0.95,"lower_bound":82.83291417232105,"upper_bound":148.30794043282242},"point_estimate":114.00015938041975,"standard_error":17.571226770482046}}