{"Mean":{"confidence_interval":{"confidence_level":0.95,"lower_bound":51396.65324104017,"upper_bound":51660.822118775475},"point_estimate":51515.960183764175,"standard_error":67.58490538810526},"Median":{"confidence_interval":{"confidence_level":0.95,"lower_bound":51278.147025171624,"upper_bound":51525.280952380956},"point_estimate":51420.999510078385,"standard_error":68.51041704123936},"MedianAbsDev":{"confidence_interval":{"confidence_level":0.95,"lower_bound":378.3819938086933,"upper_bound":637.7469769155745},"point_estimate":538.3308651849336,"standard_error":68.03902797539864},"Slope":{"confidence_interval":{"confidence_level":0.95,"lower_bound":51385.612756947616,"upper_bound":51560.02739991729},"point_estimate":51471.21511363972,"standard_error":44.4630393108884},"StdDev":{"confidence_interval":{"confidence_level":0.95,"lower_bound":409.15258169143465,"upper_bound":985.7178759877353},"point_estimate":681.0291724451612,"standard_error":172.1248387813632}}