{"Mean":{"confidence_interval":{"confidence_level":0.95,"lower_bound":56027.68015377101,"upper_bound":56369.016842839315},"point_estimate":56184.25297124204,"standard_error":87.49130451016927},"Median":{"confidence_interval":{"confidence_level":0.95,"lower_bound":55779.99588477366,"upper_bound":56119.99545855379},"point_estimate":55912.454365079364,"standard_error":79.63101407091003},"MedianAbsDev":{"confidence_interval":{"confidence_level":0.95,"lower_bound":349.34066743432527,"upper_bound":714.3347095402501},"point_estimate":508.26185294624213,"standard_error":87.52321461869415},"Slope":{"confidence_interval":{"confidence_level":0.95,"lower_bound":56001.13635574999,"upper_bound":56229.12899719377},"point_estimate":56112.37557427384,"standard_error":58.13287655112231},"StdDev":{"confidence_interval":{"confidence_level":0.95,"lower_bound":551.3871409927743,"upper_bound":1231.4688417104271},"point_estimate":880.8262143376959,"standard_error":187.19463578240502}}