{"Mean":{"confidence_interval":{"confidence_level":0.95,"lower_bound":5100797.811693451,"upper_bound":5132983.532888888},"point_estimate":5115709.794126985,"standard_error":8231.003247267447},"Median":{"confidence_interval":{"confidence_level":0.95,"lower_bound":5087201.875,"upper_bound":5127355.944444444},"point_estimate":5114845.9375,"standard_error":9721.488230029006},"MedianAbsDev":{"confidence_interval":{"confidence_level":0.95,"lower_bound":1601.4833115681456,"upper_bound":46935.40866672993},"point_estimate":20774.72621450806,"standard_error":11184.570383479131},"Slope":{"confidence_interval":{"confidence_level":0.95,"lower_bound":5093749.706187478,"upper_bound":5125220.410364145},"point_estimate":5111741.532467533,"standard_error":8057.492802314622},"StdDev":{"confidence_interval":{"confidence_level":0.95,"lower_bound":13082.654149632528,"upper_bound":37800.19742172528},"point_estimate":27524.44909792216,"standard_error":7114.670334276613}}