{"Mean":{"confidence_interval":{"confidence_level":0.95,"lower_bound":542201.4898060439,"upper_bound":545401.2366178364},"point_estimate":543729.472319654,"standard_error":815.4395814850003},"Median":{"confidence_interval":{"confidence_level":0.95,"lower_bound":539859.4015151515,"upper_bound":544055.1639030613},"point_estimate":541442.7336956522,"standard_error":1223.1122821282681},"MedianAbsDev":{"confidence_interval":{"confidence_level":0.95,"lower_bound":4631.408626303258,"upper_bound":8014.135964678171},"point_estimate":5701.899771342437,"standard_error":837.7076573878528},"Slope":{"confidence_interval":{"confidence_level":0.95,"lower_bound":543318.1315301085,"upper_bound":546101.1095165191},"point_estimate":544629.2774597311,"standard_error":709.2450927139618},"StdDev":{"confidence_interval":{"confidence_level":0.95,"lower_bound":6200.437403651768,"upper_bound":10003.795522272381},"point_estimate":8216.316566921452,"standard_error":975.2596379022543}}