{"Mean":{"confidence_interval":{"confidence_level":0.95,"lower_bound":5183902.303204739,"upper_bound":5255136.535991286},"point_estimate":5212975.250869107,"standard_error":18728.08226850983},"Median":{"confidence_interval":{"confidence_level":0.95,"lower_bound":5168144.056028369,"upper_bound":5188445.348763658},"point_estimate":5178252.254093733,"standard_error":5457.771171319022},"MedianAbsDev":{"confidence_interval":{"confidence_level":0.95,"lower_bound":37193.61868658354,"upper_bound":67210.02497462589},"point_estimate":54239.39610815322,"standard_error":7923.654742430853},"Slope":{"confidence_interval":{"confidence_level":0.95,"lower_bound":5167115.689026121,"upper_bound":5188947.404613389},"point_estimate":5177170.742429437,"standard_error":5591.350563024853},"StdDev":{"confidence_interval":{"confidence_level":0.95,"lower_bound":63405.82876828239,"upper_bound":303602.6367829208},"point_estimate":188228.27735221377,"standard_error":76184.82211971936}}