{"Mean":{"confidence_interval":{"confidence_level":0.95,"lower_bound":-0.001377097087348872,"upper_bound":0.0033736297661754564},"point_estimate":0.00111825769824625,"standard_error":0.0012179496433161912},"Median":{"confidence_interval":{"confidence_level":0.95,"lower_bound":-0.0012991918820430826,"upper_bound":0.004023080570281445},"point_estimate":0.0015065269247773738,"standard_error":0.0013133006796973699}}