{"Mean":{"confidence_interval":{"confidence_level":0.95,"lower_bound":0.12217762731434317,"upper_bound":0.13130529036831878},"point_estimate":0.12709111426313102,"standard_error":0.002327224138076005},"Median":{"confidence_interval":{"confidence_level":0.95,"lower_bound":0.12709305701578089,"upper_bound":0.13187134274190138},"point_estimate":0.12961138733764432,"standard_error":0.001308606954650526}}