{"Mean":{"confidence_interval":{"confidence_level":0.95,"lower_bound":-0.12202286851460589,"upper_bound":-0.1164239996015683},"point_estimate":-0.11918359656641186,"standard_error":0.0014199751536467815},"Median":{"confidence_interval":{"confidence_level":0.95,"lower_bound":-0.12146116173560417,"upper_bound":-0.11786035849834409},"point_estimate":-0.12030638704759089,"standard_error":0.001008883564821395}}