{"Mean":{"confidence_interval":{"confidence_level":0.95,"lower_bound":28.448566194963778,"upper_bound":28.5698448124019},"point_estimate":28.50251101926998,"standard_error":0.031100477362729115},"Median":{"confidence_interval":{"confidence_level":0.95,"lower_bound":28.40328981238988,"upper_bound":28.42874607879817},"point_estimate":28.412573251651068,"standard_error":0.006296556118668027},"MedianAbsDev":{"confidence_interval":{"confidence_level":0.95,"lower_bound":0.03281862692476358,"upper_bound":0.06961679014914729},"point_estimate":0.04778488546967353,"standard_error":0.008990811785785325},"Slope":{"confidence_interval":{"confidence_level":0.95,"lower_bound":28.43953688413086,"upper_bound":28.52338134042073},"point_estimate":28.475902822279494,"standard_error":0.02154606249219315},"StdDev":{"confidence_interval":{"confidence_level":0.95,"lower_bound":0.13957225641262608,"upper_bound":0.44932520114437746},"point_estimate":0.3125528192746042,"standard_error":0.07899259028216747}}