{"Mean":{"confidence_interval":{"confidence_level":0.95,"lower_bound":10310.034505497992,"upper_bound":10364.063856481103},"point_estimate":10337.652389564239,"standard_error":13.79197442732088},"Median":{"confidence_interval":{"confidence_level":0.95,"lower_bound":10298.263506567675,"upper_bound":10373.825877276477},"point_estimate":10343.73600799543,"standard_error":17.2670976068392},"MedianAbsDev":{"confidence_interval":{"confidence_level":0.95,"lower_bound":10.365310914398929,"upper_bound":80.97080995597116},"point_estimate":49.895895933131236,"standard_error":19.673010135074612},"Slope":{"confidence_interval":{"confidence_level":0.95,"lower_bound":10307.798360077011,"upper_bound":10366.238431610509},"point_estimate":10335.068291959326,"standard_error":14.964378482608044},"StdDev":{"confidence_interval":{"confidence_level":0.95,"lower_bound":25.36390521281766,"upper_bound":57.40412262687504},"point_estimate":45.85440219202028,"standard_error":8.153258634981212}}