{"Mean":{"confidence_interval":{"confidence_level":0.95,"lower_bound":16487.217214021923,"upper_bound":16599.708511002562},"point_estimate":16540.52543923023,"standard_error":28.792815335759258},"Median":{"confidence_interval":{"confidence_level":0.95,"lower_bound":16404.803153153152,"upper_bound":16563.8875},"point_estimate":16509.585598791753,"standard_error":39.18725923317769},"MedianAbsDev":{"confidence_interval":{"confidence_level":0.95,"lower_bound":182.6206122786681,"upper_bound":294.6599989014682},"point_estimate":261.971368342878,"standard_error":29.34925143537465},"Slope":{"confidence_interval":{"confidence_level":0.95,"lower_bound":16507.542406983866,"upper_bound":16662.48838945486},"point_estimate":16573.634572730407,"standard_error":40.113605390012715},"StdDev":{"confidence_interval":{"confidence_level":0.95,"lower_bound":197.56114012452187,"upper_bound":380.6263053076749},"point_estimate":290.15160259246517,"standard_error":47.67858076132209}}