{"Mean":{"confidence_interval":{"confidence_level":0.95,"lower_bound":135.79643745199914,"upper_bound":136.42928155500672},"point_estimate":136.06412055178018,"standard_error":0.16333717703989936},"Median":{"confidence_interval":{"confidence_level":0.95,"lower_bound":135.52058319475591,"upper_bound":136.0733187411996},"point_estimate":135.83342297079957,"standard_error":0.15439367816990937},"MedianAbsDev":{"confidence_interval":{"confidence_level":0.95,"lower_bound":0.671116200673945,"upper_bound":1.1589738354367414},"point_estimate":0.8866839452032312,"standard_error":0.12599082100693546},"Slope":{"confidence_interval":{"confidence_level":0.95,"lower_bound":135.71955113954405,"upper_bound":136.0070632731505},"point_estimate":135.8616369438387,"standard_error":0.07342424233206511},"StdDev":{"confidence_interval":{"confidence_level":0.95,"lower_bound":0.7622051959873182,"upper_bound":2.5543352791094054},"point_estimate":1.6376256492508254,"standard_error":0.5802653603520631}}