{"Mean":{"confidence_interval":{"confidence_level":0.95,"lower_bound":114.88535518094851,"upper_bound":115.02347677006583},"point_estimate":114.95159245307575,"standard_error":0.03521858948127892},"Median":{"confidence_interval":{"confidence_level":0.95,"lower_bound":114.86520366710087,"upper_bound":115.01673049852258},"point_estimate":114.95160892737118,"standard_error":0.041499949676125296},"MedianAbsDev":{"confidence_interval":{"confidence_level":0.95,"lower_bound":0.018919587377958614,"upper_bound":0.1992565504299956},"point_estimate":0.11388380098818725,"standard_error":0.04265960244048074},"Slope":{"confidence_interval":{"confidence_level":0.95,"lower_bound":114.86975251596199,"upper_bound":115.0088222793609},"point_estimate":114.93961710109606,"standard_error":0.03558099026984702},"StdDev":{"confidence_interval":{"confidence_level":0.95,"lower_bound":0.058361701766761365,"upper_bound":0.15599750475402951},"point_estimate":0.11744562171542569,"standard_error":0.025917686039633375}}