{"Mean":{"confidence_interval":{"confidence_level":0.95,"lower_bound":137.46972730684269,"upper_bound":138.2037428642991},"point_estimate":137.78093737897316,"standard_error":0.19006503718901277},"Median":{"confidence_interval":{"confidence_level":0.95,"lower_bound":137.24720600500416,"upper_bound":137.69538562227783},"point_estimate":137.46730335043515,"standard_error":0.10323972144542877},"MedianAbsDev":{"confidence_interval":{"confidence_level":0.95,"lower_bound":0.6996744819197861,"upper_bound":1.1466515203206908},"point_estimate":0.8932166928262508,"standard_error":0.11660821047434919},"Slope":{"confidence_interval":{"confidence_level":0.95,"lower_bound":137.4695160772414,"upper_bound":137.85527438075022},"point_estimate":137.65986129969974,"standard_error":0.09868418148967112},"StdDev":{"confidence_interval":{"confidence_level":0.95,"lower_bound":0.8736146464250188,"upper_bound":2.9828467992805825},"point_estimate":1.9124013883373265,"standard_error":0.6728581236170622}}