{"Mean":{"confidence_interval":{"confidence_level":0.95,"lower_bound":90.67543464240497,"upper_bound":91.08449582026446},"point_estimate":90.84794248215204,"standard_error":0.10603066408387649},"Median":{"confidence_interval":{"confidence_level":0.95,"lower_bound":90.53297386569318,"upper_bound":90.64457337769826},"point_estimate":90.5721621104905,"standard_error":0.0319753983560822},"MedianAbsDev":{"confidence_interval":{"confidence_level":0.95,"lower_bound":0.13280154379768072,"upper_bound":0.27365567611073416},"point_estimate":0.19107532072201697,"standard_error":0.03800013539499101},"Slope":{"confidence_interval":{"confidence_level":0.95,"lower_bound":90.64317102064183,"upper_bound":90.98052133679316},"point_estimate":90.7939868633494,"standard_error":0.0866922286204794},"StdDev":{"confidence_interval":{"confidence_level":0.95,"lower_bound":0.3568919047635513,"upper_bound":1.676303866999064},"point_estimate":1.0658215409757779,"standard_error":0.3694474741789517}}