{"Mean":{"confidence_interval":{"confidence_level":0.95,"lower_bound":0.043982065911838106,"upper_bound":0.05463468233901331},"point_estimate":0.04877858937232893,"standard_error":0.0026772991992853284},"Median":{"confidence_interval":{"confidence_level":0.95,"lower_bound":0.04236586223768968,"upper_bound":0.04775644992988237},"point_estimate":0.045149301963270716,"standard_error":0.0014561684279187845}}