{"Mean":{"confidence_interval":{"confidence_level":0.95,"lower_bound":-0.8788891228189635,"upper_bound":-0.8773324414359508},"point_estimate":-0.8780732088489244,"standard_error":0.00039744003491019506},"Median":{"confidence_interval":{"confidence_level":0.95,"lower_bound":-0.8783865556453554,"upper_bound":-0.8774626101518492},"point_estimate":-0.8778614225936929,"standard_error":0.00023823529482060825}}