{"Mean":{"confidence_interval":{"confidence_level":0.95,"lower_bound":-0.05104589183781649,"upper_bound":-0.04256055390402837},"point_estimate":-0.04702880473440885,"standard_error":0.002138791651504085},"Median":{"confidence_interval":{"confidence_level":0.95,"lower_bound":-0.05183348756380235,"upper_bound":-0.04495164101490712},"point_estimate":-0.04873236206575016,"standard_error":0.001677028663857434}}