{"Mean":{"confidence_interval":{"confidence_level":0.95,"lower_bound":0.08895096675571251,"upper_bound":0.09730722356474765},"point_estimate":0.093313187374086,"standard_error":0.0021091243515475927},"Median":{"confidence_interval":{"confidence_level":0.95,"lower_bound":0.08848828947677334,"upper_bound":0.09615312826614031},"point_estimate":0.09267620830654133,"standard_error":0.001881954148174365}}