{"Mean":{"confidence_interval":{"confidence_level":0.95,"lower_bound":-0.06053084803825148,"upper_bound":-0.05426185954794858},"point_estimate":-0.057582505836610065,"standard_error":0.0015869554465864025},"Median":{"confidence_interval":{"confidence_level":0.95,"lower_bound":-0.05983872701382942,"upper_bound":-0.05511879197952996},"point_estimate":-0.057500633244610966,"standard_error":0.0012108991597676083}}