{"Mean":{"confidence_interval":{"confidence_level":0.95,"lower_bound":1701.7258078191899,"upper_bound":1740.998052323158},"point_estimate":1718.485693903136,"standard_error":10.125938477490394},"Median":{"confidence_interval":{"confidence_level":0.95,"lower_bound":1685.7130233458402,"upper_bound":1689.863871879416},"point_estimate":1686.8799654576856,"standard_error":1.2161852293533695},"MedianAbsDev":{"confidence_interval":{"confidence_level":0.95,"lower_bound":6.634815835095361,"upper_bound":12.91570607371297},"point_estimate":9.068567705149128,"standard_error":1.6611752455677753},"Slope":{"confidence_interval":{"confidence_level":0.95,"lower_bound":1701.0478021263038,"upper_bound":1729.529421144557},"point_estimate":1714.15578568962,"standard_error":7.294256276753026},"StdDev":{"confidence_interval":{"confidence_level":0.95,"lower_bound":46.182155997669234,"upper_bound":156.21000682940252},"point_estimate":101.87711723063424,"standard_error":32.94647560891463}}