{"Mean":{"confidence_interval":{"confidence_level":0.95,"lower_bound":1738.3452424312238,"upper_bound":1747.0736244105885},"point_estimate":1742.0687574615056,"standard_error":2.2506935453953334},"Median":{"confidence_interval":{"confidence_level":0.95,"lower_bound":1734.2833816919838,"upper_bound":1742.0478199718707},"point_estimate":1738.6647848577672,"standard_error":2.2481660962286987},"MedianAbsDev":{"confidence_interval":{"confidence_level":0.95,"lower_bound":9.678616797179883,"upper_bound":16.48707160610204},"point_estimate":13.718294883579086,"standard_error":1.8290746725375915},"Slope":{"confidence_interval":{"confidence_level":0.95,"lower_bound":1738.7524492734835,"upper_bound":1744.8226319802407},"point_estimate":1741.6435546089554,"standard_error":1.5490760875014318},"StdDev":{"confidence_interval":{"confidence_level":0.95,"lower_bound":11.130027528387062,"upper_bound":34.908064651149225},"point_estimate":22.639282985564133,"standard_error":7.583165133632366}}