{"Mean":{"confidence_interval":{"confidence_level":0.95,"lower_bound":1061.861377097493,"upper_bound":1068.1173426447476},"point_estimate":1064.6115856365445,"standard_error":1.6090258090566618},"Median":{"confidence_interval":{"confidence_level":0.95,"lower_bound":1059.2033548618585,"upper_bound":1063.3992003690605},"point_estimate":1060.7634899571904,"standard_error":1.0114276819622408},"MedianAbsDev":{"confidence_interval":{"confidence_level":0.95,"lower_bound":4.284644309255835,"upper_bound":6.817800718853674},"point_estimate":5.998883824199936,"standard_error":0.648790470069155},"Slope":{"confidence_interval":{"confidence_level":0.95,"lower_bound":1060.7116760278163,"upper_bound":1065.4597960988945},"point_estimate":1062.853134630591,"standard_error":1.218001006122508},"StdDev":{"confidence_interval":{"confidence_level":0.95,"lower_bound":6.836285322818462,"upper_bound":24.125429946519684},"point_estimate":16.206461034345057,"standard_error":4.560319231597}}