{"Mean":{"confidence_interval":{"confidence_level":0.95,"lower_bound":-0.6977971624975897,"upper_bound":-0.6935806238800503},"point_estimate":-0.6956056272153309,"standard_error":0.0010757655831561512},"Median":{"confidence_interval":{"confidence_level":0.95,"lower_bound":-0.6961782654368085,"upper_bound":-0.6928287479193314},"point_estimate":-0.6949072845270621,"standard_error":0.0008710613245535417}}