{"Mean":{"confidence_interval":{"confidence_level":0.95,"lower_bound":0.0013234540427471799,"upper_bound":0.009018239353774393},"point_estimate":0.005271323260438887,"standard_error":0.0019679855847315967},"Median":{"confidence_interval":{"confidence_level":0.95,"lower_bound":0.00038509157456489973,"upper_bound":0.010551502122108092},"point_estimate":0.00706938378031019,"standard_error":0.0026323130758944377}}