{"Mean":{"confidence_interval":{"confidence_level":0.95,"lower_bound":0.010531251844107472,"upper_bound":0.024004725423688106},"point_estimate":0.016695195529356388,"standard_error":0.003475396207280035},"Median":{"confidence_interval":{"confidence_level":0.95,"lower_bound":0.004774267932891263,"upper_bound":0.016679204623676336},"point_estimate":0.011002054084255475,"standard_error":0.0031103870161737902}}