{"Mean":{"confidence_interval":{"confidence_level":0.95,"lower_bound":689390.4981271838,"upper_bound":698377.6406896564},"point_estimate":693443.8689564243,"standard_error":2303.35392319901},"Median":{"confidence_interval":{"confidence_level":0.95,"lower_bound":683963.6911764706,"upper_bound":685968.9364583334},"point_estimate":684740.2310526315,"standard_error":524.0192172875988},"MedianAbsDev":{"confidence_interval":{"confidence_level":0.95,"lower_bound":2628.3271948434035,"upper_bound":5777.987307903988},"point_estimate":3645.558946115633,"standard_error":812.3212505034224},"Slope":{"confidence_interval":{"confidence_level":0.95,"lower_bound":689094.4659041335,"upper_bound":697100.531790106},"point_estimate":692912.1181114231,"standard_error":2050.468451925649},"StdDev":{"confidence_interval":{"confidence_level":0.95,"lower_bound":12960.821365104808,"upper_bound":33215.72313088766},"point_estimate":23170.878807866087,"standard_error":5461.43152924355}}