{"Mean":{"confidence_interval":{"confidence_level":0.95,"lower_bound":177385.54747380674,"upper_bound":178468.30255429502},"point_estimate":177885.40313882235,"standard_error":277.4404294018348},"Median":{"confidence_interval":{"confidence_level":0.95,"lower_bound":176878.34481556457,"upper_bound":177945.2831325301},"point_estimate":177581.67347670253,"standard_error":242.9553332627603},"MedianAbsDev":{"confidence_interval":{"confidence_level":0.95,"lower_bound":1714.505640683292,"upper_bound":2920.852692437953},"point_estimate":2331.9476662699253,"standard_error":314.0782999379261},"Slope":{"confidence_interval":{"confidence_level":0.95,"lower_bound":177238.5554284682,"upper_bound":177979.13986996893},"point_estimate":177596.9493985518,"standard_error":188.94881780807162},"StdDev":{"confidence_interval":{"confidence_level":0.95,"lower_bound":1816.9135879045912,"upper_bound":3901.211443180303},"point_estimate":2784.058077143985,"standard_error":616.5828381603488}}