{"Mean":{"confidence_interval":{"confidence_level":0.95,"lower_bound":207444.93061541126,"upper_bound":209168.61502913738},"point_estimate":208253.47582604847,"standard_error":439.1962843359098},"Median":{"confidence_interval":{"confidence_level":0.95,"lower_bound":205964.5212121212,"upper_bound":207754.4786885246},"point_estimate":207034.94427497315,"standard_error":413.21436666268954},"MedianAbsDev":{"confidence_interval":{"confidence_level":0.95,"lower_bound":1638.3935756803612,"upper_bound":3459.598068821344},"point_estimate":2805.434194663461,"standard_error":443.7308771456671},"Slope":{"confidence_interval":{"confidence_level":0.95,"lower_bound":207961.832237203,"upper_bound":210042.62016865332},"point_estimate":208972.0176131225,"standard_error":530.6148038265494},"StdDev":{"confidence_interval":{"confidence_level":0.95,"lower_bound":3056.4464833007687,"upper_bound":5623.562518182052},"point_estimate":4394.900526861573,"standard_error":657.1887279651124}}