{"Mean":{"confidence_interval":{"confidence_level":0.95,"lower_bound":1234069.345770806,"upper_bound":1242494.7106339526},"point_estimate":1238144.343621378,"standard_error":2142.787886306979},"Median":{"confidence_interval":{"confidence_level":0.95,"lower_bound":1228511.24,"upper_bound":1237477.0},"point_estimate":1231826.049023769,"standard_error":2201.750364160519},"MedianAbsDev":{"confidence_interval":{"confidence_level":0.95,"lower_bound":12103.884810551612,"upper_bound":22654.324652235668},"point_estimate":16676.58687629983,"standard_error":2559.394359429428},"Slope":{"confidence_interval":{"confidence_level":0.95,"lower_bound":1225989.375895992,"upper_bound":1233096.4521043526},"point_estimate":1229401.7046017437,"standard_error":1810.1483711745723},"StdDev":{"confidence_interval":{"confidence_level":0.95,"lower_bound":16979.41305942027,"upper_bound":25761.064908070173},"point_estimate":21496.24056621692,"standard_error":2257.04271723779}}