{"Mean":{"confidence_interval":{"confidence_level":0.95,"lower_bound":732.9916402799323,"upper_bound":738.0481135386517},"point_estimate":735.3702657789868,"standard_error":1.2917166915053733},"Median":{"confidence_interval":{"confidence_level":0.95,"lower_bound":729.7218684320424,"upper_bound":735.0127065618482},"point_estimate":730.8563731549816,"standard_error":1.678997405823418},"MedianAbsDev":{"confidence_interval":{"confidence_level":0.95,"lower_bound":7.515370868562506,"upper_bound":13.625439636674276},"point_estimate":9.58522414377311,"standard_error":1.6053508698609835},"Slope":{"confidence_interval":{"confidence_level":0.95,"lower_bound":729.4396972631386,"upper_bound":732.5292250496229},"point_estimate":730.9054127208392,"standard_error":0.790508904260776},"StdDev":{"confidence_interval":{"confidence_level":0.95,"lower_bound":9.2203213277792,"upper_bound":17.22858109263717},"point_estimate":12.96972249842615,"standard_error":2.2313908888307226}}