{"Mean":{"confidence_interval":{"confidence_level":0.95,"lower_bound":749.5954463167052,"upper_bound":773.2387494035429},"point_estimate":760.1166077980811,"standard_error":6.074491457953041},"Median":{"confidence_interval":{"confidence_level":0.95,"lower_bound":739.908466819222,"upper_bound":741.930958458018},"point_estimate":740.8740255995237,"standard_error":0.5144481394192921},"MedianAbsDev":{"confidence_interval":{"confidence_level":0.95,"lower_bound":2.0878435273354206,"upper_bound":4.830861730675166},"point_estimate":3.4238514659301513,"standard_error":0.7377163092816913},"Slope":{"confidence_interval":{"confidence_level":0.95,"lower_bound":745.9682821392743,"upper_bound":762.0708239205494},"point_estimate":753.2459413628101,"standard_error":4.126756285703918},"StdDev":{"confidence_interval":{"confidence_level":0.95,"lower_bound":28.270336503677374,"upper_bound":89.27398750689709},"point_estimate":61.2073003261507,"standard_error":15.772647107986634}}