{"Mean":{"confidence_interval":{"confidence_level":0.95,"lower_bound":725.4586590101737,"upper_bound":727.0271245255125},"point_estimate":726.1712148831643,"standard_error":0.4052261573206633},"Median":{"confidence_interval":{"confidence_level":0.95,"lower_bound":725.2145522835337,"upper_bound":726.9655771766493},"point_estimate":725.905831701762,"standard_error":0.32832492400541985},"MedianAbsDev":{"confidence_interval":{"confidence_level":0.95,"lower_bound":0.060202670046415226,"upper_bound":2.0424082867509696},"point_estimate":0.7226571526315959,"standard_error":0.5361593385132609},"Slope":{"confidence_interval":{"confidence_level":0.95,"lower_bound":725.2623140745369,"upper_bound":727.44608677161},"point_estimate":726.2809044154391,"standard_error":0.5613404166556594},"StdDev":{"confidence_interval":{"confidence_level":0.95,"lower_bound":0.46917217866903915,"upper_bound":1.8159879668053887},"point_estimate":1.3494722291117445,"standard_error":0.3632708177165902}}