{"Mean":{"confidence_interval":{"confidence_level":0.95,"lower_bound":8187747.353730171,"upper_bound":8321942.671524165},"point_estimate":8249655.639747395,"standard_error":34418.21732997931},"Median":{"confidence_interval":{"confidence_level":0.95,"lower_bound":8178265.781372549,"upper_bound":8261789.436619719},"point_estimate":8211014.8467501495,"standard_error":26051.714824444643},"MedianAbsDev":{"confidence_interval":{"confidence_level":0.95,"lower_bound":137654.66841828945,"upper_bound":254591.8435829381},"point_estimate":192622.10265954986,"standard_error":29217.088013165237},"Slope":{"confidence_interval":{"confidence_level":0.95,"lower_bound":8205763.325639753,"upper_bound":8385463.729183116},"point_estimate":8283098.038593173,"standard_error":46472.605285660786},"StdDev":{"confidence_interval":{"confidence_level":0.95,"lower_bound":190128.68511428582,"upper_bound":476837.4307618222},"point_estimate":345399.0417743584,"standard_error":74452.60997808713}}