{"Mean":{"confidence_interval":{"confidence_level":0.95,"lower_bound":8165562.697679726,"upper_bound":8341089.894052763},"point_estimate":8229145.206500057,"standard_error":50961.09725780906},"Median":{"confidence_interval":{"confidence_level":0.95,"lower_bound":8144154.81442786,"upper_bound":8175928.607142857},"point_estimate":8159564.074736842,"standard_error":7402.483281467012},"MedianAbsDev":{"confidence_interval":{"confidence_level":0.95,"lower_bound":49260.99549021572,"upper_bound":83722.93565854145},"point_estimate":65851.5738146655,"standard_error":8972.436992349973},"Slope":{"confidence_interval":{"confidence_level":0.95,"lower_bound":8136540.5392135065,"upper_bound":8163626.307453178},"point_estimate":8149243.270090143,"standard_error":6913.2034675936975},"StdDev":{"confidence_interval":{"confidence_level":0.95,"lower_bound":75114.63288246615,"upper_bound":873394.2920431633},"point_estimate":513695.58247800043,"standard_error":281091.08916762826}}