{"Mean":{"confidence_interval":{"confidence_level":0.95,"lower_bound":672.1723254869866,"upper_bound":684.0497754402567},"point_estimate":677.6264813206208,"standard_error":3.055692226467761},"Median":{"confidence_interval":{"confidence_level":0.95,"lower_bound":665.3257544517338,"upper_bound":667.5470403594115},"point_estimate":666.039934646539,"standard_error":0.5535445530227356},"MedianAbsDev":{"confidence_interval":{"confidence_level":0.95,"lower_bound":2.4362994281623145,"upper_bound":4.743411040600107},"point_estimate":3.3192792237470488,"standard_error":0.5627720764211072},"Slope":{"confidence_interval":{"confidence_level":0.95,"lower_bound":672.7605846310728,"upper_bound":683.8661997097322},"point_estimate":677.9420224812449,"standard_error":2.8349159613279515},"StdDev":{"confidence_interval":{"confidence_level":0.95,"lower_bound":18.82246037691993,"upper_bound":40.52897565885285},"point_estimate":30.7375387284266,"standard_error":5.535617914274641}}