{"Mean":{"confidence_interval":{"confidence_level":0.95,"lower_bound":669.7919502102574,"upper_bound":675.1842285509748},"point_estimate":671.8359797279314,"standard_error":1.45809349292393},"Median":{"confidence_interval":{"confidence_level":0.95,"lower_bound":668.0854119425549,"upper_bound":669.9047483654339},"point_estimate":669.0949829931973,"standard_error":0.5003688771745731},"MedianAbsDev":{"confidence_interval":{"confidence_level":0.95,"lower_bound":2.423546194532178,"upper_bound":5.216269467577888},"point_estimate":3.883984210229759,"standard_error":0.7061036104523332},"Slope":{"confidence_interval":{"confidence_level":0.95,"lower_bound":669.8662773987471,"upper_bound":671.931096838551},"point_estimate":670.8963662650913,"standard_error":0.5272050873873667},"StdDev":{"confidence_interval":{"confidence_level":0.95,"lower_bound":4.011549066139698,"upper_bound":24.290295997903808},"point_estimate":14.598814395715147,"standard_error":6.98019436922746}}