{"Mean":{"confidence_interval":{"confidence_level":0.95,"lower_bound":261237.0312569806,"upper_bound":266627.91848001105},"point_estimate":263635.1787203059,"standard_error":1388.569554219173},"Median":{"confidence_interval":{"confidence_level":0.95,"lower_bound":258652.02173913043,"upper_bound":259376.4642857143},"point_estimate":258906.7132528011,"standard_error":178.04785492257398},"MedianAbsDev":{"confidence_interval":{"confidence_level":0.95,"lower_bound":1073.8759892682137,"upper_bound":2292.873298716657},"point_estimate":1454.3444710638257,"standard_error":293.949414531223},"Slope":{"confidence_interval":{"confidence_level":0.95,"lower_bound":261395.85050316638,"upper_bound":266141.45099237264},"point_estimate":263630.74590512784,"standard_error":1212.5025915003914},"StdDev":{"confidence_interval":{"confidence_level":0.95,"lower_bound":7417.2111877275665,"upper_bound":20544.47360976732},"point_estimate":14022.816467067458,"standard_error":3713.704253879444}}