{"Mean":{"confidence_interval":{"confidence_level":0.95,"lower_bound":240308.3020359647,"upper_bound":241798.54690858448},"point_estimate":241009.13945262865,"standard_error":380.2983617610016},"Median":{"confidence_interval":{"confidence_level":0.95,"lower_bound":239153.58550724637,"upper_bound":240519.91754385966},"point_estimate":240128.4122180451,"standard_error":340.0282301270849},"MedianAbsDev":{"confidence_interval":{"confidence_level":0.95,"lower_bound":1749.5830699604576,"upper_bound":3195.99669001402},"point_estimate":2568.4354185088932,"standard_error":365.13097060450326},"Slope":{"confidence_interval":{"confidence_level":0.95,"lower_bound":239669.88575415756,"upper_bound":240711.38580603214},"point_estimate":240152.26526850893,"standard_error":265.5800626025984},"StdDev":{"confidence_interval":{"confidence_level":0.95,"lower_bound":2692.0421453533536,"upper_bound":4825.93224587409},"point_estimate":3821.369341722218,"standard_error":545.5266783381164}}