{"Mean":{"confidence_interval":{"confidence_level":0.95,"lower_bound":220064.27154191112,"upper_bound":221452.37371464408},"point_estimate":220683.93406155985,"standard_error":357.1070690855229},"Median":{"confidence_interval":{"confidence_level":0.95,"lower_bound":219479.52359550563,"upper_bound":219928.44705882354},"point_estimate":219663.20625,"standard_error":106.90376558199083},"MedianAbsDev":{"confidence_interval":{"confidence_level":0.95,"lower_bound":629.0907689485074,"upper_bound":1172.1278235722723},"point_estimate":824.1238793429934,"standard_error":132.43714029490997},"Slope":{"confidence_interval":{"confidence_level":0.95,"lower_bound":219899.5557467146,"upper_bound":220583.73254472937},"point_estimate":220219.03676488844,"standard_error":175.29079522313242},"StdDev":{"confidence_interval":{"confidence_level":0.95,"lower_bound":1468.3644260711603,"upper_bound":5173.989907989657},"point_estimate":3600.3487566846434,"standard_error":921.6380600795983}}