{"Mean":{"confidence_interval":{"confidence_level":0.95,"lower_bound":384223.4660382231,"upper_bound":394324.800993038},"point_estimate":388860.44099153427,"standard_error":2597.0951925673944},"Median":{"confidence_interval":{"confidence_level":0.95,"lower_bound":378880.0416666667,"upper_bound":379878.225},"point_estimate":379195.6221770551,"standard_error":242.54337308745582},"MedianAbsDev":{"confidence_interval":{"confidence_level":0.95,"lower_bound":1312.4792080673915,"upper_bound":2641.298910274835},"point_estimate":1871.6341398070895,"standard_error":322.35313493563416},"Slope":{"confidence_interval":{"confidence_level":0.95,"lower_bound":384253.61262693204,"upper_bound":395307.67184697633},"point_estimate":389217.9210432984,"standard_error":2828.4246272023065},"StdDev":{"confidence_interval":{"confidence_level":0.95,"lower_bound":15835.919709124739,"upper_bound":34760.82292974423},"point_estimate":26180.518053590436,"standard_error":4854.536119741776}}