{"Mean":{"confidence_interval":{"confidence_level":0.95,"lower_bound":387230.0670216282,"upper_bound":391491.4118388956},"point_estimate":389000.6828337092,"standard_error":1111.0990664521735},"Median":{"confidence_interval":{"confidence_level":0.95,"lower_bound":385407.643697206,"upper_bound":387465.7698412698},"point_estimate":386198.2912660256,"standard_error":504.9723415616579},"MedianAbsDev":{"confidence_interval":{"confidence_level":0.95,"lower_bound":2775.1253368274934,"upper_bound":5411.587518362153},"point_estimate":3777.9436185148334,"standard_error":704.4976583004346},"Slope":{"confidence_interval":{"confidence_level":0.95,"lower_bound":386844.544436348,"upper_bound":388898.8892307399},"point_estimate":387812.29457662185,"standard_error":524.8789206646826},"StdDev":{"confidence_interval":{"confidence_level":0.95,"lower_bound":4660.938719406154,"upper_bound":17801.720925981383},"point_estimate":11215.945989663502,"standard_error":4282.507435033621}}