{"Mean":{"confidence_interval":{"confidence_level":0.95,"lower_bound":72266.71306272753,"upper_bound":73068.59440727887},"point_estimate":72645.65118646629,"standard_error":205.32388052314428},"Median":{"confidence_interval":{"confidence_level":0.95,"lower_bound":71842.63392857143,"upper_bound":72337.75187969925},"point_estimate":72064.82441590869,"standard_error":137.23951582549503},"MedianAbsDev":{"confidence_interval":{"confidence_level":0.95,"lower_bound":840.4286119297417,"upper_bound":1592.2319501672969},"point_estimate":1151.512013306584,"standard_error":188.03236026127817},"Slope":{"confidence_interval":{"confidence_level":0.95,"lower_bound":71864.94072601387,"upper_bound":72405.1052280916},"point_estimate":72126.45970360363,"standard_error":137.2035281887056},"StdDev":{"confidence_interval":{"confidence_level":0.95,"lower_bound":1451.4524177846176,"upper_bound":2664.647832599571},"point_estimate":2063.305101991983,"standard_error":314.5274238233911}}