{"Mean":{"confidence_interval":{"confidence_level":0.95,"lower_bound":51.726997590784535,"upper_bound":51.972846672568956},"point_estimate":51.83091929016255,"standard_error":0.06425433560309987},"Median":{"confidence_interval":{"confidence_level":0.95,"lower_bound":51.689122694406706,"upper_bound":51.9056318649688},"point_estimate":51.7689651279414,"standard_error":0.054795732016309585},"MedianAbsDev":{"confidence_interval":{"confidence_level":0.95,"lower_bound":0.030627632025466457,"upper_bound":0.24766487119889383},"point_estimate":0.12665889986486256,"standard_error":0.056372965414455405},"Slope":{"confidence_interval":{"confidence_level":0.95,"lower_bound":51.72242253057886,"upper_bound":51.903712949398326},"point_estimate":51.78974254152139,"standard_error":0.04673375244213653},"StdDev":{"confidence_interval":{"confidence_level":0.95,"lower_bound":0.061018138744112,"upper_bound":0.31204342817007713},"point_estimate":0.21410135630441302,"standard_error":0.07575040083888246}}