{"Mean":{"confidence_interval":{"confidence_level":0.95,"lower_bound":35475.626433525846,"upper_bound":36349.93511375435},"point_estimate":35863.18028026552,"standard_error":224.80737116642484},"Median":{"confidence_interval":{"confidence_level":0.95,"lower_bound":34945.31331168831,"upper_bound":35121.0},"point_estimate":35012.817370711724,"standard_error":46.30450719077765},"MedianAbsDev":{"confidence_interval":{"confidence_level":0.95,"lower_bound":183.63317602729862,"upper_bound":453.45539743737453},"point_estimate":283.57326353276835,"standard_error":71.31523438975728},"Slope":{"confidence_interval":{"confidence_level":0.95,"lower_bound":35338.191911433176,"upper_bound":35931.98628821467},"point_estimate":35620.2426627119,"standard_error":151.19199070656273},"StdDev":{"confidence_interval":{"confidence_level":0.95,"lower_bound":1150.8350885631673,"upper_bound":3361.549064035604},"point_estimate":2261.1850344958143,"standard_error":633.0950170462926}}