{"Mean":{"confidence_interval":{"confidence_level":0.95,"lower_bound":22583.1136458148,"upper_bound":22667.78913243739},"point_estimate":22622.62158092668,"standard_error":21.760950271318592},"Median":{"confidence_interval":{"confidence_level":0.95,"lower_bound":22566.004358655046,"upper_bound":22674.06411374014},"point_estimate":22603.101790161894,"standard_error":28.86452530639288},"MedianAbsDev":{"confidence_interval":{"confidence_level":0.95,"lower_bound":6.9166018697339045,"upper_bound":120.22945698754005},"point_estimate":55.06276666565545,"standard_error":28.16725931302486},"Slope":{"confidence_interval":{"confidence_level":0.95,"lower_bound":22572.786955333937,"upper_bound":22690.61702884699},"point_estimate":22628.774339732496,"standard_error":32.10482945121164},"StdDev":{"confidence_interval":{"confidence_level":0.95,"lower_bound":27.89125953311737,"upper_bound":89.11015673513444},"point_estimate":72.38465278041329,"standard_error":14.843811589028398}}