{"Mean":{"confidence_interval":{"confidence_level":0.95,"lower_bound":2733371.5086864927,"upper_bound":2745820.2928908397},"point_estimate":2739396.090618616,"standard_error":3184.4275013940837},"Median":{"confidence_interval":{"confidence_level":0.95,"lower_bound":2726219.8378764773,"upper_bound":2737324.971830986},"point_estimate":2730975.0051466804,"standard_error":2837.292486463405},"MedianAbsDev":{"confidence_interval":{"confidence_level":0.95,"lower_bound":14761.513704758965,"upper_bound":30032.965799585247},"point_estimate":22412.507977527035,"standard_error":3944.282887459422},"Slope":{"confidence_interval":{"confidence_level":0.95,"lower_bound":2728433.1374680167,"upper_bound":2736781.4393018526},"point_estimate":2732603.439264076,"standard_error":2121.7101106051887},"StdDev":{"confidence_interval":{"confidence_level":0.95,"lower_bound":25372.103121091433,"upper_bound":38086.31453437853},"point_estimate":31967.430055132194,"standard_error":3242.1254254224878}}