{"Mean":{"confidence_interval":{"confidence_level":0.95,"lower_bound":2835088.538559273,"upper_bound":2850371.051021256},"point_estimate":2842532.4076166814,"standard_error":3894.1550606468054},"Median":{"confidence_interval":{"confidence_level":0.95,"lower_bound":2826616.3636363638,"upper_bound":2845774.1744186045},"point_estimate":2832691.076530612,"standard_error":4504.746294707579},"MedianAbsDev":{"confidence_interval":{"confidence_level":0.95,"lower_bound":24636.189358557745,"upper_bound":39489.91847427584},"point_estimate":31850.27243925569,"standard_error":3917.582248204224},"Slope":{"confidence_interval":{"confidence_level":0.95,"lower_bound":2838146.5373345977,"upper_bound":2856645.7061738},"point_estimate":2846976.5979488697,"standard_error":4732.822934371181},"StdDev":{"confidence_interval":{"confidence_level":0.95,"lower_bound":31242.473855798024,"upper_bound":45990.012663295674},"point_estimate":39088.29448810226,"standard_error":3788.86600516106}}