{"Mean":{"confidence_interval":{"confidence_level":0.95,"lower_bound":2781233.8283342365,"upper_bound":2802996.449081215},"point_estimate":2791785.4781059157,"standard_error":5544.923016616879},"Median":{"confidence_interval":{"confidence_level":0.95,"lower_bound":2770160.9,"upper_bound":2799215.3275862066},"point_estimate":2786107.8571428573,"standard_error":7697.861336347406},"MedianAbsDev":{"confidence_interval":{"confidence_level":0.95,"lower_bound":41155.14482858092,"upper_bound":61867.07822946309},"point_estimate":52899.87155413232,"standard_error":5268.471198643951},"Slope":{"confidence_interval":{"confidence_level":0.95,"lower_bound":2775115.851957749,"upper_bound":2795985.394652694},"point_estimate":2784967.5746091325,"standard_error":5317.518465522999},"StdDev":{"confidence_interval":{"confidence_level":0.95,"lower_bound":43871.90776945414,"upper_bound":67531.28922518772},"point_estimate":55453.102930319576,"standard_error":6132.3046562328445}}