{"Mean":{"confidence_interval":{"confidence_level":0.95,"lower_bound":6223205.670307975,"upper_bound":6259398.078047524},"point_estimate":6240489.677679218,"standard_error":9252.568867836017},"Median":{"confidence_interval":{"confidence_level":0.95,"lower_bound":6207763.618622448,"upper_bound":6234014.69090909},"point_estimate":6215498.547745358,"standard_error":6957.861351354014},"MedianAbsDev":{"confidence_interval":{"confidence_level":0.95,"lower_bound":39212.60733431192,"upper_bound":69134.22105967718},"point_estimate":51573.84623438074,"standard_error":7361.39254159324},"Slope":{"confidence_interval":{"confidence_level":0.95,"lower_bound":6211318.657016415,"upper_bound":6273362.509054627},"point_estimate":6240149.828287276,"standard_error":15877.37202740838},"StdDev":{"confidence_interval":{"confidence_level":0.95,"lower_bound":70129.57433469598,"upper_bound":112079.1196819751},"point_estimate":92671.04876813508,"standard_error":10753.452257785893}}