{"Mean":{"confidence_interval":{"confidence_level":0.95,"lower_bound":37.623322712015714,"upper_bound":38.02881367705138},"point_estimate":37.8112551702575,"standard_error":0.10377833403506154},"Median":{"confidence_interval":{"confidence_level":0.95,"lower_bound":37.39419038510756,"upper_bound":37.448596031125376},"point_estimate":37.42253478717298,"standard_error":0.012319320990132663},"MedianAbsDev":{"confidence_interval":{"confidence_level":0.95,"lower_bound":0.07403912262355675,"upper_bound":0.14347524843807416},"point_estimate":0.10802286180043139,"standard_error":0.01818765952191012},"Slope":{"confidence_interval":{"confidence_level":0.95,"lower_bound":37.66451653092553,"upper_bound":38.14058672491642},"point_estimate":37.888502230462905,"standard_error":0.12180553057513185},"StdDev":{"confidence_interval":{"confidence_level":0.95,"lower_bound":0.6730207844405903,"upper_bound":1.3334703184845176},"point_estimate":1.039519680556702,"standard_error":0.16875045457568164}}