{"Mean":{"confidence_interval":{"confidence_level":0.95,"lower_bound":615080.5896758835,"upper_bound":621599.9940091441},"point_estimate":617918.9310973396,"standard_error":1681.7125566394589},"Median":{"confidence_interval":{"confidence_level":0.95,"lower_bound":612067.4655172414,"upper_bound":616107.7985074627},"point_estimate":613478.2986842105,"standard_error":912.1885438680401},"MedianAbsDev":{"confidence_interval":{"confidence_level":0.95,"lower_bound":4254.21761497972,"upper_bound":8374.999817366635},"point_estimate":5795.264494048969,"standard_error":926.9420046487058},"Slope":{"confidence_interval":{"confidence_level":0.95,"lower_bound":613041.7720747306,"upper_bound":616316.3670582443},"point_estimate":614562.0480789124,"standard_error":837.6762457661728},"StdDev":{"confidence_interval":{"confidence_level":0.95,"lower_bound":7199.925101666271,"upper_bound":25582.88497723262},"point_estimate":16874.722318044584,"standard_error":4975.5661882206705}}