{"Mean":{"confidence_interval":{"confidence_level":0.95,"lower_bound":616470.1658189455,"upper_bound":620120.3016326153},"point_estimate":618222.4533841911,"standard_error":930.5198063073248},"Median":{"confidence_interval":{"confidence_level":0.95,"lower_bound":614324.6506602641,"upper_bound":617440.3464432284},"point_estimate":615772.7396978021,"standard_error":904.5698228918203},"MedianAbsDev":{"confidence_interval":{"confidence_level":0.95,"lower_bound":5194.081651143334,"upper_bound":8909.539556643347},"point_estimate":6319.008165648279,"standard_error":968.6950816444289},"Slope":{"confidence_interval":{"confidence_level":0.95,"lower_bound":616799.3544769896,"upper_bound":620542.0574233427},"point_estimate":618613.3856021871,"standard_error":959.709099099997},"StdDev":{"confidence_interval":{"confidence_level":0.95,"lower_bound":7323.196743732077,"upper_bound":11187.733555351866},"point_estimate":9346.356444850326,"standard_error":989.2183479384399}}