{"Mean":{"confidence_interval":{"confidence_level":0.95,"lower_bound":615258.1354856777,"upper_bound":619286.2369636016},"point_estimate":617210.485601001,"standard_error":1028.0985471373842},"Median":{"confidence_interval":{"confidence_level":0.95,"lower_bound":612369.8898729302,"upper_bound":617355.9766666666},"point_estimate":614091.2647727273,"standard_error":1493.8129289613648},"MedianAbsDev":{"confidence_interval":{"confidence_level":0.95,"lower_bound":6633.7879891416815,"upper_bound":11081.176915190725},"point_estimate":8647.274864926125,"standard_error":1193.613506078917},"Slope":{"confidence_interval":{"confidence_level":0.95,"lower_bound":614584.8311339618,"upper_bound":618841.3484859868},"point_estimate":616631.8374080095,"standard_error":1089.00398493721},"StdDev":{"confidence_interval":{"confidence_level":0.95,"lower_bound":8397.937069545716,"upper_bound":11964.926216787155},"point_estimate":10297.649533209442,"standard_error":910.7746448470921}}