{"Mean":{"confidence_interval":{"confidence_level":0.95,"lower_bound":615100.5076396705,"upper_bound":626309.6936659648},"point_estimate":620175.6327426642,"standard_error":2867.474758960387},"Median":{"confidence_interval":{"confidence_level":0.95,"lower_bound":608495.6322222222,"upper_bound":609856.3666666667},"point_estimate":609111.5249125874,"standard_error":385.5055466411209},"MedianAbsDev":{"confidence_interval":{"confidence_level":0.95,"lower_bound":2367.722041964425,"upper_bound":4860.539267123909},"point_estimate":3476.747481457251,"standard_error":633.2348581660672},"Slope":{"confidence_interval":{"confidence_level":0.95,"lower_bound":614584.6619636484,"upper_bound":625979.8117321581},"point_estimate":619861.0561533915,"standard_error":2916.6972610835646},"StdDev":{"confidence_interval":{"confidence_level":0.95,"lower_bound":16690.338116847826,"upper_bound":41029.0624746446},"point_estimate":28767.184358360257,"standard_error":6765.208501103678}}