{"Mean":{"confidence_interval":{"confidence_level":0.95,"lower_bound":7439.411332636691,"upper_bound":7462.817838290396},"point_estimate":7450.446509466516,"standard_error":6.006330928655405},"Median":{"confidence_interval":{"confidence_level":0.95,"lower_bound":7435.486229930857,"upper_bound":7469.419811320755},"point_estimate":7440.560204174642,"standard_error":9.400328465317589},"MedianAbsDev":{"confidence_interval":{"confidence_level":0.95,"lower_bound":2.3145534863900594,"upper_bound":32.93138703156571},"point_estimate":13.112482553643964,"standard_error":8.995269785128288},"Slope":{"confidence_interval":{"confidence_level":0.95,"lower_bound":7436.791402158174,"upper_bound":7453.24304142277},"point_estimate":7443.047499014521,"standard_error":4.381071586722307},"StdDev":{"confidence_interval":{"confidence_level":0.95,"lower_bound":9.67539648273642,"upper_bound":24.262376833963778},"point_estimate":20.090127671297463,"standard_error":3.6831632665820933}}