{"Mean":{"confidence_interval":{"confidence_level":0.95,"lower_bound":8660.609765289837,"upper_bound":8698.52369993412},"point_estimate":8677.007326330508,"standard_error":9.742981218805461},"Median":{"confidence_interval":{"confidence_level":0.95,"lower_bound":8647.66517137779,"upper_bound":8673.728614762385},"point_estimate":8656.955369401765,"standard_error":7.238896390271982},"MedianAbsDev":{"confidence_interval":{"confidence_level":0.95,"lower_bound":43.63088838895664,"upper_bound":68.35862375161014},"point_estimate":56.10518309075551,"standard_error":6.065559242139711},"Slope":{"confidence_interval":{"confidence_level":0.95,"lower_bound":8663.667349955014,"upper_bound":8685.720600345558},"point_estimate":8674.346132548622,"standard_error":5.612651037877598},"StdDev":{"confidence_interval":{"confidence_level":0.95,"lower_bound":49.70612220333979,"upper_bound":148.87693219849228},"point_estimate":97.56510295100362,"standard_error":31.278327505591236}}