{"Mean":{"confidence_interval":{"confidence_level":0.95,"lower_bound":82097.4203196063,"upper_bound":82496.74922543638},"point_estimate":82274.76857271945,"standard_error":102.80905250707643},"Median":{"confidence_interval":{"confidence_level":0.95,"lower_bound":81884.86107199435,"upper_bound":82059.96470588235},"point_estimate":81950.03482543823,"standard_error":45.392500936664284},"MedianAbsDev":{"confidence_interval":{"confidence_level":0.95,"lower_bound":187.57659359291551,"upper_bound":416.7940001577796},"point_estimate":252.2878938618226,"standard_error":58.48437390347163},"Slope":{"confidence_interval":{"confidence_level":0.95,"lower_bound":82097.85098562154,"upper_bound":82412.9784086432},"point_estimate":82243.37505564334,"standard_error":80.82743861436448},"StdDev":{"confidence_interval":{"confidence_level":0.95,"lower_bound":462.550569386321,"upper_bound":1499.947139935603},"point_estimate":1034.939521687729,"standard_error":268.4562987215726}}