{"Mean":{"confidence_interval":{"confidence_level":0.95,"lower_bound":37.416349879250205,"upper_bound":37.46042657314739},"point_estimate":37.4363598502098,"standard_error":0.011275756193482232},"Median":{"confidence_interval":{"confidence_level":0.95,"lower_bound":37.41126744020721,"upper_bound":37.46931455941776},"point_estimate":37.42565078167982,"standard_error":0.013401826237829116},"MedianAbsDev":{"confidence_interval":{"confidence_level":0.95,"lower_bound":0.001538809124114688,"upper_bound":0.05081224408606324},"point_estimate":0.019709913703416133,"standard_error":0.013507321339525232},"Slope":{"confidence_interval":{"confidence_level":0.95,"lower_bound":37.41357391477781,"upper_bound":37.44087025411816},"point_estimate":37.42765574033756,"standard_error":0.006925588939775461},"StdDev":{"confidence_interval":{"confidence_level":0.95,"lower_bound":0.01216668465731121,"upper_bound":0.04730482772106551},"point_estimate":0.037639808898872175,"standard_error":0.009103879426069175}}