{"Mean":{"confidence_interval":{"confidence_level":0.95,"lower_bound":42.70284811422119,"upper_bound":42.91380632616807},"point_estimate":42.80595866895996,"standard_error":0.053868559684731365},"Median":{"confidence_interval":{"confidence_level":0.95,"lower_bound":42.656486689778994,"upper_bound":42.8407764193015},"point_estimate":42.72748994974612,"standard_error":0.04678238111772588},"MedianAbsDev":{"confidence_interval":{"confidence_level":0.95,"lower_bound":0.29864527979277045,"upper_bound":0.5564644864562152},"point_estimate":0.39164910734653025,"standard_error":0.06714739278192226},"Slope":{"confidence_interval":{"confidence_level":0.95,"lower_bound":42.69712406833441,"upper_bound":42.88552175205863},"point_estimate":42.79085414083978,"standard_error":0.048014936837517584},"StdDev":{"confidence_interval":{"confidence_level":0.95,"lower_bound":0.4166856623325738,"upper_bound":0.667415382520407},"point_estimate":0.544034068457048,"standard_error":0.06441445040321048}}