{"Mean":{"confidence_interval":{"confidence_level":0.95,"lower_bound":-0.7558219382023181,"upper_bound":-0.753978430552455},"point_estimate":-0.7549123159867026,"standard_error":0.00046802236572474716},"Median":{"confidence_interval":{"confidence_level":0.95,"lower_bound":-0.7553752476265422,"upper_bound":-0.7539773449434277},"point_estimate":-0.7546214438638958,"standard_error":0.0003606681367312394}}