{"Mean":{"confidence_interval":{"confidence_level":0.95,"lower_bound":-0.11810278556793699,"upper_bound":-0.11233164761043905},"point_estimate":-0.11533529586447999,"standard_error":0.0014533722404825279},"Median":{"confidence_interval":{"confidence_level":0.95,"lower_bound":-0.11890328512614678,"upper_bound":-0.11508289810456962},"point_estimate":-0.11691568953242348,"standard_error":0.001048225988977234}}