{"Mean":{"confidence_interval":{"confidence_level":0.95,"lower_bound":-0.002252627148596417,"upper_bound":0.025544760780109834},"point_estimate":0.00817189583670519,"standard_error":0.007877500541444817},"Median":{"confidence_interval":{"confidence_level":0.95,"lower_bound":-0.0033526579200503503,"upper_bound":0.0018364880198706857},"point_estimate":-0.0002061691526626941,"standard_error":0.001397946660751024}}