{"Mean":{"confidence_interval":{"confidence_level":0.95,"lower_bound":0.10298648222988163,"upper_bound":0.11291256032868155},"point_estimate":0.10806097800904202,"standard_error":0.002533786293731612},"Median":{"confidence_interval":{"confidence_level":0.95,"lower_bound":0.10547002022501895,"upper_bound":0.11744357417873585},"point_estimate":0.11156558043710207,"standard_error":0.0028683093268793525}}