{"Mean":{"confidence_interval":{"confidence_level":0.95,"lower_bound":-0.013483846423463086,"upper_bound":-0.0003353424905941055},"point_estimate":-0.006182426141628561,"standard_error":0.003377881715925778},"Median":{"confidence_interval":{"confidence_level":0.95,"lower_bound":-0.006674411843658912,"upper_bound":0.00016149602982218347},"point_estimate":-0.003389388897572898,"standard_error":0.0018906792045901353}}