{"Mean":{"confidence_interval":{"confidence_level":0.95,"lower_bound":-0.005014422865739121,"upper_bound":0.002701296052096682},"point_estimate":-0.0014514455727780984,"standard_error":0.0019460668301707368},"Median":{"confidence_interval":{"confidence_level":0.95,"lower_bound":-0.004212386544628077,"upper_bound":0.0027813068020832166},"point_estimate":-0.0004257483512707383,"standard_error":0.0017047963321412348}}