{"Mean":{"confidence_interval":{"confidence_level":0.95,"lower_bound":-0.06827315958229394,"upper_bound":-0.05861077560054972},"point_estimate":-0.06433572291771283,"standard_error":0.0025239710187598997},"Median":{"confidence_interval":{"confidence_level":0.95,"lower_bound":-0.07019010414219873,"upper_bound":-0.061149245751773496},"point_estimate":-0.06627413815640748,"standard_error":0.0023656599258860696}}