{"Mean":{"confidence_interval":{"confidence_level":0.95,"lower_bound":-0.025888979903711338,"upper_bound":-0.01808837880010914},"point_estimate":-0.022358381552530893,"standard_error":0.0019762950686329616},"Median":{"confidence_interval":{"confidence_level":0.95,"lower_bound":-0.02404372789317033,"upper_bound":-0.019317712413315147},"point_estimate":-0.022020063420919556,"standard_error":0.0011897593221638072}}