{"Mean":{"confidence_interval":{"confidence_level":0.95,"lower_bound":-0.020551582812836606,"upper_bound":-0.009588463595555142},"point_estimate":-0.015439397573370095,"standard_error":0.00277685707507723},"Median":{"confidence_interval":{"confidence_level":0.95,"lower_bound":-0.020326672414277547,"upper_bound":-0.01443204187937197},"point_estimate":-0.017342989678882037,"standard_error":0.0016160907772512444}}