{"Mean":{"confidence_interval":{"confidence_level":0.95,"lower_bound":0.10363947568301916,"upper_bound":0.11490470873201525},"point_estimate":0.1099977542737387,"standard_error":0.002866517901791535},"Median":{"confidence_interval":{"confidence_level":0.95,"lower_bound":0.10918118809549271,"upper_bound":0.11631558010100917},"point_estimate":0.11236287690225977,"standard_error":0.001915593096498327}}