{"Mean":{"confidence_interval":{"confidence_level":0.95,"lower_bound":240.4895220615993,"upper_bound":241.476726469663},"point_estimate":240.93536472512756,"standard_error":0.2526397419490639},"Median":{"confidence_interval":{"confidence_level":0.95,"lower_bound":240.38929729309618,"upper_bound":241.4562839103176},"point_estimate":240.62234028379189,"standard_error":0.27060066981812264},"MedianAbsDev":{"confidence_interval":{"confidence_level":0.95,"lower_bound":0.045175133632728647,"upper_bound":1.2712324382931535},"point_estimate":0.35088215838321485,"standard_error":0.306878234669162},"Slope":{"confidence_interval":{"confidence_level":0.95,"lower_bound":240.49489897018626,"upper_bound":241.25499965615623},"point_estimate":240.7848011717814,"standard_error":0.19467975125531803},"StdDev":{"confidence_interval":{"confidence_level":0.95,"lower_bound":0.26128803325377237,"upper_bound":1.0930323525985854},"point_estimate":0.8416764553204499,"standard_error":0.213476346931287}}