{"Mean":{"confidence_interval":{"confidence_level":0.95,"lower_bound":320.73931991768524,"upper_bound":334.8845816224814},"point_estimate":327.11849701371045,"standard_error":3.6261045609561298},"Median":{"confidence_interval":{"confidence_level":0.95,"lower_bound":312.4344173569277,"upper_bound":313.39378682659935},"point_estimate":312.7727054343861,"standard_error":0.280885016761893},"MedianAbsDev":{"confidence_interval":{"confidence_level":0.95,"lower_bound":1.1983568407040657,"upper_bound":2.4895085985546612},"point_estimate":1.6972989177798614,"standard_error":0.3395056669156294},"Slope":{"confidence_interval":{"confidence_level":0.95,"lower_bound":322.1532710445034,"upper_bound":340.50072373858893},"point_estimate":331.02929535394657,"standard_error":4.709617546681166},"StdDev":{"confidence_interval":{"confidence_level":0.95,"lower_bound":21.587906402111308,"upper_bound":51.807795220113306},"point_estimate":36.565412234935565,"standard_error":8.416812435493064}}