{"Mean":{"confidence_interval":{"confidence_level":0.95,"lower_bound":0.005043402558895377,"upper_bound":0.00778126185855299},"point_estimate":0.0063906475567601095,"standard_error":0.0007130229347939509},"Median":{"confidence_interval":{"confidence_level":0.95,"lower_bound":0.004653876963281567,"upper_bound":0.0075694896968525605},"point_estimate":0.005457320673325272,"standard_error":0.0007707293562936261}}