{"Mean":{"confidence_interval":{"confidence_level":0.95,"lower_bound":-0.02161737056515499,"upper_bound":-0.010954560375804842},"point_estimate":-0.015785751061425102,"standard_error":0.002728087159524344},"Median":{"confidence_interval":{"confidence_level":0.95,"lower_bound":-0.015166181713818783,"upper_bound":-0.009237954089257538},"point_estimate":-0.012321787973355258,"standard_error":0.0015481076692672028}}