{"Mean":{"confidence_interval":{"confidence_level":0.95,"lower_bound":0.0197592218990988,"upper_bound":0.026661465462852894},"point_estimate":0.023210356874588278,"standard_error":0.0017612931009687808},"Median":{"confidence_interval":{"confidence_level":0.95,"lower_bound":0.01890723938868777,"upper_bound":0.02755849596263342},"point_estimate":0.023138248456341826,"standard_error":0.0022934507968463058}}