{"Mean":{"confidence_interval":{"confidence_level":0.95,"lower_bound":-0.01229236526484705,"upper_bound":-0.0030422095888166002},"point_estimate":-0.007936859296891252,"standard_error":0.0023808729315241113},"Median":{"confidence_interval":{"confidence_level":0.95,"lower_bound":-0.01276479593324209,"upper_bound":-0.004821170795074714},"point_estimate":-0.008986692916171268,"standard_error":0.002128899234366407}}