{"Mean":{"confidence_interval":{"confidence_level":0.95,"lower_bound":435.4292736255903,"upper_bound":436.4753929522086},"point_estimate":435.9130064341456,"standard_error":0.2698405726416173},"Median":{"confidence_interval":{"confidence_level":0.95,"lower_bound":435.18754784274284,"upper_bound":436.6037759676201},"point_estimate":435.58972895691664,"standard_error":0.3717270277044138},"MedianAbsDev":{"confidence_interval":{"confidence_level":0.95,"lower_bound":0.0758667108139962,"upper_bound":1.4819636457469794},"point_estimate":0.6766444207910292,"standard_error":0.38758892269040196},"Slope":{"confidence_interval":{"confidence_level":0.95,"lower_bound":435.28971597690105,"upper_bound":436.93290266224625},"point_estimate":436.2794262085081,"standard_error":0.37818399629328747},"StdDev":{"confidence_interval":{"confidence_level":0.95,"lower_bound":0.3697019575964187,"upper_bound":1.1613421733614588},"point_estimate":0.8992513800767213,"standard_error":0.20637350322070716}}