{"Mean":{"confidence_interval":{"confidence_level":0.95,"lower_bound":32570473.278099533,"upper_bound":32764157.508554537},"point_estimate":32667977.172183327,"standard_error":49408.059413415845},"Median":{"confidence_interval":{"confidence_level":0.95,"lower_bound":32639184.792547274,"upper_bound":32829957.105818413},"point_estimate":32744166.39982616,"standard_error":49658.463463662825},"MedianAbsDev":{"confidence_interval":{"confidence_level":0.95,"lower_bound":288916.8767312905,"upper_bound":543910.0063186672},"point_estimate":393868.1881874938,"standard_error":65703.4756081441},"Slope":{"confidence_interval":{"confidence_level":0.95,"lower_bound":32848875.02663932,"upper_bound":32958991.500203893},"point_estimate":32904464.655215014,"standard_error":28018.023672061558},"StdDev":{"confidence_interval":{"confidence_level":0.95,"lower_bound":422817.80416574917,"upper_bound":562474.4898550733},"point_estimate":496130.50214886834,"standard_error":35779.618906746546}}