{"Mean":{"confidence_interval":{"confidence_level":0.95,"lower_bound":-0.18508194924010055,"upper_bound":-0.18133599278055626},"point_estimate":-0.18321413877007342,"standard_error":0.0009583100183432733},"Median":{"confidence_interval":{"confidence_level":0.95,"lower_bound":-0.18600129691770806,"upper_bound":-0.18120047616006707},"point_estimate":-0.18314863114849633,"standard_error":0.0012396068988579675}}