{"Mean":{"confidence_interval":{"confidence_level":0.95,"lower_bound":0.012332151818755827,"upper_bound":0.019100949140953758},"point_estimate":0.015362531782872058,"standard_error":0.0017385388425735302},"Median":{"confidence_interval":{"confidence_level":0.95,"lower_bound":0.012901733365198176,"upper_bound":0.017848247110874293},"point_estimate":0.015634565138834544,"standard_error":0.0012410173081734966}}