{"Mean":{"confidence_interval":{"confidence_level":0.95,"lower_bound":122536.33422890924,"upper_bound":123450.53179586845},"point_estimate":122956.59283040286,"standard_error":234.42610529739363},"Median":{"confidence_interval":{"confidence_level":0.95,"lower_bound":121815.78174603175,"upper_bound":122754.90387016229},"point_estimate":122078.65087365592,"standard_error":219.27372405623953},"MedianAbsDev":{"confidence_interval":{"confidence_level":0.95,"lower_bound":633.5821821933695,"upper_bound":1694.2009078764834},"point_estimate":1037.8073583313105,"standard_error":240.9519777823393},"Slope":{"confidence_interval":{"confidence_level":0.95,"lower_bound":122573.69496809428,"upper_bound":124198.86191703784},"point_estimate":123222.86130108533,"standard_error":430.60273849615277},"StdDev":{"confidence_interval":{"confidence_level":0.95,"lower_bound":1375.3731625692797,"upper_bound":3240.8668975136748},"point_estimate":2351.6750423070534,"standard_error":486.0887745324512}}