{"Mean":{"confidence_interval":{"confidence_level":0.95,"lower_bound":15669.486720543422,"upper_bound":15757.07757362551},"point_estimate":15708.26966173693,"standard_error":22.44424294267804},"Median":{"confidence_interval":{"confidence_level":0.95,"lower_bound":15620.641047484485,"upper_bound":15720.01126953125},"point_estimate":15665.994977678572,"standard_error":24.42462388032265},"MedianAbsDev":{"confidence_interval":{"confidence_level":0.95,"lower_bound":123.19015843793723,"upper_bound":194.74992632414296},"point_estimate":167.31084167807413,"standard_error":17.448288386336586},"Slope":{"confidence_interval":{"confidence_level":0.95,"lower_bound":15690.976885858541,"upper_bound":15765.145780121444},"point_estimate":15727.141440769543,"standard_error":18.87818436424663},"StdDev":{"confidence_interval":{"confidence_level":0.95,"lower_bound":126.94828777427814,"upper_bound":334.1052080373582},"point_estimate":225.30975349977058,"standard_error":63.501422867158084}}