{"Mean":{"confidence_interval":{"confidence_level":0.95,"lower_bound":42355.95637261972,"upper_bound":42831.93437397354},"point_estimate":42585.57789434497,"standard_error":121.74739095687057},"Median":{"confidence_interval":{"confidence_level":0.95,"lower_bound":42000.86985565878,"upper_bound":42346.50604538691},"point_estimate":42188.11779513889,"standard_error":97.67135925264115},"MedianAbsDev":{"confidence_interval":{"confidence_level":0.95,"lower_bound":426.7331287275953,"upper_bound":808.9318147260874},"point_estimate":636.5265746481859,"standard_error":95.72890207640627},"Slope":{"confidence_interval":{"confidence_level":0.95,"lower_bound":42014.92366234743,"upper_bound":42214.034154727815},"point_estimate":42113.711072607264,"standard_error":51.04531973042952},"StdDev":{"confidence_interval":{"confidence_level":0.95,"lower_bound":953.6492853688362,"upper_bound":1486.3313515139064},"point_estimate":1223.448519240676,"standard_error":137.39584810747104}}