{"Mean":{"confidence_interval":{"confidence_level":0.95,"lower_bound":0.0017439081689959728,"upper_bound":0.00897160999948298},"point_estimate":0.00533761916805453,"standard_error":0.0018376159909416195},"Median":{"confidence_interval":{"confidence_level":0.95,"lower_bound":0.00009585887213603428,"upper_bound":0.005092338372889138},"point_estimate":0.0021260830246025986,"standard_error":0.0012458816149309064}}