{"Mean":{"confidence_interval":{"confidence_level":0.95,"lower_bound":-0.01068990018097784,"upper_bound":-0.003312866071605408},"point_estimate":-0.0068091665102189,"standard_error":0.0018760687843894339},"Median":{"confidence_interval":{"confidence_level":0.95,"lower_bound":-0.00749044399221388,"upper_bound":-0.0025791336024866274},"point_estimate":-0.004639828183210737,"standard_error":0.0012084883902171249}}