{"Mean":{"confidence_interval":{"confidence_level":0.95,"lower_bound":-0.00968301935567996,"upper_bound":-0.003962026226452231},"point_estimate":-0.006891444404998226,"standard_error":0.0014505201253576434},"Median":{"confidence_interval":{"confidence_level":0.95,"lower_bound":-0.009278097443869981,"upper_bound":-0.003393398852227225},"point_estimate":-0.005704651808502437,"standard_error":0.0015084687105614662}}