{"Mean":{"confidence_interval":{"confidence_level":0.95,"lower_bound":68528.41229380053,"upper_bound":68726.23556498202},"point_estimate":68622.09152650493,"standard_error":50.57695752747323},"Median":{"confidence_interval":{"confidence_level":0.95,"lower_bound":68501.5423899371,"upper_bound":68717.73301886792},"point_estimate":68619.65440251573,"standard_error":58.805163239523175},"MedianAbsDev":{"confidence_interval":{"confidence_level":0.95,"lower_bound":48.310147161183075,"upper_bound":281.3655717972077},"point_estimate":153.0329902076411,"standard_error":58.53071440472536},"Slope":{"confidence_interval":{"confidence_level":0.95,"lower_bound":68536.588409081,"upper_bound":68747.17265084999},"point_estimate":68634.30255329575,"standard_error":55.31045846157838},"StdDev":{"confidence_interval":{"confidence_level":0.95,"lower_bound":81.30449827470537,"upper_bound":228.17171213627188},"point_estimate":168.9310588677278,"standard_error":39.40698382468243}}