{"Mean":{"confidence_interval":{"confidence_level":0.95,"lower_bound":68.89000965517522,"upper_bound":69.17637690097268},"point_estimate":69.01032539195809,"standard_error":0.07395208968497895},"Median":{"confidence_interval":{"confidence_level":0.95,"lower_bound":68.73876887723686,"upper_bound":68.99700802309435},"point_estimate":68.84372725656289,"standard_error":0.059936642296987586},"MedianAbsDev":{"confidence_interval":{"confidence_level":0.95,"lower_bound":0.25099870481837544,"upper_bound":0.45075780054575865},"point_estimate":0.349388651712062,"standard_error":0.049995446283464105},"Slope":{"confidence_interval":{"confidence_level":0.95,"lower_bound":68.8988787586341,"upper_bound":69.06748960493506},"point_estimate":68.97980477164805,"standard_error":0.042966214634261195},"StdDev":{"confidence_interval":{"confidence_level":0.95,"lower_bound":0.3335030058634297,"upper_bound":1.1698806119146996},"point_estimate":0.7447146465803004,"standard_error":0.27153705035571146}}