{"Mean":{"confidence_interval":{"confidence_level":0.95,"lower_bound":-0.008026347752014048,"upper_bound":0.01829603265599697},"point_estimate":0.0026324467266427565,"standard_error":0.006597979850720706},"Median":{"confidence_interval":{"confidence_level":0.95,"lower_bound":-0.011194966980059673,"upper_bound":0.0020800842910062567},"point_estimate":-0.002885910642503875,"standard_error":0.003568747838435999}}