{"Mean":{"confidence_interval":{"confidence_level":0.95,"lower_bound":0.023399499542199182,"upper_bound":0.0311708706429871},"point_estimate":0.027486326490462787,"standard_error":0.001998422889831348},"Median":{"confidence_interval":{"confidence_level":0.95,"lower_bound":0.025080276522262412,"upper_bound":0.03184116709703422},"point_estimate":0.02789995580068605,"standard_error":0.0017780747410685762}}