{"Mean":{"confidence_interval":{"confidence_level":0.95,"lower_bound":0.013828884554121307,"upper_bound":0.025140199557360424},"point_estimate":0.019291200021907873,"standard_error":0.0029093354568335145},"Median":{"confidence_interval":{"confidence_level":0.95,"lower_bound":0.011506038325716917,"upper_bound":0.023671820254109743},"point_estimate":0.016984778355872976,"standard_error":0.0031345148789291674}}