{"Mean":{"confidence_interval":{"confidence_level":0.95,"lower_bound":-0.05023367350482544,"upper_bound":-0.04284885496076042},"point_estimate":-0.04638325935480592,"standard_error":0.0018855060025189886},"Median":{"confidence_interval":{"confidence_level":0.95,"lower_bound":-0.05106442588113569,"upper_bound":-0.04517275989772407},"point_estimate":-0.048443740680883196,"standard_error":0.0014260878102342139}}