{"Mean":{"confidence_interval":{"confidence_level":0.95,"lower_bound":-0.01977120988393592,"upper_bound":-0.0051952595107267515},"point_estimate":-0.012247136701187045,"standard_error":0.003722409138811089},"Median":{"confidence_interval":{"confidence_level":0.95,"lower_bound":-0.013063322864439897,"upper_bound":-0.0012573130954218747},"point_estimate":-0.006648018252082166,"standard_error":0.0030116889020139234}}