{"Mean":{"confidence_interval":{"confidence_level":0.95,"lower_bound":-0.01756658613510651,"upper_bound":-0.008161977374717156},"point_estimate":-0.013046430915998664,"standard_error":0.002390311147782317},"Median":{"confidence_interval":{"confidence_level":0.95,"lower_bound":-0.0183081603998716,"upper_bound":-0.009609413863444447},"point_estimate":-0.014456891525412296,"standard_error":0.0022580047983597378}}