{"Mean":{"confidence_interval":{"confidence_level":0.95,"lower_bound":0.0057852824028461775,"upper_bound":0.021920699710188105},"point_estimate":0.013899596393323499,"standard_error":0.004068484146783213},"Median":{"confidence_interval":{"confidence_level":0.95,"lower_bound":0.0007538053588671545,"upper_bound":0.012728993286484247},"point_estimate":0.0066831664784379186,"standard_error":0.00314508677778018}}