{"Mean":{"confidence_interval":{"confidence_level":0.95,"lower_bound":-0.013376272014444643,"upper_bound":-0.005632506686928667},"point_estimate":-0.009553417518770702,"standard_error":0.001976568225971985},"Median":{"confidence_interval":{"confidence_level":0.95,"lower_bound":-0.01475746688310009,"upper_bound":-0.004349059108679887},"point_estimate":-0.010047637520356423,"standard_error":0.002497202154450598}}