{"Mean":{"confidence_interval":{"confidence_level":0.95,"lower_bound":0.018701266715513618,"upper_bound":0.03639918484306362},"point_estimate":0.02823666352796761,"standard_error":0.004501242153217273},"Median":{"confidence_interval":{"confidence_level":0.95,"lower_bound":0.012756161472650955,"upper_bound":0.03627820502634993},"point_estimate":0.025267162328518777,"standard_error":0.0058107946145206585}}