{"Mean":{"confidence_interval":{"confidence_level":0.95,"lower_bound":0.036447448941788155,"upper_bound":0.06414588672423713},"point_estimate":0.05144418609606882,"standard_error":0.007150327395847165},"Median":{"confidence_interval":{"confidence_level":0.95,"lower_bound":0.04069237619157784,"upper_bound":0.07030785123444061},"point_estimate":0.0642244067695803,"standard_error":0.006964171938245494}}