{"Mean":{"confidence_interval":{"confidence_level":0.95,"lower_bound":1825686.3658888887,"upper_bound":1841397.1685031743},"point_estimate":1833284.0304603174,"standard_error":4011.046172986665},"Median":{"confidence_interval":{"confidence_level":0.95,"lower_bound":1824700.575,"upper_bound":1843479.8857142858},"point_estimate":1831162.5,"standard_error":4357.1191194638695},"MedianAbsDev":{"confidence_interval":{"confidence_level":0.95,"lower_bound":2515.224677845859,"upper_bound":23243.935519337752},"point_estimate":10118.155486866886,"standard_error":5334.660656727622},"Slope":{"confidence_interval":{"confidence_level":0.95,"lower_bound":1828293.373313008,"upper_bound":1840572.9397701148},"point_estimate":1834497.0779220778,"standard_error":3187.2407615872157},"StdDev":{"confidence_interval":{"confidence_level":0.95,"lower_bound":6289.737614891643,"upper_bound":17769.570606577625},"point_estimate":13357.635778437265,"standard_error":3005.122792022372}}