{"Mean":{"confidence_interval":{"confidence_level":0.95,"lower_bound":-0.022177356388088557,"upper_bound":-0.014030468538716166},"point_estimate":-0.01818261170555413,"standard_error":0.0020558390398980387},"Median":{"confidence_interval":{"confidence_level":0.95,"lower_bound":-0.022117009678488234,"upper_bound":-0.016483436444554307},"point_estimate":-0.019966747103173255,"standard_error":0.001414923145745127}}