{"Mean":{"confidence_interval":{"confidence_level":0.95,"lower_bound":-0.207611521911813,"upper_bound":-0.1958421744362727},"point_estimate":-0.20228030597748814,"standard_error":0.0030522160905926085},"Median":{"confidence_interval":{"confidence_level":0.95,"lower_bound":-0.20901900842103205,"upper_bound":-0.20115607012306125},"point_estimate":-0.20661694175105438,"standard_error":0.0024754841278332084}}