{"Mean":{"confidence_interval":{"confidence_level":0.95,"lower_bound":85990.1865530751,"upper_bound":87450.62972815163},"point_estimate":86654.66985401044,"standard_error":375.993692473009},"Median":{"confidence_interval":{"confidence_level":0.95,"lower_bound":85187.45454545454,"upper_bound":85463.39269406392},"point_estimate":85291.375,"standard_error":53.50090125731741},"MedianAbsDev":{"confidence_interval":{"confidence_level":0.95,"lower_bound":335.04317105597164,"upper_bound":700.7432554189245},"point_estimate":486.9043638557174,"standard_error":88.12426007163987},"Slope":{"confidence_interval":{"confidence_level":0.95,"lower_bound":86048.01715107656,"upper_bound":87331.77508388489},"point_estimate":86660.07183907197,"standard_error":329.1711897177023},"StdDev":{"confidence_interval":{"confidence_level":0.95,"lower_bound":2018.1323027644946,"upper_bound":5209.5625471624435},"point_estimate":3788.5262827353363,"standard_error":815.0085082526184}}