{"Mean":{"confidence_interval":{"confidence_level":0.95,"lower_bound":639.0364455961194,"upper_bound":641.2490504370759},"point_estimate":640.0915810283935,"standard_error":0.5653014072501337},"Median":{"confidence_interval":{"confidence_level":0.95,"lower_bound":637.2228259474242,"upper_bound":640.0838513796137},"point_estimate":639.1165078204144,"standard_error":0.8117841622526747},"MedianAbsDev":{"confidence_interval":{"confidence_level":0.95,"lower_bound":2.883968366076435,"upper_bound":5.3351041309868235},"point_estimate":4.400067607887343,"standard_error":0.6878247370749931},"Slope":{"confidence_interval":{"confidence_level":0.95,"lower_bound":640.0176447652661,"upper_bound":643.1352954080382},"point_estimate":641.4498053985844,"standard_error":0.7976668028083715},"StdDev":{"confidence_interval":{"confidence_level":0.95,"lower_bound":4.103515173112131,"upper_bound":7.210258295323173},"point_estimate":5.679551535553134,"standard_error":0.8034608604287697}}