{"Mean":{"confidence_interval":{"confidence_level":0.95,"lower_bound":660.4291773672272,"upper_bound":663.7626314558432},"point_estimate":661.9471831895461,"standard_error":0.8515077680602705},"Median":{"confidence_interval":{"confidence_level":0.95,"lower_bound":659.4059875623202,"upper_bound":660.9725746365549},"point_estimate":660.2454054131854,"standard_error":0.43080753798451904},"MedianAbsDev":{"confidence_interval":{"confidence_level":0.95,"lower_bound":4.29785529631448,"upper_bound":7.337494321724187},"point_estimate":5.877310674456498,"standard_error":0.8185533467830329},"Slope":{"confidence_interval":{"confidence_level":0.95,"lower_bound":660.2481552508266,"upper_bound":662.332979580559},"point_estimate":661.2737214838102,"standard_error":0.5320061284018602},"StdDev":{"confidence_interval":{"confidence_level":0.95,"lower_bound":5.356570413764998,"upper_bound":12.185812819898294},"point_estimate":8.552891828162268,"standard_error":2.0447684258746026}}