{"Mean":{"confidence_interval":{"confidence_level":0.95,"lower_bound":4982286.3479826385,"upper_bound":5018823.233168402},"point_estimate":4998962.774712302,"standard_error":9356.349390542868},"Median":{"confidence_interval":{"confidence_level":0.95,"lower_bound":4977007.739583334,"upper_bound":5017028.020089285},"point_estimate":4988846.338888889,"standard_error":11389.157217831164},"MedianAbsDev":{"confidence_interval":{"confidence_level":0.95,"lower_bound":2706.959860275266,"upper_bound":47205.50131693524},"point_estimate":27226.39641975984,"standard_error":10911.247092689242},"Slope":{"confidence_interval":{"confidence_level":0.95,"lower_bound":4983717.254156938,"upper_bound":5009786.424841772},"point_estimate":4995968.1993506495,"standard_error":6574.875911438416},"StdDev":{"confidence_interval":{"confidence_level":0.95,"lower_bound":13712.247813689308,"upper_bound":42497.786957466575},"point_estimate":31206.38526689342,"standard_error":8143.063741808906}}