{"Mean":{"confidence_interval":{"confidence_level":0.95,"lower_bound":1051144.6271590246,"upper_bound":1065296.6947343098},"point_estimate":1057896.3335998042,"standard_error":3621.311739590287},"Median":{"confidence_interval":{"confidence_level":0.95,"lower_bound":1045476.5923076923,"upper_bound":1063942.104005168},"point_estimate":1053233.490036232,"standard_error":3937.23270409744},"MedianAbsDev":{"confidence_interval":{"confidence_level":0.95,"lower_bound":27128.98496836424,"upper_bound":41010.70507717758},"point_estimate":35195.92806513754,"standard_error":3605.629249296134},"Slope":{"confidence_interval":{"confidence_level":0.95,"lower_bound":1065244.3192347705,"upper_bound":1082102.849458205},"point_estimate":1073456.0153775676,"standard_error":4301.174881401259},"StdDev":{"confidence_interval":{"confidence_level":0.95,"lower_bound":26962.159020186227,"upper_bound":46627.84570352714},"point_estimate":36444.2516362187,"standard_error":5168.644825844483}}