{"Mean":{"confidence_interval":{"confidence_level":0.95,"lower_bound":-0.4751773539402479,"upper_bound":-0.47366289096582753},"point_estimate":-0.47442612124082506,"standard_error":0.00038601726490764595},"Median":{"confidence_interval":{"confidence_level":0.95,"lower_bound":-0.4753934478294619,"upper_bound":-0.4740244631720857},"point_estimate":-0.4747498013610507,"standard_error":0.0003321748154657472}}