{"Mean":{"confidence_interval":{"confidence_level":0.95,"lower_bound":0.8884008447828461,"upper_bound":0.8940378099321378},"point_estimate":0.8913289698135649,"standard_error":0.0014400718894229882},"Median":{"confidence_interval":{"confidence_level":0.95,"lower_bound":0.8901468605436981,"upper_bound":0.895861334842442},"point_estimate":0.8930889503087747,"standard_error":0.001376998794921675}}