{"Mean":{"confidence_interval":{"confidence_level":0.95,"lower_bound":0.04905514549443456,"upper_bound":0.052531875834543836},"point_estimate":0.050753652055529175,"standard_error":0.0008771458172106592},"Median":{"confidence_interval":{"confidence_level":0.95,"lower_bound":0.048263717642470505,"upper_bound":0.05168104904895254},"point_estimate":0.05037188005492932,"standard_error":0.0008903864454905974}}