{"Mean":{"confidence_interval":{"confidence_level":0.95,"lower_bound":0.019874075945986492,"upper_bound":0.028732082598036404},"point_estimate":0.02458984328855407,"standard_error":0.0022737067227294816},"Median":{"confidence_interval":{"confidence_level":0.95,"lower_bound":0.021069950291200845,"upper_bound":0.031321169200413834},"point_estimate":0.027174243387416253,"standard_error":0.002650846613056155}}