{"Mean":{"confidence_interval":{"confidence_level":0.95,"lower_bound":146398.63899726258,"upper_bound":147366.6239219826},"point_estimate":146877.14477884254,"standard_error":247.19658801364162},"Median":{"confidence_interval":{"confidence_level":0.95,"lower_bound":146470.5542857143,"upper_bound":147369.20115440115},"point_estimate":147073.51655773423,"standard_error":242.3425532758387},"MedianAbsDev":{"confidence_interval":{"confidence_level":0.95,"lower_bound":1280.9181886545089,"upper_bound":2360.8682274780926},"point_estimate":1814.2789177574568,"standard_error":276.09380657033313},"Slope":{"confidence_interval":{"confidence_level":0.95,"lower_bound":146705.9126907407,"upper_bound":147596.59990330893},"point_estimate":147147.19160674702,"standard_error":226.81473592333722},"StdDev":{"confidence_interval":{"confidence_level":0.95,"lower_bound":1933.5054598979189,"upper_bound":2975.730344668588},"point_estimate":2473.5663618193507,"standard_error":266.2215079183907}}