{"Mean":{"confidence_interval":{"confidence_level":0.95,"lower_bound":50.83955655214096,"upper_bound":51.209715579629766},"point_estimate":50.97468385533871,"standard_error":0.10744371206022887},"Median":{"confidence_interval":{"confidence_level":0.95,"lower_bound":50.82878955057434,"upper_bound":50.95563842557228},"point_estimate":50.84690052380193,"standard_error":0.04008799612239179},"MedianAbsDev":{"confidence_interval":{"confidence_level":0.95,"lower_bound":0.0031087690685677877,"upper_bound":0.1495769209315226},"point_estimate":0.02952025871869072,"standard_error":0.04431491018313468},"Slope":{"confidence_interval":{"confidence_level":0.95,"lower_bound":50.838052258525025,"upper_bound":50.907422099019065},"point_estimate":50.8647134273556,"standard_error":0.017896006288824432},"StdDev":{"confidence_interval":{"confidence_level":0.95,"lower_bound":0.0223796665356061,"upper_bound":0.5485787003643313},"point_estimate":0.35692530766116914,"standard_error":0.18110582343390114}}