{"Mean":{"confidence_interval":{"confidence_level":0.95,"lower_bound":31.589519084667877,"upper_bound":31.774993445298247},"point_estimate":31.67221069367096,"standard_error":0.047692404104701526},"Median":{"confidence_interval":{"confidence_level":0.95,"lower_bound":31.5169995240536,"upper_bound":31.624045788484537},"point_estimate":31.574015318910877,"standard_error":0.024862191333817583},"MedianAbsDev":{"confidence_interval":{"confidence_level":0.95,"lower_bound":0.14943300200810344,"upper_bound":0.273396545663265},"point_estimate":0.21503875297706385,"standard_error":0.0335999586009401},"Slope":{"confidence_interval":{"confidence_level":0.95,"lower_bound":31.579391464647188,"upper_bound":31.78622601830741},"point_estimate":31.663716715848317,"standard_error":0.05392625906678428},"StdDev":{"confidence_interval":{"confidence_level":0.95,"lower_bound":0.2294300226618534,"upper_bound":0.6952749798880398},"point_estimate":0.4779629977750433,"standard_error":0.1236058932277487}}