{"Mean":{"confidence_interval":{"confidence_level":0.95,"lower_bound":128.57534457412962,"upper_bound":129.43021074966495},"point_estimate":128.94899110821882,"standard_error":0.22051781197145578},"Median":{"confidence_interval":{"confidence_level":0.95,"lower_bound":128.20616157678145,"upper_bound":128.77252860233096},"point_estimate":128.48985863136568,"standard_error":0.14850098949586646},"MedianAbsDev":{"confidence_interval":{"confidence_level":0.95,"lower_bound":0.730570941523299,"upper_bound":1.2092759889771985},"point_estimate":0.956315855699304,"standard_error":0.11966506458126414},"Slope":{"confidence_interval":{"confidence_level":0.95,"lower_bound":128.47011554316552,"upper_bound":129.037104573433},"point_estimate":128.73326491737942,"standard_error":0.14494647534815333},"StdDev":{"confidence_interval":{"confidence_level":0.95,"lower_bound":0.9688031739783431,"upper_bound":3.369255812075497},"point_estimate":2.2141634036949585,"standard_error":0.6624415103064132}}