{"Mean":{"confidence_interval":{"confidence_level":0.95,"lower_bound":-0.001919388890686863,"upper_bound":0.00910662319449415},"point_estimate":0.003948117887232705,"standard_error":0.0028227619853369765},"Median":{"confidence_interval":{"confidence_level":0.95,"lower_bound":-0.003738117771779348,"upper_bound":0.00879795636973335},"point_estimate":0.0020341046207545954,"standard_error":0.0029478524020499415}}