{"Mean":{"confidence_interval":{"confidence_level":0.95,"lower_bound":0.0021316016815926837,"upper_bound":0.008500168622996917},"point_estimate":0.00546188476491416,"standard_error":0.0016351898154042754},"Median":{"confidence_interval":{"confidence_level":0.95,"lower_bound":0.0019272995982460017,"upper_bound":0.008856950501796801},"point_estimate":0.005830309262551792,"standard_error":0.0017452322379870153}}