{"Mean":{"confidence_interval":{"confidence_level":0.95,"lower_bound":-0.032302976976303834,"upper_bound":-0.023512845838020435},"point_estimate":-0.02812422942788606,"standard_error":0.0022306203286575396},"Median":{"confidence_interval":{"confidence_level":0.95,"lower_bound":-0.03159833341861362,"upper_bound":-0.023459509170706716},"point_estimate":-0.02726673458793183,"standard_error":0.0020477001701197373}}