{"Mean":{"confidence_interval":{"confidence_level":0.95,"lower_bound":-0.000653161266165294,"upper_bound":0.005141661077673058},"point_estimate":0.0023030226244356022,"standard_error":0.0014743375962741128},"Median":{"confidence_interval":{"confidence_level":0.95,"lower_bound":0.0008631456654459857,"upper_bound":0.006345927735191825},"point_estimate":0.004254939674816383,"standard_error":0.001483199667297516}}