{"Mean":{"confidence_interval":{"confidence_level":0.95,"lower_bound":0.002745358572612894,"upper_bound":0.007116291854664924},"point_estimate":0.00498329243194795,"standard_error":0.0011055963310257204},"Median":{"confidence_interval":{"confidence_level":0.95,"lower_bound":0.0022539855674845732,"upper_bound":0.008341030156906015},"point_estimate":0.005597562653345101,"standard_error":0.0015315567995073372}}