{"Mean":{"confidence_interval":{"confidence_level":0.95,"lower_bound":0.11345533452769657,"upper_bound":0.12112649275901624},"point_estimate":0.11719864094267396,"standard_error":0.0019429491482180008},"Median":{"confidence_interval":{"confidence_level":0.95,"lower_bound":0.1119967903659096,"upper_bound":0.11771604985268747},"point_estimate":0.11370565281221356,"standard_error":0.0016107866829823969}}