{"Mean":{"confidence_interval":{"confidence_level":0.95,"lower_bound":0.008387665745148565,"upper_bound":0.013584902110651186},"point_estimate":0.010795273131529504,"standard_error":0.0013200752525966658},"Median":{"confidence_interval":{"confidence_level":0.95,"lower_bound":0.007296463931339536,"upper_bound":0.011172020987537001},"point_estimate":0.009199336609617914,"standard_error":0.0009508909553951334}}