{"Mean":{"confidence_interval":{"confidence_level":0.95,"lower_bound":4253.763324439437,"upper_bound":4317.606289378898},"point_estimate":4283.526502056844,"standard_error":16.352735729574174},"Median":{"confidence_interval":{"confidence_level":0.95,"lower_bound":4213.434823509823,"upper_bound":4231.750377529447},"point_estimate":4220.893041596086,"standard_error":4.530418372994903},"MedianAbsDev":{"confidence_interval":{"confidence_level":0.95,"lower_bound":18.869036690399756,"upper_bound":42.01587282330274},"point_estimate":29.01771786076697,"standard_error":5.880434186615398},"Slope":{"confidence_interval":{"confidence_level":0.95,"lower_bound":4250.03760174951,"upper_bound":4317.726304596498},"point_estimate":4281.606789557421,"standard_error":17.282845594910686},"StdDev":{"confidence_interval":{"confidence_level":0.95,"lower_bound":109.73211553342463,"upper_bound":207.91171083728102},"point_estimate":164.30058893051424,"standard_error":25.12489680286453}}