{"Mean":{"confidence_interval":{"confidence_level":0.95,"lower_bound":3628.440921213723,"upper_bound":3646.644222692053},"point_estimate":3636.7099675346326,"standard_error":4.678223055716429},"Median":{"confidence_interval":{"confidence_level":0.95,"lower_bound":3625.9432439642524,"upper_bound":3650.172585700947},"point_estimate":3630.154730463614,"standard_error":5.59421617118287},"MedianAbsDev":{"confidence_interval":{"confidence_level":0.95,"lower_bound":0.9995477688694376,"upper_bound":21.089836306253154},"point_estimate":8.247147752743452,"standard_error":5.1313117702542375},"Slope":{"confidence_interval":{"confidence_level":0.95,"lower_bound":3625.5024862161613,"upper_bound":3637.0428386010894},"point_estimate":3629.0279540387583,"standard_error":2.9971199749726396},"StdDev":{"confidence_interval":{"confidence_level":0.95,"lower_bound":4.677436801643872,"upper_bound":19.44378589572437},"point_estimate":15.592673334937297,"standard_error":3.886593497452357}}