{"Mean":{"confidence_interval":{"confidence_level":0.95,"lower_bound":12513.989348371977,"upper_bound":12641.063690474706},"point_estimate":12575.896002029627,"standard_error":32.3855369688609},"Median":{"confidence_interval":{"confidence_level":0.95,"lower_bound":12475.418565400843,"upper_bound":12552.672237249286},"point_estimate":12515.425594319235,"standard_error":19.335645523083993},"MedianAbsDev":{"confidence_interval":{"confidence_level":0.95,"lower_bound":174.17872143685202,"upper_bound":285.663709507978},"point_estimate":233.6147843934809,"standard_error":28.961620568770165},"Slope":{"confidence_interval":{"confidence_level":0.95,"lower_bound":12486.131904962202,"upper_bound":12636.807562782737},"point_estimate":12556.323756914138,"standard_error":38.52592409695241},"StdDev":{"confidence_interval":{"confidence_level":0.95,"lower_bound":269.2501560898336,"upper_bound":376.36923756937915},"point_estimate":326.71000516899466,"standard_error":27.376094330346643}}