{"Mean":{"confidence_interval":{"confidence_level":0.95,"lower_bound":15115.015409412925,"upper_bound":15262.605932874792},"point_estimate":15183.426803694658,"standard_error":37.67022104215571},"Median":{"confidence_interval":{"confidence_level":0.95,"lower_bound":15021.729200318754,"upper_bound":15172.1550782672},"point_estimate":15079.761320474849,"standard_error":39.50910179277935},"MedianAbsDev":{"confidence_interval":{"confidence_level":0.95,"lower_bound":201.44487396876292,"upper_bound":379.4402904917022},"point_estimate":276.8954685639662,"standard_error":44.29664052265923},"Slope":{"confidence_interval":{"confidence_level":0.95,"lower_bound":15151.184013905113,"upper_bound":15280.509539902456},"point_estimate":15214.256887352803,"standard_error":33.13932439811397},"StdDev":{"confidence_interval":{"confidence_level":0.95,"lower_bound":253.71667997984966,"upper_bound":524.2231435547889},"point_estimate":378.6386013576818,"standard_error":79.6728041461653}}