{"Mean":{"confidence_interval":{"confidence_level":0.95,"lower_bound":14560.837027656951,"upper_bound":14637.259922924297},"point_estimate":14597.677583212504,"standard_error":19.571084427479807},"Median":{"confidence_interval":{"confidence_level":0.95,"lower_bound":14544.54547275641,"upper_bound":14635.10119047619},"point_estimate":14589.398664529916,"standard_error":20.07143202598605},"MedianAbsDev":{"confidence_interval":{"confidence_level":0.95,"lower_bound":6.967596186397092,"upper_bound":110.60183923834745},"point_estimate":46.71437108304644,"standard_error":29.343829529413306},"Slope":{"confidence_interval":{"confidence_level":0.95,"lower_bound":14583.490643233612,"upper_bound":14636.62016899767},"point_estimate":14604.21032092907,"standard_error":13.491164577331412},"StdDev":{"confidence_interval":{"confidence_level":0.95,"lower_bound":31.810585059719028,"upper_bound":85.51386505216973},"point_estimate":65.02395958996951,"standard_error":14.094828264961711}}