{"Mean":{"confidence_interval":{"confidence_level":0.95,"lower_bound":71711.48101478495,"upper_bound":72242.61097638248},"point_estimate":71976.15406778033,"standard_error":136.03567653482222},"Median":{"confidence_interval":{"confidence_level":0.95,"lower_bound":71567.25685483872,"upper_bound":72478.96370967742},"point_estimate":71926.2847782258,"standard_error":232.65381868149518},"MedianAbsDev":{"confidence_interval":{"confidence_level":0.95,"lower_bound":95.70242612351807,"upper_bound":786.3970313209215},"point_estimate":582.9719955171117,"standard_error":170.9824679500622},"Slope":{"confidence_interval":{"confidence_level":0.95,"lower_bound":71495.00439799576,"upper_bound":71938.82072489003},"point_estimate":71647.0,"standard_error":112.93458774558518},"StdDev":{"confidence_interval":{"confidence_level":0.95,"lower_bound":286.557305453744,"upper_bound":536.4109018826277},"point_estimate":453.1697833228418,"standard_error":63.57148381282473}}