{"Mean":{"confidence_interval":{"confidence_level":0.95,"lower_bound":60571.48451536976,"upper_bound":61134.99904658128},"point_estimate":60820.33135265396,"standard_error":145.02057180946554},"Median":{"confidence_interval":{"confidence_level":0.95,"lower_bound":60301.70109439125,"upper_bound":60676.04612299465},"point_estimate":60514.04678813633,"standard_error":96.97034173958322},"MedianAbsDev":{"confidence_interval":{"confidence_level":0.95,"lower_bound":505.75369719539367,"upper_bound":869.8979323892034},"point_estimate":682.9389963584852,"standard_error":94.79625555496246},"Slope":{"confidence_interval":{"confidence_level":0.95,"lower_bound":60361.93087339694,"upper_bound":60618.13625929423},"point_estimate":60487.54092629456,"standard_error":65.60843155364873},"StdDev":{"confidence_interval":{"confidence_level":0.95,"lower_bound":700.3555733268958,"upper_bound":2185.0895783091178},"point_estimate":1462.3939435087777,"standard_error":410.0062828823475}}