{"Mean":{"confidence_interval":{"confidence_level":0.95,"lower_bound":0.04840936279735657,"upper_bound":0.06695433109469065},"point_estimate":0.058100872699365924,"standard_error":0.004743651624491974},"Median":{"confidence_interval":{"confidence_level":0.95,"lower_bound":0.051399626376652234,"upper_bound":0.06392982124031898},"point_estimate":0.0584987980109648,"standard_error":0.003232440783489205}}