{"Mean":{"confidence_interval":{"confidence_level":0.95,"lower_bound":-0.5848872174445856,"upper_bound":-0.5792260538359804},"point_estimate":-0.5820419641387468,"standard_error":0.0014414634676052727},"Median":{"confidence_interval":{"confidence_level":0.95,"lower_bound":-0.5842059359891295,"upper_bound":-0.5764735777834651},"point_estimate":-0.5802188234311794,"standard_error":0.0019218192994776176}}