{"Mean":{"confidence_interval":{"confidence_level":0.95,"lower_bound":-0.8954343559870686,"upper_bound":-0.8940549687637598},"point_estimate":-0.8948541018003059,"standard_error":0.0003461732094544341},"Median":{"confidence_interval":{"confidence_level":0.95,"lower_bound":-0.8956018719021605,"upper_bound":-0.8948557376962046},"point_estimate":-0.8952977251096655,"standard_error":0.0002087007820692956}}