{"Mean":{"confidence_interval":{"confidence_level":0.95,"lower_bound":-0.005432572329582503,"upper_bound":0.009054624438872796},"point_estimate":0.002201435352910286,"standard_error":0.0037040019009558917},"Median":{"confidence_interval":{"confidence_level":0.95,"lower_bound":-0.004433104700761192,"upper_bound":0.011715499120231287},"point_estimate":0.00029633482336866024,"standard_error":0.004628450929423993}}