{"Mean":{"confidence_interval":{"confidence_level":0.95,"lower_bound":654146.6705758928,"upper_bound":657735.2546598639},"point_estimate":655789.8500765307,"standard_error":926.4872756444818},"Median":{"confidence_interval":{"confidence_level":0.95,"lower_bound":653560.2857142857,"upper_bound":658312.6428571428},"point_estimate":654276.9345238095,"standard_error":1278.7771625003702},"MedianAbsDev":{"confidence_interval":{"confidence_level":0.95,"lower_bound":142.66935996705502,"upper_bound":4868.368526069206},"point_estimate":1242.494231691308,"standard_error":1289.8573894416065},"Slope":{"confidence_interval":{"confidence_level":0.95,"lower_bound":653763.9688533263,"upper_bound":659641.5620365773},"point_estimate":656715.1385899815,"standard_error":1605.1088848439329},"StdDev":{"confidence_interval":{"confidence_level":0.95,"lower_bound":759.5542895970174,"upper_bound":3822.502924748104},"point_estimate":3089.80152291286,"standard_error":680.2882992921333}}