{"Mean":{"confidence_interval":{"confidence_level":0.95,"lower_bound":121.98048862483795,"upper_bound":122.52541964758166},"point_estimate":122.23944302029022,"standard_error":0.13945310164087132},"Median":{"confidence_interval":{"confidence_level":0.95,"lower_bound":121.90720975480878,"upper_bound":122.60959430555809},"point_estimate":122.13383019203772,"standard_error":0.19604250626892075},"MedianAbsDev":{"confidence_interval":{"confidence_level":0.95,"lower_bound":0.093357522590781,"upper_bound":0.8165611431478149},"point_estimate":0.41639337657551,"standard_error":0.17504776073884298},"Slope":{"confidence_interval":{"confidence_level":0.95,"lower_bound":122.01139307722897,"upper_bound":122.76136258305334},"point_estimate":122.37645808720858,"standard_error":0.19669069577191883},"StdDev":{"confidence_interval":{"confidence_level":0.95,"lower_bound":0.24379394656934433,"upper_bound":0.6046490870909318},"point_estimate":0.4633808603947922,"standard_error":0.09669534055741334}}