{"Mean":{"confidence_interval":{"confidence_level":0.95,"lower_bound":13194.453030784658,"upper_bound":13287.292787675848},"point_estimate":13236.560439848352,"standard_error":23.80968162642324},"Median":{"confidence_interval":{"confidence_level":0.95,"lower_bound":13158.786084529507,"upper_bound":13200.800822368421},"point_estimate":13180.452894736842,"standard_error":10.675693021323974},"MedianAbsDev":{"confidence_interval":{"confidence_level":0.95,"lower_bound":64.52518152453885,"upper_bound":103.34593306469793},"point_estimate":82.88929016380351,"standard_error":9.83180757597189},"Slope":{"confidence_interval":{"confidence_level":0.95,"lower_bound":13173.913556753914,"upper_bound":13225.836800273235},"point_estimate":13197.993125345134,"standard_error":13.269457207433287},"StdDev":{"confidence_interval":{"confidence_level":0.95,"lower_bound":127.85251699604046,"upper_bound":326.7262653556027},"point_estimate":238.39840165578752,"standard_error":51.09470938267462}}