{"Mean":{"confidence_interval":{"confidence_level":0.95,"lower_bound":-0.03003502076682809,"upper_bound":-0.017950924082876657},"point_estimate":-0.025253884470086585,"standard_error":0.0032706229072185676},"Median":{"confidence_interval":{"confidence_level":0.95,"lower_bound":-0.03049631802700703,"upper_bound":-0.02474439917139759},"point_estimate":-0.027238614027918828,"standard_error":0.0017007384274380154}}