{"Mean":{"confidence_interval":{"confidence_level":0.95,"lower_bound":-0.6852297559944884,"upper_bound":-0.6828525374962136},"point_estimate":-0.6840280032662842,"standard_error":0.000606665128359859},"Median":{"confidence_interval":{"confidence_level":0.95,"lower_bound":-0.6849574815884014,"upper_bound":-0.6825835143003235},"point_estimate":-0.6838876011128967,"standard_error":0.0006063306261892765}}