{"Mean":{"confidence_interval":{"confidence_level":0.95,"lower_bound":-0.01280825744162253,"upper_bound":-0.004335504923251129},"point_estimate":-0.008943381706937648,"standard_error":0.0021089457679108812},"Median":{"confidence_interval":{"confidence_level":0.95,"lower_bound":-0.012886792964109661,"upper_bound":-0.006820557136303029},"point_estimate":-0.010053140587912734,"standard_error":0.0015911396957219942}}