{"Mean":{"confidence_interval":{"confidence_level":0.95,"lower_bound":-0.676438908565817,"upper_bound":-0.6711573437369549},"point_estimate":-0.6741509691288494,"standard_error":0.0014068076826276334},"Median":{"confidence_interval":{"confidence_level":0.95,"lower_bound":-0.6762726478427188,"upper_bound":-0.67410474548869},"point_estimate":-0.6750312118631752,"standard_error":0.0005541589769279197}}