{"Mean":{"confidence_interval":{"confidence_level":0.95,"lower_bound":7354347.572783731,"upper_bound":7433106.24437401},"point_estimate":7387626.7726058215,"standard_error":20491.025510428248},"Median":{"confidence_interval":{"confidence_level":0.95,"lower_bound":7349576.75,"upper_bound":7399680.416666667},"point_estimate":7372881.9375,"standard_error":13034.155868173833},"MedianAbsDev":{"confidence_interval":{"confidence_level":0.95,"lower_bound":2497.26462649741,"upper_bound":71497.24707067022},"point_estimate":35719.65459084943,"standard_error":16810.121422530523},"Slope":{"confidence_interval":{"confidence_level":0.95,"lower_bound":7346312.0,"upper_bound":7494907.684474124},"point_estimate":7414019.379220779,"standard_error":42559.27322830806},"StdDev":{"confidence_interval":{"confidence_level":0.95,"lower_bound":19203.003728662832,"upper_bound":101100.83506791439},"point_estimate":68459.80258271901,"standard_error":25306.521092629333}}