{"Mean":{"confidence_interval":{"confidence_level":0.95,"lower_bound":-0.0069794531751387915,"upper_bound":0.007383574598826101},"point_estimate":-0.0007025941451999085,"standard_error":0.003818507854294517},"Median":{"confidence_interval":{"confidence_level":0.95,"lower_bound":-0.007480717972088824,"upper_bound":0.00196172433782138},"point_estimate":-0.0029720029237488843,"standard_error":0.0028977647113219477}}