{"Mean":{"confidence_interval":{"confidence_level":0.95,"lower_bound":-0.0593471948143666,"upper_bound":-0.052871840333307225},"point_estimate":-0.05608667951519086,"standard_error":0.0016523384193496379},"Median":{"confidence_interval":{"confidence_level":0.95,"lower_bound":-0.058658863041552434,"upper_bound":-0.050449258291086485},"point_estimate":-0.05463025311666536,"standard_error":0.001989896636559955}}