{"Mean":{"confidence_interval":{"confidence_level":0.95,"lower_bound":0.05309135747788195,"upper_bound":0.06043525202468395},"point_estimate":0.05680421149243897,"standard_error":0.001876564812612708},"Median":{"confidence_interval":{"confidence_level":0.95,"lower_bound":0.05116345412770795,"upper_bound":0.05838425023636806},"point_estimate":0.05535223127710909,"standard_error":0.00188543344558256}}