{"Mean":{"confidence_interval":{"confidence_level":0.95,"lower_bound":403278.2686849969,"upper_bound":406234.29443738546},"point_estimate":404691.2514508805,"standard_error":753.6987729085894},"Median":{"confidence_interval":{"confidence_level":0.95,"lower_bound":401631.43333333335,"upper_bound":405266.3103448276},"point_estimate":403939.0917748918,"standard_error":831.1303901130972},"MedianAbsDev":{"confidence_interval":{"confidence_level":0.95,"lower_bound":4956.95242852235,"upper_bound":7935.1063749581235},"point_estimate":6583.362681356292,"standard_error":775.9006523672836},"Slope":{"confidence_interval":{"confidence_level":0.95,"lower_bound":402199.61426329095,"upper_bound":404759.43183658685},"point_estimate":403447.16169548297,"standard_error":650.3719594064202},"StdDev":{"confidence_interval":{"confidence_level":0.95,"lower_bound":5469.456149882156,"upper_bound":9940.21890134402},"point_estimate":7557.558651101851,"standard_error":1218.7707824171584}}