{"Mean":{"confidence_interval":{"confidence_level":0.95,"lower_bound":1837233.072190476,"upper_bound":1849724.3450425596},"point_estimate":1843915.6891071429,"standard_error":3217.101463902062},"Median":{"confidence_interval":{"confidence_level":0.95,"lower_bound":1835678.7675,"upper_bound":1851042.7604166667},"point_estimate":1847621.495,"standard_error":3731.3913418488205},"MedianAbsDev":{"confidence_interval":{"confidence_level":0.95,"lower_bound":414.9840568824406,"upper_bound":17443.852455809752},"point_estimate":6213.286147192167,"standard_error":4114.643184096698},"Slope":{"confidence_interval":{"confidence_level":0.95,"lower_bound":1840860.950909091,"upper_bound":1849621.1546933607},"point_estimate":1846626.9005194805,"standard_error":2268.123004975145},"StdDev":{"confidence_interval":{"confidence_level":0.95,"lower_bound":4049.6471952990114,"upper_bound":13551.707526899441},"point_estimate":10707.578771067832,"standard_error":2389.476321605736}}