{"Mean":{"confidence_interval":{"confidence_level":0.95,"lower_bound":2442081.227337046,"upper_bound":2466969.1903506857},"point_estimate":2453909.340312801,"standard_error":6354.3424124595285},"Median":{"confidence_interval":{"confidence_level":0.95,"lower_bound":2419250.0102040814,"upper_bound":2431331.129032258},"point_estimate":2423315.6564102564,"standard_error":3399.0895617562223},"MedianAbsDev":{"confidence_interval":{"confidence_level":0.95,"lower_bound":13357.231833477828,"upper_bound":32440.19427081228},"point_estimate":19553.029910346926,"standard_error":5205.015362339551},"Slope":{"confidence_interval":{"confidence_level":0.95,"lower_bound":2444347.1460048365,"upper_bound":2467569.3541957163},"point_estimate":2455621.3032362936,"standard_error":5909.679047231622},"StdDev":{"confidence_interval":{"confidence_level":0.95,"lower_bound":45943.25500583625,"upper_bound":81062.31642440507},"point_estimate":63746.97144114107,"standard_error":9092.577622312443}}