{"Mean":{"confidence_interval":{"confidence_level":0.95,"lower_bound":105.10473247555731,"upper_bound":105.55739163119037},"point_estimate":105.31539692261794,"standard_error":0.11579223725264894},"Median":{"confidence_interval":{"confidence_level":0.95,"lower_bound":104.73504386428496,"upper_bound":105.29268197476134},"point_estimate":105.06338932761562,"standard_error":0.14037928531975838},"MedianAbsDev":{"confidence_interval":{"confidence_level":0.95,"lower_bound":0.5784955778651129,"upper_bound":1.022908556455162},"point_estimate":0.8571480851947972,"standard_error":0.11987860449338629},"Slope":{"confidence_interval":{"confidence_level":0.95,"lower_bound":105.18067881447364,"upper_bound":105.61126490067014},"point_estimate":105.38809801016006,"standard_error":0.10964883733996139},"StdDev":{"confidence_interval":{"confidence_level":0.95,"lower_bound":0.778186107383021,"upper_bound":1.5711697474646593},"point_estimate":1.1589654980016209,"standard_error":0.21569988463944909}}