{"Mean":{"confidence_interval":{"confidence_level":0.95,"lower_bound":105.02337941421507,"upper_bound":105.47170642939194},"point_estimate":105.2160102919236,"standard_error":0.11534728748320093},"Median":{"confidence_interval":{"confidence_level":0.95,"lower_bound":104.89736696018826,"upper_bound":105.19437676813268},"point_estimate":104.9950881497866,"standard_error":0.08609472103096225},"MedianAbsDev":{"confidence_interval":{"confidence_level":0.95,"lower_bound":0.5376495434591427,"upper_bound":0.8083601040247101},"point_estimate":0.6543523124612411,"standard_error":0.06818383237301757},"Slope":{"confidence_interval":{"confidence_level":0.95,"lower_bound":104.9270045270732,"upper_bound":105.2050874921268},"point_estimate":105.05314539186818,"standard_error":0.07106060173256439},"StdDev":{"confidence_interval":{"confidence_level":0.95,"lower_bound":0.5637171528171784,"upper_bound":1.7867035042938402},"point_estimate":1.160177744152457,"standard_error":0.3830762120138033}}