{"Mean":{"confidence_interval":{"confidence_level":0.95,"lower_bound":103.98294072062004,"upper_bound":104.24461413369966},"point_estimate":104.1047516886687,"standard_error":0.06682010224641512},"Median":{"confidence_interval":{"confidence_level":0.95,"lower_bound":103.83803373748023,"upper_bound":104.11716332289373},"point_estimate":103.93954681734317,"standard_error":0.06580283506444713},"MedianAbsDev":{"confidence_interval":{"confidence_level":0.95,"lower_bound":0.3659237486192823,"upper_bound":0.5899719004719305},"point_estimate":0.46830815082827104,"standard_error":0.057465815328785676},"Slope":{"confidence_interval":{"confidence_level":0.95,"lower_bound":103.96878417490788,"upper_bound":104.17665119585531},"point_estimate":104.07059752423444,"standard_error":0.053048320605588895},"StdDev":{"confidence_interval":{"confidence_level":0.95,"lower_bound":0.4452805581565654,"upper_bound":0.9091001027080291},"point_estimate":0.6707998911497813,"standard_error":0.12357574170008373}}