{"Mean":{"confidence_interval":{"confidence_level":0.95,"lower_bound":960.3015019373797,"upper_bound":965.3256370344566},"point_estimate":962.7252668957578,"standard_error":1.2821539149198538},"Median":{"confidence_interval":{"confidence_level":0.95,"lower_bound":957.0426137668182,"upper_bound":963.4521598083456},"point_estimate":960.3969946061652,"standard_error":1.8568018906167774},"MedianAbsDev":{"confidence_interval":{"confidence_level":0.95,"lower_bound":9.342333863275048,"upper_bound":14.999615280678547},"point_estimate":12.752171251061801,"standard_error":1.552209656968159},"Slope":{"confidence_interval":{"confidence_level":0.95,"lower_bound":958.1904432063577,"upper_bound":961.7588386334664},"point_estimate":959.9488761031719,"standard_error":0.9091015852470409},"StdDev":{"confidence_interval":{"confidence_level":0.95,"lower_bound":10.300458956126445,"upper_bound":15.31935567193265},"point_estimate":12.881402728607013,"standard_error":1.2828230557824698}}