{"Mean":{"confidence_interval":{"confidence_level":0.95,"lower_bound":5693.49428159883,"upper_bound":5730.93591444448},"point_estimate":5711.275837632945,"standard_error":9.606002718904037},"Median":{"confidence_interval":{"confidence_level":0.95,"lower_bound":5682.318850574713,"upper_bound":5708.608299124247},"point_estimate":5698.38160624523,"standard_error":5.568559751280274},"MedianAbsDev":{"confidence_interval":{"confidence_level":0.95,"lower_bound":43.57510198021872,"upper_bound":75.62017563121057},"point_estimate":54.87527351463754,"standard_error":8.207182394910639},"Slope":{"confidence_interval":{"confidence_level":0.95,"lower_bound":5698.965993258062,"upper_bound":5733.538780331215},"point_estimate":5715.095985538338,"standard_error":8.863569148321314},"StdDev":{"confidence_interval":{"confidence_level":0.95,"lower_bound":66.14661149820815,"upper_bound":125.98227188920161},"point_estimate":96.87992751415882,"standard_error":15.461635425651002}}