{"Mean":{"confidence_interval":{"confidence_level":0.95,"lower_bound":9758.127294426544,"upper_bound":9785.456562622541},"point_estimate":9771.788706992822,"standard_error":7.002640595668344},"Median":{"confidence_interval":{"confidence_level":0.95,"lower_bound":9746.609022556391,"upper_bound":9789.954350161117},"point_estimate":9773.040887934121,"standard_error":9.660852113617675},"MedianAbsDev":{"confidence_interval":{"confidence_level":0.95,"lower_bound":4.84892823471607,"upper_bound":42.269749800942456},"point_estimate":25.564541548018415,"standard_error":9.900294838685742},"Slope":{"confidence_interval":{"confidence_level":0.95,"lower_bound":9764.035367081367,"upper_bound":9791.363509349672},"point_estimate":9777.184520205896,"standard_error":6.894242788182581},"StdDev":{"confidence_interval":{"confidence_level":0.95,"lower_bound":13.31890558808291,"upper_bound":29.55284190824197},"point_estimate":23.31976778896814,"standard_error":4.138476478013577}}