{"Mean":{"confidence_interval":{"confidence_level":0.95,"lower_bound":12246.266989445014,"upper_bound":12402.03094037862},"point_estimate":12319.154850416664,"standard_error":39.93144433194584},"Median":{"confidence_interval":{"confidence_level":0.95,"lower_bound":12142.929487179486,"upper_bound":12169.944444444445},"point_estimate":12156.652299880527,"standard_error":7.13612727544633},"MedianAbsDev":{"confidence_interval":{"confidence_level":0.95,"lower_bound":34.051852241181244,"upper_bound":73.49878553718678},"point_estimate":52.69500181712262,"standard_error":11.138702223334981},"Slope":{"confidence_interval":{"confidence_level":0.95,"lower_bound":12237.357292715547,"upper_bound":12429.042302365327},"point_estimate":12324.97197959597,"standard_error":49.1804836297598},"StdDev":{"confidence_interval":{"confidence_level":0.95,"lower_bound":273.49288222087785,"upper_bound":507.36084805922644},"point_estimate":402.29125413376556,"standard_error":59.73489930334544}}