{"Mean":{"confidence_interval":{"confidence_level":0.95,"lower_bound":16261.915214008613,"upper_bound":16291.982842008782},"point_estimate":16277.985196778503,"standard_error":7.7320716489404955},"Median":{"confidence_interval":{"confidence_level":0.95,"lower_bound":16260.895553566099,"upper_bound":16297.91011922525},"point_estimate":16284.576342882721,"standard_error":9.884656693041931},"MedianAbsDev":{"confidence_interval":{"confidence_level":0.95,"lower_bound":6.4862942984533305,"upper_bound":43.75068754616056},"point_estimate":25.599920867503684,"standard_error":9.107348417230158},"Slope":{"confidence_interval":{"confidence_level":0.95,"lower_bound":16258.63934928662,"upper_bound":16295.745504968916},"point_estimate":16279.402722970852,"standard_error":9.402147971786475},"StdDev":{"confidence_interval":{"confidence_level":0.95,"lower_bound":12.535598720282154,"upper_bound":34.10605760643608},"point_estimate":25.722221284752795,"standard_error":5.942368038159854}}