{"Mean":{"confidence_interval":{"confidence_level":0.95,"lower_bound":38.28862599448078,"upper_bound":38.51485814509473},"point_estimate":38.38876915274713,"standard_error":0.05809954284218731},"Median":{"confidence_interval":{"confidence_level":0.95,"lower_bound":38.17195869386073,"upper_bound":38.391753003491424},"point_estimate":38.24826785524547,"standard_error":0.05464728454078523},"MedianAbsDev":{"confidence_interval":{"confidence_level":0.95,"lower_bound":0.28002259953749997,"upper_bound":0.4516005154356232},"point_estimate":0.39279967155049783,"standard_error":0.04647998407104357},"Slope":{"confidence_interval":{"confidence_level":0.95,"lower_bound":38.18238838770927,"upper_bound":38.30407723448588},"point_estimate":38.24159000346698,"standard_error":0.031160099880985923},"StdDev":{"confidence_interval":{"confidence_level":0.95,"lower_bound":0.3215893991662295,"upper_bound":0.862689323724679},"point_estimate":0.5831568016147018,"standard_error":0.16030279693782162}}