{"Mean":{"confidence_interval":{"confidence_level":0.95,"lower_bound":17.09574599622422,"upper_bound":17.145044929157656},"point_estimate":17.11985106315641,"standard_error":0.012620298221481304},"Median":{"confidence_interval":{"confidence_level":0.95,"lower_bound":17.082885617371794,"upper_bound":17.156585575207245},"point_estimate":17.114776837740234,"standard_error":0.0156756568394153},"MedianAbsDev":{"confidence_interval":{"confidence_level":0.95,"lower_bound":0.0011358638761892338,"upper_bound":0.07182536064454392},"point_estimate":0.054633777773476645,"standard_error":0.020381915739995496},"Slope":{"confidence_interval":{"confidence_level":0.95,"lower_bound":17.09578537465898,"upper_bound":17.129830750089294},"point_estimate":17.111181422840296,"standard_error":0.008882918163643573},"StdDev":{"confidence_interval":{"confidence_level":0.95,"lower_bound":0.023431200109095635,"upper_bound":0.052474308275463594},"point_estimate":0.042087462837513176,"standard_error":0.007343131949402569}}