{"Mean":{"confidence_interval":{"confidence_level":0.95,"lower_bound":2622.470703002978,"upper_bound":2688.1104911766943},"point_estimate":2651.1061601091455,"standard_error":16.848226353241706},"Median":{"confidence_interval":{"confidence_level":0.95,"lower_bound":2595.7690887432996,"upper_bound":2605.3487244423586},"point_estimate":2598.8924421941792,"standard_error":2.2229054562067434},"MedianAbsDev":{"confidence_interval":{"confidence_level":0.95,"lower_bound":14.841361002894475,"upper_bound":26.59972460671411},"point_estimate":18.93390144726265,"standard_error":3.0388419206866266},"Slope":{"confidence_interval":{"confidence_level":0.95,"lower_bound":2621.5218264838786,"upper_bound":2668.6403716948957},"point_estimate":2644.0518331386606,"standard_error":12.018433585788577},"StdDev":{"confidence_interval":{"confidence_level":0.95,"lower_bound":75.72901516764767,"upper_bound":254.03422739036154},"point_estimate":168.88593358445146,"standard_error":48.4606016393226}}