{"Mean":{"confidence_interval":{"confidence_level":0.95,"lower_bound":2620.4223117268534,"upper_bound":2634.6452207582447},"point_estimate":2626.5280978608957,"standard_error":3.6573504675423254},"Median":{"confidence_interval":{"confidence_level":0.95,"lower_bound":2611.6686329625086,"upper_bound":2622.9126833757377},"point_estimate":2616.6824365289885,"standard_error":3.116913244099883},"MedianAbsDev":{"confidence_interval":{"confidence_level":0.95,"lower_bound":11.337993903000731,"upper_bound":21.81830946777895},"point_estimate":16.363389443257233,"standard_error":2.928162101233484},"Slope":{"confidence_interval":{"confidence_level":0.95,"lower_bound":2619.0131361209696,"upper_bound":2627.5435496370405},"point_estimate":2623.0903888859925,"standard_error":2.179378733365346},"StdDev":{"confidence_interval":{"confidence_level":0.95,"lower_bound":18.39689012606437,"upper_bound":56.22710738597503},"point_estimate":36.78417939954947,"standard_error":11.897026767614335}}