{"Mean":{"confidence_interval":{"confidence_level":0.95,"lower_bound":2578.304283004586,"upper_bound":2591.789098981266},"point_estimate":2584.3604840216817,"standard_error":3.4572164591379337},"Median":{"confidence_interval":{"confidence_level":0.95,"lower_bound":2572.509007262756,"upper_bound":2581.483876329787},"point_estimate":2577.4578016315463,"standard_error":2.7438111790144193},"MedianAbsDev":{"confidence_interval":{"confidence_level":0.95,"lower_bound":14.377073833297668,"upper_bound":25.187196266700738},"point_estimate":19.805720283458555,"standard_error":2.7531323549593085},"Slope":{"confidence_interval":{"confidence_level":0.95,"lower_bound":2578.554293546615,"upper_bound":2588.1734317912174},"point_estimate":2583.2120896984757,"standard_error":2.461737428857873},"StdDev":{"confidence_interval":{"confidence_level":0.95,"lower_bound":19.374458875288518,"upper_bound":50.61704506774477},"point_estimate":34.650641684240185,"standard_error":8.915618893090153}}