{"Mean":{"confidence_interval":{"confidence_level":0.95,"lower_bound":-0.00293801162038508,"upper_bound":0.0071694706322776355},"point_estimate":0.0018390734489084348,"standard_error":0.002551652341835208},"Median":{"confidence_interval":{"confidence_level":0.95,"lower_bound":-0.002394608467316872,"upper_bound":0.007194512896171901},"point_estimate":0.004008962839598729,"standard_error":0.0025683323922193963}}