{"Mean":{"confidence_interval":{"confidence_level":0.95,"lower_bound":0.011418239399170632,"upper_bound":0.020155144318951095},"point_estimate":0.01557344701677521,"standard_error":0.002198521222376522},"Median":{"confidence_interval":{"confidence_level":0.95,"lower_bound":0.013282828288079696,"upper_bound":0.020266069290432842},"point_estimate":0.01794670386015862,"standard_error":0.0018163278245816113}}