{"Mean":{"confidence_interval":{"confidence_level":0.95,"lower_bound":-0.011074917267521925,"upper_bound":-0.0014698201206860217},"point_estimate":-0.006087444019906019,"standard_error":0.0024467057611502778},"Median":{"confidence_interval":{"confidence_level":0.95,"lower_bound":-0.012150742513783785,"upper_bound":-0.0028232773613164897},"point_estimate":-0.010045764259046908,"standard_error":0.0025921990032896558}}