{"Mean":{"confidence_interval":{"confidence_level":0.95,"lower_bound":436615.2907632001,"upper_bound":440416.1713886125},"point_estimate":438483.79481661355,"standard_error":974.8970006715007},"Median":{"confidence_interval":{"confidence_level":0.95,"lower_bound":436129.83157894737,"upper_bound":439555.9887897506},"point_estimate":437088.1169590643,"standard_error":940.755430142905},"MedianAbsDev":{"confidence_interval":{"confidence_level":0.95,"lower_bound":6958.575402514197,"upper_bound":11646.133319977745},"point_estimate":9699.246854600424,"standard_error":1245.431969700501},"Slope":{"confidence_interval":{"confidence_level":0.95,"lower_bound":434769.1289156357,"upper_bound":438646.56281528476},"point_estimate":436717.32037535094,"standard_error":988.5931995961014},"StdDev":{"confidence_interval":{"confidence_level":0.95,"lower_bound":8074.052710687589,"upper_bound":11711.254548989218},"point_estimate":9831.666939057499,"standard_error":941.6143849697934}}