{"Mean":{"confidence_interval":{"confidence_level":0.95,"lower_bound":425308.6372937358,"upper_bound":435783.9649453459},"point_estimate":430357.76706596516,"standard_error":2664.124794615786},"Median":{"confidence_interval":{"confidence_level":0.95,"lower_bound":412411.6296296296,"upper_bound":428485.57539682544},"point_estimate":421056.86305771844,"standard_error":4675.775670533019},"MedianAbsDev":{"confidence_interval":{"confidence_level":0.95,"lower_bound":5453.934422501468,"upper_bound":25648.496255287413},"point_estimate":16014.115687148573,"standard_error":5496.962950797032},"Slope":{"confidence_interval":{"confidence_level":0.95,"lower_bound":428271.5082896471,"upper_bound":442368.4224274976},"point_estimate":435351.47303975176,"standard_error":3597.759937107114},"StdDev":{"confidence_interval":{"confidence_level":0.95,"lower_bound":21656.07379337425,"upper_bound":31280.737887100113},"point_estimate":26846.238578278677,"standard_error":2463.300591797433}}