{"Mean":{"confidence_interval":{"confidence_level":0.95,"lower_bound":-0.36387758137417353,"upper_bound":-0.35811456424951005},"point_estimate":-0.3609191778597838,"standard_error":0.0014738229674658122},"Median":{"confidence_interval":{"confidence_level":0.95,"lower_bound":-0.3646166340603584,"upper_bound":-0.35856202579433716},"point_estimate":-0.36196833707039766,"standard_error":0.0016410652880195782}}