{"Mean":{"confidence_interval":{"confidence_level":0.95,"lower_bound":0.18554880524480408,"upper_bound":0.19705574586641764},"point_estimate":0.19108195325676647,"standard_error":0.0029267408906446645},"Median":{"confidence_interval":{"confidence_level":0.95,"lower_bound":0.18785655252104294,"upper_bound":0.19591872725521786},"point_estimate":0.19187631942013805,"standard_error":0.0019856702239876775}}