{"Mean":{"confidence_interval":{"confidence_level":0.95,"lower_bound":-0.09610621861008632,"upper_bound":-0.08352067750411701},"point_estimate":-0.09042834358954,"standard_error":0.003227605722418348},"Median":{"confidence_interval":{"confidence_level":0.95,"lower_bound":-0.09648381956369712,"upper_bound":-0.08649710070901051},"point_estimate":-0.09228076159109133,"standard_error":0.0022931823385940932}}