{"Mean":{"confidence_interval":{"confidence_level":0.95,"lower_bound":-0.006617444361265698,"upper_bound":0.0012900008869583999},"point_estimate":-0.0027898493283383674,"standard_error":0.0020116070734689834},"Median":{"confidence_interval":{"confidence_level":0.95,"lower_bound":-0.007159035679706993,"upper_bound":0.0005805447644440243},"point_estimate":-0.0027954636181581893,"standard_error":0.0019140959965979073}}