{"Mean":{"confidence_interval":{"confidence_level":0.95,"lower_bound":-0.01965805877799524,"upper_bound":-0.011560842608819955},"point_estimate":-0.01564957774701159,"standard_error":0.0020753130553805184},"Median":{"confidence_interval":{"confidence_level":0.95,"lower_bound":-0.021954042442220323,"upper_bound":-0.009671004126389882},"point_estimate":-0.017121430399939963,"standard_error":0.0033413816990585576}}