{"Mean":{"confidence_interval":{"confidence_level":0.95,"lower_bound":-0.0010339418921553867,"upper_bound":0.0018555710543085022},"point_estimate":0.0003809573494009122,"standard_error":0.0007398379175389526},"Median":{"confidence_interval":{"confidence_level":0.95,"lower_bound":-0.0007977717937011075,"upper_bound":0.001524722153505742},"point_estimate":0.00046637856813913636,"standard_error":0.000590544339198069}}