{"Mean":{"confidence_interval":{"confidence_level":0.95,"lower_bound":507.35316349599594,"upper_bound":508.8410945948893},"point_estimate":508.0703809866437,"standard_error":0.3822327465649883},"Median":{"confidence_interval":{"confidence_level":0.95,"lower_bound":506.9900412087912,"upper_bound":509.2939069858713},"point_estimate":507.5236899933966,"standard_error":0.6782642727836338},"MedianAbsDev":{"confidence_interval":{"confidence_level":0.95,"lower_bound":0.1836096979766131,"upper_bound":2.01449208877773},"point_estimate":1.0384816256632041,"standard_error":0.5303694031017269},"Slope":{"confidence_interval":{"confidence_level":0.95,"lower_bound":507.2457248479621,"upper_bound":509.0348128570036},"point_estimate":508.07998608534325,"standard_error":0.4886679773906534},"StdDev":{"confidence_interval":{"confidence_level":0.95,"lower_bound":0.7325853338655145,"upper_bound":1.499735758806715},"point_estimate":1.2708738437666902,"standard_error":0.19628528588425037}}