{"Mean":{"confidence_interval":{"confidence_level":0.95,"lower_bound":454424.1275991398,"upper_bound":457943.675216797},"point_estimate":456111.6194182785,"standard_error":897.7793524877168},"Median":{"confidence_interval":{"confidence_level":0.95,"lower_bound":454646.1475409836,"upper_bound":457748.96803652967},"point_estimate":456675.38265306124,"standard_error":804.1498544275306},"MedianAbsDev":{"confidence_interval":{"confidence_level":0.95,"lower_bound":5732.575854615293,"upper_bound":9611.941595615901},"point_estimate":7912.147053674147,"standard_error":992.5287889774659},"Slope":{"confidence_interval":{"confidence_level":0.95,"lower_bound":456038.84439321974,"upper_bound":458498.03014589066},"point_estimate":457264.22233091964,"standard_error":629.0796186466242},"StdDev":{"confidence_interval":{"confidence_level":0.95,"lower_bound":6636.231091517556,"upper_bound":11544.12639100512},"point_estimate":9018.53561943656,"standard_error":1282.658677618879}}