{"Mean":{"confidence_interval":{"confidence_level":0.95,"lower_bound":3046365.442717962,"upper_bound":3067649.2984595383},"point_estimate":3056474.9335755873,"standard_error":5441.889624044358},"Median":{"confidence_interval":{"confidence_level":0.95,"lower_bound":3038775.8571428573,"upper_bound":3052485.200420168},"point_estimate":3044672.0109375,"standard_error":3311.672831841856},"MedianAbsDev":{"confidence_interval":{"confidence_level":0.95,"lower_bound":22550.572833432485,"upper_bound":45421.81716731331},"point_estimate":33631.86090579999,"standard_error":6082.25919152781},"Slope":{"confidence_interval":{"confidence_level":0.95,"lower_bound":3044338.9288262534,"upper_bound":3077173.3304957775},"point_estimate":3058578.7116151913,"standard_error":8518.921987478092},"StdDev":{"confidence_interval":{"confidence_level":0.95,"lower_bound":39380.65169611534,"upper_bound":68975.80326185701},"point_estimate":54538.97343234134,"standard_error":7616.939581965832}}