{"Mean":{"confidence_interval":{"confidence_level":0.95,"lower_bound":2712465.1788903065,"upper_bound":2729565.031428572},"point_estimate":2720433.0584693877,"standard_error":4395.53259919813},"Median":{"confidence_interval":{"confidence_level":0.95,"lower_bound":2709116.2285714285,"upper_bound":2731500.0},"point_estimate":2716052.5178571427,"standard_error":6321.675303677187},"MedianAbsDev":{"confidence_interval":{"confidence_level":0.95,"lower_bound":1149.7456895871842,"upper_bound":26533.78915750249},"point_estimate":11744.579080063299,"standard_error":5797.694444506135},"Slope":{"confidence_interval":{"confidence_level":0.95,"lower_bound":2711258.0584766725,"upper_bound":2721040.1775238095},"point_estimate":2715206.7276437846,"standard_error":2505.771504556813},"StdDev":{"confidence_interval":{"confidence_level":0.95,"lower_bound":7203.781441244936,"upper_bound":19163.0265161446},"point_estimate":14627.750692604483,"standard_error":3274.0081748977736}}