{"Mean":{"confidence_interval":{"confidence_level":0.95,"lower_bound":91.69161355239747,"upper_bound":92.14664758251821},"point_estimate":91.91102580145011,"standard_error":0.11626335191167146},"Median":{"confidence_interval":{"confidence_level":0.95,"lower_bound":91.37182817424195,"upper_bound":91.8809801880438},"point_estimate":91.6321241837797,"standard_error":0.12727729349060107},"MedianAbsDev":{"confidence_interval":{"confidence_level":0.95,"lower_bound":0.6995540673525849,"upper_bound":1.2877657893684662},"point_estimate":1.0038790830776063,"standard_error":0.15119748584526105},"Slope":{"confidence_interval":{"confidence_level":0.95,"lower_bound":91.62075302309452,"upper_bound":92.07912659072845},"point_estimate":91.84169356577658,"standard_error":0.11691869871487051},"StdDev":{"confidence_interval":{"confidence_level":0.95,"lower_bound":0.9292816825944715,"upper_bound":1.4137823775685325},"point_estimate":1.1682333574639705,"standard_error":0.1251205572980369}}