{"Mean":{"confidence_interval":{"confidence_level":0.95,"lower_bound":35.182628262418795,"upper_bound":35.246507214971544},"point_estimate":35.2127029875793,"standard_error":0.016322316345363398},"Median":{"confidence_interval":{"confidence_level":0.95,"lower_bound":35.139207406717304,"upper_bound":35.19089637239914},"point_estimate":35.15979563444458,"standard_error":0.012661267682160858},"MedianAbsDev":{"confidence_interval":{"confidence_level":0.95,"lower_bound":0.07495457759397195,"upper_bound":0.14053304203407946},"point_estimate":0.10643347627113968,"standard_error":0.016667961377517995},"Slope":{"confidence_interval":{"confidence_level":0.95,"lower_bound":35.188501619460034,"upper_bound":35.2510330409641},"point_estimate":35.21947801852189,"standard_error":0.016000262525671913},"StdDev":{"confidence_interval":{"confidence_level":0.95,"lower_bound":0.11691836224680634,"upper_bound":0.21639964368472372},"point_estimate":0.16422684880531369,"standard_error":0.026811059492030997}}