{"Mean":{"confidence_interval":{"confidence_level":0.95,"lower_bound":131.64907343313723,"upper_bound":131.96487530942895},"point_estimate":131.79768362149673,"standard_error":0.08113629793775277},"Median":{"confidence_interval":{"confidence_level":0.95,"lower_bound":131.60716499803306,"upper_bound":132.07553596401436},"point_estimate":131.71980471734835,"standard_error":0.10543741728498363},"MedianAbsDev":{"confidence_interval":{"confidence_level":0.95,"lower_bound":0.032335218785532166,"upper_bound":0.43029260104936495},"point_estimate":0.19393640435452836,"standard_error":0.1107227695039299},"Slope":{"confidence_interval":{"confidence_level":0.95,"lower_bound":131.6419356877055,"upper_bound":132.11787494741824},"point_estimate":131.91654069607964,"standard_error":0.12108376200101095},"StdDev":{"confidence_interval":{"confidence_level":0.95,"lower_bound":0.12419326939495685,"upper_bound":0.3399267563842846},"point_estimate":0.2708963154609303,"standard_error":0.05295843066489465}}