{"Mean":{"confidence_interval":{"confidence_level":0.95,"lower_bound":21882.514612615054,"upper_bound":21974.04720389862},"point_estimate":21926.75984443504,"standard_error":23.350190421275727},"Median":{"confidence_interval":{"confidence_level":0.95,"lower_bound":21798.905,"upper_bound":21899.00787037037},"point_estimate":21851.446125116712,"standard_error":23.122029829778878},"MedianAbsDev":{"confidence_interval":{"confidence_level":0.95,"lower_bound":118.2574321296773,"upper_bound":228.9414353810029},"point_estimate":171.530696251077,"standard_error":27.262419496119783},"Slope":{"confidence_interval":{"confidence_level":0.95,"lower_bound":21864.596963911543,"upper_bound":21948.617156711076},"point_estimate":21905.336050178154,"standard_error":21.36204107956963},"StdDev":{"confidence_interval":{"confidence_level":0.95,"lower_bound":187.4398224549409,"upper_bound":276.254536385233},"point_estimate":234.78926728366787,"standard_error":22.580898084910267}}