{"Mean":{"confidence_interval":{"confidence_level":0.95,"lower_bound":118553.48350699592,"upper_bound":120715.8660244632},"point_estimate":119504.65965530464,"standard_error":555.9997802958727},"Median":{"confidence_interval":{"confidence_level":0.95,"lower_bound":117194.04501915709,"upper_bound":118045.67592592593},"point_estimate":117407.73458998349,"standard_error":229.01028097483115},"MedianAbsDev":{"confidence_interval":{"confidence_level":0.95,"lower_bound":747.5259150552762,"upper_bound":2086.3856906856336},"point_estimate":1131.869792977188,"standard_error":336.48292080118995},"Slope":{"confidence_interval":{"confidence_level":0.95,"lower_bound":118088.5795974939,"upper_bound":119380.41298254249},"point_estimate":118705.67891729472,"standard_error":330.82764473471724},"StdDev":{"confidence_interval":{"confidence_level":0.95,"lower_bound":2451.061442379345,"upper_bound":8116.773018399916},"point_estimate":5582.243316289718,"standard_error":1522.3817980763945}}