{"Mean":{"confidence_interval":{"confidence_level":0.95,"lower_bound":0.11834246845262611,"upper_bound":0.12750802777480683},"point_estimate":0.12284064568035125,"standard_error":0.0023411556087942743},"Median":{"confidence_interval":{"confidence_level":0.95,"lower_bound":0.12000912684918763,"upper_bound":0.12583057874158254},"point_estimate":0.1233130710985455,"standard_error":0.0014491123067126035}}