{"Mean":{"confidence_interval":{"confidence_level":0.95,"lower_bound":-0.7541934685671161,"upper_bound":-0.7521254313168124},"point_estimate":-0.753158668048734,"standard_error":0.0005252489742848141},"Median":{"confidence_interval":{"confidence_level":0.95,"lower_bound":-0.7539637337565918,"upper_bound":-0.7524867448319219},"point_estimate":-0.7533159529536062,"standard_error":0.0003712993364344291}}