{"Mean":{"confidence_interval":{"confidence_level":0.95,"lower_bound":0.15072530625189454,"upper_bound":0.1543187620502002},"point_estimate":0.15258635646176866,"standard_error":0.0009158051110442086},"Median":{"confidence_interval":{"confidence_level":0.95,"lower_bound":0.1508656375286419,"upper_bound":0.15500518952061904},"point_estimate":0.15246227926160527,"standard_error":0.0010694128492515624}}