{"Mean":{"confidence_interval":{"confidence_level":0.95,"lower_bound":-0.12468144856370499,"upper_bound":-0.11702188959905749},"point_estimate":-0.12085188125141177,"standard_error":0.0019353959423530935},"Median":{"confidence_interval":{"confidence_level":0.95,"lower_bound":-0.1225876812472575,"upper_bound":-0.11854299367559551},"point_estimate":-0.12081703094129226,"standard_error":0.0010361108786814018}}