{"Mean":{"confidence_interval":{"confidence_level":0.95,"lower_bound":0.03506087297906265,"upper_bound":0.04434841369058388},"point_estimate":0.03943676376596161,"standard_error":0.002353396941072786},"Median":{"confidence_interval":{"confidence_level":0.95,"lower_bound":0.035530327252563554,"upper_bound":0.04222053609733578},"point_estimate":0.03757634790042763,"standard_error":0.0017873640466215934}}