{"Mean":{"confidence_interval":{"confidence_level":0.95,"lower_bound":-0.8627493653948224,"upper_bound":-0.8613080097895255},"point_estimate":-0.8620423434712525,"standard_error":0.00036711433391369},"Median":{"confidence_interval":{"confidence_level":0.95,"lower_bound":-0.8626893746576553,"upper_bound":-0.861762345378991},"point_estimate":-0.8621743132380923,"standard_error":0.00023754815676037697}}