{"Mean":{"confidence_interval":{"confidence_level":0.95,"lower_bound":-0.04252541249218057,"upper_bound":-0.03550996414344241},"point_estimate":-0.03895423667094711,"standard_error":0.0017842441985938924},"Median":{"confidence_interval":{"confidence_level":0.95,"lower_bound":-0.0424007931031282,"upper_bound":-0.036740613783849185},"point_estimate":-0.039438738650100835,"standard_error":0.001431535453085387}}