{"Mean":{"confidence_interval":{"confidence_level":0.95,"lower_bound":38.50016257756353,"upper_bound":38.696736892203475},"point_estimate":38.587461217386185,"standard_error":0.050451977533985407},"Median":{"confidence_interval":{"confidence_level":0.95,"lower_bound":38.38255406004911,"upper_bound":38.509625806718645},"point_estimate":38.44253937204964,"standard_error":0.04271536058527869},"MedianAbsDev":{"confidence_interval":{"confidence_level":0.95,"lower_bound":0.17108591665261197,"upper_bound":0.3311510097574977},"point_estimate":0.25747047821052393,"standard_error":0.04492423296195053},"Slope":{"confidence_interval":{"confidence_level":0.95,"lower_bound":38.46851193199617,"upper_bound":38.567831215585215},"point_estimate":38.516342942336486,"standard_error":0.025271600025870176},"StdDev":{"confidence_interval":{"confidence_level":0.95,"lower_bound":0.28509153747633376,"upper_bound":0.7451959258182572},"point_estimate":0.5055799485756828,"standard_error":0.14027497133113206}}