{"Mean":{"confidence_interval":{"confidence_level":0.95,"lower_bound":-0.021200205285396814,"upper_bound":-0.01303858178416723},"point_estimate":-0.017205906198220933,"standard_error":0.002060402901531079},"Median":{"confidence_interval":{"confidence_level":0.95,"lower_bound":-0.02286912350869974,"upper_bound":-0.01244305042408983},"point_estimate":-0.01680669563323489,"standard_error":0.0026722993945352564}}