{"Mean":{"confidence_interval":{"confidence_level":0.95,"lower_bound":-0.008175862753961776,"upper_bound":0.001303165018079588},"point_estimate":-0.003462640616591406,"standard_error":0.00242263532365877},"Median":{"confidence_interval":{"confidence_level":0.95,"lower_bound":-0.00898800286685264,"upper_bound":-0.00007860526210587202},"point_estimate":-0.005413080712684426,"standard_error":0.002275734013333279}}