{"Mean":{"confidence_interval":{"confidence_level":0.95,"lower_bound":0.0031172564600071727,"upper_bound":0.01372334252394527},"point_estimate":0.008224602878929677,"standard_error":0.0027164098118132663},"Median":{"confidence_interval":{"confidence_level":0.95,"lower_bound":0.00427019265119518,"upper_bound":0.011686764364902569},"point_estimate":0.008133996388734577,"standard_error":0.0018393806043932963}}