{"Mean":{"confidence_interval":{"confidence_level":0.95,"lower_bound":122.6039711209306,"upper_bound":125.58139641200621},"point_estimate":123.92636326683417,"standard_error":0.7633785784001952},"Median":{"confidence_interval":{"confidence_level":0.95,"lower_bound":121.18701240918952,"upper_bound":121.6441316325255},"point_estimate":121.38612416684913,"standard_error":0.11409404622566825},"MedianAbsDev":{"confidence_interval":{"confidence_level":0.95,"lower_bound":0.606621401191089,"upper_bound":1.1203594503285081},"point_estimate":0.8322096974970499,"standard_error":0.1230356234296103},"Slope":{"confidence_interval":{"confidence_level":0.95,"lower_bound":122.19827775203214,"upper_bound":124.45721668965366},"point_estimate":123.23825580606324,"standard_error":0.5789728747705458},"StdDev":{"confidence_interval":{"confidence_level":0.95,"lower_bound":3.8841428704543723,"upper_bound":11.345045161407608},"point_estimate":7.706595597926546,"standard_error":2.0323963299330257}}