{"Mean":{"confidence_interval":{"confidence_level":0.95,"lower_bound":104.88461155887524,"upper_bound":105.27453399944277},"point_estimate":105.0541601290406,"standard_error":0.10031382518753237},"Median":{"confidence_interval":{"confidence_level":0.95,"lower_bound":104.71576214865439,"upper_bound":104.90766148794077},"point_estimate":104.80981841095263,"standard_error":0.05733313417090342},"MedianAbsDev":{"confidence_interval":{"confidence_level":0.95,"lower_bound":0.2976414762295584,"upper_bound":0.529650008800296},"point_estimate":0.43488024612596654,"standard_error":0.0610132014029132},"Slope":{"confidence_interval":{"confidence_level":0.95,"lower_bound":104.83308280344498,"upper_bound":105.09414346272814},"point_estimate":104.95001050168499,"standard_error":0.06673560727459948},"StdDev":{"confidence_interval":{"confidence_level":0.95,"lower_bound":0.4590966040877495,"upper_bound":1.5380654612662383},"point_estimate":1.0111995428775467,"standard_error":0.3050431434038601}}