{"Mean":{"confidence_interval":{"confidence_level":0.95,"lower_bound":121.83598660756647,"upper_bound":122.78384493951336},"point_estimate":122.30531250759785,"standard_error":0.2423738195911997},"Median":{"confidence_interval":{"confidence_level":0.95,"lower_bound":121.36748539438548,"upper_bound":122.89171809130713},"point_estimate":122.42579542048657,"standard_error":0.3472662260641931},"MedianAbsDev":{"confidence_interval":{"confidence_level":0.95,"lower_bound":0.0682346073852318,"upper_bound":1.5688667067247544},"point_estimate":0.8161046094082023,"standard_error":0.3914860143976245},"Slope":{"confidence_interval":{"confidence_level":0.95,"lower_bound":122.28329489092543,"upper_bound":123.07438890647057},"point_estimate":122.66613810599415,"standard_error":0.20109822996893617},"StdDev":{"confidence_interval":{"confidence_level":0.95,"lower_bound":0.4812961818232269,"upper_bound":1.0140523796551137},"point_estimate":0.8083429888212131,"standard_error":0.1404408897681753}}