{"Mean":{"confidence_interval":{"confidence_level":0.95,"lower_bound":1858688.353791701,"upper_bound":1884145.3877239537},"point_estimate":1871427.1825749904,"standard_error":6504.214820329015},"Median":{"confidence_interval":{"confidence_level":0.95,"lower_bound":1862903.5905612246,"upper_bound":1895335.5609756098},"point_estimate":1881057.650742115,"standard_error":7890.034288704996},"MedianAbsDev":{"confidence_interval":{"confidence_level":0.95,"lower_bound":46512.971198268024,"upper_bound":81265.38248592748},"point_estimate":65763.3952645751,"standard_error":9218.114136249804},"Slope":{"confidence_interval":{"confidence_level":0.95,"lower_bound":1872772.9907857955,"upper_bound":1897024.379651201},"point_estimate":1884995.4737490765,"standard_error":6187.373579411704},"StdDev":{"confidence_interval":{"confidence_level":0.95,"lower_bound":56526.86815056975,"upper_bound":72685.88025158228},"point_estimate":64958.59463902222,"standard_error":4127.345507395897}}