{"Mean":{"confidence_interval":{"confidence_level":0.95,"lower_bound":2327341.5233908314,"upper_bound":2363266.6543147266},"point_estimate":2345179.1647156714,"standard_error":9195.50099153914},"Median":{"confidence_interval":{"confidence_level":0.95,"lower_bound":2310970.31878811,"upper_bound":2352392.9935674905},"point_estimate":2333964.2620120123,"standard_error":11361.251350103534},"MedianAbsDev":{"confidence_interval":{"confidence_level":0.95,"lower_bound":67641.96239964281,"upper_bound":120853.39555442333},"point_estimate":103109.9669521246,"standard_error":14245.88518184546},"Slope":{"confidence_interval":{"confidence_level":0.95,"lower_bound":2303379.0373222902,"upper_bound":2353778.691293286},"point_estimate":2327691.2474567755,"standard_error":12881.541308933223},"StdDev":{"confidence_interval":{"confidence_level":0.95,"lower_bound":80689.14376922148,"upper_bound":103478.57260651888},"point_estimate":92741.32110290439,"standard_error":5818.942271685263}}