{"Mean":{"confidence_interval":{"confidence_level":0.95,"lower_bound":17838856.46952381,"upper_bound":18092891.003964286},"point_estimate":17956973.147619046,"standard_error":65234.61983669794},"Median":{"confidence_interval":{"confidence_level":0.95,"lower_bound":17807140.6,"upper_bound":18161875.5},"point_estimate":17897151.32142857,"standard_error":79639.45881922929},"MedianAbsDev":{"confidence_interval":{"confidence_level":0.95,"lower_bound":24988.851906359196,"upper_bound":352101.40753894823},"point_estimate":172526.48420704075,"standard_error":87414.39994400617},"Slope":{"confidence_interval":{"confidence_level":0.95,"lower_bound":17799561.125252526,"upper_bound":18242861.348342158},"point_estimate":18014396.405194804,"standard_error":120043.53986418154},"StdDev":{"confidence_interval":{"confidence_level":0.95,"lower_bound":88956.2862171441,"upper_bound":282182.2733150703},"point_estimate":217396.4314716877,"standard_error":48284.70020587118}}