{"Mean":{"confidence_interval":{"confidence_level":0.95,"lower_bound":121.55680682170825,"upper_bound":121.93808241490704},"point_estimate":121.74603006377006,"standard_error":0.0978395968769109},"Median":{"confidence_interval":{"confidence_level":0.95,"lower_bound":121.45182087736,"upper_bound":122.09462829864836},"point_estimate":121.76997626582278,"standard_error":0.16817737158939164},"MedianAbsDev":{"confidence_interval":{"confidence_level":0.95,"lower_bound":0.03452614927105783,"upper_bound":0.5372495264218873},"point_estimate":0.4630739270931074,"standard_error":0.13532064732459817},"Slope":{"confidence_interval":{"confidence_level":0.95,"lower_bound":121.43385208150328,"upper_bound":122.00303033593264},"point_estimate":121.63641086439841,"standard_error":0.14145528514331446},"StdDev":{"confidence_interval":{"confidence_level":0.95,"lower_bound":0.20229652943674922,"upper_bound":0.3892625282684211},"point_estimate":0.325978515129129,"standard_error":0.047096727966331325}}