{"Mean":{"confidence_interval":{"confidence_level":0.95,"lower_bound":117.01576801726448,"upper_bound":118.35900088546842},"point_estimate":117.60212265395134,"standard_error":0.34668225035647143},"Median":{"confidence_interval":{"confidence_level":0.95,"lower_bound":116.88652510989431,"upper_bound":117.30012954457332},"point_estimate":117.05218970817506,"standard_error":0.10829278799236519},"MedianAbsDev":{"confidence_interval":{"confidence_level":0.95,"lower_bound":0.8333375943662148,"upper_bound":1.508914533166146},"point_estimate":1.1943086292369123,"standard_error":0.1736606828874458},"Slope":{"confidence_interval":{"confidence_level":0.95,"lower_bound":116.67794495544193,"upper_bound":117.50365341417086},"point_estimate":117.07043826979829,"standard_error":0.21044313005213183},"StdDev":{"confidence_interval":{"confidence_level":0.95,"lower_bound":1.3607402125476622,"upper_bound":5.1252392129616995},"point_estimate":3.476306772342847,"standard_error":1.0100499433156307}}