{"Mean":{"confidence_interval":{"confidence_level":0.95,"lower_bound":105.23627591774198,"upper_bound":105.63218103307393},"point_estimate":105.41519598679444,"standard_error":0.10160561226099747},"Median":{"confidence_interval":{"confidence_level":0.95,"lower_bound":105.04889204174212,"upper_bound":105.45883720751141},"point_estimate":105.31740714357991,"standard_error":0.1350578177911649},"MedianAbsDev":{"confidence_interval":{"confidence_level":0.95,"lower_bound":0.6184942467054086,"upper_bound":1.0130772699382342},"point_estimate":0.8268319689531877,"standard_error":0.10143792180918847},"Slope":{"confidence_interval":{"confidence_level":0.95,"lower_bound":105.20915402471334,"upper_bound":105.5060353217395},"point_estimate":105.35585512051871,"standard_error":0.07583516194707313},"StdDev":{"confidence_interval":{"confidence_level":0.95,"lower_bound":0.6276150976314825,"upper_bound":1.4873342413770907},"point_estimate":1.0234385486322688,"standard_error":0.26770673068502404}}