{"Mean":{"confidence_interval":{"confidence_level":0.95,"lower_bound":0.02289842936728233,"upper_bound":0.03222717364510258},"point_estimate":0.027256970105740796,"standard_error":0.002384644574225894},"Median":{"confidence_interval":{"confidence_level":0.95,"lower_bound":0.020308909708329104,"upper_bound":0.0286294585807203},"point_estimate":0.024822236002749687,"standard_error":0.0020217346397443485}}