{"Mean":{"confidence_interval":{"confidence_level":0.95,"lower_bound":0.021973658999960212,"upper_bound":0.026436839448955175},"point_estimate":0.024112199384864308,"standard_error":0.001142538653752104},"Median":{"confidence_interval":{"confidence_level":0.95,"lower_bound":0.02031139250278846,"upper_bound":0.026112185578592184},"point_estimate":0.02253143103229549,"standard_error":0.0016731278567496122}}