{"Mean":{"confidence_interval":{"confidence_level":0.95,"lower_bound":0.0002666999254949802,"upper_bound":0.010892397084025358},"point_estimate":0.005525406577823411,"standard_error":0.0027068723247034524},"Median":{"confidence_interval":{"confidence_level":0.95,"lower_bound":-0.0001166935434287432,"upper_bound":0.00963496257174734},"point_estimate":0.0044101810801036034,"standard_error":0.0024491748154545105}}