{"Mean":{"confidence_interval":{"confidence_level":0.95,"lower_bound":-0.03408072609058723,"upper_bound":-0.02170163075060885},"point_estimate":-0.028410069901555368,"standard_error":0.003129930823204416},"Median":{"confidence_interval":{"confidence_level":0.95,"lower_bound":-0.03445262560182451,"upper_bound":-0.025482043944711985},"point_estimate":-0.029767092781566196,"standard_error":0.0022560588713112953}}