{"Mean":{"confidence_interval":{"confidence_level":0.95,"lower_bound":9836.990962962964,"upper_bound":9875.820975925924},"point_estimate":9857.471237345679,"standard_error":9.927644956381755},"Median":{"confidence_interval":{"confidence_level":0.95,"lower_bound":9841.049222222222,"upper_bound":9881.124166666666},"point_estimate":9859.903703703705,"standard_error":9.269040304063754},"MedianAbsDev":{"confidence_interval":{"confidence_level":0.95,"lower_bound":3.6417391436796054,"upper_bound":53.433241669888666},"point_estimate":25.07344247152396,"standard_error":12.075870431361079},"Slope":{"confidence_interval":{"confidence_level":0.95,"lower_bound":9844.160181712963,"upper_bound":9882.798662278097},"point_estimate":9862.5059004329,"standard_error":10.067458552240252},"StdDev":{"confidence_interval":{"confidence_level":0.95,"lower_bound":14.428439726973235,"upper_bound":45.52167963712322},"point_estimate":33.07866202072425,"standard_error":8.44165039560636}}