{"Mean":{"confidence_interval":{"confidence_level":0.95,"lower_bound":7838.22513489192,"upper_bound":7907.594508946084},"point_estimate":7870.8040229645485,"standard_error":17.769976758272033},"Median":{"confidence_interval":{"confidence_level":0.95,"lower_bound":7814.3675974615935,"upper_bound":7870.270153148558},"point_estimate":7841.697660954145,"standard_error":15.126199743848716},"MedianAbsDev":{"confidence_interval":{"confidence_level":0.95,"lower_bound":96.94100009854768,"upper_bound":165.8313820514739},"point_estimate":127.2337038940965,"standard_error":17.518916664411215},"Slope":{"confidence_interval":{"confidence_level":0.95,"lower_bound":7804.670575629697,"upper_bound":7861.420795788531},"point_estimate":7832.195886545289,"standard_error":14.485106979920783},"StdDev":{"confidence_interval":{"confidence_level":0.95,"lower_bound":121.108520192944,"upper_bound":243.30892600830302},"point_estimate":178.37345705715245,"standard_error":34.1359249281096}}