{"Mean":{"confidence_interval":{"confidence_level":0.95,"lower_bound":1320436.1732312923,"upper_bound":1325147.1363273808},"point_estimate":1322770.3110487526,"standard_error":1200.9562804052994},"Median":{"confidence_interval":{"confidence_level":0.95,"lower_bound":1320245.1530612246,"upper_bound":1325866.3174603174},"point_estimate":1322062.6928571428,"standard_error":1446.2986977543787},"MedianAbsDev":{"confidence_interval":{"confidence_level":0.95,"lower_bound":422.1499189338474,"upper_bound":6891.674769314987},"point_estimate":4102.760077161415,"standard_error":1591.989666192537},"Slope":{"confidence_interval":{"confidence_level":0.95,"lower_bound":1321607.7324527164,"upper_bound":1324815.5953740976},"point_estimate":1323105.5769944342,"standard_error":827.820003919594},"StdDev":{"confidence_interval":{"confidence_level":0.95,"lower_bound":2089.486079209813,"upper_bound":5244.498555200533},"point_estimate":4003.1204964598837,"standard_error":809.2946816976789}}