{"Mean":{"confidence_interval":{"confidence_level":0.95,"lower_bound":1320042.365442462,"upper_bound":1330780.7242374893},"point_estimate":1325131.4936876053,"standard_error":2743.311471537798},"Median":{"confidence_interval":{"confidence_level":0.95,"lower_bound":1313975.1785714286,"upper_bound":1324631.3333333333},"point_estimate":1319371.1715561226,"standard_error":2862.7727801642177},"MedianAbsDev":{"confidence_interval":{"confidence_level":0.95,"lower_bound":17021.070933008057,"upper_bound":28759.65862433377},"point_estimate":23968.300720106774,"standard_error":3035.4477391610385},"Slope":{"confidence_interval":{"confidence_level":0.95,"lower_bound":1318917.4558860352,"upper_bound":1328391.652795492},"point_estimate":1323709.0721885622,"standard_error":2428.2554559785503},"StdDev":{"confidence_interval":{"confidence_level":0.95,"lower_bound":20393.62663167336,"upper_bound":35487.11579046902},"point_estimate":27584.52598128414,"standard_error":4009.973389750057}}