{"Mean":{"confidence_interval":{"confidence_level":0.95,"lower_bound":1305320.745186242,"upper_bound":1312195.0061771043},"point_estimate":1308597.001059694,"standard_error":1760.8287796652623},"Median":{"confidence_interval":{"confidence_level":0.95,"lower_bound":1300623.0952380951,"upper_bound":1307186.0961538462},"point_estimate":1304266.2917929292,"standard_error":1693.091212356399},"MedianAbsDev":{"confidence_interval":{"confidence_level":0.95,"lower_bound":8621.331852204019,"upper_bound":14188.648156863437},"point_estimate":11372.49302000873,"standard_error":1359.3154003464851},"Slope":{"confidence_interval":{"confidence_level":0.95,"lower_bound":1305378.0100043137,"upper_bound":1312231.7272124307},"point_estimate":1308576.8686123837,"standard_error":1750.1077121987175},"StdDev":{"confidence_interval":{"confidence_level":0.95,"lower_bound":13269.09229783746,"upper_bound":21630.34909725296},"point_estimate":17757.165397757413,"standard_error":2132.0511292659808}}