{"Mean":{"confidence_interval":{"confidence_level":0.95,"lower_bound":5179.906740894781,"upper_bound":5205.825638405152},"point_estimate":5191.986863546382,"standard_error":6.6109062236857445},"Median":{"confidence_interval":{"confidence_level":0.95,"lower_bound":5170.775469322344,"upper_bound":5186.718339819902},"point_estimate":5180.48359375,"standard_error":3.816679875383874},"MedianAbsDev":{"confidence_interval":{"confidence_level":0.95,"lower_bound":31.48981614609448,"upper_bound":56.65747602225354},"point_estimate":42.66469385843611,"standard_error":6.513331278298381},"Slope":{"confidence_interval":{"confidence_level":0.95,"lower_bound":5179.229890612993,"upper_bound":5205.152443669884},"point_estimate":5191.599147578937,"standard_error":6.607635187035105},"StdDev":{"confidence_interval":{"confidence_level":0.95,"lower_bound":42.86969102724921,"upper_bound":87.50391785953327},"point_estimate":66.36343825166449,"standard_error":11.44707308140881}}