{"Mean":{"confidence_interval":{"confidence_level":0.95,"lower_bound":5206.531067652788,"upper_bound":5248.917818621255},"point_estimate":5223.148313408156,"standard_error":11.266867839012862},"Median":{"confidence_interval":{"confidence_level":0.95,"lower_bound":5191.983746130031,"upper_bound":5211.137542990421},"point_estimate":5201.949217598869,"standard_error":4.600795751839272},"MedianAbsDev":{"confidence_interval":{"confidence_level":0.95,"lower_bound":27.31328981695016,"upper_bound":48.49555325319912},"point_estimate":39.24277556815654,"standard_error":4.940466855952091},"Slope":{"confidence_interval":{"confidence_level":0.95,"lower_bound":5196.443025880307,"upper_bound":5210.113038296901},"point_estimate":5203.058220077311,"standard_error":3.482008404386537},"StdDev":{"confidence_interval":{"confidence_level":0.95,"lower_bound":36.41365102093028,"upper_bound":186.0305123026917},"point_estimate":113.32041625641868,"standard_error":50.596743289257496}}