{"Mean":{"confidence_interval":{"confidence_level":0.95,"lower_bound":-0.7530857375804907,"upper_bound":-0.7508150179860728},"point_estimate":-0.7520936656791137,"standard_error":0.0005766076666011797},"Median":{"confidence_interval":{"confidence_level":0.95,"lower_bound":-0.7528549644950506,"upper_bound":-0.7514002632585046},"point_estimate":-0.7521479691071689,"standard_error":0.0003722814750822011}}