{"Mean":{"confidence_interval":{"confidence_level":0.95,"lower_bound":0.0013492116894291257,"upper_bound":0.005134191042183376},"point_estimate":0.0033232506842029164,"standard_error":0.0009665944809966764},"Median":{"confidence_interval":{"confidence_level":0.95,"lower_bound":0.0017725906591943286,"upper_bound":0.00580038562651386},"point_estimate":0.004241030389450007,"standard_error":0.0010247953121727369}}