{"Mean":{"confidence_interval":{"confidence_level":0.95,"lower_bound":-0.1189982320883874,"upper_bound":-0.11404435014110924},"point_estimate":-0.1166031367610626,"standard_error":0.0012439653643021426},"Median":{"confidence_interval":{"confidence_level":0.95,"lower_bound":-0.11907306971445075,"upper_bound":-0.1150081374605999},"point_estimate":-0.1170906655672651,"standard_error":0.001070730336778875}}