{"Mean":{"confidence_interval":{"confidence_level":0.95,"lower_bound":0.12133806955279836,"upper_bound":0.12730435934131454},"point_estimate":0.12441798791419334,"standard_error":0.0015130609295189216},"Median":{"confidence_interval":{"confidence_level":0.95,"lower_bound":0.12142319851649352,"upper_bound":0.12565890488989484},"point_estimate":0.12335319676926382,"standard_error":0.0010719730455149728}}