{"Mean":{"confidence_interval":{"confidence_level":0.95,"lower_bound":64685.86778435284,"upper_bound":64918.19821133064},"point_estimate":64802.8180891872,"standard_error":59.39602864214067},"Median":{"confidence_interval":{"confidence_level":0.95,"lower_bound":64676.63453014185,"upper_bound":65001.98546099291},"point_estimate":64790.20931836091,"standard_error":75.68610354297243},"MedianAbsDev":{"confidence_interval":{"confidence_level":0.95,"lower_bound":32.79396646271527,"upper_bound":369.3592318349881},"point_estimate":205.64658254880158,"standard_error":89.60081203836815},"Slope":{"confidence_interval":{"confidence_level":0.95,"lower_bound":64733.60169993791,"upper_bound":64926.65458616656},"point_estimate":64826.88214976513,"standard_error":52.575429350525134},"StdDev":{"confidence_interval":{"confidence_level":0.95,"lower_bound":113.65978464516436,"upper_bound":251.84858362842954},"point_estimate":197.9619779028626,"standard_error":36.54846679138925}}