{"Mean":{"confidence_interval":{"confidence_level":0.95,"lower_bound":12717.320579413266,"upper_bound":12785.858698709497},"point_estimate":12749.918456095655,"standard_error":17.507375896314365},"Median":{"confidence_interval":{"confidence_level":0.95,"lower_bound":12676.7574602122,"upper_bound":12730.083216783216},"point_estimate":12699.553556658395,"standard_error":14.335765253490413},"MedianAbsDev":{"confidence_interval":{"confidence_level":0.95,"lower_bound":86.56192672615542,"upper_bound":178.27925786651468},"point_estimate":130.40247514560332,"standard_error":23.38478490090493},"Slope":{"confidence_interval":{"confidence_level":0.95,"lower_bound":12723.192927466085,"upper_bound":12795.59364176932},"point_estimate":12758.94380318514,"standard_error":18.485860237731064},"StdDev":{"confidence_interval":{"confidence_level":0.95,"lower_bound":128.03350764810816,"upper_bound":231.38983336520744},"point_estimate":176.0527397552654,"standard_error":28.706680182109054}}