{"Mean":{"confidence_interval":{"confidence_level":0.95,"lower_bound":750.2700738296676,"upper_bound":752.7586640760915},"point_estimate":751.4395121342245,"standard_error":0.6391425169705592},"Median":{"confidence_interval":{"confidence_level":0.95,"lower_bound":749.7698599259934,"upper_bound":753.1945002485295},"point_estimate":750.6992422150424,"standard_error":0.9031799693994973},"MedianAbsDev":{"confidence_interval":{"confidence_level":0.95,"lower_bound":0.08325269879534551,"upper_bound":3.235327178119049},"point_estimate":1.4195285066790486,"standard_error":0.859961321287577},"Slope":{"confidence_interval":{"confidence_level":0.95,"lower_bound":750.1138437483004,"upper_bound":752.7054288072302},"point_estimate":751.342236572143,"standard_error":0.6543253412035935},"StdDev":{"confidence_interval":{"confidence_level":0.95,"lower_bound":0.891925703815599,"upper_bound":2.6097612478666568},"point_estimate":2.1297642562945907,"standard_error":0.40809184934524184}}