{"Mean":{"confidence_interval":{"confidence_level":0.95,"lower_bound":-0.06010761459723595,"upper_bound":-0.053745459620055176},"point_estimate":-0.05700823186533166,"standard_error":0.0016149865676794112},"Median":{"confidence_interval":{"confidence_level":0.95,"lower_bound":-0.05946365015797672,"upper_bound":-0.054104981208109026},"point_estimate":-0.0567052591437861,"standard_error":0.0013748991113727016}}