{"Mean":{"confidence_interval":{"confidence_level":0.95,"lower_bound":0.0010356156363409588,"upper_bound":0.009280877772290077},"point_estimate":0.005590276760231383,"standard_error":0.0021460707042011483},"Median":{"confidence_interval":{"confidence_level":0.95,"lower_bound":0.004849931271601271,"upper_bound":0.010148676031798809},"point_estimate":0.008273205571931008,"standard_error":0.0013568752623978725}}