{"Mean":{"confidence_interval":{"confidence_level":0.95,"lower_bound":0.07918368722042603,"upper_bound":0.08811172117552103},"point_estimate":0.08355067391450621,"standard_error":0.002262715586848213},"Median":{"confidence_interval":{"confidence_level":0.95,"lower_bound":0.0771746629291239,"upper_bound":0.0843932327330803},"point_estimate":0.0798263470682703,"standard_error":0.0018797403587101713}}