{"Mean":{"confidence_interval":{"confidence_level":0.95,"lower_bound":64992.126133630954,"upper_bound":65276.03949255953},"point_estimate":65114.095470238106,"standard_error":74.21248906777986},"Median":{"confidence_interval":{"confidence_level":0.95,"lower_bound":64980.23934523809,"upper_bound":65216.205357142855},"point_estimate":65008.589583333334,"standard_error":56.023854013587034},"MedianAbsDev":{"confidence_interval":{"confidence_level":0.95,"lower_bound":14.602727240751669,"upper_bound":284.92306244161006},"point_estimate":64.92014059743724,"standard_error":70.47047046189626},"Slope":{"confidence_interval":{"confidence_level":0.95,"lower_bound":64979.73846767758,"upper_bound":65466.2631797235},"point_estimate":65206.93995361781,"standard_error":130.97130321761267},"StdDev":{"confidence_interval":{"confidence_level":0.95,"lower_bound":45.0500360004606,"upper_bound":347.7132990739736},"point_estimate":246.81222311508503,"standard_error":83.95179822097246}}