{"Mean":{"confidence_interval":{"confidence_level":0.95,"lower_bound":15188643.056309525,"upper_bound":15279775.188782739},"point_estimate":15234286.286726192,"standard_error":23402.8483170138},"Median":{"confidence_interval":{"confidence_level":0.95,"lower_bound":15173718.0,"upper_bound":15305631.3},"point_estimate":15224562.085714284,"standard_error":36145.931263381},"MedianAbsDev":{"confidence_interval":{"confidence_level":0.95,"lower_bound":16465.19933268428,"upper_bound":132730.25684356643},"point_estimate":105395.90353885127,"standard_error":30626.883163889754},"Slope":{"confidence_interval":{"confidence_level":0.95,"lower_bound":15187724.241709461,"upper_bound":15296468.029292561},"point_estimate":15252685.602597402,"standard_error":28192.759647976807},"StdDev":{"confidence_interval":{"confidence_level":0.95,"lower_bound":47264.17017038149,"upper_bound":95189.56918323645},"point_estimate":77821.55097216429,"standard_error":12203.03362036266}}