{"Mean":{"confidence_interval":{"confidence_level":0.95,"lower_bound":0.00242836019572173,"upper_bound":0.009245565774442643},"point_estimate":0.005645737126231065,"standard_error":0.0017228700286194979},"Median":{"confidence_interval":{"confidence_level":0.95,"lower_bound":0.0023830542496250384,"upper_bound":0.008317513740586646},"point_estimate":0.004615560432256416,"standard_error":0.0014822338612829427}}