{"Mean":{"confidence_interval":{"confidence_level":0.95,"lower_bound":-0.011936784447050468,"upper_bound":-0.005559705869139165},"point_estimate":-0.008618530386340972,"standard_error":0.0016166287224465348},"Median":{"confidence_interval":{"confidence_level":0.95,"lower_bound":-0.009448990970305604,"upper_bound":-0.004861577112817983},"point_estimate":-0.006828755364079786,"standard_error":0.0011976238498782558}}