{"Mean":{"confidence_interval":{"confidence_level":0.95,"lower_bound":-0.007114333683733409,"upper_bound":-0.0002590820402338125},"point_estimate":-0.0035562942769888917,"standard_error":0.001745726408833349},"Median":{"confidence_interval":{"confidence_level":0.95,"lower_bound":-0.006680810984604935,"upper_bound":-0.0008798674036522014},"point_estimate":-0.0030398600563433797,"standard_error":0.0015315825332966508}}