{"Mean":{"confidence_interval":{"confidence_level":0.95,"lower_bound":451.7863014431396,"upper_bound":457.2283300970444},"point_estimate":454.3431038048452,"standard_error":1.3937575029098455},"Median":{"confidence_interval":{"confidence_level":0.95,"lower_bound":448.37547724924764,"upper_bound":449.13219044523885},"point_estimate":448.73375666891457,"standard_error":0.17646087820981973},"MedianAbsDev":{"confidence_interval":{"confidence_level":0.95,"lower_bound":1.1959895800402922,"upper_bound":2.4137036099245504},"point_estimate":1.6208412134271193,"standard_error":0.32338398765432125},"Slope":{"confidence_interval":{"confidence_level":0.95,"lower_bound":451.000212604965,"upper_bound":458.15968593153065},"point_estimate":454.174121465045,"standard_error":1.8428014430462096},"StdDev":{"confidence_interval":{"confidence_level":0.95,"lower_bound":9.5999187139598,"upper_bound":17.684416959776538},"point_estimate":14.00297978342118,"standard_error":2.066575756577216}}