{"Mean":{"confidence_interval":{"confidence_level":0.95,"lower_bound":424.01012435644,"upper_bound":425.89901140234207},"point_estimate":424.87032952761234,"standard_error":0.4816439383047305},"Median":{"confidence_interval":{"confidence_level":0.95,"lower_bound":423.373154920749,"upper_bound":425.263067643622},"point_estimate":424.6804708587713,"standard_error":0.4524943734039694},"MedianAbsDev":{"confidence_interval":{"confidence_level":0.95,"lower_bound":2.584367273449625,"upper_bound":4.2660519441613935},"point_estimate":3.5190591703295855,"standard_error":0.4348396282595722},"Slope":{"confidence_interval":{"confidence_level":0.95,"lower_bound":424.8393927561132,"upper_bound":426.3424158619764},"point_estimate":425.5707251112928,"standard_error":0.38316261727465906},"StdDev":{"confidence_interval":{"confidence_level":0.95,"lower_bound":2.9491421978303176,"upper_bound":6.924538119493899},"point_estimate":4.836861455024912,"standard_error":1.1642242253567952}}