{"Mean":{"confidence_interval":{"confidence_level":0.95,"lower_bound":428.6489838061075,"upper_bound":430.66430205281983},"point_estimate":429.5952039537502,"standard_error":0.5151782620206626},"Median":{"confidence_interval":{"confidence_level":0.95,"lower_bound":426.8324869990823,"upper_bound":429.06514829618226},"point_estimate":428.10429497085966,"standard_error":0.6388261691362924},"MedianAbsDev":{"confidence_interval":{"confidence_level":0.95,"lower_bound":2.0633260547623338,"upper_bound":4.590042269578394},"point_estimate":3.6989531230231596,"standard_error":0.7434929660768577},"Slope":{"confidence_interval":{"confidence_level":0.95,"lower_bound":429.1012586753374,"upper_bound":430.821760217978},"point_estimate":429.94258266704935,"standard_error":0.440944692514398},"StdDev":{"confidence_interval":{"confidence_level":0.95,"lower_bound":3.67918462700281,"upper_bound":6.798264968909476},"point_estimate":5.173847433911838,"standard_error":0.8323808993201254}}