{"Mean":{"confidence_interval":{"confidence_level":0.95,"lower_bound":37.229458240723076,"upper_bound":37.32376539433977},"point_estimate":37.275193582551644,"standard_error":0.02412642563045648},"Median":{"confidence_interval":{"confidence_level":0.95,"lower_bound":37.16052759542499,"upper_bound":37.281756861318144},"point_estimate":37.19445221157984,"standard_error":0.028845105848236754},"MedianAbsDev":{"confidence_interval":{"confidence_level":0.95,"lower_bound":0.13829750959428194,"upper_bound":0.24692587010690423},"point_estimate":0.17163579554363248,"standard_error":0.026762661318829418},"Slope":{"confidence_interval":{"confidence_level":0.95,"lower_bound":37.249072048412195,"upper_bound":37.36851727711065},"point_estimate":37.30548547666362,"standard_error":0.03057580720278986},"StdDev":{"confidence_interval":{"confidence_level":0.95,"lower_bound":0.19246546484101842,"upper_bound":0.2868859102639548},"point_estimate":0.2425998916512265,"standard_error":0.02411670060741824}}