{"Mean":{"confidence_interval":{"confidence_level":0.95,"lower_bound":37.401557595616296,"upper_bound":37.473941091619224},"point_estimate":37.43668971451724,"standard_error":0.018556860387373503},"Median":{"confidence_interval":{"confidence_level":0.95,"lower_bound":37.38272388525807,"upper_bound":37.496901340266426},"point_estimate":37.41808767692491,"standard_error":0.034750125125808905},"MedianAbsDev":{"confidence_interval":{"confidence_level":0.95,"lower_bound":0.006305850507202807,"upper_bound":0.10215354620785859},"point_estimate":0.06942530549564681,"standard_error":0.026657388593501495},"Slope":{"confidence_interval":{"confidence_level":0.95,"lower_bound":37.388984015510864,"upper_bound":37.50049542950456},"point_estimate":37.464098267430245,"standard_error":0.025428887653395574},"StdDev":{"confidence_interval":{"confidence_level":0.95,"lower_bound":0.03845554296473167,"upper_bound":0.07379088751558978},"point_estimate":0.06195959570894672,"standard_error":0.009146289819326622}}