{"Mean":{"confidence_interval":{"confidence_level":0.95,"lower_bound":37.275968682675476,"upper_bound":37.38956689323675},"point_estimate":37.32683477594283,"standard_error":0.029211743834500464},"Median":{"confidence_interval":{"confidence_level":0.95,"lower_bound":37.23599539646192,"upper_bound":37.304718791272734},"point_estimate":37.26916794348187,"standard_error":0.01885178766857393},"MedianAbsDev":{"confidence_interval":{"confidence_level":0.95,"lower_bound":0.10660771965182539,"upper_bound":0.19570712677233854},"point_estimate":0.14690643110384807,"standard_error":0.02329446842244022},"Slope":{"confidence_interval":{"confidence_level":0.95,"lower_bound":37.284280526734186,"upper_bound":37.34768104301401},"point_estimate":37.31490410433996,"standard_error":0.016193337629308576},"StdDev":{"confidence_interval":{"confidence_level":0.95,"lower_bound":0.1569326242865703,"upper_bound":0.4376852215746286},"point_estimate":0.29578495360921303,"standard_error":0.08139522392158667}}