{"Mean":{"confidence_interval":{"confidence_level":0.95,"lower_bound":35.958578971731484,"upper_bound":36.23288802365142},"point_estimate":36.09217672355043,"standard_error":0.07023406789839734},"Median":{"confidence_interval":{"confidence_level":0.95,"lower_bound":35.86790907579625,"upper_bound":36.16741340975848},"point_estimate":35.98483715641454,"standard_error":0.07952483803325062},"MedianAbsDev":{"confidence_interval":{"confidence_level":0.95,"lower_bound":0.41317836899349536,"upper_bound":0.7003452009245335},"point_estimate":0.5664900127181575,"standard_error":0.07422515731028699},"Slope":{"confidence_interval":{"confidence_level":0.95,"lower_bound":35.95420891115442,"upper_bound":36.16020935258711},"point_estimate":36.0595963840373,"standard_error":0.052559886418461446},"StdDev":{"confidence_interval":{"confidence_level":0.95,"lower_bound":0.5500631505856918,"upper_bound":0.8578427596977296},"point_estimate":0.7042094074708288,"standard_error":0.07920907899209206}}