{"Mean":{"confidence_interval":{"confidence_level":0.95,"lower_bound":1163.4751213182317,"upper_bound":1183.9857095993707},"point_estimate":1172.8607312931576,"standard_error":5.2630565290119025},"Median":{"confidence_interval":{"confidence_level":0.95,"lower_bound":1150.2189116882462,"upper_bound":1156.001581652827},"point_estimate":1152.3120789788677,"standard_error":1.5119871823063715},"MedianAbsDev":{"confidence_interval":{"confidence_level":0.95,"lower_bound":3.588212313743737,"upper_bound":11.009443054411484},"point_estimate":6.2537360535953335,"standard_error":1.9014931245066238},"Slope":{"confidence_interval":{"confidence_level":0.95,"lower_bound":1162.5176911693964,"upper_bound":1182.7753467210082},"point_estimate":1172.0684579463418,"standard_error":5.178628810163743},"StdDev":{"confidence_interval":{"confidence_level":0.95,"lower_bound":31.429970809645145,"upper_bound":71.81573349715573},"point_estimate":52.757030978850054,"standard_error":10.423297404766476}}