{"Mean":{"confidence_interval":{"confidence_level":0.95,"lower_bound":964.7456309386656,"upper_bound":972.3340704636636},"point_estimate":967.9819490087782,"standard_error":1.9673177930429857},"Median":{"confidence_interval":{"confidence_level":0.95,"lower_bound":961.592082111437,"upper_bound":966.8667318344737},"point_estimate":963.8090053763441,"standard_error":1.3447526593019814},"MedianAbsDev":{"confidence_interval":{"confidence_level":0.95,"lower_bound":6.967100310835044,"upper_bound":11.70470598721459},"point_estimate":9.195078756598326,"standard_error":1.253460727457269},"Slope":{"confidence_interval":{"confidence_level":0.95,"lower_bound":962.6290832553725,"upper_bound":966.2936000169011},"point_estimate":964.408744165702,"standard_error":0.9336510914446937},"StdDev":{"confidence_interval":{"confidence_level":0.95,"lower_bound":8.848375935581235,"upper_bound":30.907922153558225},"point_estimate":19.799503036250172,"standard_error":6.980773332885108}}