{"Mean":{"confidence_interval":{"confidence_level":0.95,"lower_bound":323435.6200448346,"upper_bound":325445.4276166733},"point_estimate":324413.96085475845,"standard_error":513.740495619407},"Median":{"confidence_interval":{"confidence_level":0.95,"lower_bound":323378.2887931034,"upper_bound":324980.29049426137},"point_estimate":324338.3151988636,"standard_error":455.6453180245089},"MedianAbsDev":{"confidence_interval":{"confidence_level":0.95,"lower_bound":2894.8395681210304,"upper_bound":4915.444286850658},"point_estimate":3998.414115869735,"standard_error":510.1411828657201},"Slope":{"confidence_interval":{"confidence_level":0.95,"lower_bound":323445.86709771445,"upper_bound":325160.1595889952},"point_estimate":324278.91550391604,"standard_error":438.9119977905516},"StdDev":{"confidence_interval":{"confidence_level":0.95,"lower_bound":3888.049587241823,"upper_bound":6334.4347346103905},"point_estimate":5157.324589544789,"standard_error":628.6148056961283}}