{"Mean":{"confidence_interval":{"confidence_level":0.95,"lower_bound":286972.7189957437,"upper_bound":288478.0662493599},"point_estimate":287681.66424859193,"standard_error":386.23367436699084},"Median":{"confidence_interval":{"confidence_level":0.95,"lower_bound":286726.19399641576,"upper_bound":288720.22580645164},"point_estimate":287096.4115591398,"standard_error":572.4394293133939},"MedianAbsDev":{"confidence_interval":{"confidence_level":0.95,"lower_bound":91.23649225124707,"upper_bound":2280.177269196152},"point_estimate":1089.0363710958627,"standard_error":537.1120573308939},"Slope":{"confidence_interval":{"confidence_level":0.95,"lower_bound":286540.2930212125,"upper_bound":288536.8884608707},"point_estimate":287200.4370339338,"standard_error":531.0624300160398},"StdDev":{"confidence_interval":{"confidence_level":0.95,"lower_bound":669.4193768449688,"upper_bound":1651.2728899065987},"point_estimate":1290.0444264647076,"standard_error":264.10237555860385}}