{"Mean":{"confidence_interval":{"confidence_level":0.95,"lower_bound":259759.1821335204,"upper_bound":261233.27197849355},"point_estimate":260436.13766799017,"standard_error":378.11640851515114},"Median":{"confidence_interval":{"confidence_level":0.95,"lower_bound":259405.89436619717,"upper_bound":260251.8247126437},"point_estimate":259725.7129020468,"standard_error":220.72858061709087},"MedianAbsDev":{"confidence_interval":{"confidence_level":0.95,"lower_bound":1791.876401689499,"upper_bound":3454.166238118395},"point_estimate":2747.166118311367,"standard_error":428.222304138956},"Slope":{"confidence_interval":{"confidence_level":0.95,"lower_bound":259498.96156797904,"upper_bound":260677.28883076052},"point_estimate":260073.07435643565,"standard_error":300.2079571367945},"StdDev":{"confidence_interval":{"confidence_level":0.95,"lower_bound":2400.390285558323,"upper_bound":5389.564571266118},"point_estimate":3808.087503679139,"standard_error":872.9807912938938}}