{"Mean":{"confidence_interval":{"confidence_level":0.95,"lower_bound":260991.89863455974,"upper_bound":262420.9140473631},"point_estimate":261684.36444982665,"standard_error":363.4003456325975},"Median":{"confidence_interval":{"confidence_level":0.95,"lower_bound":259318.25,"upper_bound":261622.28846153847},"point_estimate":260881.69526397515,"standard_error":540.6797153980683},"MedianAbsDev":{"confidence_interval":{"confidence_level":0.95,"lower_bound":1884.1494746871158,"upper_bound":3948.0438433626346},"point_estimate":3124.1249425684687,"standard_error":496.3723155903939},"Slope":{"confidence_interval":{"confidence_level":0.95,"lower_bound":260341.04315878483,"upper_bound":261417.78031496753},"point_estimate":260863.24915028817,"standard_error":275.2547804470287},"StdDev":{"confidence_interval":{"confidence_level":0.95,"lower_bound":2963.234599807184,"upper_bound":4257.797468159808},"point_estimate":3664.1566533768114,"standard_error":331.25958728967163}}