{"Mean":{"confidence_interval":{"confidence_level":0.95,"lower_bound":3025.0997728446223,"upper_bound":3074.574048281597},"point_estimate":3047.9222078914604,"standard_error":12.658684059459473},"Median":{"confidence_interval":{"confidence_level":0.95,"lower_bound":2995.00360519024,"upper_bound":3005.8826024388395},"point_estimate":2997.5377044989773,"standard_error":2.887816271957412},"MedianAbsDev":{"confidence_interval":{"confidence_level":0.95,"lower_bound":16.191375608390512,"upper_bound":31.864939551133695},"point_estimate":20.247591368662192,"standard_error":4.080887033165328},"Slope":{"confidence_interval":{"confidence_level":0.95,"lower_bound":3025.14903077093,"upper_bound":3077.471417191146},"point_estimate":3049.997646953231,"standard_error":13.377333896440753},"StdDev":{"confidence_interval":{"confidence_level":0.95,"lower_bound":81.40655085939565,"upper_bound":164.7414900717437},"point_estimate":127.16320211197474,"standard_error":21.284409165195562}}