{"Mean":{"confidence_interval":{"confidence_level":0.95,"lower_bound":2820.9006829513664,"upper_bound":2832.3561620087416},"point_estimate":2826.4734944396555,"standard_error":2.942866363019133},"Median":{"confidence_interval":{"confidence_level":0.95,"lower_bound":2817.8439888596627,"upper_bound":2833.062645056475},"point_estimate":2827.470011991335,"standard_error":4.8840093026607185},"MedianAbsDev":{"confidence_interval":{"confidence_level":0.95,"lower_bound":0.5860229562261514,"upper_bound":18.896795336802963},"point_estimate":12.334271749923,"standard_error":4.385009619276186},"Slope":{"confidence_interval":{"confidence_level":0.95,"lower_bound":2817.719243095697,"upper_bound":2826.2499486258316},"point_estimate":2820.901934488226,"standard_error":2.197825775104194},"StdDev":{"confidence_interval":{"confidence_level":0.95,"lower_bound":5.899622642984791,"upper_bound":12.501539284351187},"point_estimate":9.823269274594335,"standard_error":1.773248954838705}}