{"Mean":{"confidence_interval":{"confidence_level":0.95,"lower_bound":2773.0132991649734,"upper_bound":2794.2913298858316},"point_estimate":2781.4248044109277,"standard_error":5.62255959130212},"Median":{"confidence_interval":{"confidence_level":0.95,"lower_bound":2766.7003112356056,"upper_bound":2776.559089299976},"point_estimate":2772.1568186062304,"standard_error":2.33592718089334},"MedianAbsDev":{"confidence_interval":{"confidence_level":0.95,"lower_bound":15.46744828327285,"upper_bound":25.44474946374143},"point_estimate":21.206377352137775,"standard_error":2.6537940739224863},"Slope":{"confidence_interval":{"confidence_level":0.95,"lower_bound":2768.530811331911,"upper_bound":2775.756865568806},"point_estimate":2772.0152375571183,"standard_error":1.84664030174063},"StdDev":{"confidence_interval":{"confidence_level":0.95,"lower_bound":18.94859461803334,"upper_bound":92.15765509007612},"point_estimate":56.471068355675335,"standard_error":24.43734036329334}}