{"Mean":{"confidence_interval":{"confidence_level":0.95,"lower_bound":0.011807362358509894,"upper_bound":0.0178126457859454},"point_estimate":0.01456556472989079,"standard_error":0.0015343540101855442},"Median":{"confidence_interval":{"confidence_level":0.95,"lower_bound":0.012193000426453882,"upper_bound":0.01731188570557593},"point_estimate":0.015061115897749389,"standard_error":0.001321231571927985}}