{"Mean":{"confidence_interval":{"confidence_level":0.95,"lower_bound":-0.09853189694670968,"upper_bound":-0.09099596639882407},"point_estimate":-0.09467909765088478,"standard_error":0.001928432853379374},"Median":{"confidence_interval":{"confidence_level":0.95,"lower_bound":-0.10058588146817216,"upper_bound":-0.0896871527211105},"point_estimate":-0.09367077537374091,"standard_error":0.0027076730831434017}}