{"Mean":{"confidence_interval":{"confidence_level":0.95,"lower_bound":0.08726271319022634,"upper_bound":0.09559317996156821},"point_estimate":0.0912587604197932,"standard_error":0.002133818236007629},"Median":{"confidence_interval":{"confidence_level":0.95,"lower_bound":0.08789280777010511,"upper_bound":0.09422152208365914},"point_estimate":0.0905998233719223,"standard_error":0.0016594215772621544}}