{"Mean":{"confidence_interval":{"confidence_level":0.95,"lower_bound":240520.27231861898,"upper_bound":241932.44943657963},"point_estimate":241172.4153683832,"standard_error":363.2184993062579},"Median":{"confidence_interval":{"confidence_level":0.95,"lower_bound":239657.28,"upper_bound":241319.73902439023},"point_estimate":240725.11140271492,"standard_error":412.90923548735617},"MedianAbsDev":{"confidence_interval":{"confidence_level":0.95,"lower_bound":2195.6097066564816,"upper_bound":3574.443458209957},"point_estimate":3053.46018850506,"standard_error":367.96305996462064},"Slope":{"confidence_interval":{"confidence_level":0.95,"lower_bound":240431.27845778174,"upper_bound":241676.21346467908},"point_estimate":241040.02492330427,"standard_error":318.7359155958291},"StdDev":{"confidence_interval":{"confidence_level":0.95,"lower_bound":2329.2133310561794,"upper_bound":5077.27363149696},"point_estimate":3630.238453829576,"standard_error":767.6140077126873}}