{"Mean":{"confidence_interval":{"confidence_level":0.95,"lower_bound":203382.3127288797,"upper_bound":204917.49063219118},"point_estimate":204111.84792559364,"standard_error":391.71323533794833},"Median":{"confidence_interval":{"confidence_level":0.95,"lower_bound":202989.6703030303,"upper_bound":204247.35529411765},"point_estimate":203457.85755813954,"standard_error":344.74637106014615},"MedianAbsDev":{"confidence_interval":{"confidence_level":0.95,"lower_bound":1868.056206599704,"upper_bound":3207.271118457011},"point_estimate":2488.955135836818,"standard_error":334.921410536219},"Slope":{"confidence_interval":{"confidence_level":0.95,"lower_bound":203386.37319522767,"upper_bound":204644.09422956035},"point_estimate":203987.18313817054,"standard_error":320.6190394671434},"StdDev":{"confidence_interval":{"confidence_level":0.95,"lower_bound":2697.2051828901062,"upper_bound":5211.965980164764},"point_estimate":3930.753830130972,"standard_error":662.6510414676656}}