{"Mean":{"confidence_interval":{"confidence_level":0.95,"lower_bound":36611097.12953326,"upper_bound":36762850.894341886},"point_estimate":36677947.1324903,"standard_error":38975.47830906581},"Median":{"confidence_interval":{"confidence_level":0.95,"lower_bound":36522268.8452381,"upper_bound":36620995.45454545},"point_estimate":36552111.638211384,"standard_error":27255.304156967777},"MedianAbsDev":{"confidence_interval":{"confidence_level":0.95,"lower_bound":122900.62613000216,"upper_bound":250173.21512694008},"point_estimate":162426.1114948054,"standard_error":34351.45329868732},"Slope":{"confidence_interval":{"confidence_level":0.95,"lower_bound":36555250.54322101,"upper_bound":36904292.41653699},"point_estimate":36692829.39491946,"standard_error":92987.84297592315},"StdDev":{"confidence_interval":{"confidence_level":0.95,"lower_bound":211222.59282583612,"upper_bound":587618.158596097},"point_estimate":392892.2069735287,"standard_error":115619.68042456346}}