{"Mean":{"confidence_interval":{"confidence_level":0.95,"lower_bound":37535556.00855735,"upper_bound":37649837.857803695},"point_estimate":37589311.843767375,"standard_error":29228.281166812216},"Median":{"confidence_interval":{"confidence_level":0.95,"lower_bound":37493059.34,"upper_bound":37569957.2},"point_estimate":37512816.957934335,"standard_error":22380.303962394413},"MedianAbsDev":{"confidence_interval":{"confidence_level":0.95,"lower_bound":129185.03025279102,"upper_bound":236255.42343744342},"point_estimate":179826.15214380767,"standard_error":25347.127609288116},"Slope":{"confidence_interval":{"confidence_level":0.95,"lower_bound":37528155.44757872,"upper_bound":37609601.47183747},"point_estimate":37568278.502695434,"standard_error":20881.081117646307},"StdDev":{"confidence_interval":{"confidence_level":0.95,"lower_bound":191354.07385699358,"upper_bound":382967.4513849574},"point_estimate":294007.05197283166,"standard_error":49118.387802734156}}