{"Mean":{"confidence_interval":{"confidence_level":0.95,"lower_bound":36756102.26285715,"upper_bound":36966925.26974306},"point_estimate":36853301.1059127,"standard_error":54012.2517986784},"Median":{"confidence_interval":{"confidence_level":0.95,"lower_bound":36738516.244444445,"upper_bound":36952386.666666664},"point_estimate":36804263.8625,"standard_error":61678.680612112745},"MedianAbsDev":{"confidence_interval":{"confidence_level":0.95,"lower_bound":29970.202492922544,"upper_bound":264988.18557551724},"point_estimate":149793.6440822985,"standard_error":67405.6893423082},"Slope":{"confidence_interval":{"confidence_level":0.95,"lower_bound":36718281.34128329,"upper_bound":36811520.1320211},"point_estimate":36760473.25974026,"standard_error":23523.291059079165},"StdDev":{"confidence_interval":{"confidence_level":0.95,"lower_bound":78998.62997821403,"upper_bound":248194.8603794983},"point_estimate":179624.06144936138,"standard_error":47751.01285690509}}