{"Mean":{"confidence_interval":{"confidence_level":0.95,"lower_bound":125659.07253319048,"upper_bound":126506.12150583701},"point_estimate":126049.73263682512,"standard_error":216.20586141476326},"Median":{"confidence_interval":{"confidence_level":0.95,"lower_bound":125246.54647435897,"upper_bound":126010.4525},"point_estimate":125663.78783169974,"standard_error":197.5086151117878},"MedianAbsDev":{"confidence_interval":{"confidence_level":0.95,"lower_bound":1357.592370769618,"upper_bound":2198.2443248261875},"point_estimate":1805.3222194685306,"standard_error":221.27375278721118},"Slope":{"confidence_interval":{"confidence_level":0.95,"lower_bound":125426.36288264091,"upper_bound":126069.5041512998},"point_estimate":125734.40026747451,"standard_error":164.09059260272684},"StdDev":{"confidence_interval":{"confidence_level":0.95,"lower_bound":1442.620381219354,"upper_bound":3039.3858601760153},"point_estimate":2180.0465094711776,"standard_error":474.02224860633555}}