{"Mean":{"confidence_interval":{"confidence_level":0.95,"lower_bound":115573.07072084292,"upper_bound":116677.41423567696},"point_estimate":116074.18049661967,"standard_error":281.36693188813274},"Median":{"confidence_interval":{"confidence_level":0.95,"lower_bound":115298.66666666667,"upper_bound":116078.3406399597},"point_estimate":115749.282294686,"standard_error":167.1923706155383},"MedianAbsDev":{"confidence_interval":{"confidence_level":0.95,"lower_bound":1173.5577498722498,"upper_bound":1892.1687284107152},"point_estimate":1558.4229682031505,"standard_error":182.61298790241236},"Slope":{"confidence_interval":{"confidence_level":0.95,"lower_bound":115316.9727463061,"upper_bound":116093.20438495085},"point_estimate":115687.71442129287,"standard_error":196.90706330886496},"StdDev":{"confidence_interval":{"confidence_level":0.95,"lower_bound":1638.1052738062353,"upper_bound":4064.189554816386},"point_estimate":2828.1650622751727,"standard_error":672.838084261549}}