{"Mean":{"confidence_interval":{"confidence_level":0.95,"lower_bound":520400.7980537072,"upper_bound":525860.7433855874},"point_estimate":522945.67646677815,"standard_error":1393.4755335771367},"Median":{"confidence_interval":{"confidence_level":0.95,"lower_bound":516564.10376344086,"upper_bound":518643.4130434783},"point_estimate":517337.35833333334,"standard_error":476.2011880646087},"MedianAbsDev":{"confidence_interval":{"confidence_level":0.95,"lower_bound":1788.55918824673,"upper_bound":4323.454057682722},"point_estimate":2945.7541280870523,"standard_error":611.8009970035007},"Slope":{"confidence_interval":{"confidence_level":0.95,"lower_bound":520912.66019020876,"upper_bound":527401.5635750722},"point_estimate":523928.18136545,"standard_error":1656.3128108324904},"StdDev":{"confidence_interval":{"confidence_level":0.95,"lower_bound":9446.976383120933,"upper_bound":17777.190584685453},"point_estimate":14018.578140540309,"standard_error":2125.7934325435244}}