{"Mean":{"confidence_interval":{"confidence_level":0.95,"lower_bound":449132.93476800976,"upper_bound":450782.7957440477},"point_estimate":449886.4738899063,"standard_error":425.41510271490654},"Median":{"confidence_interval":{"confidence_level":0.95,"lower_bound":449038.5854700855,"upper_bound":451083.3846153846},"point_estimate":449200.554029304,"standard_error":508.62443348785206},"MedianAbsDev":{"confidence_interval":{"confidence_level":0.95,"lower_bound":48.92987220817402,"upper_bound":2447.7065576128907},"point_estimate":386.12320506801836,"standard_error":583.4010444001549},"Slope":{"confidence_interval":{"confidence_level":0.95,"lower_bound":449107.3865788866,"upper_bound":451460.3479741698},"point_estimate":450229.64455544454,"standard_error":623.8796581858586},"StdDev":{"confidence_interval":{"confidence_level":0.95,"lower_bound":371.54386642733414,"upper_bound":1872.6037556314302},"point_estimate":1416.5284583524754,"standard_error":360.5676357387155}}