{"Mean":{"confidence_interval":{"confidence_level":0.95,"lower_bound":114.62284274272565,"upper_bound":114.88230875229866},"point_estimate":114.74468295885106,"standard_error":0.0665840539884294},"Median":{"confidence_interval":{"confidence_level":0.95,"lower_bound":114.55111793821472,"upper_bound":114.89151858805383},"point_estimate":114.69220572338853,"standard_error":0.09610985289885116},"MedianAbsDev":{"confidence_interval":{"confidence_level":0.95,"lower_bound":0.039950120977545474,"upper_bound":0.390011337825683},"point_estimate":0.22261633216884508,"standard_error":0.08549924475932905},"Slope":{"confidence_interval":{"confidence_level":0.95,"lower_bound":114.5691992223215,"upper_bound":114.87005017055482},"point_estimate":114.6880321350026,"standard_error":0.07725158005798623},"StdDev":{"confidence_interval":{"confidence_level":0.95,"lower_bound":0.11242734255026564,"upper_bound":0.2872462858254631},"point_estimate":0.22256090815464236,"standard_error":0.046956241252213066}}