{"Mean":{"confidence_interval":{"confidence_level":0.95,"lower_bound":134.917477124607,"upper_bound":135.38096964638063},"point_estimate":135.1355516401551,"standard_error":0.11868479799513887},"Median":{"confidence_interval":{"confidence_level":0.95,"lower_bound":134.75999513878185,"upper_bound":135.0037326152168},"point_estimate":134.854974176897,"standard_error":0.06114928384095338},"MedianAbsDev":{"confidence_interval":{"confidence_level":0.95,"lower_bound":0.42112641349167934,"upper_bound":0.77106235663635},"point_estimate":0.626411921875394,"standard_error":0.09198849917869975},"Slope":{"confidence_interval":{"confidence_level":0.95,"lower_bound":134.74793579044672,"upper_bound":135.33708947559083},"point_estimate":135.01349347796975,"standard_error":0.15102615699713604},"StdDev":{"confidence_interval":{"confidence_level":0.95,"lower_bound":0.7941053335900673,"upper_bound":1.5421479639781224},"point_estimate":1.1932396741478724,"standard_error":0.19174546867948622}}