{"Mean":{"confidence_interval":{"confidence_level":0.95,"lower_bound":4200.696955918626,"upper_bound":4218.430038957718},"point_estimate":4208.851277146911,"standard_error":4.553913205457234},"Median":{"confidence_interval":{"confidence_level":0.95,"lower_bound":4189.063776618861,"upper_bound":4205.132112590799},"point_estimate":4195.780158053918,"standard_error":3.9478464234547848},"MedianAbsDev":{"confidence_interval":{"confidence_level":0.95,"lower_bound":16.29788556397767,"upper_bound":31.912911294687692},"point_estimate":23.250482435752883,"standard_error":3.5801101584329573},"Slope":{"confidence_interval":{"confidence_level":0.95,"lower_bound":4193.790197828359,"upper_bound":4211.258970906145},"point_estimate":4201.729607153859,"standard_error":4.477189812917808},"StdDev":{"confidence_interval":{"confidence_level":0.95,"lower_bound":27.464702921340916,"upper_bound":61.71038729995206},"point_estimate":45.659776876439345,"standard_error":8.809440608172176}}