{"Mean":{"confidence_interval":{"confidence_level":0.95,"lower_bound":3537753.145078611,"upper_bound":3556269.0517003806},"point_estimate":3546715.7184404717,"standard_error":4712.814032022779},"Median":{"confidence_interval":{"confidence_level":0.95,"lower_bound":3531466.740821678,"upper_bound":3550252.513888889},"point_estimate":3542132.499835201,"standard_error":5355.920989232352},"MedianAbsDev":{"confidence_interval":{"confidence_level":0.95,"lower_bound":32665.317258395364,"upper_bound":51935.57876673132},"point_estimate":41524.37942779506,"standard_error":4935.184647329884},"Slope":{"confidence_interval":{"confidence_level":0.95,"lower_bound":3538144.0013482794,"upper_bound":3556207.0936218603},"point_estimate":3547207.0242352593,"standard_error":4604.072066377283},"StdDev":{"confidence_interval":{"confidence_level":0.95,"lower_bound":37040.06852384701,"upper_bound":58607.23723408513},"point_estimate":47182.75050426819,"standard_error":5705.342727151701}}