{"Mean":{"confidence_interval":{"confidence_level":0.95,"lower_bound":50.82992690471324,"upper_bound":50.95661412186927},"point_estimate":50.88712007841113,"standard_error":0.032559374105489834},"Median":{"confidence_interval":{"confidence_level":0.95,"lower_bound":50.810018334401946,"upper_bound":50.92943478471294},"point_estimate":50.874155632893846,"standard_error":0.02780505610706808},"MedianAbsDev":{"confidence_interval":{"confidence_level":0.95,"lower_bound":0.011538726643818595,"upper_bound":0.14875780938217753},"point_estimate":0.07737640894965049,"standard_error":0.03580566848488599},"Slope":{"confidence_interval":{"confidence_level":0.95,"lower_bound":50.82516408480642,"upper_bound":51.02719363458167},"point_estimate":50.915827214159336,"standard_error":0.05475520489334673},"StdDev":{"confidence_interval":{"confidence_level":0.95,"lower_bound":0.04273151825509491,"upper_bound":0.15369236530636296},"point_estimate":0.10942096095131575,"standard_error":0.0322936370965083}}