{"Mean":{"confidence_interval":{"confidence_level":0.95,"lower_bound":0.09730111742955548,"upper_bound":0.1050159859302564},"point_estimate":0.10112468114564721,"standard_error":0.001971013101668791},"Median":{"confidence_interval":{"confidence_level":0.95,"lower_bound":0.09531907930601784,"upper_bound":0.10574005095019312},"point_estimate":0.10003051680742647,"standard_error":0.0026557636261924163}}