{"Mean":{"confidence_interval":{"confidence_level":0.95,"lower_bound":0.02368310975292123,"upper_bound":0.02900441223214944},"point_estimate":0.026552244938351066,"standard_error":0.0013703879450013292},"Median":{"confidence_interval":{"confidence_level":0.95,"lower_bound":0.024761900172029838,"upper_bound":0.029894888814557596},"point_estimate":0.028670987288351935,"standard_error":0.0012990129574442712}}