{"Mean":{"confidence_interval":{"confidence_level":0.95,"lower_bound":-0.1007710934430363,"upper_bound":-0.09375823602606462},"point_estimate":-0.09724098747628374,"standard_error":0.0017862952582783224},"Median":{"confidence_interval":{"confidence_level":0.95,"lower_bound":-0.10230050284469061,"upper_bound":-0.09272283581875063},"point_estimate":-0.09615287340474832,"standard_error":0.002498316803550399}}