{"Mean":{"confidence_interval":{"confidence_level":0.95,"lower_bound":570.1431997485515,"upper_bound":572.7953563153553},"point_estimate":571.3217960135994,"standard_error":0.6836743018795496},"Median":{"confidence_interval":{"confidence_level":0.95,"lower_bound":569.0945471323647,"upper_bound":570.1682250887173},"point_estimate":569.4963639612888,"standard_error":0.301138165576095},"MedianAbsDev":{"confidence_interval":{"confidence_level":0.95,"lower_bound":1.2703270441593133,"upper_bound":2.2854723659780207},"point_estimate":1.7127459828719669,"standard_error":0.2716466505066562},"Slope":{"confidence_interval":{"confidence_level":0.95,"lower_bound":570.0922492996933,"upper_bound":572.7184940831411},"point_estimate":571.2533534753461,"standard_error":0.6758534213715416},"StdDev":{"confidence_interval":{"confidence_level":0.95,"lower_bound":3.215224915475843,"upper_bound":10.042798409435893},"point_estimate":6.892597682062508,"standard_error":1.7847422698612592}}