{"Mean":{"confidence_interval":{"confidence_level":0.95,"lower_bound":0.019804894122040766,"upper_bound":0.02830390796868752},"point_estimate":0.023658426581248282,"standard_error":0.0021588263845558958},"Median":{"confidence_interval":{"confidence_level":0.95,"lower_bound":0.01799183502179204,"upper_bound":0.026860739418587132},"point_estimate":0.021819260613522795,"standard_error":0.0022957401415687907}}