{"Mean":{"confidence_interval":{"confidence_level":0.95,"lower_bound":-0.008015434977162166,"upper_bound":0.002528991992589269},"point_estimate":-0.0027768001329459002,"standard_error":0.002676715283663495},"Median":{"confidence_interval":{"confidence_level":0.95,"lower_bound":-0.008497155594326178,"upper_bound":0.0028958551372983976},"point_estimate":-0.0034234880283376956,"standard_error":0.0029557494924960415}}