{"Mean":{"confidence_interval":{"confidence_level":0.95,"lower_bound":-0.0021133301628932116,"upper_bound":0.007313345071045351},"point_estimate":0.0026094589573222304,"standard_error":0.0023958001893129082},"Median":{"confidence_interval":{"confidence_level":0.95,"lower_bound":-0.0016840623146464617,"upper_bound":0.009757916822996204},"point_estimate":0.005710017786969557,"standard_error":0.0029632856633782538}}