{"Mean":{"confidence_interval":{"confidence_level":0.95,"lower_bound":-0.041338528803093855,"upper_bound":-0.03525047926066606},"point_estimate":-0.03820833882770147,"standard_error":0.0015504014457074135},"Median":{"confidence_interval":{"confidence_level":0.95,"lower_bound":-0.04245215188062268,"upper_bound":-0.034204517594685346},"point_estimate":-0.038697764097412324,"standard_error":0.0020522963046913805}}