{"Mean":{"confidence_interval":{"confidence_level":0.95,"lower_bound":82521.46274936869,"upper_bound":82760.77836442098},"point_estimate":82629.24570310245,"standard_error":61.97725821791999},"Median":{"confidence_interval":{"confidence_level":0.95,"lower_bound":82499.64090909091,"upper_bound":82746.07022727272},"point_estimate":82554.9909090909,"standard_error":55.268109276029634},"MedianAbsDev":{"confidence_interval":{"confidence_level":0.95,"lower_bound":8.907152569137029,"upper_bound":310.2283162650566},"point_estimate":118.19073585623855,"standard_error":69.36012533579976},"Slope":{"confidence_interval":{"confidence_level":0.95,"lower_bound":82484.33324726662,"upper_bound":82781.41935866984},"point_estimate":82632.76857142858,"standard_error":79.41272288101482},"StdDev":{"confidence_interval":{"confidence_level":0.95,"lower_bound":62.6880569396793,"upper_bound":279.21031818021305},"point_estimate":206.9400826743221,"standard_error":57.923543207594946}}