{"Mean":{"confidence_interval":{"confidence_level":0.95,"lower_bound":13197.732820047784,"upper_bound":13276.598009904505},"point_estimate":13234.96339590466,"standard_error":20.112462221976507},"Median":{"confidence_interval":{"confidence_level":0.95,"lower_bound":13163.350584415584,"upper_bound":13213.372097294614},"point_estimate":13179.785303532972,"standard_error":13.96769583591717},"MedianAbsDev":{"confidence_interval":{"confidence_level":0.95,"lower_bound":106.74753362728978,"upper_bound":187.22977039445863},"point_estimate":135.64259483421654,"standard_error":20.332805684235225},"Slope":{"confidence_interval":{"confidence_level":0.95,"lower_bound":13170.22935354524,"upper_bound":13217.823234445366},"point_estimate":13193.497314063346,"standard_error":12.126010579547156},"StdDev":{"confidence_interval":{"confidence_level":0.95,"lower_bound":144.02152068096166,"upper_bound":266.46265731533487},"point_estimate":202.6072532015823,"standard_error":32.70721415552499}}