{"Mean":{"confidence_interval":{"confidence_level":0.95,"lower_bound":137148.7032295224,"upper_bound":138063.02963490298},"point_estimate":137576.17159372586,"standard_error":233.06336610040597},"Median":{"confidence_interval":{"confidence_level":0.95,"lower_bound":136578.88108490565,"upper_bound":137516.34966216216},"point_estimate":137082.39747807017,"standard_error":227.15971113100213},"MedianAbsDev":{"confidence_interval":{"confidence_level":0.95,"lower_bound":1253.7456100852987,"upper_bound":2181.576765739131},"point_estimate":1738.4140974009026,"standard_error":238.26998941004925},"Slope":{"confidence_interval":{"confidence_level":0.95,"lower_bound":137231.20493028007,"upper_bound":138569.47705938015},"point_estimate":137771.67119809368,"standard_error":349.5103799024261},"StdDev":{"confidence_interval":{"confidence_level":0.95,"lower_bound":1547.296754047481,"upper_bound":3125.023393864031},"point_estimate":2343.022598249974,"standard_error":412.81199957204353}}