{"Mean":{"confidence_interval":{"confidence_level":0.95,"lower_bound":429.4121426870095,"upper_bound":431.8137789742932},"point_estimate":430.52736433934575,"standard_error":0.6159412667388675},"Median":{"confidence_interval":{"confidence_level":0.95,"lower_bound":427.87323630825205,"upper_bound":429.5616104441503},"point_estimate":428.89084207739063,"standard_error":0.4202804358332697},"MedianAbsDev":{"confidence_interval":{"confidence_level":0.95,"lower_bound":2.2544110189339004,"upper_bound":4.022757478632342},"point_estimate":3.00903270343215,"standard_error":0.47310757769309875},"Slope":{"confidence_interval":{"confidence_level":0.95,"lower_bound":428.46389793495166,"upper_bound":430.1859187884232},"point_estimate":429.27287987043906,"standard_error":0.44017107781849774},"StdDev":{"confidence_interval":{"confidence_level":0.95,"lower_bound":3.9238342466857015,"upper_bound":8.264424735081427},"point_estimate":6.16078841978458,"standard_error":1.1276796032539032}}