{"Mean":{"confidence_interval":{"confidence_level":0.95,"lower_bound":51.62883379895992,"upper_bound":52.35061040702272},"point_estimate":51.96716991704674,"standard_error":0.18487648750973526},"Median":{"confidence_interval":{"confidence_level":0.95,"lower_bound":51.45223353819639,"upper_bound":52.45889214053295},"point_estimate":51.773009884808374,"standard_error":0.25854547152725565},"MedianAbsDev":{"confidence_interval":{"confidence_level":0.95,"lower_bound":0.08849200908969915,"upper_bound":1.0700077853972672},"point_estimate":0.5364260632702265,"standard_error":0.2415773613409034},"Slope":{"confidence_interval":{"confidence_level":0.95,"lower_bound":51.539985637365476,"upper_bound":52.56496859111857},"point_estimate":52.05301275823691,"standard_error":0.277649181182208},"StdDev":{"confidence_interval":{"confidence_level":0.95,"lower_bound":0.25684929960174363,"upper_bound":0.7467556967308651},"point_estimate":0.6170773540270301,"standard_error":0.11680230907738194}}