{"Mean":{"confidence_interval":{"confidence_level":0.95,"lower_bound":147.777593700568,"upper_bound":149.4502805387226},"point_estimate":148.50734075068226,"standard_error":0.4315467936852559},"Median":{"confidence_interval":{"confidence_level":0.95,"lower_bound":146.96704309188945,"upper_bound":148.31286992010234},"point_estimate":147.4048650211506,"standard_error":0.39656233180092937},"MedianAbsDev":{"confidence_interval":{"confidence_level":0.95,"lower_bound":1.4478279594401706,"upper_bound":2.5027228265340185},"point_estimate":2.0145126561084967,"standard_error":0.273837069388399},"Slope":{"confidence_interval":{"confidence_level":0.95,"lower_bound":146.69952174019488,"upper_bound":147.34992059641587},"point_estimate":146.99143108790244,"standard_error":0.16642215940245708},"StdDev":{"confidence_interval":{"confidence_level":0.95,"lower_bound":1.884359690901428,"upper_bound":6.631031041497783},"point_estimate":4.3409779989828134,"standard_error":1.3350888424931189}}