{"Mean":{"confidence_interval":{"confidence_level":0.95,"lower_bound":125.46419995746366,"upper_bound":127.90766953557808},"point_estimate":126.5820704466908,"standard_error":0.6262768959631935},"Median":{"confidence_interval":{"confidence_level":0.95,"lower_bound":124.05821728205784,"upper_bound":124.43704577295992},"point_estimate":124.24903483031596,"standard_error":0.10017648592720091},"MedianAbsDev":{"confidence_interval":{"confidence_level":0.95,"lower_bound":0.4337916681348714,"upper_bound":0.8146797599421838},"point_estimate":0.5807756239208184,"standard_error":0.09398109012527783},"Slope":{"confidence_interval":{"confidence_level":0.95,"lower_bound":125.59073163232398,"upper_bound":127.90408811313817},"point_estimate":126.67402281595298,"standard_error":0.5905962240338126},"StdDev":{"confidence_interval":{"confidence_level":0.95,"lower_bound":3.7093656905771932,"upper_bound":8.57597107976109},"point_estimate":6.340278188383229,"standard_error":1.2495740214587678}}