{"Mean":{"confidence_interval":{"confidence_level":0.95,"lower_bound":128.60550369204321,"upper_bound":129.59608019949886},"point_estimate":129.03744835919423,"standard_error":0.25498100025384635},"Median":{"confidence_interval":{"confidence_level":0.95,"lower_bound":128.19855015383786,"upper_bound":128.75006655177728},"point_estimate":128.46540998552047,"standard_error":0.13868722534485697},"MedianAbsDev":{"confidence_interval":{"confidence_level":0.95,"lower_bound":0.778999983220018,"upper_bound":1.2770090442025819},"point_estimate":1.016120830755539,"standard_error":0.12455611765664905},"Slope":{"confidence_interval":{"confidence_level":0.95,"lower_bound":128.6169132051191,"upper_bound":129.2203453341008},"point_estimate":128.9158356279211,"standard_error":0.15426586987880264},"StdDev":{"confidence_interval":{"confidence_level":0.95,"lower_bound":1.1249795371811442,"upper_bound":3.920091294680679},"point_estimate":2.5677136864105874,"standard_error":0.7916446571593224}}