{"Mean":{"confidence_interval":{"confidence_level":0.95,"lower_bound":29.167408987998627,"upper_bound":29.329485431613005},"point_estimate":29.237670198977504,"standard_error":0.041798089776087295},"Median":{"confidence_interval":{"confidence_level":0.95,"lower_bound":29.114184806858745,"upper_bound":29.15830434355346},"point_estimate":29.13550228106537,"standard_error":0.010484837660134782},"MedianAbsDev":{"confidence_interval":{"confidence_level":0.95,"lower_bound":0.059207609655784144,"upper_bound":0.11808788683137302},"point_estimate":0.08438268950978685,"standard_error":0.014352370883448014},"Slope":{"confidence_interval":{"confidence_level":0.95,"lower_bound":29.156251864958957,"upper_bound":29.2624811064093},"point_estimate":29.204461817337748,"standard_error":0.027368407841017163},"StdDev":{"confidence_interval":{"confidence_level":0.95,"lower_bound":0.13879053281571058,"upper_bound":0.6305170634922895},"point_estimate":0.4208862224731779,"standard_error":0.12675237039487994}}