{"Mean":{"confidence_interval":{"confidence_level":0.95,"lower_bound":103203.1235101535,"upper_bound":103861.7195113471},"point_estimate":103508.15863646095,"standard_error":167.64616598398575},"Median":{"confidence_interval":{"confidence_level":0.95,"lower_bound":102821.14814814815,"upper_bound":103437.53544303798},"point_estimate":103146.59460547504,"standard_error":141.18279428786832},"MedianAbsDev":{"confidence_interval":{"confidence_level":0.95,"lower_bound":929.3225537782205,"upper_bound":1540.6799681692023},"point_estimate":1163.0114218173114,"standard_error":152.86340445960684},"Slope":{"confidence_interval":{"confidence_level":0.95,"lower_bound":103320.70439553798,"upper_bound":103845.16217907374},"point_estimate":103576.40883877642,"standard_error":133.88925587205748},"StdDev":{"confidence_interval":{"confidence_level":0.95,"lower_bound":1101.7211291341034,"upper_bound":2319.997998062007},"point_estimate":1685.3045168168985,"standard_error":338.1353424267851}}