{"Mean":{"confidence_interval":{"confidence_level":0.95,"lower_bound":4644834.344239826,"upper_bound":4659049.619439223},"point_estimate":4651684.871478489,"standard_error":3630.582121453926},"Median":{"confidence_interval":{"confidence_level":0.95,"lower_bound":4637823.20967742,"upper_bound":4650705.28125},"point_estimate":4642032.709759482,"standard_error":3397.062593305023},"MedianAbsDev":{"confidence_interval":{"confidence_level":0.95,"lower_bound":21074.17530277968,"upper_bound":37780.87583470417},"point_estimate":28347.448441792993,"standard_error":4179.472015827506},"Slope":{"confidence_interval":{"confidence_level":0.95,"lower_bound":4643209.068837323,"upper_bound":4657918.311718037},"point_estimate":4650285.945615487,"standard_error":3753.3393644141747},"StdDev":{"confidence_interval":{"confidence_level":0.95,"lower_bound":29105.463395575138,"upper_bound":44451.893636255},"point_estimate":36568.538856765255,"standard_error":4000.073857103376}}