{"Mean":{"confidence_interval":{"confidence_level":0.95,"lower_bound":4571928.062239903,"upper_bound":4584311.8773247},"point_estimate":4577914.170677031,"standard_error":3165.375581355155},"Median":{"confidence_interval":{"confidence_level":0.95,"lower_bound":4562127.416666667,"upper_bound":4575120.216666667},"point_estimate":4567090.0702439025,"standard_error":3484.459646313408},"MedianAbsDev":{"confidence_interval":{"confidence_level":0.95,"lower_bound":16124.228715014679,"upper_bound":31662.252924049342},"point_estimate":22455.33747347022,"standard_error":3682.5759012262515},"Slope":{"confidence_interval":{"confidence_level":0.95,"lower_bound":4571548.891139135,"upper_bound":4586186.36659439},"point_estimate":4578665.9912043745,"standard_error":3741.742212362748},"StdDev":{"confidence_interval":{"confidence_level":0.95,"lower_bound":25538.740917179915,"upper_bound":37022.33819202419},"point_estimate":31707.765477827867,"standard_error":2927.1759352098225}}