{"Mean":{"confidence_interval":{"confidence_level":0.95,"lower_bound":4749714.525470648,"upper_bound":4785954.160940453},"point_estimate":4766949.08959678,"standard_error":9243.411854563097},"Median":{"confidence_interval":{"confidence_level":0.95,"lower_bound":4728285.924050633,"upper_bound":4776759.9069767445},"point_estimate":4750251.447779112,"standard_error":12066.447961498197},"MedianAbsDev":{"confidence_interval":{"confidence_level":0.95,"lower_bound":60816.12066735194,"upper_bound":92848.4015942863},"point_estimate":77017.77995629732,"standard_error":7993.816289211193},"Slope":{"confidence_interval":{"confidence_level":0.95,"lower_bound":4715624.058556117,"upper_bound":4746995.667391606},"point_estimate":4730369.165393823,"standard_error":7995.467261779365},"StdDev":{"confidence_interval":{"confidence_level":0.95,"lower_bound":67279.21163891706,"upper_bound":120786.57093602786},"point_estimate":92828.30774172928,"standard_error":14247.905034932532}}