{"Mean":{"confidence_interval":{"confidence_level":0.95,"lower_bound":51.97666559049647,"upper_bound":52.66596199739584},"point_estimate":52.29035601201653,"standard_error":0.17666904315760204},"Median":{"confidence_interval":{"confidence_level":0.95,"lower_bound":51.6970492131235,"upper_bound":51.75391591603915},"point_estimate":51.72494386616238,"standard_error":0.01418984493510892},"MedianAbsDev":{"confidence_interval":{"confidence_level":0.95,"lower_bound":0.13030163998199837,"upper_bound":0.2647009583570442},"point_estimate":0.19688882405273805,"standard_error":0.032100512957385925},"Slope":{"confidence_interval":{"confidence_level":0.95,"lower_bound":51.88080839234206,"upper_bound":52.389919455533025},"point_estimate":52.11378915936127,"standard_error":0.1299921143994852},"StdDev":{"confidence_interval":{"confidence_level":0.95,"lower_bound":0.9706943577823356,"upper_bound":2.415033069711179},"point_estimate":1.7775684337531596,"standard_error":0.36717450584406447}}