{"Mean":{"confidence_interval":{"confidence_level":0.95,"lower_bound":131.52906304357282,"upper_bound":131.8303337829706},"point_estimate":131.68004730905312,"standard_error":0.07682393451368788},"Median":{"confidence_interval":{"confidence_level":0.95,"lower_bound":131.47874227591888,"upper_bound":131.86458245095153},"point_estimate":131.65123499267258,"standard_error":0.08908424361139536},"MedianAbsDev":{"confidence_interval":{"confidence_level":0.95,"lower_bound":0.009983349308195827,"upper_bound":0.44275673128709087},"point_estimate":0.25485065921805145,"standard_error":0.11725147131110264},"Slope":{"confidence_interval":{"confidence_level":0.95,"lower_bound":131.62892832432073,"upper_bound":131.91627955108743},"point_estimate":131.74540215027218,"standard_error":0.07627998048765006},"StdDev":{"confidence_interval":{"confidence_level":0.95,"lower_bound":0.13105780313738727,"upper_bound":0.33076521824739685},"point_estimate":0.2559901582987508,"standard_error":0.05017638895071758}}