{"Mean":{"confidence_interval":{"confidence_level":0.95,"lower_bound":510423.20462722215,"upper_bound":517180.2009653684},"point_estimate":513540.4130225674,"standard_error":1728.1671675276723},"Median":{"confidence_interval":{"confidence_level":0.95,"lower_bound":505646.4921875,"upper_bound":509961.43470790377},"point_estimate":507729.0289855072,"standard_error":1248.6654519530987},"MedianAbsDev":{"confidence_interval":{"confidence_level":0.95,"lower_bound":6326.978914340327,"upper_bound":12255.244132792614},"point_estimate":8606.735933950706,"standard_error":1539.741513938468},"Slope":{"confidence_interval":{"confidence_level":0.95,"lower_bound":505901.4116251943,"upper_bound":509612.7251703529},"point_estimate":507611.0872425004,"standard_error":946.0138135213425},"StdDev":{"confidence_interval":{"confidence_level":0.95,"lower_bound":11581.019657940382,"upper_bound":23865.08570301416},"point_estimate":17415.78607662483,"standard_error":3455.3281453391646}}