{"Mean":{"confidence_interval":{"confidence_level":0.95,"lower_bound":503181.87812526815,"upper_bound":505473.7818018018},"point_estimate":504263.36685542687,"standard_error":586.9938133205729},"Median":{"confidence_interval":{"confidence_level":0.95,"lower_bound":502549.6402831403,"upper_bound":505475.93918918923},"point_estimate":504215.4135135135,"standard_error":775.7037898804127},"MedianAbsDev":{"confidence_interval":{"confidence_level":0.95,"lower_bound":332.3828859909767,"upper_bound":3233.9712804233754},"point_estimate":2169.373005539974,"standard_error":788.242127129817},"Slope":{"confidence_interval":{"confidence_level":0.95,"lower_bound":502569.19708115765,"upper_bound":504810.2830391634},"point_estimate":503466.996981397,"standard_error":572.5224912361784},"StdDev":{"confidence_interval":{"confidence_level":0.95,"lower_bound":995.4285825032733,"upper_bound":2578.9557741996664},"point_estimate":1955.0066827013175,"standard_error":435.72745798846245}}