{"Mean":{"confidence_interval":{"confidence_level":0.95,"lower_bound":431072.8281356316,"upper_bound":433451.92020904506},"point_estimate":432238.27502713056,"standard_error":607.2395231374107},"Median":{"confidence_interval":{"confidence_level":0.95,"lower_bound":430269.4114583334,"upper_bound":432205.4116424116},"point_estimate":431074.5230936819,"standard_error":485.0077488771588},"MedianAbsDev":{"confidence_interval":{"confidence_level":0.95,"lower_bound":3825.9094722939208,"upper_bound":6684.542408987097},"point_estimate":5438.880889606566,"standard_error":768.3666784581218},"Slope":{"confidence_interval":{"confidence_level":0.95,"lower_bound":430591.8574109186,"upper_bound":432899.2681193531},"point_estimate":431706.51479927095,"standard_error":587.4609670038078},"StdDev":{"confidence_interval":{"confidence_level":0.95,"lower_bound":4871.55108696026,"upper_bound":7325.542030420176},"point_estimate":6131.842838806775,"standard_error":628.9257862555638}}