{"Mean":{"confidence_interval":{"confidence_level":0.95,"lower_bound":37.390565083373914,"upper_bound":37.599737678045244},"point_estimate":37.47918707006976,"standard_error":0.05407293024797729},"Median":{"confidence_interval":{"confidence_level":0.95,"lower_bound":37.34984970742483,"upper_bound":37.435828770508856},"point_estimate":37.39204356465525,"standard_error":0.02485278761969263},"MedianAbsDev":{"confidence_interval":{"confidence_level":0.95,"lower_bound":0.16446519785914093,"upper_bound":0.3110544814479525},"point_estimate":0.23506548184486217,"standard_error":0.038720753164111575},"Slope":{"confidence_interval":{"confidence_level":0.95,"lower_bound":37.35857984900489,"upper_bound":37.442558489822716},"point_estimate":37.40031132073165,"standard_error":0.021473213401321765},"StdDev":{"confidence_interval":{"confidence_level":0.95,"lower_bound":0.2342950950633319,"upper_bound":0.8476260727949111},"point_estimate":0.5434367046576238,"standard_error":0.18631009981291385}}