{"Mean":{"confidence_interval":{"confidence_level":0.95,"lower_bound":37.31996231917173,"upper_bound":37.437378890983474},"point_estimate":37.3770605731553,"standard_error":0.02987070886940455},"Median":{"confidence_interval":{"confidence_level":0.95,"lower_bound":37.235624605040314,"upper_bound":37.37731356097455},"point_estimate":37.30444302039054,"standard_error":0.03520897880504376},"MedianAbsDev":{"confidence_interval":{"confidence_level":0.95,"lower_bound":0.19174253430630642,"upper_bound":0.3137095979142519},"point_estimate":0.2550133741205802,"standard_error":0.03117875518761311},"Slope":{"confidence_interval":{"confidence_level":0.95,"lower_bound":37.30337571299121,"upper_bound":37.44398497776672},"point_estimate":37.372000219887774,"standard_error":0.035963452804871496},"StdDev":{"confidence_interval":{"confidence_level":0.95,"lower_bound":0.24101053233558395,"upper_bound":0.35221646794140793},"point_estimate":0.2999825393290415,"standard_error":0.028457272841558617}}