{"Mean":{"confidence_interval":{"confidence_level":0.95,"lower_bound":2893.8160766344677,"upper_bound":2923.949187405749},"point_estimate":2906.4555425558715,"standard_error":7.820066031498674},"Median":{"confidence_interval":{"confidence_level":0.95,"lower_bound":2880.355682928997,"upper_bound":2894.546476537829},"point_estimate":2884.6152936140106,"standard_error":4.156850741932615},"MedianAbsDev":{"confidence_interval":{"confidence_level":0.95,"lower_bound":17.409965669552424,"upper_bound":36.03068622598956},"point_estimate":26.76730931828463,"standard_error":5.158770336970913},"Slope":{"confidence_interval":{"confidence_level":0.95,"lower_bound":2894.7414855649868,"upper_bound":2910.5207429109537},"point_estimate":2902.4553833919745,"standard_error":4.027600635001176},"StdDev":{"confidence_interval":{"confidence_level":0.95,"lower_bound":32.3334903884556,"upper_bound":123.75830932838713},"point_estimate":78.68266400561569,"standard_error":28.012697518553914}}