{"Mean":{"confidence_interval":{"confidence_level":0.95,"lower_bound":2892.027673701558,"upper_bound":2900.4199528442537},"point_estimate":2896.104658973036,"standard_error":2.1532880480039727},"Median":{"confidence_interval":{"confidence_level":0.95,"lower_bound":2890.014663691425,"upper_bound":2903.182835688733},"point_estimate":2893.735280522793,"standard_error":3.7712055528468764},"MedianAbsDev":{"confidence_interval":{"confidence_level":0.95,"lower_bound":0.9435463651424318,"upper_bound":11.536147259329912},"point_estimate":7.880772684442762,"standard_error":2.8502418580132716},"Slope":{"confidence_interval":{"confidence_level":0.95,"lower_bound":2891.3097978761557,"upper_bound":2903.9062647478377},"point_estimate":2899.049502171402,"standard_error":3.085348355599038},"StdDev":{"confidence_interval":{"confidence_level":0.95,"lower_bound":4.2963740540394895,"upper_bound":8.434702415687944},"point_estimate":7.180913053917024,"standard_error":1.051467048932099}}