{"Mean":{"confidence_interval":{"confidence_level":0.95,"lower_bound":2735.6587699758306,"upper_bound":2771.3549405686176},"point_estimate":2752.499023684143,"standard_error":9.174166332967328},"Median":{"confidence_interval":{"confidence_level":0.95,"lower_bound":2714.2978174603177,"upper_bound":2722.5277430555557},"point_estimate":2718.6611693861696,"standard_error":2.1868442958712495},"MedianAbsDev":{"confidence_interval":{"confidence_level":0.95,"lower_bound":10.025509432946334,"upper_bound":17.407159199504544},"point_estimate":12.745879472048488,"standard_error":1.9305677030112136},"Slope":{"confidence_interval":{"confidence_level":0.95,"lower_bound":2739.4719311441086,"upper_bound":2791.649633062372},"point_estimate":2763.441154031821,"standard_error":13.398955041051465},"StdDev":{"confidence_interval":{"confidence_level":0.95,"lower_bound":63.79409360797586,"upper_bound":115.32912709182278},"point_estimate":92.35254701596018,"standard_error":13.182007078676847}}