{"Mean":{"confidence_interval":{"confidence_level":0.95,"lower_bound":133.07271579257326,"upper_bound":135.43524194339474},"point_estimate":134.15007373368172,"standard_error":0.6057575881970619},"Median":{"confidence_interval":{"confidence_level":0.95,"lower_bound":132.0237135701275,"upper_bound":132.19971958584986},"point_estimate":132.07995909771012,"standard_error":0.04350166012694761},"MedianAbsDev":{"confidence_interval":{"confidence_level":0.95,"lower_bound":0.3371431749400374,"upper_bound":0.6368698488142156},"point_estimate":0.49060341185357753,"standard_error":0.07984791284854688},"Slope":{"confidence_interval":{"confidence_level":0.95,"lower_bound":133.29583463580326,"upper_bound":136.31293573198832},"point_estimate":134.64886516694244,"standard_error":0.772697510486175},"StdDev":{"confidence_interval":{"confidence_level":0.95,"lower_bound":3.4889003295566203,"upper_bound":8.196464747292508},"point_estimate":6.097292083938125,"standard_error":1.1970584071683916}}