{"Mean":{"confidence_interval":{"confidence_level":0.95,"lower_bound":139.07120015461047,"upper_bound":140.26291601770785},"point_estimate":139.5648931552866,"standard_error":0.3101197022706749},"Median":{"confidence_interval":{"confidence_level":0.95,"lower_bound":138.5266421396387,"upper_bound":139.1652557795917},"point_estimate":138.94201878588217,"standard_error":0.14378759745405936},"MedianAbsDev":{"confidence_interval":{"confidence_level":0.95,"lower_bound":0.8343723059934655,"upper_bound":1.5935763183984364},"point_estimate":1.3229893578937724,"standard_error":0.19216366270453064},"Slope":{"confidence_interval":{"confidence_level":0.95,"lower_bound":138.95561003991224,"upper_bound":139.53732428539695},"point_estimate":139.24163174456336,"standard_error":0.14815881369705147},"StdDev":{"confidence_interval":{"confidence_level":0.95,"lower_bound":1.2217193297112714,"upper_bound":4.964196964589308},"point_estimate":3.120100056621901,"standard_error":1.1886437270689971}}