{"Mean":{"confidence_interval":{"confidence_level":0.95,"lower_bound":2573.167539139569,"upper_bound":2582.7153526603875},"point_estimate":2577.8337137004555,"standard_error":2.449936292977593},"Median":{"confidence_interval":{"confidence_level":0.95,"lower_bound":2570.868467604433,"upper_bound":2585.572605853936},"point_estimate":2576.675070450886,"standard_error":4.203717375415711},"MedianAbsDev":{"confidence_interval":{"confidence_level":0.95,"lower_bound":1.6313550136633113,"upper_bound":13.338186016396806},"point_estimate":9.350729710732208,"standard_error":3.0643760157689104},"Slope":{"confidence_interval":{"confidence_level":0.95,"lower_bound":2571.906421160915,"upper_bound":2580.6743622790646},"point_estimate":2575.9941914578744,"standard_error":2.2848528964290438},"StdDev":{"confidence_interval":{"confidence_level":0.95,"lower_bound":4.949448319221124,"upper_bound":9.872790868651684},"point_estimate":8.161851768892195,"standard_error":1.2608144125546503}}