{"Mean":{"confidence_interval":{"confidence_level":0.95,"lower_bound":-0.01671289558121254,"upper_bound":-0.009210225643994787},"point_estimate":-0.012625111006427492,"standard_error":0.0019201063731147127},"Median":{"confidence_interval":{"confidence_level":0.95,"lower_bound":-0.01509649134031088,"upper_bound":-0.00930655719018314},"point_estimate":-0.013047557787503994,"standard_error":0.001515931305385083}}