{"Mean":{"confidence_interval":{"confidence_level":0.95,"lower_bound":-0.020258411402518172,"upper_bound":0.004792675929726708},"point_estimate":-0.0058648713667504015,"standard_error":0.0064942961111819734},"Median":{"confidence_interval":{"confidence_level":0.95,"lower_bound":-0.002812157010985583,"upper_bound":0.004330037861075361},"point_estimate":0.0007172069234391287,"standard_error":0.0018966133443184862}}