{"Mean":{"confidence_interval":{"confidence_level":0.95,"lower_bound":0.0075113082370954045,"upper_bound":0.03220452707608983},"point_estimate":0.017976420171357033,"standard_error":0.006493329517960888},"Median":{"confidence_interval":{"confidence_level":0.95,"lower_bound":0.006180493954189403,"upper_bound":0.012285876437061733},"point_estimate":0.010093372204405426,"standard_error":0.0016662504335300241}}