{"Mean":{"confidence_interval":{"confidence_level":0.95,"lower_bound":0.09291368409892091,"upper_bound":0.10608540866627457},"point_estimate":0.0996662558887349,"standard_error":0.003399332498318366},"Median":{"confidence_interval":{"confidence_level":0.95,"lower_bound":0.09211031271151304,"upper_bound":0.10770504256698121},"point_estimate":0.09932514284491067,"standard_error":0.0034560101430769702}}