{"Mean":{"confidence_interval":{"confidence_level":0.95,"lower_bound":0.015472293622626932,"upper_bound":0.024927113274073834},"point_estimate":0.019741762303158383,"standard_error":0.0023968314593412338},"Median":{"confidence_interval":{"confidence_level":0.95,"lower_bound":0.012237520494912633,"upper_bound":0.022733249330148864},"point_estimate":0.01623787206823346,"standard_error":0.0025394196281190878}}