{"Mean":{"confidence_interval":{"confidence_level":0.95,"lower_bound":-0.17034347284876633,"upper_bound":-0.1583042760656338},"point_estimate":-0.16460548433364797,"standard_error":0.003064290186797327},"Median":{"confidence_interval":{"confidence_level":0.95,"lower_bound":-0.17061338465687692,"upper_bound":-0.15983544308342812},"point_estimate":-0.16469972187233217,"standard_error":0.002544629596257217}}