{"Mean":{"confidence_interval":{"confidence_level":0.95,"lower_bound":185197.5542401607,"upper_bound":186325.89503028884},"point_estimate":185725.09402520192,"standard_error":287.672445056336},"Median":{"confidence_interval":{"confidence_level":0.95,"lower_bound":184134.3043478261,"upper_bound":185570.1884920635},"point_estimate":185153.19878472222,"standard_error":421.21930498206643},"MedianAbsDev":{"confidence_interval":{"confidence_level":0.95,"lower_bound":1317.1764272325836,"upper_bound":2846.6784858890896},"point_estimate":2272.4887642341673,"standard_error":427.03935552821343},"Slope":{"confidence_interval":{"confidence_level":0.95,"lower_bound":185410.56843731971,"upper_bound":186432.3448946349},"point_estimate":185918.18764937687,"standard_error":260.3282173089099},"StdDev":{"confidence_interval":{"confidence_level":0.95,"lower_bound":2025.6551496265722,"upper_bound":3882.4272022496107},"point_estimate":2897.5543697745043,"standard_error":515.9398141611078}}