{"Mean":{"confidence_interval":{"confidence_level":0.95,"lower_bound":-0.21623167735490573,"upper_bound":-0.20786405873603975},"point_estimate":-0.212126546507155,"standard_error":0.0021409770394431623},"Median":{"confidence_interval":{"confidence_level":0.95,"lower_bound":-0.21766913440324287,"upper_bound":-0.20636621908410702},"point_estimate":-0.21240140107317984,"standard_error":0.002939498404947465}}