{"Mean":{"confidence_interval":{"confidence_level":0.95,"lower_bound":0.01445509797071568,"upper_bound":0.022326555044889743},"point_estimate":0.018193650725512045,"standard_error":0.0019689129793651434},"Median":{"confidence_interval":{"confidence_level":0.95,"lower_bound":0.013616386778621438,"upper_bound":0.020872188164477334},"point_estimate":0.017279131412674786,"standard_error":0.0018444493519482069}}