{"Mean":{"confidence_interval":{"confidence_level":0.95,"lower_bound":0.10320217839794224,"upper_bound":0.11530243908009576},"point_estimate":0.10949232133042286,"standard_error":0.0030729862608418327},"Median":{"confidence_interval":{"confidence_level":0.95,"lower_bound":0.10165266596282696,"upper_bound":0.11542392137988022},"point_estimate":0.10810430743939192,"standard_error":0.00365111896817857}}