{"Mean":{"confidence_interval":{"confidence_level":0.95,"lower_bound":0.0014987927103543137,"upper_bound":0.00630312315992024},"point_estimate":0.003891480079065923,"standard_error":0.0012201101917858385},"Median":{"confidence_interval":{"confidence_level":0.95,"lower_bound":0.0017149316608899845,"upper_bound":0.005218528424768554},"point_estimate":0.003309443976500237,"standard_error":0.0009169065323288658}}