{"Mean":{"confidence_interval":{"confidence_level":0.95,"lower_bound":-0.002307662014963399,"upper_bound":0.003641820394008226},"point_estimate":0.0007543039233037785,"standard_error":0.001513213140785417},"Median":{"confidence_interval":{"confidence_level":0.95,"lower_bound":-0.0022333438765809177,"upper_bound":0.005703718515003509},"point_estimate":0.0015099186125404618,"standard_error":0.0020495712082318077}}