{"Mean":{"confidence_interval":{"confidence_level":0.95,"lower_bound":-0.0018813041910923087,"upper_bound":0.002688911100935598},"point_estimate":0.0004450553431887272,"standard_error":0.0011623900806280822},"Median":{"confidence_interval":{"confidence_level":0.95,"lower_bound":-0.0017264337241195138,"upper_bound":0.0032589588452704987},"point_estimate":0.0009431439131570851,"standard_error":0.0013416113300462565}}