{"Mean":{"confidence_interval":{"confidence_level":0.95,"lower_bound":-0.0019923719469498026,"upper_bound":0.003810739991809425},"point_estimate":0.0009901491600701195,"standard_error":0.0014762383414245654},"Median":{"confidence_interval":{"confidence_level":0.95,"lower_bound":-0.0027390757180467684,"upper_bound":0.00436961996644692},"point_estimate":0.0007860113256650259,"standard_error":0.0018510736363400622}}