{"Mean":{"confidence_interval":{"confidence_level":0.95,"lower_bound":172.70060475009237,"upper_bound":173.52065737609553},"point_estimate":173.07243941316173,"standard_error":0.20964781662831472},"Median":{"confidence_interval":{"confidence_level":0.95,"lower_bound":172.14084082176993,"upper_bound":172.8399142223558},"point_estimate":172.4716794737455,"standard_error":0.15094042069211377},"MedianAbsDev":{"confidence_interval":{"confidence_level":0.95,"lower_bound":0.685340743462668,"upper_bound":1.4515131293587114},"point_estimate":1.1053632785924643,"standard_error":0.1686701082618334},"Slope":{"confidence_interval":{"confidence_level":0.95,"lower_bound":172.24546053675715,"upper_bound":172.8739708276944},"point_estimate":172.53100381951594,"standard_error":0.16127031057613442},"StdDev":{"confidence_interval":{"confidence_level":0.95,"lower_bound":1.2193376891848393,"upper_bound":3.0066898982248547},"point_estimate":2.110763734536368,"standard_error":0.4826500114379538}}