{"Mean":{"confidence_interval":{"confidence_level":0.95,"lower_bound":139.2109689295352,"upper_bound":140.12718104093318},"point_estimate":139.61245360569504,"standard_error":0.23572884407441885},"Median":{"confidence_interval":{"confidence_level":0.95,"lower_bound":138.77177953944704,"upper_bound":139.5563584221354},"point_estimate":139.10226581004457,"standard_error":0.2137836835894033},"MedianAbsDev":{"confidence_interval":{"confidence_level":0.95,"lower_bound":1.0647715955497263,"upper_bound":1.7058509242046087},"point_estimate":1.3878454608655761,"standard_error":0.17290374604985614},"Slope":{"confidence_interval":{"confidence_level":0.95,"lower_bound":138.99697398520883,"upper_bound":139.5258306170653},"point_estimate":139.25718906149552,"standard_error":0.1352525784490795},"StdDev":{"confidence_interval":{"confidence_level":0.95,"lower_bound":1.1702575395321413,"upper_bound":3.595077982999669},"point_estimate":2.374714396446814,"standard_error":0.7123724716713637}}