{"Mean":{"confidence_interval":{"confidence_level":0.95,"lower_bound":134.35399032040365,"upper_bound":138.262012917159},"point_estimate":136.06685390909814,"standard_error":1.0069362995142883},"Median":{"confidence_interval":{"confidence_level":0.95,"lower_bound":132.5672459286745,"upper_bound":133.16972303206998},"point_estimate":132.7730037014806,"standard_error":0.14591912567678642},"MedianAbsDev":{"confidence_interval":{"confidence_level":0.95,"lower_bound":0.5640851428676851,"upper_bound":1.3238967691371657},"point_estimate":0.8519327080712075,"standard_error":0.1824951213425592},"Slope":{"confidence_interval":{"confidence_level":0.95,"lower_bound":134.15219975116335,"upper_bound":138.80467358974641},"point_estimate":136.06863190734546,"standard_error":1.2152321306574116},"StdDev":{"confidence_interval":{"confidence_level":0.95,"lower_bound":4.319403334269246,"upper_bound":15.221196677612095},"point_estimate":10.145410127409631,"standard_error":2.8900815779281563}}