{"Mean":{"confidence_interval":{"confidence_level":0.95,"lower_bound":808424.0266621377,"upper_bound":811769.0305632763},"point_estimate":810026.670926501,"standard_error":859.8044729598571},"Median":{"confidence_interval":{"confidence_level":0.95,"lower_bound":807202.6086956522,"upper_bound":812038.0144927537},"point_estimate":809746.4811594202,"standard_error":1043.2891470121033},"MedianAbsDev":{"confidence_interval":{"confidence_level":0.95,"lower_bound":273.7306604663978,"upper_bound":4687.308306457537},"point_estimate":3522.456787898835,"standard_error":1193.7970140791585},"Slope":{"confidence_interval":{"confidence_level":0.95,"lower_bound":807323.28125,"upper_bound":810657.536109697},"point_estimate":808854.3552795032,"standard_error":868.7171159512033},"StdDev":{"confidence_interval":{"confidence_level":0.95,"lower_bound":1490.4647615060007,"upper_bound":3775.7401681765386},"point_estimate":2864.9538456389655,"standard_error":616.543834381088}}