{"Mean":{"confidence_interval":{"confidence_level":0.95,"lower_bound":692872.3961968564,"upper_bound":697193.3703683416},"point_estimate":694944.6184619946,"standard_error":1105.3483205086618},"Median":{"confidence_interval":{"confidence_level":0.95,"lower_bound":690628.4377980921,"upper_bound":695116.4730434783},"point_estimate":693149.4365079366,"standard_error":1377.35876073053},"MedianAbsDev":{"confidence_interval":{"confidence_level":0.95,"lower_bound":6083.344613966983,"upper_bound":10003.757823329228},"point_estimate":8132.544154695387,"standard_error":1026.429728561163},"Slope":{"confidence_interval":{"confidence_level":0.95,"lower_bound":691844.467997628,"upper_bound":696311.8936174847},"point_estimate":693932.3118442441,"standard_error":1141.7912762127082},"StdDev":{"confidence_interval":{"confidence_level":0.95,"lower_bound":8258.443223961982,"upper_bound":13728.340209904485},"point_estimate":11117.277737140712,"standard_error":1401.0819466181542}}