{"Mean":{"confidence_interval":{"confidence_level":0.95,"lower_bound":815075.4524657269,"upper_bound":819635.559486027},"point_estimate":817272.885532732,"standard_error":1165.222165246622},"Median":{"confidence_interval":{"confidence_level":0.95,"lower_bound":811445.09375,"upper_bound":817379.2898550725},"point_estimate":813984.251717033,"standard_error":1381.544332480596},"MedianAbsDev":{"confidence_interval":{"confidence_level":0.95,"lower_bound":7214.599163581937,"upper_bound":11922.179086726073},"point_estimate":9587.95814677632,"standard_error":1209.261002331084},"Slope":{"confidence_interval":{"confidence_level":0.95,"lower_bound":814107.4962656982,"upper_bound":818187.2496629856},"point_estimate":816105.2675676075,"standard_error":1044.329156474622},"StdDev":{"confidence_interval":{"confidence_level":0.95,"lower_bound":9120.95430568009,"upper_bound":14361.405199807403},"point_estimate":11726.64053523334,"standard_error":1353.0037510286108}}