{"Mean":{"confidence_interval":{"confidence_level":0.95,"lower_bound":271781.34491796966,"upper_bound":274405.1599273425},"point_estimate":273008.44345475006,"standard_error":677.4346949931598},"Median":{"confidence_interval":{"confidence_level":0.95,"lower_bound":271252.62686567166,"upper_bound":274838.5049751244},"point_estimate":271794.9534470505,"standard_error":1048.9782724728461},"MedianAbsDev":{"confidence_interval":{"confidence_level":0.95,"lower_bound":141.08241863963553,"upper_bound":3684.6691632780835},"point_estimate":974.6451884179876,"standard_error":1050.7605965376122},"Slope":{"confidence_interval":{"confidence_level":0.95,"lower_bound":271383.3994236468,"upper_bound":273706.0353722716},"point_estimate":272127.4320217096,"standard_error":604.6309862432116},"StdDev":{"confidence_interval":{"confidence_level":0.95,"lower_bound":1034.402083252907,"upper_bound":2769.4941613535943},"point_estimate":2261.4053193840236,"standard_error":446.1405488697036}}