{"Mean":{"confidence_interval":{"confidence_level":0.95,"lower_bound":-0.002370923652959392,"upper_bound":0.004559643131953727},"point_estimate":0.0011466263046004954,"standard_error":0.0017686989416224996},"Median":{"confidence_interval":{"confidence_level":0.95,"lower_bound":-0.0012802504753818278,"upper_bound":0.00400742756108774},"point_estimate":0.0021068613542953862,"standard_error":0.0012840172010113796}}