{"Mean":{"confidence_interval":{"confidence_level":0.95,"lower_bound":-0.006934442886424829,"upper_bound":0.0010528610992471907},"point_estimate":-0.002747491785606182,"standard_error":0.002026033632081438},"Median":{"confidence_interval":{"confidence_level":0.95,"lower_bound":-0.005202502427961608,"upper_bound":0.0007409839084745045},"point_estimate":-0.0027367726816657223,"standard_error":0.001540546288980324}}