{"Mean":{"confidence_interval":{"confidence_level":0.95,"lower_bound":-0.005063535851243294,"upper_bound":0.0011564281073522193},"point_estimate":-0.0020825894160244607,"standard_error":0.0015790934416746525},"Median":{"confidence_interval":{"confidence_level":0.95,"lower_bound":-0.006539601614506174,"upper_bound":0.0014082388782974409},"point_estimate":-0.0022236105986962462,"standard_error":0.0021612675774008825}}