{"Mean":{"confidence_interval":{"confidence_level":0.95,"lower_bound":0.006510449698991025,"upper_bound":0.01735786189201237},"point_estimate":0.012274447188093784,"standard_error":0.002742049694908521},"Median":{"confidence_interval":{"confidence_level":0.95,"lower_bound":0.009842980583170492,"upper_bound":0.016896065938787563},"point_estimate":0.012963496318996626,"standard_error":0.001828851303527018}}