{"Mean":{"confidence_interval":{"confidence_level":0.95,"lower_bound":0.0007090238838143305,"upper_bound":0.003799039073185928},"point_estimate":0.0023034652061253436,"standard_error":0.0007861013106259789},"Median":{"confidence_interval":{"confidence_level":0.95,"lower_bound":0.00035391299962794776,"upper_bound":0.00457626727797944},"point_estimate":0.0032450715549738884,"standard_error":0.0010946926434337433}}