{"Mean":{"confidence_interval":{"confidence_level":0.95,"lower_bound":-0.018935669195836814,"upper_bound":-0.00600914570318344},"point_estimate":-0.01225705075967598,"standard_error":0.003284480752037562},"Median":{"confidence_interval":{"confidence_level":0.95,"lower_bound":-0.015792509280604383,"upper_bound":-0.008697381822415196},"point_estimate":-0.011938184024904541,"standard_error":0.0018424562166963682}}