{"Mean":{"confidence_interval":{"confidence_level":0.95,"lower_bound":0.01026097844842086,"upper_bound":0.018539078819679332},"point_estimate":0.014270986723954993,"standard_error":0.002064817820080156},"Median":{"confidence_interval":{"confidence_level":0.95,"lower_bound":0.010178224552897408,"upper_bound":0.018567936119092243},"point_estimate":0.015233944122485799,"standard_error":0.0022312926466407663}}