{"Mean":{"confidence_interval":{"confidence_level":0.95,"lower_bound":-0.046818658387685556,"upper_bound":-0.03927520746195},"point_estimate":-0.04297832604583951,"standard_error":0.0019096757318100561},"Median":{"confidence_interval":{"confidence_level":0.95,"lower_bound":-0.04791809525794888,"upper_bound":-0.039840703304242275},"point_estimate":-0.04500028081468621,"standard_error":0.00216696463888725}}