{"Mean":{"confidence_interval":{"confidence_level":0.95,"lower_bound":-0.019558129378253974,"upper_bound":-0.01517439565613738},"point_estimate":-0.01742642230304714,"standard_error":0.0011029421747479414},"Median":{"confidence_interval":{"confidence_level":0.95,"lower_bound":-0.020006342836534685,"upper_bound":-0.013878521926450338},"point_estimate":-0.017313227151959154,"standard_error":0.0016402323808466614}}