{"Mean":{"confidence_interval":{"confidence_level":0.95,"lower_bound":126141.38342254664,"upper_bound":126564.91221298228},"point_estimate":126346.17992932451,"standard_error":108.54662721472033},"Median":{"confidence_interval":{"confidence_level":0.95,"lower_bound":126056.01508515814,"upper_bound":126682.69343065693},"point_estimate":126252.5003649635,"standard_error":154.40342074037963},"MedianAbsDev":{"confidence_interval":{"confidence_level":0.95,"lower_bound":55.88247565022211,"upper_bound":608.336320903045},"point_estimate":389.48237989795825,"standard_error":142.80345183858591},"Slope":{"confidence_interval":{"confidence_level":0.95,"lower_bound":126141.79912970241,"upper_bound":126669.02796503152},"point_estimate":126407.55387240497,"standard_error":133.933169112723},"StdDev":{"confidence_interval":{"confidence_level":0.95,"lower_bound":200.28489294129193,"upper_bound":439.0638220302373},"point_estimate":360.7909067484094,"standard_error":59.517684699706216}}