{"Mean":{"confidence_interval":{"confidence_level":0.95,"lower_bound":43770.445711077125,"upper_bound":44036.21841929843},"point_estimate":43888.67171906237,"standard_error":67.89408951861148},"Median":{"confidence_interval":{"confidence_level":0.95,"lower_bound":43657.59966946351,"upper_bound":43892.958933576694},"point_estimate":43764.534380510595,"standard_error":57.12905968803897},"MedianAbsDev":{"confidence_interval":{"confidence_level":0.95,"lower_bound":303.6090686049405,"upper_bound":485.95980616023314},"point_estimate":383.5680115078856,"standard_error":49.28484684906748},"Slope":{"confidence_interval":{"confidence_level":0.95,"lower_bound":43806.8392127836,"upper_bound":44151.33123872295},"point_estimate":43942.59871846107,"standard_error":90.84431735794267},"StdDev":{"confidence_interval":{"confidence_level":0.95,"lower_bound":346.38416355076265,"upper_bound":1012.5970483056919},"point_estimate":682.4107774810406,"standard_error":184.365076496105}}