{"Mean":{"confidence_interval":{"confidence_level":0.95,"lower_bound":54400.48149953204,"upper_bound":54791.69255743536},"point_estimate":54584.01626760779,"standard_error":100.51814094463404},"Median":{"confidence_interval":{"confidence_level":0.95,"lower_bound":54169.17956656347,"upper_bound":54479.759225650334},"point_estimate":54268.23713423243,"standard_error":87.98669870646715},"MedianAbsDev":{"confidence_interval":{"confidence_level":0.95,"lower_bound":431.6535789426876,"upper_bound":738.4648227402228},"point_estimate":569.1350156853047,"standard_error":82.68897052939565},"Slope":{"confidence_interval":{"confidence_level":0.95,"lower_bound":54320.39418845439,"upper_bound":54550.24470314186},"point_estimate":54431.73739852069,"standard_error":58.81098725042743},"StdDev":{"confidence_interval":{"confidence_level":0.95,"lower_bound":674.3012661407229,"upper_bound":1311.931065710209},"point_estimate":1012.4380597160277,"standard_error":163.37172131470427}}