{"Mean":{"confidence_interval":{"confidence_level":0.95,"lower_bound":735.0591083626676,"upper_bound":738.6598675062975},"point_estimate":736.5014021358061,"standard_error":0.95088224245647},"Median":{"confidence_interval":{"confidence_level":0.95,"lower_bound":734.4040540976728,"upper_bound":735.8869761648473},"point_estimate":735.3113226806508,"standard_error":0.4452389050862296},"MedianAbsDev":{"confidence_interval":{"confidence_level":0.95,"lower_bound":3.1313640490192216,"upper_bound":5.257218708598201},"point_estimate":3.912768038610917,"standard_error":0.5582612196372574},"Slope":{"confidence_interval":{"confidence_level":0.95,"lower_bound":735.0906096922002,"upper_bound":736.5761875928146},"point_estimate":735.8274225029124,"standard_error":0.37819651842038127},"StdDev":{"confidence_interval":{"confidence_level":0.95,"lower_bound":3.3951101658107867,"upper_bound":15.55123220078166},"point_estimate":9.561503568328817,"standard_error":4.068129417545411}}