{"Mean":{"confidence_interval":{"confidence_level":0.95,"lower_bound":662.8517286287989,"upper_bound":683.2092316574814},"point_estimate":672.4709117142504,"standard_error":5.200291693725537},"Median":{"confidence_interval":{"confidence_level":0.95,"lower_bound":649.2490753953231,"upper_bound":650.9907403777473},"point_estimate":650.0590519647242,"standard_error":0.4189088832999835},"MedianAbsDev":{"confidence_interval":{"confidence_level":0.95,"lower_bound":1.8699957347647735,"upper_bound":4.001143744390129},"point_estimate":2.6905187349481126,"standard_error":0.5642627600419622},"Slope":{"confidence_interval":{"confidence_level":0.95,"lower_bound":655.5695453828661,"upper_bound":667.5444678545282},"point_estimate":661.1490170522386,"standard_error":3.0698480302209954},"StdDev":{"confidence_interval":{"confidence_level":0.95,"lower_bound":37.381244768277924,"upper_bound":64.34772485589306},"point_estimate":52.49188669158879,"standard_error":6.867843142643339}}