{"Mean":{"confidence_interval":{"confidence_level":0.95,"lower_bound":757.5146361721428,"upper_bound":762.3807747918324},"point_estimate":759.6647537491448,"standard_error":1.2535355720307741},"Median":{"confidence_interval":{"confidence_level":0.95,"lower_bound":754.9514314928425,"upper_bound":757.7293589353712},"point_estimate":756.1047045562361,"standard_error":0.8217212705087563},"MedianAbsDev":{"confidence_interval":{"confidence_level":0.95,"lower_bound":3.978652597437365,"upper_bound":7.987380486962581},"point_estimate":5.826901098390873,"standard_error":0.9681028123259652},"Slope":{"confidence_interval":{"confidence_level":0.95,"lower_bound":758.1240768658762,"upper_bound":761.0910752715847},"point_estimate":759.574612586705,"standard_error":0.7558973338137359},"StdDev":{"confidence_interval":{"confidence_level":0.95,"lower_bound":6.358834833152522,"upper_bound":19.038204796345568},"point_estimate":12.686425884450188,"standard_error":3.6858404864368444}}