{"Mean":{"confidence_interval":{"confidence_level":0.95,"lower_bound":94.9912142788979,"upper_bound":97.53857287446266},"point_estimate":95.99550264310919,"standard_error":0.6708127209265926},"Median":{"confidence_interval":{"confidence_level":0.95,"lower_bound":94.57497318455084,"upper_bound":94.86740278653978},"point_estimate":94.72730799440097,"standard_error":0.07723041952897922},"MedianAbsDev":{"confidence_interval":{"confidence_level":0.95,"lower_bound":0.4369765925477563,"upper_bound":0.8427200458653996},"point_estimate":0.6099623328658043,"standard_error":0.10148132426138073},"Slope":{"confidence_interval":{"confidence_level":0.95,"lower_bound":94.83435775111555,"upper_bound":95.24700564619526},"point_estimate":95.03902965459366,"standard_error":0.10546908184790765},"StdDev":{"confidence_interval":{"confidence_level":0.95,"lower_bound":1.1977861058912354,"upper_bound":11.082184794881947},"point_estimate":6.753354372561057,"standard_error":2.90258666855369}}