{"Mean":{"confidence_interval":{"confidence_level":0.95,"lower_bound":437.18928611855625,"upper_bound":438.9335085550513},"point_estimate":438.01008685220677,"standard_error":0.4485540127134046},"Median":{"confidence_interval":{"confidence_level":0.95,"lower_bound":436.93717464828467,"upper_bound":439.29168171929064},"point_estimate":437.62052334963033,"standard_error":0.5967618702794364},"MedianAbsDev":{"confidence_interval":{"confidence_level":0.95,"lower_bound":0.11782961424686304,"upper_bound":2.4029122161967553},"point_estimate":1.143283076208032,"standard_error":0.6217396874480723},"Slope":{"confidence_interval":{"confidence_level":0.95,"lower_bound":437.12291419926873,"upper_bound":439.7490107915903},"point_estimate":438.4577492784906,"standard_error":0.706920530672207},"StdDev":{"confidence_interval":{"confidence_level":0.95,"lower_bound":0.6645177755771978,"upper_bound":1.9029303518795808},"point_estimate":1.5002479059228984,"standard_error":0.3132822290848492}}