{"Mean":{"confidence_interval":{"confidence_level":0.95,"lower_bound":122.23842067250702,"upper_bound":125.3701014342877},"point_estimate":123.62355738488947,"standard_error":0.8033451158198691},"Median":{"confidence_interval":{"confidence_level":0.95,"lower_bound":120.88669650030286,"upper_bound":121.17181851273168},"point_estimate":121.00272562838109,"standard_error":0.07653879449485612},"MedianAbsDev":{"confidence_interval":{"confidence_level":0.95,"lower_bound":0.2797233246633007,"upper_bound":0.6386916066152181},"point_estimate":0.42495190514886805,"standard_error":0.0886841630948328},"Slope":{"confidence_interval":{"confidence_level":0.95,"lower_bound":122.21224004716574,"upper_bound":124.76052454442859},"point_estimate":123.40674437476561,"standard_error":0.6508227644441239},"StdDev":{"confidence_interval":{"confidence_level":0.95,"lower_bound":3.9639822284595736,"upper_bound":11.958273717444891},"point_estimate":8.067057652674404,"standard_error":2.2059954807740194}}