{"Mean":{"confidence_interval":{"confidence_level":0.95,"lower_bound":104.17835752117627,"upper_bound":104.58683750259496},"point_estimate":104.37383317930086,"standard_error":0.10411985017366082},"Median":{"confidence_interval":{"confidence_level":0.95,"lower_bound":103.86799915046595,"upper_bound":104.25751620622803},"point_estimate":104.03823051335029,"standard_error":0.09752504879559547},"MedianAbsDev":{"confidence_interval":{"confidence_level":0.95,"lower_bound":0.467637879957839,"upper_bound":0.8234155389163934},"point_estimate":0.6995516004552366,"standard_error":0.09356263905709611},"Slope":{"confidence_interval":{"confidence_level":0.95,"lower_bound":104.01582556349278,"upper_bound":104.29304636817221},"point_estimate":104.15025700641729,"standard_error":0.0707140462270972},"StdDev":{"confidence_interval":{"confidence_level":0.95,"lower_bound":0.8002363297442666,"upper_bound":1.247558505214748},"point_estimate":1.0463234368949978,"standard_error":0.1142437815756941}}