{"Mean":{"confidence_interval":{"confidence_level":0.95,"lower_bound":121.98942574987545,"upper_bound":122.82523701458294},"point_estimate":122.31224450943041,"standard_error":0.2309598720138885},"Median":{"confidence_interval":{"confidence_level":0.95,"lower_bound":121.90996527730947,"upper_bound":122.3299259538999},"point_estimate":122.03046991560068,"standard_error":0.1325263156040965},"MedianAbsDev":{"confidence_interval":{"confidence_level":0.95,"lower_bound":0.021070540646890217,"upper_bound":0.515893728129155},"point_estimate":0.19973071420558414,"standard_error":0.13912270740136287},"Slope":{"confidence_interval":{"confidence_level":0.95,"lower_bound":121.92060841698645,"upper_bound":122.08896469137383},"point_estimate":121.96966709295182,"standard_error":0.044001725582488674},"StdDev":{"confidence_interval":{"confidence_level":0.95,"lower_bound":0.12812487144588589,"upper_bound":1.1771155688155055},"point_estimate":0.7715410040816244,"standard_error":0.3515792732074821}}