{"Mean":{"confidence_interval":{"confidence_level":0.95,"lower_bound":105.43950652217333,"upper_bound":106.60351684873355},"point_estimate":105.91641476772143,"standard_error":0.3042400608257135},"Median":{"confidence_interval":{"confidence_level":0.95,"lower_bound":105.01071267229136,"upper_bound":105.60471849218887},"point_estimate":105.3826541370505,"standard_error":0.13734591078053043},"MedianAbsDev":{"confidence_interval":{"confidence_level":0.95,"lower_bound":0.7476377517168885,"upper_bound":1.2466523992639789},"point_estimate":1.0546730203487056,"standard_error":0.12675254252253404},"Slope":{"confidence_interval":{"confidence_level":0.95,"lower_bound":105.46743739983816,"upper_bound":106.29722566473745},"point_estimate":105.83730045874361,"standard_error":0.21310281402278847},"StdDev":{"confidence_interval":{"confidence_level":0.95,"lower_bound":1.0454509299429224,"upper_bound":4.917977243654981},"point_estimate":3.0658048181142505,"standard_error":1.2063782718714144}}