{"Mean":{"confidence_interval":{"confidence_level":0.95,"lower_bound":32515758.60404936,"upper_bound":32729938.959983524},"point_estimate":32617271.763894778,"standard_error":54725.55224377485},"Median":{"confidence_interval":{"confidence_level":0.95,"lower_bound":32403956.019078948,"upper_bound":32654003.5},"point_estimate":32522269.207696825,"standard_error":66519.35595744729},"MedianAbsDev":{"confidence_interval":{"confidence_level":0.95,"lower_bound":359396.6586994034,"upper_bound":581863.929316969},"point_estimate":452029.6277466891,"standard_error":56689.523242906514},"Slope":{"confidence_interval":{"confidence_level":0.95,"lower_bound":32437555.6738352,"upper_bound":32724599.889815997},"point_estimate":32566431.010155164,"standard_error":73419.65441029996},"StdDev":{"confidence_interval":{"confidence_level":0.95,"lower_bound":400675.82470292033,"upper_bound":697184.8378912013},"point_estimate":549882.3026139301,"standard_error":76898.65449904413}}