{"Mean":{"confidence_interval":{"confidence_level":0.95,"lower_bound":1311821.4816938778,"upper_bound":1317736.064285714},"point_estimate":1314880.5746938777,"standard_error":1475.9685786476637},"Median":{"confidence_interval":{"confidence_level":0.95,"lower_bound":1313686.392857143,"upper_bound":1316606.107142857},"point_estimate":1314865.423469388,"standard_error":767.6698304715795},"MedianAbsDev":{"confidence_interval":{"confidence_level":0.95,"lower_bound":432.83447231552384,"upper_bound":7746.496612472103},"point_estimate":1801.2102037365262,"standard_error":1569.2641969250167},"Slope":{"confidence_interval":{"confidence_level":0.95,"lower_bound":1308330.810360566,"upper_bound":1319901.1822157435},"point_estimate":1313738.1474953617,"standard_error":3044.1372778550585},"StdDev":{"confidence_interval":{"confidence_level":0.95,"lower_bound":1042.6744486774392,"upper_bound":7043.27314452959},"point_estimate":4927.90828698062,"standard_error":1582.6990391021802}}