{"Mean":{"confidence_interval":{"confidence_level":0.95,"lower_bound":1374572.7088830196,"upper_bound":1404206.789180378},"point_estimate":1388912.6912439596,"standard_error":7598.166071488747},"Median":{"confidence_interval":{"confidence_level":0.95,"lower_bound":1353795.7244623657,"upper_bound":1384925.0975515463},"point_estimate":1366039.375701684,"standard_error":7517.504279995909},"MedianAbsDev":{"confidence_interval":{"confidence_level":0.95,"lower_bound":44538.564574180135,"upper_bound":79810.76763447563},"point_estimate":59400.67701566867,"standard_error":8747.100053109578},"Slope":{"confidence_interval":{"confidence_level":0.95,"lower_bound":1372011.1359162407,"upper_bound":1398701.8771476913},"point_estimate":1385276.199329097,"standard_error":6786.590434700302},"StdDev":{"confidence_interval":{"confidence_level":0.95,"lower_bound":61957.74368512056,"upper_bound":89231.72780031279},"point_estimate":76585.91839368704,"standard_error":6985.226875933819}}