{"Mean":{"confidence_interval":{"confidence_level":0.95,"lower_bound":1004.0901501175406,"upper_bound":1008.0028165597878},"point_estimate":1005.7155859585804,"standard_error":1.032558713828833},"Median":{"confidence_interval":{"confidence_level":0.95,"lower_bound":1004.1387272651888,"upper_bound":1006.1631447288407},"point_estimate":1004.7542871358285,"standard_error":0.5539160663999696},"MedianAbsDev":{"confidence_interval":{"confidence_level":0.95,"lower_bound":0.24667574773517253,"upper_bound":3.5236307062804775},"point_estimate":0.9594121826464795,"standard_error":0.8669865193075219},"Slope":{"confidence_interval":{"confidence_level":0.95,"lower_bound":1004.3906865516202,"upper_bound":1005.2001202426476},"point_estimate":1004.7706857794757,"standard_error":0.20376058031692307},"StdDev":{"confidence_interval":{"confidence_level":0.95,"lower_bound":0.7701177808469931,"upper_bound":5.078812006568792},"point_estimate":3.427727077066387,"standard_error":1.3334337303245247}}