{"Mean":{"confidence_interval":{"confidence_level":0.95,"lower_bound":875.60468143562,"upper_bound":878.8405689220798},"point_estimate":877.1175711271708,"standard_error":0.825451781346474},"Median":{"confidence_interval":{"confidence_level":0.95,"lower_bound":873.5577671400563,"upper_bound":876.6730772854909},"point_estimate":874.2083946485302,"standard_error":0.8455108477507278},"MedianAbsDev":{"confidence_interval":{"confidence_level":0.95,"lower_bound":4.179969499693483,"upper_bound":7.689880265012652},"point_estimate":5.100308547016626,"standard_error":0.9204305867422085},"Slope":{"confidence_interval":{"confidence_level":0.95,"lower_bound":874.4742995986218,"upper_bound":876.472285086325},"point_estimate":875.436541953258,"standard_error":0.5083734119539437},"StdDev":{"confidence_interval":{"confidence_level":0.95,"lower_bound":5.629706069782359,"upper_bound":10.983616416261993},"point_estimate":8.28380031422635,"standard_error":1.4059718044594418}}