{"Mean":{"confidence_interval":{"confidence_level":0.95,"lower_bound":50.86663706034434,"upper_bound":51.0493245798182},"point_estimate":50.95513125249969,"standard_error":0.04664674897211392},"Median":{"confidence_interval":{"confidence_level":0.95,"lower_bound":50.825211948784066,"upper_bound":51.03138305795969},"point_estimate":50.96557603696678,"standard_error":0.04709155460419702},"MedianAbsDev":{"confidence_interval":{"confidence_level":0.95,"lower_bound":0.021480333821481682,"upper_bound":0.26540846363713144},"point_estimate":0.11399499016374247,"standard_error":0.06732968607898766},"Slope":{"confidence_interval":{"confidence_level":0.95,"lower_bound":50.791513411099984,"upper_bound":50.99188249910909},"point_estimate":50.88934202843294,"standard_error":0.05419160129229252},"StdDev":{"confidence_interval":{"confidence_level":0.95,"lower_bound":0.07500204258824414,"upper_bound":0.20765439325526622},"point_estimate":0.1551790050298051,"standard_error":0.03508115286441313}}