{"Mean":{"confidence_interval":{"confidence_level":0.95,"lower_bound":129.12763081740343,"upper_bound":130.01168769475956},"point_estimate":129.49701838923016,"standard_error":0.22931141877699024},"Median":{"confidence_interval":{"confidence_level":0.95,"lower_bound":128.8738219895288,"upper_bound":129.28536466577378},"point_estimate":129.08644920422643,"standard_error":0.10949014107652244},"MedianAbsDev":{"confidence_interval":{"confidence_level":0.95,"lower_bound":0.7911869853444377,"upper_bound":1.2953614788899985},"point_estimate":1.0679603944675402,"standard_error":0.1305452533540854},"Slope":{"confidence_interval":{"confidence_level":0.95,"lower_bound":128.96335140314545,"upper_bound":129.51326202231385},"point_estimate":129.23013210630276,"standard_error":0.14046366735570068},"StdDev":{"confidence_interval":{"confidence_level":0.95,"lower_bound":1.0286010455241348,"upper_bound":3.6089708396026494},"point_estimate":2.2997513365524314,"standard_error":0.8370702080800173}}