{"Mean":{"confidence_interval":{"confidence_level":0.95,"lower_bound":127.14110082432754,"upper_bound":129.37653362987336},"point_estimate":128.22126739917596,"standard_error":0.5716875845638761},"Median":{"confidence_interval":{"confidence_level":0.95,"lower_bound":124.41451989603586,"upper_bound":126.72060810810811},"point_estimate":124.57936229793373,"standard_error":0.5586923362981053},"MedianAbsDev":{"confidence_interval":{"confidence_level":0.95,"lower_bound":0.7330266328058369,"upper_bound":4.14848526680607},"point_estimate":1.0582941996304942,"standard_error":0.8100969235098957},"Slope":{"confidence_interval":{"confidence_level":0.95,"lower_bound":125.4281678629651,"upper_bound":127.45730089683803},"point_estimate":126.37643261881654,"standard_error":0.5198441631273489},"StdDev":{"confidence_interval":{"confidence_level":0.95,"lower_bound":4.635668085030961,"upper_bound":6.787495862438364},"point_estimate":5.744825162972608,"standard_error":0.5506982280039718}}