{"Mean":{"confidence_interval":{"confidence_level":0.95,"lower_bound":5386.185831654905,"upper_bound":5416.005966057241},"point_estimate":5399.645597147057,"standard_error":7.641710087203201},"Median":{"confidence_interval":{"confidence_level":0.95,"lower_bound":5367.662361318099,"upper_bound":5400.217709885743},"point_estimate":5384.065629530501,"standard_error":8.58468080731761},"MedianAbsDev":{"confidence_interval":{"confidence_level":0.95,"lower_bound":39.39364166184252,"upper_bound":68.19357805049458},"point_estimate":53.67174215588761,"standard_error":7.275525403003415},"Slope":{"confidence_interval":{"confidence_level":0.95,"lower_bound":5379.78492776998,"upper_bound":5397.1838325439985},"point_estimate":5388.170677968702,"standard_error":4.444664011503093},"StdDev":{"confidence_interval":{"confidence_level":0.95,"lower_bound":45.520234214038034,"upper_bound":111.3065455825719},"point_estimate":76.98677060992375,"standard_error":19.20414925994873}}