{"Mean":{"confidence_interval":{"confidence_level":0.95,"lower_bound":3864.736903694213,"upper_bound":3879.812624741975},"point_estimate":3871.510309274681,"standard_error":3.8903215801946143},"Median":{"confidence_interval":{"confidence_level":0.95,"lower_bound":3860.571001494768,"upper_bound":3878.2534699978646},"point_estimate":3868.463992099082,"standard_error":4.462911758694534},"MedianAbsDev":{"confidence_interval":{"confidence_level":0.95,"lower_bound":0.7927620038626957,"upper_bound":19.104098472493398},"point_estimate":11.949643397717578,"standard_error":4.519399943386392},"Slope":{"confidence_interval":{"confidence_level":0.95,"lower_bound":3863.091607387055,"upper_bound":3873.7996110684353},"point_estimate":3868.126282685924,"standard_error":2.7293846127403634},"StdDev":{"confidence_interval":{"confidence_level":0.95,"lower_bound":5.091297057842954,"upper_bound":17.908280235386233},"point_estimate":12.955710235691724,"standard_error":3.63132958763755}}