{"Mean":{"confidence_interval":{"confidence_level":0.95,"lower_bound":5167.434049003464,"upper_bound":5262.631453649993},"point_estimate":5211.172564189186,"standard_error":24.333095561847667},"Median":{"confidence_interval":{"confidence_level":0.95,"lower_bound":5116.140310169761,"upper_bound":5132.037588449944},"point_estimate":5124.094400683406,"standard_error":4.194930642339552},"MedianAbsDev":{"confidence_interval":{"confidence_level":0.95,"lower_bound":17.93122204117868,"upper_bound":37.114728002565464},"point_estimate":24.12763760717086,"standard_error":5.00682275074292},"Slope":{"confidence_interval":{"confidence_level":0.95,"lower_bound":5172.045308244657,"upper_bound":5255.994937326644},"point_estimate":5211.94629958909,"standard_error":21.49126650708218},"StdDev":{"confidence_interval":{"confidence_level":0.95,"lower_bound":143.4219318357312,"upper_bound":328.2136189689259},"point_estimate":244.61774797160066,"standard_error":46.92347481666503}}