{"Mean":{"confidence_interval":{"confidence_level":0.95,"lower_bound":0.00021304737203210768,"upper_bound":0.03745799504328377},"point_estimate":0.015252289168956601,"standard_error":0.009279337831777179},"Median":{"confidence_interval":{"confidence_level":0.95,"lower_bound":-0.0040349808506365825,"upper_bound":0.018910837104859413},"point_estimate":0.005256463441576376,"standard_error":0.0059655215799828566}}