{"Mean":{"confidence_interval":{"confidence_level":0.95,"lower_bound":0.0012775518921017033,"upper_bound":0.013403276418325557},"point_estimate":0.007246080402349309,"standard_error":0.003084159332302638},"Median":{"confidence_interval":{"confidence_level":0.95,"lower_bound":0.00004208762372977598,"upper_bound":0.011867718489021017},"point_estimate":0.004978809909321313,"standard_error":0.0028564229276561324}}