{"Mean":{"confidence_interval":{"confidence_level":0.95,"lower_bound":15724.532193235766,"upper_bound":15808.166696076347},"point_estimate":15764.852807310503,"standard_error":21.416259930500953},"Median":{"confidence_interval":{"confidence_level":0.95,"lower_bound":15639.62226125423,"upper_bound":15745.09867523261},"point_estimate":15675.788240857502,"standard_error":24.218494589064715},"MedianAbsDev":{"confidence_interval":{"confidence_level":0.95,"lower_bound":87.19917373775112,"upper_bound":201.98535117569853},"point_estimate":141.69640185900695,"standard_error":29.020094901835396},"Slope":{"confidence_interval":{"confidence_level":0.95,"lower_bound":15720.512341106418,"upper_bound":15812.282498373761},"point_estimate":15765.445710838761,"standard_error":23.416055130857973},"StdDev":{"confidence_interval":{"confidence_level":0.95,"lower_bound":169.04178874408422,"upper_bound":256.0094150620636},"point_estimate":214.5727681421485,"standard_error":22.219161131199368}}