{"Mean":{"confidence_interval":{"confidence_level":0.95,"lower_bound":15652.86865316346,"upper_bound":15748.780755559903},"point_estimate":15697.11703174396,"standard_error":24.51321941416151},"Median":{"confidence_interval":{"confidence_level":0.95,"lower_bound":15597.305921052632,"upper_bound":15676.440625},"point_estimate":15648.930874693628,"standard_error":20.00054818758123},"MedianAbsDev":{"confidence_interval":{"confidence_level":0.95,"lower_bound":131.6451986378052,"upper_bound":227.8363738845312},"point_estimate":191.8611841874287,"standard_error":25.737978040310335},"Slope":{"confidence_interval":{"confidence_level":0.95,"lower_bound":15655.14034998217,"upper_bound":15749.327788759514},"point_estimate":15701.376983107359,"standard_error":24.0150943758288},"StdDev":{"confidence_interval":{"confidence_level":0.95,"lower_bound":161.8602848638454,"upper_bound":341.1543226004672},"point_estimate":246.62275561180542,"standard_error":50.84089934033651}}