{"Mean":{"confidence_interval":{"confidence_level":0.95,"lower_bound":-0.01661866372286043,"upper_bound":-0.005459155685402312},"point_estimate":-0.010915933232875097,"standard_error":0.0028376883968769685},"Median":{"confidence_interval":{"confidence_level":0.95,"lower_bound":-0.01793049466150365,"upper_bound":-0.00877018850530642},"point_estimate":-0.014899753592571785,"standard_error":0.0023549250124560717}}