{"Mean":{"confidence_interval":{"confidence_level":0.95,"lower_bound":0.00011058816950641504,"upper_bound":0.009559491635804605},"point_estimate":0.004891327924894773,"standard_error":0.002377885670452578},"Median":{"confidence_interval":{"confidence_level":0.95,"lower_bound":-0.003508504545609248,"upper_bound":0.005684488860539405},"point_estimate":0.001937344079302017,"standard_error":0.0023766711631571466}}