{"Mean":{"confidence_interval":{"confidence_level":0.95,"lower_bound":0.01485507924681991,"upper_bound":0.024167443056209933},"point_estimate":0.019849322731867902,"standard_error":0.0023768247754098245},"Median":{"confidence_interval":{"confidence_level":0.95,"lower_bound":0.017252087600490386,"upper_bound":0.026158432285727118},"point_estimate":0.021082520178364206,"standard_error":0.0022698205801297638}}