{"Mean":{"confidence_interval":{"confidence_level":0.95,"lower_bound":665.9987057889628,"upper_bound":669.2885158877219},"point_estimate":667.4410302400726,"standard_error":0.8462252554027714},"Median":{"confidence_interval":{"confidence_level":0.95,"lower_bound":664.2767255216694,"upper_bound":667.2186870505371},"point_estimate":665.5608166620991,"standard_error":0.7324359751009129},"MedianAbsDev":{"confidence_interval":{"confidence_level":0.95,"lower_bound":4.016752386336148,"upper_bound":6.44499424128931},"point_estimate":5.236858472586187,"standard_error":0.6189204264288186},"Slope":{"confidence_interval":{"confidence_level":0.95,"lower_bound":664.9857319849812,"upper_bound":666.5932612958873},"point_estimate":665.7752564284257,"standard_error":0.40977683880879767},"StdDev":{"confidence_interval":{"confidence_level":0.95,"lower_bound":4.690870009612324,"upper_bound":12.721117476995872},"point_estimate":8.50712903646923,"standard_error":2.5180015460681586}}