{"Mean":{"confidence_interval":{"confidence_level":0.95,"lower_bound":592.2151089095968,"upper_bound":596.2910589674296},"point_estimate":594.1234264512984,"standard_error":1.0416340731986027},"Median":{"confidence_interval":{"confidence_level":0.95,"lower_bound":591.1602138892649,"upper_bound":593.3033503966908},"point_estimate":592.2656302521009,"standard_error":0.6206083037858514},"MedianAbsDev":{"confidence_interval":{"confidence_level":0.95,"lower_bound":4.6698339817016015,"upper_bound":8.71390814525995},"point_estimate":5.90996701795092,"standard_error":0.9912869487721208},"Slope":{"confidence_interval":{"confidence_level":0.95,"lower_bound":591.5370029946957,"upper_bound":595.2417333627244},"point_estimate":593.3100955950298,"standard_error":0.9452021090431795},"StdDev":{"confidence_interval":{"confidence_level":0.95,"lower_bound":6.85814711826385,"upper_bound":14.362243422971682},"point_estimate":10.493832844857367,"standard_error":2.015677311549892}}