{"Mean":{"confidence_interval":{"confidence_level":0.95,"lower_bound":0.014480230762104302,"upper_bound":0.022037802323527384},"point_estimate":0.018462678743786265,"standard_error":0.0019468972489211837},"Median":{"confidence_interval":{"confidence_level":0.95,"lower_bound":0.013604517350902956,"upper_bound":0.024309302713796166},"point_estimate":0.019085435657437033,"standard_error":0.0028698159463414466}}