{"Mean":{"confidence_interval":{"confidence_level":0.95,"lower_bound":-0.04840277997197703,"upper_bound":-0.0404405917111269},"point_estimate":-0.044651572534566086,"standard_error":0.0020194230275994876},"Median":{"confidence_interval":{"confidence_level":0.95,"lower_bound":-0.04997542892835116,"upper_bound":-0.043126483785372094},"point_estimate":-0.04639453987616582,"standard_error":0.0017396732330154574}}