{"Mean":{"confidence_interval":{"confidence_level":0.95,"lower_bound":0.010038344189960496,"upper_bound":0.021650677123540924},"point_estimate":0.015641785347149773,"standard_error":0.0029709581156407094},"Median":{"confidence_interval":{"confidence_level":0.95,"lower_bound":0.008603303567516736,"upper_bound":0.0202008614973872},"point_estimate":0.013156384143039102,"standard_error":0.002935177027809527}}