{"Mean":{"confidence_interval":{"confidence_level":0.95,"lower_bound":-0.0149631457359963,"upper_bound":-0.002848655649982707},"point_estimate":-0.009027390027758542,"standard_error":0.0030708836502141134},"Median":{"confidence_interval":{"confidence_level":0.95,"lower_bound":-0.01504241663522865,"upper_bound":-0.002251845190815227},"point_estimate":-0.0076309319326786085,"standard_error":0.0032644726475810587}}