{"Mean":{"confidence_interval":{"confidence_level":0.95,"lower_bound":-0.002022694787854065,"upper_bound":0.006408572490227852},"point_estimate":0.002141253421760636,"standard_error":0.0021665410355101583},"Median":{"confidence_interval":{"confidence_level":0.95,"lower_bound":-0.003232581799247569,"upper_bound":0.0064001649506171265},"point_estimate":0.00025444641983396465,"standard_error":0.00248392501655518}}