{"Mean":{"confidence_interval":{"confidence_level":0.95,"lower_bound":-0.007834607285777789,"upper_bound":-0.0015306102374510395},"point_estimate":-0.0046384767395610815,"standard_error":0.001612243587192407},"Median":{"confidence_interval":{"confidence_level":0.95,"lower_bound":-0.008222218343156618,"upper_bound":-0.00036386237098307017},"point_estimate":-0.0026042995536736946,"standard_error":0.002148738008777603}}