{"Mean":{"confidence_interval":{"confidence_level":0.95,"lower_bound":-0.004128567099222438,"upper_bound":0.004612250593111583},"point_estimate":-0.00038559707942587007,"standard_error":0.0022449460582038617},"Median":{"confidence_interval":{"confidence_level":0.95,"lower_bound":-0.004074054504756952,"upper_bound":0.001276630050232845},"point_estimate":-0.001452742380605887,"standard_error":0.0013908410766799806}}