{"Mean":{"confidence_interval":{"confidence_level":0.95,"lower_bound":-0.0010739172181430997,"upper_bound":0.004054605507418785},"point_estimate":0.0013942589755178147,"standard_error":0.0012889546785565238},"Median":{"confidence_interval":{"confidence_level":0.95,"lower_bound":-0.00015431437918633772,"upper_bound":0.0049919013814571245},"point_estimate":0.0035568357180626453,"standard_error":0.0013097873852293024}}