{"Mean":{"confidence_interval":{"confidence_level":0.95,"lower_bound":0.0037522843691216905,"upper_bound":0.018627245904165514},"point_estimate":0.011607626437488916,"standard_error":0.0037838952412276995},"Median":{"confidence_interval":{"confidence_level":0.95,"lower_bound":0.006928787822031879,"upper_bound":0.01976971807095751},"point_estimate":0.013371775864267299,"standard_error":0.003264401968310528}}