{"Mean":{"confidence_interval":{"confidence_level":0.95,"lower_bound":0.00788749644491884,"upper_bound":0.014477635652153157},"point_estimate":0.01112074460786916,"standard_error":0.001675222072014775},"Median":{"confidence_interval":{"confidence_level":0.95,"lower_bound":0.004559908468171114,"upper_bound":0.011739947565999609},"point_estimate":0.008062118102970084,"standard_error":0.0018765820786607562}}