{"Mean":{"confidence_interval":{"confidence_level":0.95,"lower_bound":-0.643983993938773,"upper_bound":-0.6418693881226402},"point_estimate":-0.6428434140921275,"standard_error":0.0005409927139158928},"Median":{"confidence_interval":{"confidence_level":0.95,"lower_bound":-0.6432935277321539,"upper_bound":-0.6415951418091599},"point_estimate":-0.6424347707298521,"standard_error":0.0003735131120702558}}