{"Mean":{"confidence_interval":{"confidence_level":0.95,"lower_bound":0.3086588536960013,"upper_bound":0.3173803621532695},"point_estimate":0.3129641262379932,"standard_error":0.0022258814691579415},"Median":{"confidence_interval":{"confidence_level":0.95,"lower_bound":0.30994804513428864,"upper_bound":0.31643659496748966},"point_estimate":0.31304926404921996,"standard_error":0.0015131330101329796}}