{"Mean":{"confidence_interval":{"confidence_level":0.95,"lower_bound":0.008260071101784606,"upper_bound":0.013423974594447862},"point_estimate":0.010593049157773926,"standard_error":0.0012963480456070417},"Median":{"confidence_interval":{"confidence_level":0.95,"lower_bound":0.0060326934034824475,"upper_bound":0.010799577378075353},"point_estimate":0.008709215395197534,"standard_error":0.0012521199458554362}}