{"Mean":{"confidence_interval":{"confidence_level":0.95,"lower_bound":152981.00289935202,"upper_bound":153873.59737101986},"point_estimate":153417.61405014753,"standard_error":227.32737677311619},"Median":{"confidence_interval":{"confidence_level":0.95,"lower_bound":152617.05714285714,"upper_bound":153894.11420586647},"point_estimate":153298.1041666667,"standard_error":380.3674402183776},"MedianAbsDev":{"confidence_interval":{"confidence_level":0.95,"lower_bound":1679.344595006348,"upper_bound":2634.6908668612555},"point_estimate":1928.5784051082078,"standard_error":256.0992917885088},"Slope":{"confidence_interval":{"confidence_level":0.95,"lower_bound":152421.59753917818,"upper_bound":153426.6589870125},"point_estimate":152899.8707623129,"standard_error":256.5305255750794},"StdDev":{"confidence_interval":{"confidence_level":0.95,"lower_bound":1872.6781532953582,"upper_bound":2669.5624872807934},"point_estimate":2287.5452969659245,"standard_error":204.02014506405433}}