{"Mean":{"confidence_interval":{"confidence_level":0.95,"lower_bound":174654.41624908778,"upper_bound":175858.63411589313},"point_estimate":175200.3114423383,"standard_error":307.935473357023},"Median":{"confidence_interval":{"confidence_level":0.95,"lower_bound":174105.3387254902,"upper_bound":175006.3668067227},"point_estimate":174495.40041035353,"standard_error":246.226856291319},"MedianAbsDev":{"confidence_interval":{"confidence_level":0.95,"lower_bound":1366.886599681357,"upper_bound":2401.317380231379},"point_estimate":1713.0795358421833,"standard_error":250.32921232442914},"Slope":{"confidence_interval":{"confidence_level":0.95,"lower_bound":174165.5614546293,"upper_bound":174791.4183649551},"point_estimate":174471.19213043692,"standard_error":159.9248049994771},"StdDev":{"confidence_interval":{"confidence_level":0.95,"lower_bound":1743.1420492039424,"upper_bound":4428.570689074828},"point_estimate":3089.198792461711,"standard_error":725.6187701124085}}