{"Mean":{"confidence_interval":{"confidence_level":0.95,"lower_bound":17022712.380450927,"upper_bound":17045260.364765387},"point_estimate":17033796.561031245,"standard_error":5751.335105182922},"Median":{"confidence_interval":{"confidence_level":0.95,"lower_bound":17014595.36170213,"upper_bound":17036396.577487245},"point_estimate":17023838.596848935,"standard_error":5909.431348639478},"MedianAbsDev":{"confidence_interval":{"confidence_level":0.95,"lower_bound":38520.670327669584,"upper_bound":66975.02937218022},"point_estimate":49843.78743254597,"standard_error":7370.029459259246},"Slope":{"confidence_interval":{"confidence_level":0.95,"lower_bound":17038595.099570815,"upper_bound":17063092.628851213},"point_estimate":17050811.771254618,"standard_error":6263.546374076784},"StdDev":{"confidence_interval":{"confidence_level":0.95,"lower_bound":49072.1656573296,"upper_bound":65971.7305401333},"point_estimate":58040.86556752073,"standard_error":4327.875583216598}}