{"Mean":{"confidence_interval":{"confidence_level":0.95,"lower_bound":17580878.18188828,"upper_bound":17759819.293803047},"point_estimate":17660949.35948426,"standard_error":45957.406981685235},"Median":{"confidence_interval":{"confidence_level":0.95,"lower_bound":17564044.31707317,"upper_bound":17628546.618269812},"point_estimate":17602527.092686355,"standard_error":18979.226732873864},"MedianAbsDev":{"confidence_interval":{"confidence_level":0.95,"lower_bound":154572.21565667956,"upper_bound":244122.737977351},"point_estimate":205781.53671343764,"standard_error":22389.790240948416},"Slope":{"confidence_interval":{"confidence_level":0.95,"lower_bound":17587750.897202544,"upper_bound":17732770.43514609},"point_estimate":17645392.24954042,"standard_error":38139.66892570228},"StdDev":{"confidence_interval":{"confidence_level":0.95,"lower_bound":213918.0457893943,"upper_bound":658371.0291682994},"point_estimate":461191.7807024832,"standard_error":112961.02994186497}}