{"Mean":{"confidence_interval":{"confidence_level":0.95,"lower_bound":12529.746601215047,"upper_bound":13185.88990471922},"point_estimate":12846.210466748034,"standard_error":167.24640836737908},"Median":{"confidence_interval":{"confidence_level":0.95,"lower_bound":11774.58522183974,"upper_bound":11907.502074966533},"point_estimate":11797.157639649507,"standard_error":36.994096748606125},"MedianAbsDev":{"confidence_interval":{"confidence_level":0.95,"lower_bound":77.6363318605175,"upper_bound":283.59199396899294},"point_estimate":118.92309678518914,"standard_error":56.9460834886274},"Slope":{"confidence_interval":{"confidence_level":0.95,"lower_bound":12012.946115363993,"upper_bound":12311.981097429469},"point_estimate":12144.978547415612,"standard_error":76.13569667775693},"StdDev":{"confidence_interval":{"confidence_level":0.95,"lower_bound":1406.0799592558087,"upper_bound":1952.8235882340384},"point_estimate":1685.4048035489436,"standard_error":139.60342732186862}}