{"Mean":{"confidence_interval":{"confidence_level":0.95,"lower_bound":1190.9040921742032,"upper_bound":1200.927112501347},"point_estimate":1195.407012204628,"standard_error":2.5652693163979765},"Median":{"confidence_interval":{"confidence_level":0.95,"lower_bound":1182.451448388413,"upper_bound":1193.5767775675977},"point_estimate":1187.6807979250452,"standard_error":2.146397144010403},"MedianAbsDev":{"confidence_interval":{"confidence_level":0.95,"lower_bound":8.4576250196996,"upper_bound":19.664270810427574},"point_estimate":14.097206699659951,"standard_error":2.577149800050223},"Slope":{"confidence_interval":{"confidence_level":0.95,"lower_bound":1190.0763101036482,"upper_bound":1197.8234455555307},"point_estimate":1193.81983020776,"standard_error":1.9744722940329276},"StdDev":{"confidence_interval":{"confidence_level":0.95,"lower_bound":15.48212576572677,"upper_bound":37.20287098847953},"point_estimate":25.73438554166194,"standard_error":6.499263371097434}}