{"Mean":{"confidence_interval":{"confidence_level":0.95,"lower_bound":17429.86697812899,"upper_bound":17486.042978775164},"point_estimate":17455.863390994647,"standard_error":14.475218673200741},"Median":{"confidence_interval":{"confidence_level":0.95,"lower_bound":17416.544300766283,"upper_bound":17486.194398832333},"point_estimate":17442.78885696041,"standard_error":17.59569169361601},"MedianAbsDev":{"confidence_interval":{"confidence_level":0.95,"lower_bound":9.50864570044201,"upper_bound":75.28746672851761},"point_estimate":41.211208274584884,"standard_error":17.11443898294149},"Slope":{"confidence_interval":{"confidence_level":0.95,"lower_bound":17417.345808781214,"upper_bound":17466.65794302755},"point_estimate":17434.83848086779,"standard_error":12.78145075830012},"StdDev":{"confidence_interval":{"confidence_level":0.95,"lower_bound":20.749922370638256,"upper_bound":64.3042824524253},"point_estimate":48.377794519732085,"standard_error":11.833172632233115}}