{"Mean":{"confidence_interval":{"confidence_level":0.95,"lower_bound":835856.0885315657,"upper_bound":837999.3012950938},"point_estimate":836789.7558946607,"standard_error":555.5945151049469},"Median":{"confidence_interval":{"confidence_level":0.95,"lower_bound":835359.7954545454,"upper_bound":837605.5227272727},"point_estimate":836120.6696969697,"standard_error":582.0490361917914},"MedianAbsDev":{"confidence_interval":{"confidence_level":0.95,"lower_bound":66.4287154872445,"upper_bound":2448.1398369913954},"point_estimate":1196.96435935569,"standard_error":585.940061567211},"Slope":{"confidence_interval":{"confidence_level":0.95,"lower_bound":835659.0522727272,"upper_bound":838637.0145738131},"point_estimate":836886.1590318772,"standard_error":770.2463213430317},"StdDev":{"confidence_interval":{"confidence_level":0.95,"lower_bound":634.6151311123963,"upper_bound":2650.8564155937233},"point_estimate":1856.6733564473027,"standard_error":596.4359242280264}}