{"Mean":{"confidence_interval":{"confidence_level":0.95,"lower_bound":149385.5015109374,"upper_bound":150590.6868838444},"point_estimate":149948.65865874922,"standard_error":309.32604735906784},"Median":{"confidence_interval":{"confidence_level":0.95,"lower_bound":148350.87,"upper_bound":149548.60861178703},"point_estimate":149005.95586527293,"standard_error":326.89607101651256},"MedianAbsDev":{"confidence_interval":{"confidence_level":0.95,"lower_bound":1198.879204001369,"upper_bound":2481.574283277071},"point_estimate":1688.2495646691025,"standard_error":329.5390472062835},"Slope":{"confidence_interval":{"confidence_level":0.95,"lower_bound":149770.5568861482,"upper_bound":151627.11438040735},"point_estimate":150616.68255736874,"standard_error":473.549467165535},"StdDev":{"confidence_interval":{"confidence_level":0.95,"lower_bound":2066.2433052670485,"upper_bound":4063.7294906815932},"point_estimate":3104.965539580942,"standard_error":515.8468496902503}}