{"Mean":{"confidence_interval":{"confidence_level":0.95,"lower_bound":-0.08110727882653694,"upper_bound":-0.07344264229869243},"point_estimate":-0.07717833366893379,"standard_error":0.001970917231428572},"Median":{"confidence_interval":{"confidence_level":0.95,"lower_bound":-0.08130414177795908,"upper_bound":-0.07424041696942785},"point_estimate":-0.07783570032444986,"standard_error":0.0018236708379891777}}