{"Mean":{"confidence_interval":{"confidence_level":0.95,"lower_bound":0.06328407485597745,"upper_bound":0.07434577279092681},"point_estimate":0.0686284025637598,"standard_error":0.0027859536242781564},"Median":{"confidence_interval":{"confidence_level":0.95,"lower_bound":0.06026076560508997,"upper_bound":0.07073731097523805},"point_estimate":0.06749689952875526,"standard_error":0.0026707378079075584}}