{"Mean":{"confidence_interval":{"confidence_level":0.95,"lower_bound":-0.060749104450161205,"upper_bound":-0.05100387864404437},"point_estimate":-0.055573092226797294,"standard_error":0.002488366629656355},"Median":{"confidence_interval":{"confidence_level":0.95,"lower_bound":-0.05868235573907865,"upper_bound":-0.04866768793483327},"point_estimate":-0.05434885760129504,"standard_error":0.0025925099589235944}}