{"Mean":{"confidence_interval":{"confidence_level":0.95,"lower_bound":0.00133736323890008,"upper_bound":0.010688742403295592},"point_estimate":0.0062106201849134735,"standard_error":0.002388308604887416},"Median":{"confidence_interval":{"confidence_level":0.95,"lower_bound":0.0003025781399847993,"upper_bound":0.00999911221554628},"point_estimate":0.0075356721600372545,"standard_error":0.002130685278306867}}