{"Mean":{"confidence_interval":{"confidence_level":0.95,"lower_bound":83355.88780526197,"upper_bound":83962.14397187615},"point_estimate":83594.65860670326,"standard_error":160.87923439798226},"Median":{"confidence_interval":{"confidence_level":0.95,"lower_bound":83108.23154047976,"upper_bound":83515.5},"point_estimate":83306.96356275302,"standard_error":101.97896738245312},"MedianAbsDev":{"confidence_interval":{"confidence_level":0.95,"lower_bound":413.95314130217025,"upper_bound":804.2839229164867},"point_estimate":603.3665433872707,"standard_error":99.561518054934},"Slope":{"confidence_interval":{"confidence_level":0.95,"lower_bound":83395.19189710025,"upper_bound":83693.38115554187},"point_estimate":83542.67791734397,"standard_error":75.96180727616755},"StdDev":{"confidence_interval":{"confidence_level":0.95,"lower_bound":532.7798309865227,"upper_bound":2657.028344276289},"point_estimate":1620.0062372235534,"standard_error":718.3544915990241}}