{"Mean":{"confidence_interval":{"confidence_level":0.95,"lower_bound":84381.92435572606,"upper_bound":84832.01695346498},"point_estimate":84569.6415888405,"standard_error":116.53663913285413},"Median":{"confidence_interval":{"confidence_level":0.95,"lower_bound":84195.14640188434,"upper_bound":84526.20751633987},"point_estimate":84411.52157818706,"standard_error":89.19180570136072},"MedianAbsDev":{"confidence_interval":{"confidence_level":0.95,"lower_bound":454.5677354724673,"upper_bound":775.1801417933602},"point_estimate":619.2531806727238,"standard_error":84.36603718574831},"Slope":{"confidence_interval":{"confidence_level":0.95,"lower_bound":84434.59836132448,"upper_bound":84745.64796284707},"point_estimate":84586.87825501207,"standard_error":79.41707288063813},"StdDev":{"confidence_interval":{"confidence_level":0.95,"lower_bound":512.8758890044194,"upper_bound":1852.643378432972},"point_estimate":1174.0876865798468,"standard_error":435.4853408061568}}