{"Mean":{"confidence_interval":{"confidence_level":0.95,"lower_bound":164901.49116095316,"upper_bound":168422.97259736367},"point_estimate":166526.3407277972,"standard_error":900.8407479437118},"Median":{"confidence_interval":{"confidence_level":0.95,"lower_bound":162707.9869850187,"upper_bound":163478.3318077803},"point_estimate":163041.73283475783,"standard_error":180.32263602883776},"MedianAbsDev":{"confidence_interval":{"confidence_level":0.95,"lower_bound":858.3130751132887,"upper_bound":1866.7246450686234},"point_estimate":1247.6851456269212,"standard_error":257.0826301732617},"Slope":{"confidence_interval":{"confidence_level":0.95,"lower_bound":164958.87488441044,"upper_bound":171458.15021202984},"point_estimate":167751.83187133638,"standard_error":1681.1148844524864},"StdDev":{"confidence_interval":{"confidence_level":0.95,"lower_bound":5449.475707539758,"upper_bound":12231.820372987942},"point_estimate":9036.132962483145,"standard_error":1749.359403113947}}