{"Mean":{"confidence_interval":{"confidence_level":0.95,"lower_bound":0.002035495471728971,"upper_bound":0.014006014436864198},"point_estimate":0.008063572673731922,"standard_error":0.0030309701413713014},"Median":{"confidence_interval":{"confidence_level":0.95,"lower_bound":0.0006172126743475559,"upper_bound":0.015192177791219619},"point_estimate":0.005935475069243301,"standard_error":0.003914850654360251}}