{"Mean":{"confidence_interval":{"confidence_level":0.95,"lower_bound":-0.5936982700529218,"upper_bound":-0.5885378720236049},"point_estimate":-0.5912651497402711,"standard_error":0.0013315538162663547},"Median":{"confidence_interval":{"confidence_level":0.95,"lower_bound":-0.5962970911296327,"upper_bound":-0.5888995081341372},"point_estimate":-0.5937837793821352,"standard_error":0.002144857875423109}}