{"Mean":{"confidence_interval":{"confidence_level":0.95,"lower_bound":-0.0465220946206786,"upper_bound":-0.03558763376537438},"point_estimate":-0.04050386230312075,"standard_error":0.0027976552534029276},"Median":{"confidence_interval":{"confidence_level":0.95,"lower_bound":-0.04172848932078799,"upper_bound":-0.03478700249076383},"point_estimate":-0.03756241413578609,"standard_error":0.0017748350944224798}}