{"Mean":{"confidence_interval":{"confidence_level":0.95,"lower_bound":0.0027863799693753923,"upper_bound":0.026811205286689767},"point_estimate":0.01190139393916323,"standard_error":0.00623946497767845},"Median":{"confidence_interval":{"confidence_level":0.95,"lower_bound":0.0019008786800893684,"upper_bound":0.01361796302167484},"point_estimate":0.010048200691747278,"standard_error":0.003306153535355061}}