{"Mean":{"confidence_interval":{"confidence_level":0.95,"lower_bound":-0.07821090096325638,"upper_bound":-0.06901702483043833},"point_estimate":-0.07394447669106707,"standard_error":0.0023669156108635948},"Median":{"confidence_interval":{"confidence_level":0.95,"lower_bound":-0.07537272060449624,"upper_bound":-0.06899289458022262},"point_estimate":-0.07184436062640465,"standard_error":0.001467973995813627}}