{"Mean":{"confidence_interval":{"confidence_level":0.95,"lower_bound":0.03964715299005295,"upper_bound":0.05321011299446306},"point_estimate":0.04577891446821836,"standard_error":0.0034192975385975402},"Median":{"confidence_interval":{"confidence_level":0.95,"lower_bound":0.03889309565949728,"upper_bound":0.045670901748407156},"point_estimate":0.04192444121494687,"standard_error":0.0015025128302898318}}