{"Mean":{"confidence_interval":{"confidence_level":0.95,"lower_bound":648684.5840240833,"upper_bound":653762.7241858237},"point_estimate":650972.4171031746,"standard_error":1302.8833605947877},"Median":{"confidence_interval":{"confidence_level":0.95,"lower_bound":648042.1844827586,"upper_bound":652489.4329501917},"point_estimate":650367.3186576355,"standard_error":1246.5015045286123},"MedianAbsDev":{"confidence_interval":{"confidence_level":0.95,"lower_bound":517.1510770255863,"upper_bound":5960.426195905357},"point_estimate":2598.6867486916244,"standard_error":1327.1512603174917},"Slope":{"confidence_interval":{"confidence_level":0.95,"lower_bound":648215.0255326586,"upper_bound":651314.8557004645},"point_estimate":649754.4007165248,"standard_error":833.1617402374847},"StdDev":{"confidence_interval":{"confidence_level":0.95,"lower_bound":1658.9008128807807,"upper_bound":6172.673003820355},"point_estimate":4347.4123800706575,"standard_error":1306.0337994757242}}