{"Mean":{"confidence_interval":{"confidence_level":0.95,"lower_bound":642875.7201161231,"upper_bound":652514.4385986587},"point_estimate":647414.9291821971,"standard_error":2463.3213442715783},"Median":{"confidence_interval":{"confidence_level":0.95,"lower_bound":635981.4864864865,"upper_bound":639158.896551724},"point_estimate":637553.3104631217,"standard_error":824.3566780984972},"MedianAbsDev":{"confidence_interval":{"confidence_level":0.95,"lower_bound":3388.097054555139,"upper_bound":7515.701007908862},"point_estimate":5421.127158144727,"standard_error":1076.3815057318825},"Slope":{"confidence_interval":{"confidence_level":0.95,"lower_bound":644275.0853385543,"upper_bound":658311.5409889307},"point_estimate":650633.4641362495,"standard_error":3608.064646181192},"StdDev":{"confidence_interval":{"confidence_level":0.95,"lower_bound":16881.96929423612,"upper_bound":31419.506242295076},"point_estimate":24778.775272703726,"standard_error":3705.193736418334}}