{"Mean":{"confidence_interval":{"confidence_level":0.95,"lower_bound":-0.04161887615888297,"upper_bound":-0.026423547955304206},"point_estimate":-0.0341736200738354,"standard_error":0.003869289424663915},"Median":{"confidence_interval":{"confidence_level":0.95,"lower_bound":-0.042739716712465015,"upper_bound":-0.02694793342175783},"point_estimate":-0.03459668477360289,"standard_error":0.004100858808141462}}