{"Mean":{"confidence_interval":{"confidence_level":0.95,"lower_bound":161977.26323801698,"upper_bound":162991.01608555063},"point_estimate":162443.30150076633,"standard_error":258.4126778298004},"Median":{"confidence_interval":{"confidence_level":0.95,"lower_bound":161374.99956709956,"upper_bound":161863.59520191056},"point_estimate":161590.12301587302,"standard_error":111.54532132706893},"MedianAbsDev":{"confidence_interval":{"confidence_level":0.95,"lower_bound":664.6774757386212,"upper_bound":1662.6888488977397},"point_estimate":990.7687093516181,"standard_error":257.4178445398433},"Slope":{"confidence_interval":{"confidence_level":0.95,"lower_bound":162032.82923933005,"upper_bound":163188.47348285257},"point_estimate":162600.95436677997,"standard_error":295.04347166674376},"StdDev":{"confidence_interval":{"confidence_level":0.95,"lower_bound":1638.8019789080759,"upper_bound":3567.8753778570767},"point_estimate":2586.9212278417226,"standard_error":515.9825422901068}}