{"Mean":{"confidence_interval":{"confidence_level":0.95,"lower_bound":166494.21100606193,"upper_bound":168471.77352784493},"point_estimate":167446.6899723475,"standard_error":503.92397448838875},"Median":{"confidence_interval":{"confidence_level":0.95,"lower_bound":166440.6492450639,"upper_bound":167901.88910547976},"point_estimate":167131.3655004,"standard_error":383.117913601822},"MedianAbsDev":{"confidence_interval":{"confidence_level":0.95,"lower_bound":3210.2015712243815,"upper_bound":5363.653066060953},"point_estimate":4261.038879932758,"standard_error":553.76556751346},"Slope":{"confidence_interval":{"confidence_level":0.95,"lower_bound":165491.7784644077,"upper_bound":167139.35423424444},"point_estimate":166294.1515954879,"standard_error":421.02994884221505},"StdDev":{"confidence_interval":{"confidence_level":0.95,"lower_bound":3851.7735388742803,"upper_bound":6227.672587590701},"point_estimate":5079.805905516398,"standard_error":612.0707247322264}}