{"Mean":{"confidence_interval":{"confidence_level":0.95,"lower_bound":150083.41284566687,"upper_bound":152203.67697361784},"point_estimate":151061.49400558247,"standard_error":545.1731310336833},"Median":{"confidence_interval":{"confidence_level":0.95,"lower_bound":149727.80455508473,"upper_bound":152136.66606133978},"point_estimate":150766.0031779661,"standard_error":495.6874842479005},"MedianAbsDev":{"confidence_interval":{"confidence_level":0.95,"lower_bound":344.7208724816912,"upper_bound":2854.2968100252588},"point_estimate":938.7580121472839,"standard_error":712.8716919472974},"Slope":{"confidence_interval":{"confidence_level":0.95,"lower_bound":149609.66009638816,"upper_bound":152250.53466210808},"point_estimate":150776.77323354612,"standard_error":671.2816439685266},"StdDev":{"confidence_interval":{"confidence_level":0.95,"lower_bound":764.4471090424935,"upper_bound":2463.4832487802396},"point_estimate":1818.5165725441868,"standard_error":466.3704547495995}}