{"Mean":{"confidence_interval":{"confidence_level":0.95,"lower_bound":29902.887233662826,"upper_bound":29964.544165945907},"point_estimate":29931.43735604456,"standard_error":15.892561129179262},"Median":{"confidence_interval":{"confidence_level":0.95,"lower_bound":29895.382207578255,"upper_bound":29982.205271828665},"point_estimate":29907.657193849533,"standard_error":21.764548553200026},"MedianAbsDev":{"confidence_interval":{"confidence_level":0.95,"lower_bound":4.999602300034244,"upper_bound":76.26980671842719},"point_estimate":19.13757917012265,"standard_error":20.39012448498107},"Slope":{"confidence_interval":{"confidence_level":0.95,"lower_bound":29892.79535606602,"upper_bound":29996.676181392526},"point_estimate":29940.18091957466,"standard_error":27.41767450830758},"StdDev":{"confidence_interval":{"confidence_level":0.95,"lower_bound":15.585380548014747,"upper_bound":65.45897252656636},"point_estimate":52.870981513320736,"standard_error":11.118382537271781}}