{"Mean":{"confidence_interval":{"confidence_level":0.95,"lower_bound":47541.50721616226,"upper_bound":48680.31299316211},"point_estimate":48029.38934407885,"standard_error":293.24460411557004},"Median":{"confidence_interval":{"confidence_level":0.95,"lower_bound":47084.655122655124,"upper_bound":47296.23136123136},"point_estimate":47200.41710273853,"standard_error":59.583032771020854},"MedianAbsDev":{"confidence_interval":{"confidence_level":0.95,"lower_bound":394.1014901056529,"upper_bound":718.7916986674687},"point_estimate":579.1208663261282,"standard_error":88.26491001034641},"Slope":{"confidence_interval":{"confidence_level":0.95,"lower_bound":47483.3753883592,"upper_bound":48374.71745886347},"point_estimate":47899.99926154236,"standard_error":228.3273983051699},"StdDev":{"confidence_interval":{"confidence_level":0.95,"lower_bound":1270.7360934314618,"upper_bound":4514.215930157463},"point_estimate":2936.5609311448893,"standard_error":935.3980293980133}}