{"Mean":{"confidence_interval":{"confidence_level":0.95,"lower_bound":21805021.842359364,"upper_bound":21926801.302259557},"point_estimate":21863159.992042195,"standard_error":31100.71504399469},"Median":{"confidence_interval":{"confidence_level":0.95,"lower_bound":21764045.05111111,"upper_bound":21857548.483146068},"point_estimate":21810903.51122449,"standard_error":26823.13869923653},"MedianAbsDev":{"confidence_interval":{"confidence_level":0.95,"lower_bound":151708.77798300248,"upper_bound":283098.47199625033},"point_estimate":219609.64766206424,"standard_error":33588.754730126166},"Slope":{"confidence_interval":{"confidence_level":0.95,"lower_bound":21774807.378632966,"upper_bound":21893996.61384768},"point_estimate":21830684.839976355,"standard_error":30478.443462171028},"StdDev":{"confidence_interval":{"confidence_level":0.95,"lower_bound":221467.38082334213,"upper_bound":398367.8138705514},"point_estimate":313270.8069173067,"standard_error":45435.99762761611}}