{"Mean":{"confidence_interval":{"confidence_level":0.95,"lower_bound":25134017.66758333,"upper_bound":25216953.155555554},"point_estimate":25174818.635079365,"standard_error":21315.239882625174},"Median":{"confidence_interval":{"confidence_level":0.95,"lower_bound":25127906.333333332,"upper_bound":25241847.464285716},"point_estimate":25148473.111111112,"standard_error":35708.19458459397},"MedianAbsDev":{"confidence_interval":{"confidence_level":0.95,"lower_bound":5965.73519409071,"upper_bound":117222.51292554801},"point_estimate":78281.84341021893,"standard_error":31525.748858012914},"Slope":{"confidence_interval":{"confidence_level":0.95,"lower_bound":25102927.585412666,"upper_bound":25219471.760704663},"point_estimate":25158020.851948053,"standard_error":30393.234088976402},"StdDev":{"confidence_interval":{"confidence_level":0.95,"lower_bound":41422.68536106282,"upper_bound":87475.15304165467},"point_estimate":71014.42560332212,"standard_error":11468.263309347154}}