{"Mean":{"confidence_interval":{"confidence_level":0.95,"lower_bound":483.61419111482735,"upper_bound":486.1188825677621},"point_estimate":484.69043776982494,"standard_error":0.6498627340600209},"Median":{"confidence_interval":{"confidence_level":0.95,"lower_bound":482.4927983343248,"upper_bound":484.0468781095283},"point_estimate":483.23301429464846,"standard_error":0.40051800816650945},"MedianAbsDev":{"confidence_interval":{"confidence_level":0.95,"lower_bound":2.223406044963244,"upper_bound":4.046452727359244},"point_estimate":3.110933698834949,"standard_error":0.4851004414971831},"Slope":{"confidence_interval":{"confidence_level":0.95,"lower_bound":483.7195591507836,"upper_bound":485.82748449126797},"point_estimate":484.70333346404897,"standard_error":0.5370521553354826},"StdDev":{"confidence_interval":{"confidence_level":0.95,"lower_bound":3.0614849871970877,"upper_bound":10.03858992757903},"point_estimate":6.5154282834015875,"standard_error":2.146406272907791}}