{"Mean":{"confidence_interval":{"confidence_level":0.95,"lower_bound":35.378664406962876,"upper_bound":35.61831213075956},"point_estimate":35.495201362076216,"standard_error":0.061027430325507906},"Median":{"confidence_interval":{"confidence_level":0.95,"lower_bound":35.27434503802236,"upper_bound":35.633365379479784},"point_estimate":35.515681281139,"standard_error":0.08912832646845144},"MedianAbsDev":{"confidence_interval":{"confidence_level":0.95,"lower_bound":0.457143238564577,"upper_bound":0.683902938859838},"point_estimate":0.5743226671052251,"standard_error":0.057324512360210994},"Slope":{"confidence_interval":{"confidence_level":0.95,"lower_bound":35.28259277192851,"upper_bound":35.520919222474014},"point_estimate":35.40202520390373,"standard_error":0.06083440146485402},"StdDev":{"confidence_interval":{"confidence_level":0.95,"lower_bound":0.4783073061710094,"upper_bound":0.763571741787284},"point_estimate":0.6131356962415082,"standard_error":0.07490490222316917}}