{"Mean":{"confidence_interval":{"confidence_level":0.95,"lower_bound":736.9867552111724,"upper_bound":744.9943949685453},"point_estimate":740.5387480447339,"standard_error":2.059614157203758},"Median":{"confidence_interval":{"confidence_level":0.95,"lower_bound":734.1866895195578,"upper_bound":737.838897515528},"point_estimate":735.5083896608819,"standard_error":0.8967986752714111},"MedianAbsDev":{"confidence_interval":{"confidence_level":0.95,"lower_bound":4.709293835224458,"upper_bound":7.881577042726068},"point_estimate":6.5355464502742455,"standard_error":0.8170671077089509},"Slope":{"confidence_interval":{"confidence_level":0.95,"lower_bound":734.8920466983186,"upper_bound":739.5544295254899},"point_estimate":736.9062031624937,"standard_error":1.1935159125114851},"StdDev":{"confidence_interval":{"confidence_level":0.95,"lower_bound":7.5414975779973155,"upper_bound":29.436775788655343},"point_estimate":20.64390420232057,"standard_error":5.277610753945387}}