{"Mean":{"confidence_interval":{"confidence_level":0.95,"lower_bound":438.30838878684335,"upper_bound":439.6957328775749},"point_estimate":438.91714466765814,"standard_error":0.35980556021252974},"Median":{"confidence_interval":{"confidence_level":0.95,"lower_bound":438.1238458685117,"upper_bound":439.319592616784},"point_estimate":438.6343020262027,"standard_error":0.33127815347815165},"MedianAbsDev":{"confidence_interval":{"confidence_level":0.95,"lower_bound":0.14549909910945466,"upper_bound":1.5747810184814692},"point_estimate":0.9169952720413433,"standard_error":0.35911215972141525},"Slope":{"confidence_interval":{"confidence_level":0.95,"lower_bound":438.1217616532765,"upper_bound":439.21958393256966},"point_estimate":438.62113813322173,"standard_error":0.2775398745159534},"StdDev":{"confidence_interval":{"confidence_level":0.95,"lower_bound":0.43806422941715245,"upper_bound":1.7276166581796897},"point_estimate":1.199819823835938,"standard_error":0.38981911252489304}}