{"Mean":{"confidence_interval":{"confidence_level":0.95,"lower_bound":90.01246245486637,"upper_bound":90.6256866716117},"point_estimate":90.29151327212931,"standard_error":0.15709873623954834},"Median":{"confidence_interval":{"confidence_level":0.95,"lower_bound":89.5894004763202,"upper_bound":90.09572196396823},"point_estimate":89.83394838358387,"standard_error":0.137362139231951},"MedianAbsDev":{"confidence_interval":{"confidence_level":0.95,"lower_bound":0.5007607614157376,"upper_bound":1.0227019951124818},"point_estimate":0.7196653473068402,"standard_error":0.1248432035290905},"Slope":{"confidence_interval":{"confidence_level":0.95,"lower_bound":89.70981682507741,"upper_bound":90.03031410961121},"point_estimate":89.85925945781189,"standard_error":0.08176015846955731},"StdDev":{"confidence_interval":{"confidence_level":0.95,"lower_bound":0.9397316940787273,"upper_bound":2.2491699985322238},"point_estimate":1.5738416997751217,"standard_error":0.3703030633380582}}