{"Mean":{"confidence_interval":{"confidence_level":0.95,"lower_bound":89938.36720208774,"upper_bound":90226.96720619281},"point_estimate":90074.64970228322,"standard_error":74.11597973935388},"Median":{"confidence_interval":{"confidence_level":0.95,"lower_bound":89891.62209222768,"upper_bound":90260.36206896552},"point_estimate":90009.98803659395,"standard_error":94.25118936951067},"MedianAbsDev":{"confidence_interval":{"confidence_level":0.95,"lower_bound":39.70884757089192,"upper_bound":394.93213264373315},"point_estimate":182.88235268093584,"standard_error":96.92780151080083},"Slope":{"confidence_interval":{"confidence_level":0.95,"lower_bound":89912.36246167608,"upper_bound":90188.0488228596},"point_estimate":90044.63170622481,"standard_error":73.43563773869754},"StdDev":{"confidence_interval":{"confidence_level":0.95,"lower_bound":102.06450569536253,"upper_bound":302.97217448320566},"point_estimate":245.84217888125744,"standard_error":48.39122567274514}}