{"Mean":{"confidence_interval":{"confidence_level":0.95,"lower_bound":0.010768812943261818,"upper_bound":0.01818055145181226},"point_estimate":0.014711269126477244,"standard_error":0.0018819452146320794},"Median":{"confidence_interval":{"confidence_level":0.95,"lower_bound":0.012553722138541445,"upper_bound":0.01760261098444295},"point_estimate":0.015323712490492358,"standard_error":0.0012766391989712028}}