{"Mean":{"confidence_interval":{"confidence_level":0.95,"lower_bound":0.013647073801262928,"upper_bound":0.025775301506457286},"point_estimate":0.02015296272592737,"standard_error":0.0030844359697443924},"Median":{"confidence_interval":{"confidence_level":0.95,"lower_bound":0.020001747041315587,"upper_bound":0.0255115850164922},"point_estimate":0.022509545467749748,"standard_error":0.0013753824303846475}}