{"Mean":{"confidence_interval":{"confidence_level":0.95,"lower_bound":-0.012407107343420043,"upper_bound":-0.0008880599709341581},"point_estimate":-0.007292599467661809,"standard_error":0.0030417194601082185},"Median":{"confidence_interval":{"confidence_level":0.95,"lower_bound":-0.011779498586304227,"upper_bound":-0.006785543541877149},"point_estimate":-0.009164525230323961,"standard_error":0.0012834036587333981}}