{"Mean":{"confidence_interval":{"confidence_level":0.95,"lower_bound":12931960.199064441,"upper_bound":13001615.101619406},"point_estimate":12966320.959140133,"standard_error":17760.15319272648},"Median":{"confidence_interval":{"confidence_level":0.95,"lower_bound":12910933.40500338,"upper_bound":12993754.621621622},"point_estimate":12942490.682631578,"standard_error":23289.292857426226},"MedianAbsDev":{"confidence_interval":{"confidence_level":0.95,"lower_bound":137499.86888798096,"upper_bound":206655.13108204672},"point_estimate":180383.13685101183,"standard_error":18086.547017634435},"Slope":{"confidence_interval":{"confidence_level":0.95,"lower_bound":12888117.560091715,"upper_bound":12972940.670765435},"point_estimate":12929724.452513669,"standard_error":21561.122128160987},"StdDev":{"confidence_interval":{"confidence_level":0.95,"lower_bound":147587.72062198987,"upper_bound":209467.54579840504},"point_estimate":179157.60268617875,"standard_error":15849.900734072953}}