{"Mean":{"confidence_interval":{"confidence_level":0.95,"lower_bound":1401718.3147380585,"upper_bound":1419053.9268319209},"point_estimate":1410097.3220507537,"standard_error":4424.23290333983},"Median":{"confidence_interval":{"confidence_level":0.95,"lower_bound":1388788.7066666668,"upper_bound":1406282.0791666666},"point_estimate":1398859.111111111,"standard_error":3682.6317882764592},"MedianAbsDev":{"confidence_interval":{"confidence_level":0.95,"lower_bound":25034.256961760664,"upper_bound":46023.392748376056},"point_estimate":35600.647251637885,"standard_error":5518.557939882415},"Slope":{"confidence_interval":{"confidence_level":0.95,"lower_bound":1406656.4705019963,"upper_bound":1424612.9939040407},"point_estimate":1415672.9896261268,"standard_error":4564.713748491901},"StdDev":{"confidence_interval":{"confidence_level":0.95,"lower_bound":37097.82348613528,"upper_bound":50640.34960864263},"point_estimate":44457.24875101134,"standard_error":3455.8075883013757}}