{"Mean":{"confidence_interval":{"confidence_level":0.95,"lower_bound":159808.95403688087,"upper_bound":162395.71226331487},"point_estimate":160970.1773335091,"standard_error":662.0649240107253},"Median":{"confidence_interval":{"confidence_level":0.95,"lower_bound":158528.99819168175,"upper_bound":159760.75776397515},"point_estimate":159316.73032523034,"standard_error":258.4487740432404},"MedianAbsDev":{"confidence_interval":{"confidence_level":0.95,"lower_bound":1299.5911731726892,"upper_bound":2300.215407377267},"point_estimate":1812.3510986034662,"standard_error":238.3080427708408},"Slope":{"confidence_interval":{"confidence_level":0.95,"lower_bound":158922.49757610893,"upper_bound":159740.3019996143},"point_estimate":159297.21290970888,"standard_error":208.70671948131638},"StdDev":{"confidence_interval":{"confidence_level":0.95,"lower_bound":3375.2725761217343,"upper_bound":9277.72752104216},"point_estimate":6630.313722002612,"standard_error":1510.8740902552722}}