{"Mean":{"confidence_interval":{"confidence_level":0.95,"lower_bound":0.03296020885216119,"upper_bound":0.04266781741044655},"point_estimate":0.037627510424188104,"standard_error":0.002448372032117736},"Median":{"confidence_interval":{"confidence_level":0.95,"lower_bound":0.033553420381151146,"upper_bound":0.040688445012368984},"point_estimate":0.03723733577992272,"standard_error":0.0018034565865425835}}