{"Mean":{"confidence_interval":{"confidence_level":0.95,"lower_bound":-0.027375977424442033,"upper_bound":-0.020371790127236215},"point_estimate":-0.02370468527195735,"standard_error":0.0017897550213751992},"Median":{"confidence_interval":{"confidence_level":0.95,"lower_bound":-0.026454409185682204,"upper_bound":-0.01773515917108126},"point_estimate":-0.02246903853736204,"standard_error":0.002211737431488713}}