{"Mean":{"confidence_interval":{"confidence_level":0.95,"lower_bound":-0.0033367061784385157,"upper_bound":0.006726965549414182},"point_estimate":0.001784844794684215,"standard_error":0.002544582572020256},"Median":{"confidence_interval":{"confidence_level":0.95,"lower_bound":-0.0023072084091746133,"upper_bound":0.006595619031587896},"point_estimate":0.002276101762640481,"standard_error":0.002265465919331569}}