{"Mean":{"confidence_interval":{"confidence_level":0.95,"lower_bound":-0.026187084730459845,"upper_bound":-0.01642888667286675},"point_estimate":-0.0208412372894895,"standard_error":0.002501625936293586},"Median":{"confidence_interval":{"confidence_level":0.95,"lower_bound":-0.02503202039354624,"upper_bound":-0.014937139278291767},"point_estimate":-0.019425501368231735,"standard_error":0.002433860363507266}}