{"Mean":{"confidence_interval":{"confidence_level":0.95,"lower_bound":-0.009329080292802768,"upper_bound":-0.0065007282730255005},"point_estimate":-0.007837120696240096,"standard_error":0.0007257431675981621},"Median":{"confidence_interval":{"confidence_level":0.95,"lower_bound":-0.010212680053213186,"upper_bound":-0.004971810462799597},"point_estimate":-0.007477034828191065,"standard_error":0.0013603382722552169}}