{"Mean":{"confidence_interval":{"confidence_level":0.95,"lower_bound":-0.007719227551626696,"upper_bound":-0.0008120869700933932},"point_estimate":-0.004170876960625569,"standard_error":0.0017649071317671762},"Median":{"confidence_interval":{"confidence_level":0.95,"lower_bound":-0.008571719721119253,"upper_bound":-0.002262469510638021},"point_estimate":-0.00530608927514753,"standard_error":0.0016419354637957975}}