{"Mean":{"confidence_interval":{"confidence_level":0.95,"lower_bound":906072.2889187208,"upper_bound":917715.8748512708},"point_estimate":911552.6198267986,"standard_error":2965.3706901743294},"Median":{"confidence_interval":{"confidence_level":0.95,"lower_bound":896586.5609928108,"upper_bound":899404.1742785093},"point_estimate":897849.3935714286,"standard_error":665.6514859808433},"MedianAbsDev":{"confidence_interval":{"confidence_level":0.95,"lower_bound":3700.5045079870697,"upper_bound":7945.549778938224},"point_estimate":5239.501167270648,"standard_error":1062.0278004230988},"Slope":{"confidence_interval":{"confidence_level":0.95,"lower_bound":908179.1903676486,"upper_bound":919312.2243123165},"point_estimate":913658.6609413329,"standard_error":2843.962436121234},"StdDev":{"confidence_interval":{"confidence_level":0.95,"lower_bound":21254.155398602546,"upper_bound":37278.26976335902},"point_estimate":29866.11958061654,"standard_error":4083.2050576643624}}