{"Mean":{"confidence_interval":{"confidence_level":0.95,"lower_bound":713559.4994732906,"upper_bound":715879.7952441239},"point_estimate":714621.2474572649,"standard_error":598.5607303857811},"Median":{"confidence_interval":{"confidence_level":0.95,"lower_bound":713163.1730769231,"upper_bound":715948.7692307692},"point_estimate":713687.15,"standard_error":869.9108794591996},"MedianAbsDev":{"confidence_interval":{"confidence_level":0.95,"lower_bound":154.1405020711049,"upper_bound":3540.13035830396},"point_estimate":1176.9062332083113,"standard_error":858.707564292548},"Slope":{"confidence_interval":{"confidence_level":0.95,"lower_bound":713256.6998948317,"upper_bound":715445.0864933189},"point_estimate":714031.8541458541,"standard_error":556.7971342714516},"StdDev":{"confidence_interval":{"confidence_level":0.95,"lower_bound":921.3875352673609,"upper_bound":2704.3536450292936},"point_estimate":1997.3700520114105,"standard_error":506.5009756433308}}