{"Mean":{"confidence_interval":{"confidence_level":0.95,"lower_bound":498923.859787186,"upper_bound":502440.1774462688},"point_estimate":500526.97096909245,"standard_error":900.8662051473266},"Median":{"confidence_interval":{"confidence_level":0.95,"lower_bound":497564.9296296296,"upper_bound":501741.75},"point_estimate":499772.45,"standard_error":1162.3932473593763},"MedianAbsDev":{"confidence_interval":{"confidence_level":0.95,"lower_bound":5490.988023944046,"upper_bound":8823.173927607106},"point_estimate":7542.577341092495,"standard_error":853.872508137713},"Slope":{"confidence_interval":{"confidence_level":0.95,"lower_bound":499612.96994611854,"upper_bound":502010.1381113573},"point_estimate":500834.477035614,"standard_error":610.8500120366859},"StdDev":{"confidence_interval":{"confidence_level":0.95,"lower_bound":5454.310327589839,"upper_bound":12971.607963336075},"point_estimate":9075.051977675923,"standard_error":2100.169398720446}}