{"Mean":{"confidence_interval":{"confidence_level":0.95,"lower_bound":28.598342428287157,"upper_bound":29.42972114616922},"point_estimate":28.949672949183338,"standard_error":0.2150776335771857},"Median":{"confidence_interval":{"confidence_level":0.95,"lower_bound":28.291408081941505,"upper_bound":28.346278643775072},"point_estimate":28.318914082874528,"standard_error":0.014528813785583655},"MedianAbsDev":{"confidence_interval":{"confidence_level":0.95,"lower_bound":0.08127847870769868,"upper_bound":0.17875912668523175},"point_estimate":0.12381760060777731,"standard_error":0.025631022442363493},"Slope":{"confidence_interval":{"confidence_level":0.95,"lower_bound":28.60481514862692,"upper_bound":29.216626945821424},"point_estimate":28.89077384182884,"standard_error":0.1567102218038455},"StdDev":{"confidence_interval":{"confidence_level":0.95,"lower_bound":0.9034039050301053,"upper_bound":3.3662169494374155},"point_estimate":2.1623299499848607,"standard_error":0.7429873019960301}}