{"Mean":{"confidence_interval":{"confidence_level":0.95,"lower_bound":3059.5629733948595,"upper_bound":3092.260035839259},"point_estimate":3074.8422151067784,"standard_error":8.38034994313024},"Median":{"confidence_interval":{"confidence_level":0.95,"lower_bound":3053.3581950558755,"upper_bound":3098.6432272265492},"point_estimate":3067.944671379388,"standard_error":10.892426576781101},"MedianAbsDev":{"confidence_interval":{"confidence_level":0.95,"lower_bound":5.267061295332745,"upper_bound":44.542869683300374},"point_estimate":26.801014240153698,"standard_error":10.801589322852283},"Slope":{"confidence_interval":{"confidence_level":0.95,"lower_bound":3057.769346493599,"upper_bound":3089.454023206771},"point_estimate":3073.421937189123,"standard_error":8.389686251806669},"StdDev":{"confidence_interval":{"confidence_level":0.95,"lower_bound":11.551272157125819,"upper_bound":35.417101186437485},"point_estimate":28.021347545457395,"standard_error":5.7298057379557115}}