{"Mean":{"confidence_interval":{"confidence_level":0.95,"lower_bound":3583.850991870617,"upper_bound":3639.5167555946696},"point_estimate":3609.6681946108724,"standard_error":14.26584802502259},"Median":{"confidence_interval":{"confidence_level":0.95,"lower_bound":3550.018755068938,"upper_bound":3559.374753794462},"point_estimate":3554.083004639495,"standard_error":2.495217968707967},"MedianAbsDev":{"confidence_interval":{"confidence_level":0.95,"lower_bound":12.683724170998257,"upper_bound":26.77709750322597},"point_estimate":17.233329260128112,"standard_error":3.4937445365197526},"Slope":{"confidence_interval":{"confidence_level":0.95,"lower_bound":3583.004438822138,"upper_bound":3641.8626535939093},"point_estimate":3610.8949144894877,"standard_error":15.079321456481994},"StdDev":{"confidence_interval":{"confidence_level":0.95,"lower_bound":94.36427653231158,"upper_bound":185.35437802791057},"point_estimate":143.12768046057693,"standard_error":23.350192888495567}}