{"Mean":{"confidence_interval":{"confidence_level":0.95,"lower_bound":65.30171834809525,"upper_bound":65.4935495606043},"point_estimate":65.39788062089144,"standard_error":0.04905810988144417},"Median":{"confidence_interval":{"confidence_level":0.95,"lower_bound":65.24653055003121,"upper_bound":65.5594120301052},"point_estimate":65.38975522312708,"standard_error":0.0854774686859354},"MedianAbsDev":{"confidence_interval":{"confidence_level":0.95,"lower_bound":0.0474482066568722,"upper_bound":0.26991190877972876},"point_estimate":0.2176927753242886,"standard_error":0.059777861141920664},"Slope":{"confidence_interval":{"confidence_level":0.95,"lower_bound":65.34895757274073,"upper_bound":65.51268780298881},"point_estimate":65.42850436033112,"standard_error":0.041691149150718185},"StdDev":{"confidence_interval":{"confidence_level":0.95,"lower_bound":0.10410051943925452,"upper_bound":0.19127676154769557},"point_estimate":0.16300243218117133,"standard_error":0.022199939064857538}}