{"Mean":{"confidence_interval":{"confidence_level":0.95,"lower_bound":82.72066291786702,"upper_bound":83.3205097696059},"point_estimate":82.94991544589462,"standard_error":0.16187766705698112},"Median":{"confidence_interval":{"confidence_level":0.95,"lower_bound":82.55055228036767,"upper_bound":82.8433301327714},"point_estimate":82.64969917590733,"standard_error":0.06339280401117328},"MedianAbsDev":{"confidence_interval":{"confidence_level":0.95,"lower_bound":0.3100943582338611,"upper_bound":0.5758295713247608},"point_estimate":0.43787084372478385,"standard_error":0.061361090305309625},"Slope":{"confidence_interval":{"confidence_level":0.95,"lower_bound":82.76003854426905,"upper_bound":82.94994135080822},"point_estimate":82.85281274569184,"standard_error":0.048487326890507956},"StdDev":{"confidence_interval":{"confidence_level":0.95,"lower_bound":0.4428930427706387,"upper_bound":2.693974619637546},"point_estimate":1.6209945695965104,"standard_error":0.770101507070199}}