{"Mean":{"confidence_interval":{"confidence_level":0.95,"lower_bound":81.15162929408116,"upper_bound":81.80209153262592},"point_estimate":81.44834790003289,"standard_error":0.16664766970654424},"Median":{"confidence_interval":{"confidence_level":0.95,"lower_bound":80.88892358751656,"upper_bound":81.30442857432993},"point_estimate":80.98803156373205,"standard_error":0.11287141323492106},"MedianAbsDev":{"confidence_interval":{"confidence_level":0.95,"lower_bound":0.5745815643344724,"upper_bound":0.9771572733767667},"point_estimate":0.7403826190287958,"standard_error":0.09627945894153696},"Slope":{"confidence_interval":{"confidence_level":0.95,"lower_bound":81.11256388046426,"upper_bound":82.35525339711346},"point_estimate":81.65151525468299,"standard_error":0.32336210901696727},"StdDev":{"confidence_interval":{"confidence_level":0.95,"lower_bound":0.9637239069155955,"upper_bound":2.249417096713753},"point_estimate":1.6699249259306348,"standard_error":0.33616028472957027}}