{"Mean":{"confidence_interval":{"confidence_level":0.95,"lower_bound":6653342.186422497,"upper_bound":6683273.726131065},"point_estimate":6667390.418741629,"standard_error":7651.45048783815},"Median":{"confidence_interval":{"confidence_level":0.95,"lower_bound":6643011.2,"upper_bound":6665836.628571428},"point_estimate":6649420.164484452,"standard_error":6933.019582719751},"MedianAbsDev":{"confidence_interval":{"confidence_level":0.95,"lower_bound":31479.045609316938,"upper_bound":53110.105095288454},"point_estimate":40145.063722282786,"standard_error":5437.611612700555},"Slope":{"confidence_interval":{"confidence_level":0.95,"lower_bound":6646401.635867669,"upper_bound":6674199.817982631},"point_estimate":6659580.25422787,"standard_error":7108.073483260455},"StdDev":{"confidence_interval":{"confidence_level":0.95,"lower_bound":51275.684133963834,"upper_bound":99116.24827832941},"point_estimate":76782.31761514235,"standard_error":12266.15094741856}}