{"Mean":{"confidence_interval":{"confidence_level":0.95,"lower_bound":6792442.51441653,"upper_bound":6879246.996324432},"point_estimate":6832821.920684998,"standard_error":22208.77076065033},"Median":{"confidence_interval":{"confidence_level":0.95,"lower_bound":6773732.238636363,"upper_bound":6868288.583333333},"point_estimate":6824290.709830867,"standard_error":23070.75480856476},"MedianAbsDev":{"confidence_interval":{"confidence_level":0.95,"lower_bound":144790.55056809023,"upper_bound":232891.60190613824},"point_estimate":196192.38439391562,"standard_error":22382.8410573438},"Slope":{"confidence_interval":{"confidence_level":0.95,"lower_bound":6840295.69560064,"upper_bound":6901706.6770744},"point_estimate":6870534.799074923,"standard_error":15664.019649304202},"StdDev":{"confidence_interval":{"confidence_level":0.95,"lower_bound":148712.48465579282,"upper_bound":313874.2910985606},"point_estimate":224053.5332949374,"standard_error":49086.464280028624}}