{"Mean":{"confidence_interval":{"confidence_level":0.95,"lower_bound":6591748.616292981,"upper_bound":6617593.522156038},"point_estimate":6604351.359272068,"standard_error":6619.369196939214},"Median":{"confidence_interval":{"confidence_level":0.95,"lower_bound":6577339.375,"upper_bound":6609503.807532107},"point_estimate":6595807.486175883,"standard_error":7371.616237726785},"MedianAbsDev":{"confidence_interval":{"confidence_level":0.95,"lower_bound":37382.748315073,"upper_bound":60492.461271168904},"point_estimate":47713.28022012601,"standard_error":5881.686574250686},"Slope":{"confidence_interval":{"confidence_level":0.95,"lower_bound":6590942.413848919,"upper_bound":6614451.419607402},"point_estimate":6602541.401004877,"standard_error":6015.334552536384},"StdDev":{"confidence_interval":{"confidence_level":0.95,"lower_bound":52024.072039054314,"upper_bound":79734.03904086995},"point_estimate":66671.46265772649,"standard_error":7083.592436368984}}