{"Mean":{"confidence_interval":{"confidence_level":0.95,"lower_bound":16416770.890552778,"upper_bound":16506417.613416288},"point_estimate":16460086.055628665,"standard_error":22874.655669385935},"Median":{"confidence_interval":{"confidence_level":0.95,"lower_bound":16384961.525,"upper_bound":16475273.060774818},"point_estimate":16434204.223076923,"standard_error":26536.50461037349},"MedianAbsDev":{"confidence_interval":{"confidence_level":0.95,"lower_bound":154212.17651362868,"upper_bound":259945.99733467438},"point_estimate":208075.6451614913,"standard_error":27473.36156134564},"Slope":{"confidence_interval":{"confidence_level":0.95,"lower_bound":16403331.699133053,"upper_bound":16497064.819450386},"point_estimate":16449259.590397518,"standard_error":23921.741918466276},"StdDev":{"confidence_interval":{"confidence_level":0.95,"lower_bound":176809.9692976217,"upper_bound":282648.549292105},"point_estimate":229949.27772172878,"standard_error":27436.00872763928}}