{"Mean":{"confidence_interval":{"confidence_level":0.95,"lower_bound":19154233.54048284,"upper_bound":19209153.380813528},"point_estimate":19180990.336118847,"standard_error":14009.750977253172},"Median":{"confidence_interval":{"confidence_level":0.95,"lower_bound":19109924.81278962,"upper_bound":19171438.448051948},"point_estimate":19137782.586269196,"standard_error":16570.611588273816},"MedianAbsDev":{"confidence_interval":{"confidence_level":0.95,"lower_bound":72340.86203638089,"upper_bound":140321.6677582111},"point_estimate":110743.21057313119,"standard_error":17970.091425829833},"Slope":{"confidence_interval":{"confidence_level":0.95,"lower_bound":19127321.564694326,"upper_bound":19181643.16677024},"point_estimate":19152667.639813803,"standard_error":13866.575387036784},"StdDev":{"confidence_interval":{"confidence_level":0.95,"lower_bound":116566.54752924203,"upper_bound":162161.18760378103},"point_estimate":140744.47282547742,"standard_error":11666.842953447718}}