{"Mean":{"confidence_interval":{"confidence_level":0.95,"lower_bound":-0.129685798375851,"upper_bound":-0.12311910569239957},"point_estimate":-0.12645935407451148,"standard_error":0.0016836204110708597},"Median":{"confidence_interval":{"confidence_level":0.95,"lower_bound":-0.13008409931585208,"upper_bound":-0.1235911096871728},"point_estimate":-0.12662288673915012,"standard_error":0.001641858791763521}}