{"Mean":{"confidence_interval":{"confidence_level":0.95,"lower_bound":0.11729853327120521,"upper_bound":0.13026963883895645},"point_estimate":0.1236183334151062,"standard_error":0.003360527426520151},"Median":{"confidence_interval":{"confidence_level":0.95,"lower_bound":0.11545039681980684,"upper_bound":0.13210747098180642},"point_estimate":0.1253935072552037,"standard_error":0.00467840519140986}}