{"Mean":{"confidence_interval":{"confidence_level":0.95,"lower_bound":-0.1022771141299451,"upper_bound":-0.09182257585279163},"point_estimate":-0.09680672595365003,"standard_error":0.0026659933162224347},"Median":{"confidence_interval":{"confidence_level":0.95,"lower_bound":-0.10505064016712806,"upper_bound":-0.09180026040623156},"point_estimate":-0.09972065317171908,"standard_error":0.0035875585517157306}}