{"Mean":{"confidence_interval":{"confidence_level":0.95,"lower_bound":0.0008665343890561073,"upper_bound":0.014855839656905373},"point_estimate":0.007145043212749114,"standard_error":0.0035493326093832844},"Median":{"confidence_interval":{"confidence_level":0.95,"lower_bound":-0.0005413371080090768,"upper_bound":0.008534244250733236},"point_estimate":0.005057936099363669,"standard_error":0.0024556760846212544}}