{"Mean":{"confidence_interval":{"confidence_level":0.95,"lower_bound":-0.01632967114004404,"upper_bound":-0.004205964344328755},"point_estimate":-0.00964830865621491,"standard_error":0.003101687109528691},"Median":{"confidence_interval":{"confidence_level":0.95,"lower_bound":-0.010118773990686947,"upper_bound":-0.0038176266535023817},"point_estimate":-0.007265648748909448,"standard_error":0.0016388691006516375}}