{"Mean":{"confidence_interval":{"confidence_level":0.95,"lower_bound":-0.033389302808497,"upper_bound":-0.024915189285317704},"point_estimate":-0.029250189825272166,"standard_error":0.0021627932707994216},"Median":{"confidence_interval":{"confidence_level":0.95,"lower_bound":-0.03558249118398782,"upper_bound":-0.02464920042561136},"point_estimate":-0.030865568152471434,"standard_error":0.0027973195916667043}}