{"Mean":{"confidence_interval":{"confidence_level":0.95,"lower_bound":-0.027551052042895197,"upper_bound":-0.016379645663653075},"point_estimate":-0.022051636294730503,"standard_error":0.0028472266608786283},"Median":{"confidence_interval":{"confidence_level":0.95,"lower_bound":-0.02468015007125235,"upper_bound":-0.018390191407565707},"point_estimate":-0.021398529189728843,"standard_error":0.001540604555237151}}