{"Mean":{"confidence_interval":{"confidence_level":0.95,"lower_bound":-0.02222414688490879,"upper_bound":-0.013547602855801366},"point_estimate":-0.017779368798742645,"standard_error":0.0022194968564144472},"Median":{"confidence_interval":{"confidence_level":0.95,"lower_bound":-0.01798295531025751,"upper_bound":-0.012248157325156717},"point_estimate":-0.015446349977047413,"standard_error":0.001415332967050851}}