{"Mean":{"confidence_interval":{"confidence_level":0.95,"lower_bound":-0.027935524480262642,"upper_bound":-0.0205151348229536},"point_estimate":-0.024162049490793702,"standard_error":0.0018984417593763169},"Median":{"confidence_interval":{"confidence_level":0.95,"lower_bound":-0.02748964431212131,"upper_bound":-0.020231407545732494},"point_estimate":-0.02406236873241463,"standard_error":0.0019170986994539372}}