{"Mean":{"confidence_interval":{"confidence_level":0.95,"lower_bound":-0.0018336719828488694,"upper_bound":0.0070617495503684236},"point_estimate":0.0023148192859405725,"standard_error":0.0022674009997006145},"Median":{"confidence_interval":{"confidence_level":0.95,"lower_bound":-0.0029823670867460406,"upper_bound":0.002955271896553091},"point_estimate":0.00017751285927247729,"standard_error":0.0014424766980505929}}