{"Mean":{"confidence_interval":{"confidence_level":0.95,"lower_bound":378834.6703030982,"upper_bound":382976.25190649304},"point_estimate":380790.1576273949,"standard_error":1057.6796698229884},"Median":{"confidence_interval":{"confidence_level":0.95,"lower_bound":377037.1956521739,"upper_bound":380718.21875},"point_estimate":379413.2571428572,"standard_error":1030.9147702524715},"MedianAbsDev":{"confidence_interval":{"confidence_level":0.95,"lower_bound":7044.105774734219,"upper_bound":10933.054720172337},"point_estimate":8676.048681843396,"standard_error":991.6438765815817},"Slope":{"confidence_interval":{"confidence_level":0.95,"lower_bound":376325.1284819085,"upper_bound":380612.64499952423},"point_estimate":378294.1914181567,"standard_error":1097.980088077285},"StdDev":{"confidence_interval":{"confidence_level":0.95,"lower_bound":7403.186078998775,"upper_bound":13906.247938746323},"point_estimate":10634.028108765158,"standard_error":1707.3862670319627}}