{"Mean":{"confidence_interval":{"confidence_level":0.95,"lower_bound":4773584.617372023,"upper_bound":4813291.2988988105},"point_estimate":4793663.863839285,"standard_error":10174.648261559765},"Median":{"confidence_interval":{"confidence_level":0.95,"lower_bound":4761908.3375,"upper_bound":4825149.229166666},"point_estimate":4791025.521875,"standard_error":18293.89911208353},"MedianAbsDev":{"confidence_interval":{"confidence_level":0.95,"lower_bound":3369.0231151878834,"upper_bound":56304.32855039835},"point_estimate":48907.29597484725,"standard_error":14264.389684851874},"Slope":{"confidence_interval":{"confidence_level":0.95,"lower_bound":4763165.063079406,"upper_bound":4807733.107508533},"point_estimate":4782515.212987013,"standard_error":11361.100228947722},"StdDev":{"confidence_interval":{"confidence_level":0.95,"lower_bound":21439.50194413246,"upper_bound":40258.56707022183},"point_estimate":33897.79086772851,"standard_error":4813.315971692943}}