{"Mean":{"confidence_interval":{"confidence_level":0.95,"lower_bound":987298.4943071435,"upper_bound":1002357.3671751774},"point_estimate":994541.5874995181,"standard_error":3847.6908811355115},"Median":{"confidence_interval":{"confidence_level":0.95,"lower_bound":980530.1577419355,"upper_bound":997849.5555555555},"point_estimate":990095.8478260869,"standard_error":4024.8617889062434},"MedianAbsDev":{"confidence_interval":{"confidence_level":0.95,"lower_bound":24580.545937760577,"upper_bound":39418.229827762014},"point_estimate":29352.20442421231,"standard_error":3785.7240017609306},"Slope":{"confidence_interval":{"confidence_level":0.95,"lower_bound":972372.2442757167,"upper_bound":987315.1742490047},"point_estimate":979429.1613388503,"standard_error":3808.3191658293686},"StdDev":{"confidence_interval":{"confidence_level":0.95,"lower_bound":29279.700637295336,"upper_bound":47181.23555878369},"point_estimate":38435.76441176022,"standard_error":4608.341033302947}}