{"Mean":{"confidence_interval":{"confidence_level":0.95,"lower_bound":-0.0011456419296629657,"upper_bound":0.0023668739752547453},"point_estimate":0.0005421311133044782,"standard_error":0.0008989934785879583},"Median":{"confidence_interval":{"confidence_level":0.95,"lower_bound":-0.0018335103565891853,"upper_bound":0.0025554741043365414},"point_estimate":0.00018564986070179756,"standard_error":0.0012272006572911784}}