{"Mean":{"confidence_interval":{"confidence_level":0.95,"lower_bound":-0.006678431011174845,"upper_bound":0.00011821633570356713},"point_estimate":-0.0029769673346720094,"standard_error":0.001729496730441543},"Median":{"confidence_interval":{"confidence_level":0.95,"lower_bound":-0.0031875342288170128,"upper_bound":0.0009700149136586678},"point_estimate":-0.0007242367304811648,"standard_error":0.0011133223770556254}}