{"Mean":{"confidence_interval":{"confidence_level":0.95,"lower_bound":0.002643960500996024,"upper_bound":0.006796159171023985},"point_estimate":0.004683341583126888,"standard_error":0.0010710533224643636},"Median":{"confidence_interval":{"confidence_level":0.95,"lower_bound":0.0026430542758100195,"upper_bound":0.005836267730405353},"point_estimate":0.004551774703615674,"standard_error":0.0008143171630489441}}