{"Mean":{"confidence_interval":{"confidence_level":0.95,"lower_bound":-0.0007232876829910442,"upper_bound":0.00622816475420607},"point_estimate":0.00240447360026641,"standard_error":0.001754190123004643},"Median":{"confidence_interval":{"confidence_level":0.95,"lower_bound":-0.0013709126486077805,"upper_bound":0.002372220875139433},"point_estimate":0.00024683839854144907,"standard_error":0.0010503239946353582}}