{"Mean":{"confidence_interval":{"confidence_level":0.95,"lower_bound":-0.05221381268635332,"upper_bound":-0.045577018727935265},"point_estimate":-0.04895576877722563,"standard_error":0.0016734633622148074},"Median":{"confidence_interval":{"confidence_level":0.95,"lower_bound":-0.05078726184723359,"upper_bound":-0.04575392923238513},"point_estimate":-0.04809748149432913,"standard_error":0.0012837470170948817}}