{"Mean":{"confidence_interval":{"confidence_level":0.95,"lower_bound":0.041987404447795244,"upper_bound":0.05281682715299674},"point_estimate":0.04756874332175598,"standard_error":0.0027106660458969226},"Median":{"confidence_interval":{"confidence_level":0.95,"lower_bound":0.040285771817183624,"upper_bound":0.04831528995971168},"point_estimate":0.04441306945083556,"standard_error":0.002052687051980421}}