{"Mean":{"confidence_interval":{"confidence_level":0.95,"lower_bound":0.0005933488441321364,"upper_bound":0.011259855332860417},"point_estimate":0.006727017979564431,"standard_error":0.0027773511698306738},"Median":{"confidence_interval":{"confidence_level":0.95,"lower_bound":0.004466024816759173,"upper_bound":0.013770876779653163},"point_estimate":0.010070596203733073,"standard_error":0.0025108626316358755}}