{"Mean":{"confidence_interval":{"confidence_level":0.95,"lower_bound":166925.38153515072,"upper_bound":169835.1409862226},"point_estimate":168290.04592501637,"standard_error":744.2399101050495},"Median":{"confidence_interval":{"confidence_level":0.95,"lower_bound":166190.71245421245,"upper_bound":166764.63888888888},"point_estimate":166433.9906881313,"standard_error":144.77954962994787},"MedianAbsDev":{"confidence_interval":{"confidence_level":0.95,"lower_bound":1410.2174839726508,"upper_bound":3225.463111235528},"point_estimate":2028.6047778963646,"standard_error":410.3587519666797},"Slope":{"confidence_interval":{"confidence_level":0.95,"lower_bound":167648.2528456194,"upper_bound":171048.14600886995},"point_estimate":169248.19549381803,"standard_error":867.2660255419547},"StdDev":{"confidence_interval":{"confidence_level":0.95,"lower_bound":5103.966428638955,"upper_bound":9479.710027755747},"point_estimate":7494.98098307588,"standard_error":1118.4403396427554}}