{"Mean":{"confidence_interval":{"confidence_level":0.95,"lower_bound":169325.32545599967,"upper_bound":171012.4528702452},"point_estimate":170121.35750429786,"standard_error":430.9913406078782},"Median":{"confidence_interval":{"confidence_level":0.95,"lower_bound":168248.64480874318,"upper_bound":170851.48222222223},"point_estimate":169393.2650981205,"standard_error":739.5256744835187},"MedianAbsDev":{"confidence_interval":{"confidence_level":0.95,"lower_bound":2913.9354964865574,"upper_bound":4500.583175509091},"point_estimate":3466.4790860334574,"standard_error":413.51200651538164},"Slope":{"confidence_interval":{"confidence_level":0.95,"lower_bound":169850.31085569508,"upper_bound":171475.76220168697},"point_estimate":170642.09883454017,"standard_error":414.29957808632065},"StdDev":{"confidence_interval":{"confidence_level":0.95,"lower_bound":3021.962059699563,"upper_bound":5767.74820887656},"point_estimate":4341.090029154043,"standard_error":732.5372858925726}}