{"Mean":{"confidence_interval":{"confidence_level":0.95,"lower_bound":131.76117442518643,"upper_bound":132.29960126815988},"point_estimate":132.03637891284745,"standard_error":0.13795577374206147},"Median":{"confidence_interval":{"confidence_level":0.95,"lower_bound":131.7192842150161,"upper_bound":132.44443522433724},"point_estimate":132.04782890527662,"standard_error":0.1898322420357237},"MedianAbsDev":{"confidence_interval":{"confidence_level":0.95,"lower_bound":0.1498068335287733,"upper_bound":0.7712317938137176},"point_estimate":0.5364531882738172,"standard_error":0.16330219713070732},"Slope":{"confidence_interval":{"confidence_level":0.95,"lower_bound":131.71805601453732,"upper_bound":132.2834809196996},"point_estimate":131.97062237691594,"standard_error":0.14683504426635408},"StdDev":{"confidence_interval":{"confidence_level":0.95,"lower_bound":0.2607576129583836,"upper_bound":0.5817732129769424},"point_estimate":0.4597006534938764,"standard_error":0.0829154937256824}}