{"Mean":{"confidence_interval":{"confidence_level":0.95,"lower_bound":68.86573105768026,"upper_bound":69.1624730611448},"point_estimate":68.9890260769327,"standard_error":0.07663622239862959},"Median":{"confidence_interval":{"confidence_level":0.95,"lower_bound":68.77106134541653,"upper_bound":68.90828929940746},"point_estimate":68.84173509111416,"standard_error":0.035195555376371195},"MedianAbsDev":{"confidence_interval":{"confidence_level":0.95,"lower_bound":0.27348909128199067,"upper_bound":0.46178745352756556},"point_estimate":0.3612991759844933,"standard_error":0.04793743300485464},"Slope":{"confidence_interval":{"confidence_level":0.95,"lower_bound":68.79833549756671,"upper_bound":68.92567398100242},"point_estimate":68.85984654147825,"standard_error":0.0325511391574999},"StdDev":{"confidence_interval":{"confidence_level":0.95,"lower_bound":0.3375619525205021,"upper_bound":1.2042493337803735},"point_estimate":0.7665447078562011,"standard_error":0.2766168849497404}}