{"Mean":{"confidence_interval":{"confidence_level":0.95,"lower_bound":2525.8762436392763,"upper_bound":2546.3145938395214},"point_estimate":2534.0652780971227,"standard_error":5.516222226561357},"Median":{"confidence_interval":{"confidence_level":0.95,"lower_bound":2525.848109058927,"upper_bound":2535.650465039578},"point_estimate":2528.7941010177155,"standard_error":2.490480717868901},"MedianAbsDev":{"confidence_interval":{"confidence_level":0.95,"lower_bound":0.9964100086953716,"upper_bound":14.896609049517041},"point_estimate":4.719903306706127,"standard_error":3.583995093962611},"Slope":{"confidence_interval":{"confidence_level":0.95,"lower_bound":2526.4517573971866,"upper_bound":2548.2836328757344},"point_estimate":2533.648711921324,"standard_error":5.865599930177349},"StdDev":{"confidence_interval":{"confidence_level":0.95,"lower_bound":2.9139934661973865,"upper_bound":27.748084411649366},"point_estimate":18.350552949999116,"standard_error":7.889948418791438}}