{"Mean":{"confidence_interval":{"confidence_level":0.95,"lower_bound":755.7353830424034,"upper_bound":759.4329084745336},"point_estimate":757.4806901278903,"standard_error":0.9422485380072539},"Median":{"confidence_interval":{"confidence_level":0.95,"lower_bound":753.1390364000033,"upper_bound":757.1328353082604},"point_estimate":755.2062917908886,"standard_error":1.0080661642344924},"MedianAbsDev":{"confidence_interval":{"confidence_level":0.95,"lower_bound":4.865542086307068,"upper_bound":8.911516913643608},"point_estimate":7.515943411484745,"standard_error":1.071961171333655},"Slope":{"confidence_interval":{"confidence_level":0.95,"lower_bound":755.6166596550464,"upper_bound":758.534136407333},"point_estimate":757.0707399830388,"standard_error":0.7439482975307186},"StdDev":{"confidence_interval":{"confidence_level":0.95,"lower_bound":6.703939825037656,"upper_bound":12.445107943377867},"point_estimate":9.434049567293757,"standard_error":1.5412598537219153}}