{"Mean":{"confidence_interval":{"confidence_level":0.95,"lower_bound":2389.6753870735624,"upper_bound":2454.964794040459},"point_estimate":2417.6179665466734,"standard_error":16.963682549175346},"Median":{"confidence_interval":{"confidence_level":0.95,"lower_bound":2365.805106076951,"upper_bound":2372.3606305467592},"point_estimate":2368.2780811758357,"standard_error":1.9867409358798958},"MedianAbsDev":{"confidence_interval":{"confidence_level":0.95,"lower_bound":6.262211363383076,"upper_bound":14.759917849014077},"point_estimate":9.115103594292298,"standard_error":2.348924906427643},"Slope":{"confidence_interval":{"confidence_level":0.95,"lower_bound":2383.1073643566365,"upper_bound":2410.8225874728973},"point_estimate":2396.035030035825,"standard_error":7.095777988312601},"StdDev":{"confidence_interval":{"confidence_level":0.95,"lower_bound":55.06387691459687,"upper_bound":263.918633641682},"point_estimate":169.88307438174334,"standard_error":56.50254354459426}}