{"Mean":{"confidence_interval":{"confidence_level":0.95,"lower_bound":663.0384247427428,"upper_bound":665.8637071278669},"point_estimate":664.2897829977848,"standard_error":0.7251146098839835},"Median":{"confidence_interval":{"confidence_level":0.95,"lower_bound":661.4923644440919,"upper_bound":663.8809053147485},"point_estimate":663.0365969639184,"standard_error":0.5992564645773607},"MedianAbsDev":{"confidence_interval":{"confidence_level":0.95,"lower_bound":3.188929779730593,"upper_bound":5.505365487024271},"point_estimate":4.477561493522841,"standard_error":0.6182924870247263},"Slope":{"confidence_interval":{"confidence_level":0.95,"lower_bound":663.3680837972797,"upper_bound":664.9194250269495},"point_estimate":664.1350192900954,"standard_error":0.3951583093426034},"StdDev":{"confidence_interval":{"confidence_level":0.95,"lower_bound":4.047898609599816,"upper_bound":10.765499126944055},"point_estimate":7.276248723629,"standard_error":2.0374693976205203}}