{"Mean":{"confidence_interval":{"confidence_level":0.95,"lower_bound":135.95775429015234,"upper_bound":136.54369914043124},"point_estimate":136.2208044958282,"standard_error":0.15010093129342178},"Median":{"confidence_interval":{"confidence_level":0.95,"lower_bound":135.58495191298746,"upper_bound":136.17878454557953},"point_estimate":135.82545717035612,"standard_error":0.16383159323116347},"MedianAbsDev":{"confidence_interval":{"confidence_level":0.95,"lower_bound":0.6775769602055149,"upper_bound":1.2669609188545903},"point_estimate":0.8834404069850195,"standard_error":0.1576436081533696},"Slope":{"confidence_interval":{"confidence_level":0.95,"lower_bound":135.92615377996555,"upper_bound":136.2930935731267},"point_estimate":136.10253234090246,"standard_error":0.09392543508150605},"StdDev":{"confidence_interval":{"confidence_level":0.95,"lower_bound":0.8994149457108438,"upper_bound":2.1874442051987955},"point_estimate":1.510733970942417,"standard_error":0.38466736766610127}}