{"Mean":{"confidence_interval":{"confidence_level":0.95,"lower_bound":-0.006784493275560244,"upper_bound":-0.0018202140564933006},"point_estimate":-0.004521303872401128,"standard_error":0.0012555387345169133},"Median":{"confidence_interval":{"confidence_level":0.95,"lower_bound":-0.006363108068042078,"upper_bound":-0.00207831484709331},"point_estimate":-0.004234983761281397,"standard_error":0.0011109463762932106}}