{"Mean":{"confidence_interval":{"confidence_level":0.95,"lower_bound":-0.0055608439697426675,"upper_bound":0.0028685853973921534},"point_estimate":-0.0015174412895226919,"standard_error":0.002134945044774543},"Median":{"confidence_interval":{"confidence_level":0.95,"lower_bound":-0.006156399034216498,"upper_bound":0.0031264668252295458},"point_estimate":-0.0012077349473678112,"standard_error":0.0021847759672309944}}