{"Mean":{"confidence_interval":{"confidence_level":0.95,"lower_bound":-0.0036996832000048014,"upper_bound":-0.00025124903214076855},"point_estimate":-0.002018138628210542,"standard_error":0.0008812167090430223},"Median":{"confidence_interval":{"confidence_level":0.95,"lower_bound":-0.003308972320375858,"upper_bound":-0.0005210407151777785},"point_estimate":-0.0017075739756268193,"standard_error":0.0007422510251391445}}