{"Mean":{"confidence_interval":{"confidence_level":0.95,"lower_bound":707054.790112813,"upper_bound":714569.8997575875},"point_estimate":710037.5980404287,"standard_error":1980.878293395426},"Median":{"confidence_interval":{"confidence_level":0.95,"lower_bound":705093.0898876404,"upper_bound":707732.609375},"point_estimate":706274.1555405406,"standard_error":624.1872964400095},"MedianAbsDev":{"confidence_interval":{"confidence_level":0.95,"lower_bound":3804.470718675131,"upper_bound":6278.0491433132},"point_estimate":4785.40346067553,"standard_error":640.3474744551991},"Slope":{"confidence_interval":{"confidence_level":0.95,"lower_bound":706860.783068851,"upper_bound":710424.5228722467},"point_estimate":708534.5640919167,"standard_error":908.7106995434866},"StdDev":{"confidence_interval":{"confidence_level":0.95,"lower_bound":5962.188649017719,"upper_bound":32359.17905301892},"point_estimate":19838.857938115205,"standard_error":8404.763820655744}}