{"Mean":{"confidence_interval":{"confidence_level":0.95,"lower_bound":5522.575898960156,"upper_bound":5619.510631891105},"point_estimate":5567.359279382645,"standard_error":24.84254386359153},"Median":{"confidence_interval":{"confidence_level":0.95,"lower_bound":5475.9355153883735,"upper_bound":5485.036016623057},"point_estimate":5480.353476123595,"standard_error":2.387415544179752},"MedianAbsDev":{"confidence_interval":{"confidence_level":0.95,"lower_bound":17.424320973427083,"upper_bound":31.522852838125836},"point_estimate":26.167182338993708,"standard_error":3.5495594372338712},"Slope":{"confidence_interval":{"confidence_level":0.95,"lower_bound":5514.520959277234,"upper_bound":5612.601613934441},"point_estimate":5560.529472871486,"standard_error":25.20221555677821},"StdDev":{"confidence_interval":{"confidence_level":0.95,"lower_bound":148.76029885742042,"upper_bound":334.16524390751795},"point_estimate":250.83529685545594,"standard_error":47.23181180970657}}