{"Mean":{"confidence_interval":{"confidence_level":0.95,"lower_bound":4523.383175347408,"upper_bound":4537.728352921564},"point_estimate":4530.744648503396,"standard_error":3.6675537521307326},"Median":{"confidence_interval":{"confidence_level":0.95,"lower_bound":4522.504268924374,"upper_bound":4541.1018587980325},"point_estimate":4529.637249590176,"standard_error":5.464265684683818},"MedianAbsDev":{"confidence_interval":{"confidence_level":0.95,"lower_bound":1.4570372659554516,"upper_bound":22.17237626302535},"point_estimate":13.014699303826763,"standard_error":5.032028671779353},"Slope":{"confidence_interval":{"confidence_level":0.95,"lower_bound":4526.947596567862,"upper_bound":4541.332970284447},"point_estimate":4534.699928228811,"standard_error":3.6346364891203606},"StdDev":{"confidence_interval":{"confidence_level":0.95,"lower_bound":6.929696083365527,"upper_bound":15.857747937789691},"point_estimate":12.205815174767249,"standard_error":2.376009880117895}}