{"Mean":{"confidence_interval":{"confidence_level":0.95,"lower_bound":1190.1389190309771,"upper_bound":1198.1138440393902},"point_estimate":1193.298762868407,"standard_error":2.098110877876765},"Median":{"confidence_interval":{"confidence_level":0.95,"lower_bound":1188.6486302612482,"upper_bound":1192.905153508772},"point_estimate":1191.4975227444656,"standard_error":1.192751387366049},"MedianAbsDev":{"confidence_interval":{"confidence_level":0.95,"lower_bound":6.779285319942304,"upper_bound":10.478080291761424},"point_estimate":9.137152436442147,"standard_error":0.9667187367045447},"Slope":{"confidence_interval":{"confidence_level":0.95,"lower_bound":1192.0581627601264,"upper_bound":1195.4430510187628},"point_estimate":1193.7339829602938,"standard_error":0.864355245052298},"StdDev":{"confidence_interval":{"confidence_level":0.95,"lower_bound":7.301066118441187,"upper_bound":34.294447945886226},"point_estimate":21.022301362657725,"standard_error":9.062236924785681}}