{"Mean":{"confidence_interval":{"confidence_level":0.95,"lower_bound":2789.4806584948765,"upper_bound":2806.430621181942},"point_estimate":2797.4846580247395,"standard_error":4.326726439162006},"Median":{"confidence_interval":{"confidence_level":0.95,"lower_bound":2778.653591954023,"upper_bound":2794.877192591891},"point_estimate":2792.266014314271,"standard_error":4.677198049638729},"MedianAbsDev":{"confidence_interval":{"confidence_level":0.95,"lower_bound":22.80165068386738,"upper_bound":39.964563352987284},"point_estimate":34.30092992303637,"standard_error":4.6550618176243495},"Slope":{"confidence_interval":{"confidence_level":0.95,"lower_bound":2790.0780875967007,"upper_bound":2804.2048484869565},"point_estimate":2796.790329523431,"standard_error":3.6082158832384796},"StdDev":{"confidence_interval":{"confidence_level":0.95,"lower_bound":30.839401080971626,"upper_bound":55.38944272348739},"point_estimate":43.53820640364916,"standard_error":6.311721880324174}}