{"Mean":{"confidence_interval":{"confidence_level":0.95,"lower_bound":2795.917328290614,"upper_bound":2812.7563109360794},"point_estimate":2803.474781621058,"standard_error":4.309518096681711},"Median":{"confidence_interval":{"confidence_level":0.95,"lower_bound":2783.8660449181575,"upper_bound":2801.344956052102},"point_estimate":2792.9764964048377,"standard_error":5.046852884537026},"MedianAbsDev":{"confidence_interval":{"confidence_level":0.95,"lower_bound":19.663544327717542,"upper_bound":35.02100999535441},"point_estimate":28.40100343179075,"standard_error":3.9249449052287613},"Slope":{"confidence_interval":{"confidence_level":0.95,"lower_bound":2798.97403727955,"upper_bound":2828.770929799528},"point_estimate":2811.7845597920314,"standard_error":7.709029804254455},"StdDev":{"confidence_interval":{"confidence_level":0.95,"lower_bound":25.3929164236612,"upper_bound":63.52587736597304},"point_estimate":43.42399173806252,"standard_error":11.705958438249917}}