{"Mean":{"confidence_interval":{"confidence_level":0.95,"lower_bound":2897.145468183023,"upper_bound":2918.6008514857335},"point_estimate":2907.456417898391,"standard_error":5.473470062181543},"Median":{"confidence_interval":{"confidence_level":0.95,"lower_bound":2892.037805687773,"upper_bound":2917.9136183567425},"point_estimate":2905.789606335392,"standard_error":6.834265095139893},"MedianAbsDev":{"confidence_interval":{"confidence_level":0.95,"lower_bound":35.264960770086596,"upper_bound":55.62716958897328},"point_estimate":48.05235809482882,"standard_error":5.134563080704364},"Slope":{"confidence_interval":{"confidence_level":0.95,"lower_bound":2910.9807159607103,"upper_bound":2925.9809592542865},"point_estimate":2918.728721547167,"standard_error":3.8266600487952025},"StdDev":{"confidence_interval":{"confidence_level":0.95,"lower_bound":41.02314828761978,"upper_bound":70.84517528487001},"point_estimate":55.07227920453204,"standard_error":7.991269192385475}}