{"Mean":{"confidence_interval":{"confidence_level":0.95,"lower_bound":19249884.60622905,"upper_bound":19464320.445506413},"point_estimate":19343180.80181858,"standard_error":55184.494400032156},"Median":{"confidence_interval":{"confidence_level":0.95,"lower_bound":19224233.373333335,"upper_bound":19266105.56923077},"point_estimate":19243253.03636364,"standard_error":9587.96918253933},"MedianAbsDev":{"confidence_interval":{"confidence_level":0.95,"lower_bound":87897.5273378014,"upper_bound":188472.16558668294},"point_estimate":138320.46309360856,"standard_error":27297.249720293315},"Slope":{"confidence_interval":{"confidence_level":0.95,"lower_bound":19258462.31388599,"upper_bound":19483493.633876696},"point_estimate":19343600.39432836,"standard_error":61600.53600626661},"StdDev":{"confidence_interval":{"confidence_level":0.95,"lower_bound":227502.11365351907,"upper_bound":830469.1531450255},"point_estimate":553160.772139932,"standard_error":158488.5072111828}}