{"Mean":{"confidence_interval":{"confidence_level":0.95,"lower_bound":19695016.192559753,"upper_bound":19739809.864301126},"point_estimate":19716822.385522675,"standard_error":11376.612458097123},"Median":{"confidence_interval":{"confidence_level":0.95,"lower_bound":19673710.01978267,"upper_bound":19716483.39453552},"point_estimate":19694838.219210528,"standard_error":11913.420943520692},"MedianAbsDev":{"confidence_interval":{"confidence_level":0.95,"lower_bound":61641.15825562461,"upper_bound":109208.74583239575},"point_estimate":87041.54555623223,"standard_error":12289.32372648348},"Slope":{"confidence_interval":{"confidence_level":0.95,"lower_bound":19707441.742937386,"upper_bound":19758471.135023404},"point_estimate":19732383.248435054,"standard_error":13009.977181714588},"StdDev":{"confidence_interval":{"confidence_level":0.95,"lower_bound":88748.18790291784,"upper_bound":140110.3821440255},"point_estimate":114232.3769361644,"standard_error":13263.9415003139}}