{"Mean":{"confidence_interval":{"confidence_level":0.95,"lower_bound":0.005408870669020422,"upper_bound":0.01780671507831986},"point_estimate":0.011450183806938963,"standard_error":0.003156302796871777},"Median":{"confidence_interval":{"confidence_level":0.95,"lower_bound":0.0033309958108926896,"upper_bound":0.02050259010869319},"point_estimate":0.012824981203788388,"standard_error":0.004378844363544588}}