{"Mean":{"confidence_interval":{"confidence_level":0.95,"lower_bound":0.0008531862433907527,"upper_bound":0.013487699323096567},"point_estimate":0.007043582179734553,"standard_error":0.0032046507827093893},"Median":{"confidence_interval":{"confidence_level":0.95,"lower_bound":0.00042372495793774334,"upper_bound":0.016715954866289965},"point_estimate":0.009946011519619047,"standard_error":0.004203209690318154}}