{"Mean":{"confidence_interval":{"confidence_level":0.95,"lower_bound":-0.014007913766252036,"upper_bound":-0.0006282740549949729},"point_estimate":-0.007559635327725744,"standard_error":0.00337406840342538},"Median":{"confidence_interval":{"confidence_level":0.95,"lower_bound":-0.015218805203853769,"upper_bound":-0.0007535282817119916},"point_estimate":-0.00790535839146922,"standard_error":0.0036720319636605572}}