{"Mean":{"confidence_interval":{"confidence_level":0.95,"lower_bound":0.005799128565388173,"upper_bound":0.02156451595256467},"point_estimate":0.013433148436770903,"standard_error":0.004018328870588546},"Median":{"confidence_interval":{"confidence_level":0.95,"lower_bound":-0.000043672546526041245,"upper_bound":0.027704099102037416},"point_estimate":0.013699262925620515,"standard_error":0.007609759124426027}}