{"Mean":{"confidence_interval":{"confidence_level":0.95,"lower_bound":30594856.501373224,"upper_bound":30651680.58615725},"point_estimate":30622307.717203833,"standard_error":14522.150684390388},"Median":{"confidence_interval":{"confidence_level":0.95,"lower_bound":30566504.26622951,"upper_bound":30616445.0},"point_estimate":30595348.53968254,"standard_error":13182.473124128477},"MedianAbsDev":{"confidence_interval":{"confidence_level":0.95,"lower_bound":77586.06180279399,"upper_bound":139497.17093462375},"point_estimate":109082.90818466908,"standard_error":16098.163295765704},"Slope":{"confidence_interval":{"confidence_level":0.95,"lower_bound":30594465.687772315,"upper_bound":30651650.69679466},"point_estimate":30622384.138921235,"standard_error":14566.041010017098},"StdDev":{"confidence_interval":{"confidence_level":0.95,"lower_bound":114993.35507896171,"upper_bound":174709.23417614918},"point_estimate":145728.21939063052,"standard_error":15296.389334413403}}