{"Mean":{"confidence_interval":{"confidence_level":0.95,"lower_bound":28690799.704880953,"upper_bound":28771241.761583332},"point_estimate":28727630.728214286,"standard_error":20672.800173158328},"Median":{"confidence_interval":{"confidence_level":0.95,"lower_bound":28681800.333333336,"upper_bound":28768315.883333333},"point_estimate":28699772.2875,"standard_error":21669.51838847982},"MedianAbsDev":{"confidence_interval":{"confidence_level":0.95,"lower_bound":4245.703012123704,"upper_bound":101895.56266099289},"point_estimate":29809.82841827104,"standard_error":26925.035097168096},"Slope":{"confidence_interval":{"confidence_level":0.95,"lower_bound":28680912.236065574,"upper_bound":28795265.82022293},"point_estimate":28734969.937662337,"standard_error":30914.40007880132},"StdDev":{"confidence_interval":{"confidence_level":0.95,"lower_bound":19182.01976355488,"upper_bound":87797.12786536971},"point_estimate":69275.22290705676,"standard_error":16825.73434882615}}