{"Mean":{"confidence_interval":{"confidence_level":0.95,"lower_bound":0.004714597909083729,"upper_bound":0.010244477553175563},"point_estimate":0.007520770443550484,"standard_error":0.0014335431388479505},"Median":{"confidence_interval":{"confidence_level":0.95,"lower_bound":0.0035223182817680776,"upper_bound":0.011286478645813114},"point_estimate":0.006710876970045909,"standard_error":0.001969279346643242}}