{"Mean":{"confidence_interval":{"confidence_level":0.95,"lower_bound":-0.07173937600237666,"upper_bound":-0.06488583076377663},"point_estimate":-0.0682867075195096,"standard_error":0.0017493084072569584},"Median":{"confidence_interval":{"confidence_level":0.95,"lower_bound":-0.0723036356844089,"upper_bound":-0.06318367814611059},"point_estimate":-0.06679332710630637,"standard_error":0.002329357486775804}}