{"Mean":{"confidence_interval":{"confidence_level":0.95,"lower_bound":-0.05901451682417228,"upper_bound":-0.05187478170078618},"point_estimate":-0.055304681013559676,"standard_error":0.0018152652843763813},"Median":{"confidence_interval":{"confidence_level":0.95,"lower_bound":-0.05847112552128153,"upper_bound":-0.052428397189024034},"point_estimate":-0.055566840671214646,"standard_error":0.001488278130308834}}