{"Mean":{"confidence_interval":{"confidence_level":0.95,"lower_bound":0.07065620491066886,"upper_bound":0.07820659005628756},"point_estimate":0.07434657458794303,"standard_error":0.0019086106089877784},"Median":{"confidence_interval":{"confidence_level":0.95,"lower_bound":0.06854636417308146,"upper_bound":0.07656842776997586},"point_estimate":0.07274153019339158,"standard_error":0.001990801456640817}}