{"Mean":{"confidence_interval":{"confidence_level":0.95,"lower_bound":2597010.483020922,"upper_bound":2609220.063296166},"point_estimate":2602710.637820174,"standard_error":3115.9133569470723},"Median":{"confidence_interval":{"confidence_level":0.95,"lower_bound":2594787.1052631577,"upper_bound":2606429.7530529173},"point_estimate":2599089.2180265654,"standard_error":3246.644489864841},"MedianAbsDev":{"confidence_interval":{"confidence_level":0.95,"lower_bound":18967.019310960284,"upper_bound":31376.246890754323},"point_estimate":24736.241483136266,"standard_error":3070.8156062262774},"Slope":{"confidence_interval":{"confidence_level":0.95,"lower_bound":2600918.0668393453,"upper_bound":2613597.24999429},"point_estimate":2607115.6556258313,"standard_error":3240.1128961544073},"StdDev":{"confidence_interval":{"confidence_level":0.95,"lower_bound":21549.131734515096,"upper_bound":42758.1521955743},"point_estimate":31228.651504287143,"standard_error":6166.036667057196}}