{"Mean":{"confidence_interval":{"confidence_level":0.95,"lower_bound":2596652.405564952,"upper_bound":2609679.707083726},"point_estimate":2602936.5384455645,"standard_error":3326.516420641492},"Median":{"confidence_interval":{"confidence_level":0.95,"lower_bound":2589343.6153846155,"upper_bound":2599351.6684782607},"point_estimate":2594941.9926050855,"standard_error":2719.899330392464},"MedianAbsDev":{"confidence_interval":{"confidence_level":0.95,"lower_bound":17665.97881970015,"upper_bound":34584.55810683465},"point_estimate":26851.954125140186,"standard_error":4460.650457122476},"Slope":{"confidence_interval":{"confidence_level":0.95,"lower_bound":2594534.0287842043,"upper_bound":2607502.1833027415},"point_estimate":2600656.1440401953,"standard_error":3314.2530461293923},"StdDev":{"confidence_interval":{"confidence_level":0.95,"lower_bound":26789.979210374775,"upper_bound":38927.74540895952},"point_estimate":33278.42299282796,"standard_error":3094.6737216906436}}