{"Mean":{"confidence_interval":{"confidence_level":0.95,"lower_bound":2585463.0897123036,"upper_bound":2612933.7086797254},"point_estimate":2598489.6854711613,"standard_error":6976.72291454401},"Median":{"confidence_interval":{"confidence_level":0.95,"lower_bound":2558142.1030927836,"upper_bound":2580911.6417910447},"point_estimate":2567726.893141946,"standard_error":6050.900559486393},"MedianAbsDev":{"confidence_interval":{"confidence_level":0.95,"lower_bound":15338.306666579332,"upper_bound":44250.9141902571},"point_estimate":27485.2713730377,"standard_error":7653.237616601322},"Slope":{"confidence_interval":{"confidence_level":0.95,"lower_bound":2591501.7094377694,"upper_bound":2618504.9509580573},"point_estimate":2604459.1829673415,"standard_error":6892.436396508015},"StdDev":{"confidence_interval":{"confidence_level":0.95,"lower_bound":51372.79448974912,"upper_bound":88610.286514657},"point_estimate":70086.60686321188,"standard_error":9658.052326230523}}