{"Mean":{"confidence_interval":{"confidence_level":0.95,"lower_bound":24553.844493094257,"upper_bound":24717.570081953443},"point_estimate":24627.225605216274,"standard_error":41.89185214786722},"Median":{"confidence_interval":{"confidence_level":0.95,"lower_bound":24498.517548822398,"upper_bound":24623.011585365854},"point_estimate":24552.16119015357,"standard_error":31.41743612722002},"MedianAbsDev":{"confidence_interval":{"confidence_level":0.95,"lower_bound":193.5125881593152,"upper_bound":313.7811116133147},"point_estimate":245.4683635904495,"standard_error":29.810118616326914},"Slope":{"confidence_interval":{"confidence_level":0.95,"lower_bound":24544.64603739921,"upper_bound":24680.759974377037},"point_estimate":24610.33393051646,"standard_error":34.8981682332159},"StdDev":{"confidence_interval":{"confidence_level":0.95,"lower_bound":222.95092519414112,"upper_bound":616.4278402846547},"point_estimate":418.93538579555815,"standard_error":107.85524656187908}}