{"Mean":{"confidence_interval":{"confidence_level":0.95,"lower_bound":16087.609960883603,"upper_bound":16352.699686535978},"point_estimate":16198.093247342811,"standard_error":70.06196852820302},"Median":{"confidence_interval":{"confidence_level":0.95,"lower_bound":16050.942285041225,"upper_bound":16230.98838093836},"point_estimate":16159.85926457597,"standard_error":49.08693045102845},"MedianAbsDev":{"confidence_interval":{"confidence_level":0.95,"lower_bound":25.345206990402673,"upper_bound":231.08321728658998},"point_estimate":123.44218624485862,"standard_error":51.979250973830716},"Slope":{"confidence_interval":{"confidence_level":0.95,"lower_bound":16113.91576887289,"upper_bound":16397.46306095406},"point_estimate":16237.233073287136,"standard_error":71.12844509302971},"StdDev":{"confidence_interval":{"confidence_level":0.95,"lower_bound":66.61854674890616,"upper_bound":348.76962149653104},"point_estimate":234.406951972652,"standard_error":90.59933410125167}}