{"Mean":{"confidence_interval":{"confidence_level":0.95,"lower_bound":0.12021990517966666,"upper_bound":0.1251078381360937},"point_estimate":0.1225871415989106,"standard_error":0.0012530887165519253},"Median":{"confidence_interval":{"confidence_level":0.95,"lower_bound":0.11916771325744202,"upper_bound":0.12720181026717503},"point_estimate":0.12252278459947585,"standard_error":0.0019442232510703684}}