{"Mean":{"confidence_interval":{"confidence_level":0.95,"lower_bound":-0.3459143881046807,"upper_bound":-0.34065016503388296},"point_estimate":-0.3432807706329498,"standard_error":0.0013450068352615133},"Median":{"confidence_interval":{"confidence_level":0.95,"lower_bound":-0.34721109889552293,"upper_bound":-0.34081297769269153},"point_estimate":-0.34425566716893063,"standard_error":0.0017535076975952035}}