{"Mean":{"confidence_interval":{"confidence_level":0.95,"lower_bound":0.25018990939043484,"upper_bound":0.2600485020987146},"point_estimate":0.2552048237613669,"standard_error":0.0025343936147446708},"Median":{"confidence_interval":{"confidence_level":0.95,"lower_bound":0.251263088281092,"upper_bound":0.26099366573924004},"point_estimate":0.2552771288855107,"standard_error":0.002384450139411105}}