{"Mean":{"confidence_interval":{"confidence_level":0.95,"lower_bound":302.3621005271055,"upper_bound":305.0292405633741},"point_estimate":303.41333426021066,"standard_error":0.7006301967819962},"Median":{"confidence_interval":{"confidence_level":0.95,"lower_bound":301.298514767684,"upper_bound":302.93254210664105},"point_estimate":302.1111959546596,"standard_error":0.4608046889507755},"MedianAbsDev":{"confidence_interval":{"confidence_level":0.95,"lower_bound":1.6665588720852538,"upper_bound":2.9828020274085016},"point_estimate":2.2797459486196483,"standard_error":0.3527019011249192},"Slope":{"confidence_interval":{"confidence_level":0.95,"lower_bound":302.82256117050093,"upper_bound":304.7006040189204},"point_estimate":303.75534729926096,"standard_error":0.4816793504539279},"StdDev":{"confidence_interval":{"confidence_level":0.95,"lower_bound":2.392599990403078,"upper_bound":11.468694892735376},"point_estimate":7.033856538914672,"standard_error":3.041012021415281}}