{"Mean":{"confidence_interval":{"confidence_level":0.95,"lower_bound":229.34880472773517,"upper_bound":231.48409960490665},"point_estimate":230.2043675764118,"standard_error":0.5752840025555045},"Median":{"confidence_interval":{"confidence_level":0.95,"lower_bound":229.12311538391356,"upper_bound":230.6570065397459},"point_estimate":229.48170092348118,"standard_error":0.39575003044679485},"MedianAbsDev":{"confidence_interval":{"confidence_level":0.95,"lower_bound":0.1101100705592806,"upper_bound":1.7372877760365864},"point_estimate":0.7332941398990535,"standard_error":0.3996838343213445},"Slope":{"confidence_interval":{"confidence_level":0.95,"lower_bound":229.28105780927422,"upper_bound":232.19119380132005},"point_estimate":230.27111420358258,"standard_error":0.7925254502872748},"StdDev":{"confidence_interval":{"confidence_level":0.95,"lower_bound":0.3994052605087125,"upper_bound":2.9019467308348394},"point_estimate":1.9263719253783074,"standard_error":0.8072088898019316}}