{"Mean":{"confidence_interval":{"confidence_level":0.95,"lower_bound":30047006.646479964,"upper_bound":30203182.147838004},"point_estimate":30113863.94228027,"standard_error":40224.481182229174},"Median":{"confidence_interval":{"confidence_level":0.95,"lower_bound":29991356.61971831,"upper_bound":30138842.272727273},"point_estimate":30087931.127884615,"standard_error":33881.14579697104},"MedianAbsDev":{"confidence_interval":{"confidence_level":0.95,"lower_bound":173050.41385774093,"upper_bound":264374.1621184357},"point_estimate":206505.62159011434,"standard_error":23036.791043057718},"Slope":{"confidence_interval":{"confidence_level":0.95,"lower_bound":29981170.49943928,"upper_bound":30086095.33831132},"point_estimate":30034330.972244717,"standard_error":26760.21965656926},"StdDev":{"confidence_interval":{"confidence_level":0.95,"lower_bound":188784.3456520112,"upper_bound":628803.0512243441},"point_estimate":404348.74480565515,"standard_error":138448.0307250518}}