{"Mean":{"confidence_interval":{"confidence_level":0.95,"lower_bound":39295080.83690163,"upper_bound":39388530.00688151},"point_estimate":39340773.37568936,"standard_error":23899.233586664577},"Median":{"confidence_interval":{"confidence_level":0.95,"lower_bound":39258070.4375,"upper_bound":39366470.18965517},"point_estimate":39316295.97961412,"standard_error":30664.6755946627},"MedianAbsDev":{"confidence_interval":{"confidence_level":0.95,"lower_bound":162238.01633434815,"upper_bound":259400.90531898054},"point_estimate":215961.02673011977,"standard_error":25457.538294240527},"Slope":{"confidence_interval":{"confidence_level":0.95,"lower_bound":39312954.670498565,"upper_bound":39404033.49569987},"point_estimate":39355872.34711394,"standard_error":23260.135976858208},"StdDev":{"confidence_interval":{"confidence_level":0.95,"lower_bound":192937.36615786885,"upper_bound":288962.235591072},"point_estimate":241220.46620260677,"standard_error":24636.813498790678}}