{"Mean":{"confidence_interval":{"confidence_level":0.95,"lower_bound":37865335.27886525,"upper_bound":38018963.14044572},"point_estimate":37938760.278528646,"standard_error":39146.88030903979},"Median":{"confidence_interval":{"confidence_level":0.95,"lower_bound":37826083.65250965,"upper_bound":37931902.01282051},"point_estimate":37885025.66789216,"standard_error":26058.068042044037},"MedianAbsDev":{"confidence_interval":{"confidence_level":0.95,"lower_bound":197696.57511698967,"upper_bound":340963.0378963653},"point_estimate":260818.75832067686,"standard_error":35667.38073874446},"Slope":{"confidence_interval":{"confidence_level":0.95,"lower_bound":37878941.8425158,"upper_bound":38022257.88931558},"point_estimate":37944463.094742134,"standard_error":36628.43258019884},"StdDev":{"confidence_interval":{"confidence_level":0.95,"lower_bound":282000.1618183822,"upper_bound":520385.4589344427},"point_estimate":394056.8149098756,"standard_error":64174.7622865047}}