{"Mean":{"confidence_interval":{"confidence_level":0.95,"lower_bound":-0.0024680361303013763,"upper_bound":0.008877934397690563},"point_estimate":0.0032431636499934413,"standard_error":0.0028922590351976992},"Median":{"confidence_interval":{"confidence_level":0.95,"lower_bound":0.0015844900627597358,"upper_bound":0.008526831535344614},"point_estimate":0.00551077914699305,"standard_error":0.0018178708881686288}}