{"Mean":{"confidence_interval":{"confidence_level":0.95,"lower_bound":-0.004540911750173041,"upper_bound":0.005633073708265982},"point_estimate":-0.00048350881126635326,"standard_error":0.0026208017869937643},"Median":{"confidence_interval":{"confidence_level":0.95,"lower_bound":-0.005552709008888601,"upper_bound":-0.0006010196009472724},"point_estimate":-0.004513052376564297,"standard_error":0.0012291102133538134}}