{"Mean":{"confidence_interval":{"confidence_level":0.95,"lower_bound":-0.008266929413622448,"upper_bound":0.003379058362850939},"point_estimate":-0.002637957693887749,"standard_error":0.0029266707978470945},"Median":{"confidence_interval":{"confidence_level":0.95,"lower_bound":-0.007925677302073608,"upper_bound":-0.002052639279859547},"point_estimate":-0.005097268478535755,"standard_error":0.0015101136849693386}}