{"Mean":{"confidence_interval":{"confidence_level":0.95,"lower_bound":0.018375590265822767,"upper_bound":0.02741196361195046},"point_estimate":0.022592113851566342,"standard_error":0.0023056731264711403},"Median":{"confidence_interval":{"confidence_level":0.95,"lower_bound":0.019775071908957997,"upper_bound":0.024820785818716162},"point_estimate":0.022119278045779955,"standard_error":0.0012928544531867147}}