{"Mean":{"confidence_interval":{"confidence_level":0.95,"lower_bound":623.4908619375065,"upper_bound":627.6062581509826},"point_estimate":625.4542178646585,"standard_error":1.0501484321999766},"Median":{"confidence_interval":{"confidence_level":0.95,"lower_bound":622.2497817640312,"upper_bound":625.9557810850749},"point_estimate":624.1054779135327,"standard_error":0.883994721642018},"MedianAbsDev":{"confidence_interval":{"confidence_level":0.95,"lower_bound":5.718025732989427,"upper_bound":8.943798521496262},"point_estimate":7.024514342534942,"standard_error":0.8096788779184434},"Slope":{"confidence_interval":{"confidence_level":0.95,"lower_bound":623.3833511250863,"upper_bound":626.3313136939356},"point_estimate":624.835264119835,"standard_error":0.752743982298327},"StdDev":{"confidence_interval":{"confidence_level":0.95,"lower_bound":7.326402784521644,"upper_bound":14.019949988111561},"point_estimate":10.530500985079668,"standard_error":1.7778766779457993}}