{"Mean":{"confidence_interval":{"confidence_level":0.95,"lower_bound":1425.611855567748,"upper_bound":1429.2037210079204},"point_estimate":1427.3313591783058,"standard_error":0.9194429064946295},"Median":{"confidence_interval":{"confidence_level":0.95,"lower_bound":1424.5922558394732,"upper_bound":1429.7072338053683},"point_estimate":1426.8317212729269,"standard_error":1.3550387751722996},"MedianAbsDev":{"confidence_interval":{"confidence_level":0.95,"lower_bound":0.8328962636267052,"upper_bound":5.0728556098918185},"point_estimate":3.473360565393212,"standard_error":1.1423664562667155},"Slope":{"confidence_interval":{"confidence_level":0.95,"lower_bound":1426.2717726352798,"upper_bound":1429.6857599535092},"point_estimate":1428.0732958998988,"standard_error":0.8534620536444847},"StdDev":{"confidence_interval":{"confidence_level":0.95,"lower_bound":1.6477765562470572,"upper_bound":3.788972758892193},"point_estimate":3.058591613416737,"standard_error":0.5439344433856969}}