{"Mean":{"confidence_interval":{"confidence_level":0.95,"lower_bound":-0.35703392334652984,"upper_bound":-0.34993039922444724},"point_estimate":-0.35349378274291376,"standard_error":0.0018149027958376288},"Median":{"confidence_interval":{"confidence_level":0.95,"lower_bound":-0.35824159643356135,"upper_bound":-0.3500872517154101},"point_estimate":-0.35286943521643543,"standard_error":0.0021024631177801525}}