{"Mean":{"confidence_interval":{"confidence_level":0.95,"lower_bound":-0.0986762651475248,"upper_bound":-0.09114565273227297},"point_estimate":-0.09476374750632433,"standard_error":0.0019183201047157587},"Median":{"confidence_interval":{"confidence_level":0.95,"lower_bound":-0.10000569310643426,"upper_bound":-0.08990381353507004},"point_estimate":-0.0944196254877181,"standard_error":0.0021417566280342404}}