{"Mean":{"confidence_interval":{"confidence_level":0.95,"lower_bound":0.18776657252191367,"upper_bound":0.1981727928003534},"point_estimate":0.19275718720161095,"standard_error":0.002670731341889315},"Median":{"confidence_interval":{"confidence_level":0.95,"lower_bound":0.1829370873028402,"upper_bound":0.19576452517312704},"point_estimate":0.18866467801029407,"standard_error":0.003418610621367066}}