{"Mean":{"confidence_interval":{"confidence_level":0.95,"lower_bound":0.023675693765201032,"upper_bound":0.030399048849297197},"point_estimate":0.027121763516970265,"standard_error":0.0017076165430642025},"Median":{"confidence_interval":{"confidence_level":0.95,"lower_bound":0.024052161255213658,"upper_bound":0.03187265921051319},"point_estimate":0.02727630884061627,"standard_error":0.002048304373821111}}