{"Mean":{"confidence_interval":{"confidence_level":0.95,"lower_bound":66698.43259747895,"upper_bound":67193.61707729759},"point_estimate":66936.13121301711,"standard_error":126.52125918568736},"Median":{"confidence_interval":{"confidence_level":0.95,"lower_bound":66524.18915847666,"upper_bound":67015.13280423281},"point_estimate":66861.1456633849,"standard_error":126.979436396538},"MedianAbsDev":{"confidence_interval":{"confidence_level":0.95,"lower_bound":657.3930898610137,"upper_bound":1140.9525279472043},"point_estimate":932.3264908163096,"standard_error":123.0843745852768},"Slope":{"confidence_interval":{"confidence_level":0.95,"lower_bound":66551.8681981902,"upper_bound":66942.99661320182},"point_estimate":66740.63294241663,"standard_error":99.25010655850272},"StdDev":{"confidence_interval":{"confidence_level":0.95,"lower_bound":925.0462104933213,"upper_bound":1581.9061810070064},"point_estimate":1271.0577460945135,"standard_error":168.43589264931427}}