{"Mean":{"confidence_interval":{"confidence_level":0.95,"lower_bound":60704.11693518791,"upper_bound":61046.34515560108},"point_estimate":60866.30378394085,"standard_error":87.10850323809993},"Median":{"confidence_interval":{"confidence_level":0.95,"lower_bound":60534.011848589704,"upper_bound":60810.57142857143},"point_estimate":60719.08065998577,"standard_error":82.24898536894912},"MedianAbsDev":{"confidence_interval":{"confidence_level":0.95,"lower_bound":552.6381774280419,"upper_bound":977.8468714364353},"point_estimate":808.38653663125,"standard_error":111.04023484852684},"Slope":{"confidence_interval":{"confidence_level":0.95,"lower_bound":60491.04102331114,"upper_bound":60750.71168132844},"point_estimate":60618.110608750074,"standard_error":66.20314333205663},"StdDev":{"confidence_interval":{"confidence_level":0.95,"lower_bound":642.6097170996973,"upper_bound":1134.7403507836468},"point_estimate":874.7012191961077,"standard_error":132.1734213979533}}