{"Mean":{"confidence_interval":{"confidence_level":0.95,"lower_bound":70821.27787742967,"upper_bound":72255.34901861737},"point_estimate":71463.13545514569,"standard_error":367.9772252766198},"Median":{"confidence_interval":{"confidence_level":0.95,"lower_bound":70272.86042692939,"upper_bound":70436.9857142857},"point_estimate":70329.66033396422,"standard_error":42.01001203319248},"MedianAbsDev":{"confidence_interval":{"confidence_level":0.95,"lower_bound":186.7917264546983,"upper_bound":383.45843562645877},"point_estimate":261.64872503854315,"standard_error":48.500834684447334},"Slope":{"confidence_interval":{"confidence_level":0.95,"lower_bound":70780.82386021936,"upper_bound":72603.96097457522},"point_estimate":71576.85382359772,"standard_error":467.71025974584325},"StdDev":{"confidence_interval":{"confidence_level":0.95,"lower_bound":1898.666911119969,"upper_bound":5300.473284349169},"point_estimate":3697.847047581513,"standard_error":889.9062757707022}}