{"Mean":{"confidence_interval":{"confidence_level":0.95,"lower_bound":2376.392277187691,"upper_bound":2386.926143044212},"point_estimate":2381.7240890551957,"standard_error":2.6969535513870997},"Median":{"confidence_interval":{"confidence_level":0.95,"lower_bound":2373.203596249672,"upper_bound":2390.4220336442995},"point_estimate":2382.5215665705045,"standard_error":4.741558871954214},"MedianAbsDev":{"confidence_interval":{"confidence_level":0.95,"lower_bound":1.3368155125897934,"upper_bound":14.885144748411697},"point_estimate":11.716489170432943,"standard_error":3.5188699607482823},"Slope":{"confidence_interval":{"confidence_level":0.95,"lower_bound":2382.651049695499,"upper_bound":2390.3748285831016},"point_estimate":2387.922884118242,"standard_error":2.0040507809186874},"StdDev":{"confidence_interval":{"confidence_level":0.95,"lower_bound":5.646124499401528,"upper_bound":10.570599700001473},"point_estimate":8.978463781991142,"standard_error":1.2512167282026836}}