{"Mean":{"confidence_interval":{"confidence_level":0.95,"lower_bound":2406.5773513254367,"upper_bound":2477.7114794074005},"point_estimate":2437.4528708678467,"standard_error":18.282235573233653},"Median":{"confidence_interval":{"confidence_level":0.95,"lower_bound":2386.2262032012936,"upper_bound":2393.182422969188},"point_estimate":2389.0106924793276,"standard_error":1.8124128568779714},"MedianAbsDev":{"confidence_interval":{"confidence_level":0.95,"lower_bound":7.751487031252826,"upper_bound":16.057534517805486},"point_estimate":10.599682167155727,"standard_error":2.1815112481982775},"Slope":{"confidence_interval":{"confidence_level":0.95,"lower_bound":2396.243176449245,"upper_bound":2462.8060821362687},"point_estimate":2424.963206035924,"standard_error":17.05028122396964},"StdDev":{"confidence_interval":{"confidence_level":0.95,"lower_bound":69.3774353289639,"upper_bound":272.3770210632385},"point_estimate":183.06896295900972,"standard_error":52.46844193267849}}