{"Mean":{"confidence_interval":{"confidence_level":0.95,"lower_bound":167759.9530471822,"upper_bound":168248.34820230815},"point_estimate":167998.28679081114,"standard_error":124.75066716926769},"Median":{"confidence_interval":{"confidence_level":0.95,"lower_bound":167728.46788990826,"upper_bound":168245.6788990826},"point_estimate":167977.74123343528,"standard_error":119.04682061747502},"MedianAbsDev":{"confidence_interval":{"confidence_level":0.95,"lower_bound":72.98778462163673,"upper_bound":687.9728283365096},"point_estimate":297.62684402799664,"standard_error":156.3880414602151},"Slope":{"confidence_interval":{"confidence_level":0.95,"lower_bound":167838.1584987138,"upper_bound":168235.04894214566},"point_estimate":168005.74080781604,"standard_error":99.42217510919319},"StdDev":{"confidence_interval":{"confidence_level":0.95,"lower_bound":175.47341017520787,"upper_bound":563.1122320969786},"point_estimate":415.0843941595449,"standard_error":98.53667291547185}}