{"Mean":{"confidence_interval":{"confidence_level":0.95,"lower_bound":173269.22102234198,"upper_bound":174087.738663091},"point_estimate":173650.33279100872,"standard_error":209.4050789537104},"Median":{"confidence_interval":{"confidence_level":0.95,"lower_bound":172704.5892857143,"upper_bound":173782.9495251662},"point_estimate":173227.7258552357,"standard_error":251.31507643843938},"MedianAbsDev":{"confidence_interval":{"confidence_level":0.95,"lower_bound":1150.4280827008188,"upper_bound":2024.6614241165316},"point_estimate":1708.42366685691,"standard_error":210.65210814767659},"Slope":{"confidence_interval":{"confidence_level":0.95,"lower_bound":173282.94160956796,"upper_bound":173879.30887268757},"point_estimate":173583.28789172947,"standard_error":152.15318695280254},"StdDev":{"confidence_interval":{"confidence_level":0.95,"lower_bound":1415.750372112141,"upper_bound":2879.690833822477},"point_estimate":2103.7761770057336,"standard_error":415.49421788376344}}