{"Mean":{"confidence_interval":{"confidence_level":0.95,"lower_bound":168743.56348372667,"upper_bound":169434.48307713048},"point_estimate":169045.0318405333,"standard_error":177.46722657675204},"Median":{"confidence_interval":{"confidence_level":0.95,"lower_bound":168394.92156862744,"upper_bound":169092.75},"point_estimate":168836.28004535148,"standard_error":178.6012687743126},"MedianAbsDev":{"confidence_interval":{"confidence_level":0.95,"lower_bound":870.5816625561297,"upper_bound":1369.7800992801717},"point_estimate":1099.8166140457902,"standard_error":126.90393349225036},"Slope":{"confidence_interval":{"confidence_level":0.95,"lower_bound":168849.9675354375,"upper_bound":169407.96383270607},"point_estimate":169128.52030638885,"standard_error":142.12560845544812},"StdDev":{"confidence_interval":{"confidence_level":0.95,"lower_bound":959.2459231317977,"upper_bound":2684.5277972528784},"point_estimate":1777.1080041790976,"standard_error":547.6553726389492}}