{"Mean":{"confidence_interval":{"confidence_level":0.95,"lower_bound":168628.7576794624,"upper_bound":171688.53785701082},"point_estimate":170043.11863845188,"standard_error":780.3918286562254},"Median":{"confidence_interval":{"confidence_level":0.95,"lower_bound":166519.05411255412,"upper_bound":167110.27095445734},"point_estimate":166731.13173076924,"standard_error":155.73955497667373},"MedianAbsDev":{"confidence_interval":{"confidence_level":0.95,"lower_bound":612.3032223486871,"upper_bound":1417.3936975453678},"point_estimate":907.0191070192463,"standard_error":214.81880334775192},"Slope":{"confidence_interval":{"confidence_level":0.95,"lower_bound":168706.0066643445,"upper_bound":172181.18944324568},"point_estimate":170303.76930446777,"standard_error":888.0508173770249},"StdDev":{"confidence_interval":{"confidence_level":0.95,"lower_bound":4925.214265257818,"upper_bound":10481.64589407602},"point_estimate":7826.169641691537,"standard_error":1432.4651917891806}}