{"Mean":{"confidence_interval":{"confidence_level":0.95,"lower_bound":33834.30336834978,"upper_bound":34428.61088699962},"point_estimate":34089.2787470921,"standard_error":154.08327453874406},"Median":{"confidence_interval":{"confidence_level":0.95,"lower_bound":33550.359219858154,"upper_bound":33634.62045454545},"point_estimate":33602.538526570046,"standard_error":21.86063299179139},"MedianAbsDev":{"confidence_interval":{"confidence_level":0.95,"lower_bound":104.47135428964727,"upper_bound":228.70305628280613},"point_estimate":160.5417713925668,"standard_error":34.41779289599633},"Slope":{"confidence_interval":{"confidence_level":0.95,"lower_bound":33798.80278701506,"upper_bound":34209.40724531557},"point_estimate":33992.07461750653,"standard_error":105.05111046224731},"StdDev":{"confidence_interval":{"confidence_level":0.95,"lower_bound":691.6513070556767,"upper_bound":2380.354826255823},"point_estimate":1549.1594981169148,"standard_error":504.47917747317575}}