{"Mean":{"confidence_interval":{"confidence_level":0.95,"lower_bound":114.63116336133692,"upper_bound":114.96016929095256},"point_estimate":114.77032876584292,"standard_error":0.08591401577256334},"Median":{"confidence_interval":{"confidence_level":0.95,"lower_bound":114.59450517201118,"upper_bound":114.88054705299497},"point_estimate":114.65704338094065,"standard_error":0.06587085071475998},"MedianAbsDev":{"confidence_interval":{"confidence_level":0.95,"lower_bound":0.015046293619231111,"upper_bound":0.32756558771938243},"point_estimate":0.16003120120560466,"standard_error":0.08328040530454311},"Slope":{"confidence_interval":{"confidence_level":0.95,"lower_bound":114.59108439081174,"upper_bound":114.91879563124355},"point_estimate":114.74557296612217,"standard_error":0.08687790531849034},"StdDev":{"confidence_interval":{"confidence_level":0.95,"lower_bound":0.07317369609856329,"upper_bound":0.4150991752156838},"point_estimate":0.28692232566687,"standard_error":0.10052891586159718}}