{"Mean":{"confidence_interval":{"confidence_level":0.95,"lower_bound":134.92142861551025,"upper_bound":135.6588760406265},"point_estimate":135.24281129437605,"standard_error":0.18972909367194823},"Median":{"confidence_interval":{"confidence_level":0.95,"lower_bound":134.7651141228269,"upper_bound":135.06914137148513},"point_estimate":134.86346295274868,"standard_error":0.07920318988781952},"MedianAbsDev":{"confidence_interval":{"confidence_level":0.95,"lower_bound":0.49398901948403984,"upper_bound":0.8224754327184379},"point_estimate":0.6959173363551561,"standard_error":0.08188456776168104},"Slope":{"confidence_interval":{"confidence_level":0.95,"lower_bound":134.8252221357226,"upper_bound":135.30483622768594},"point_estimate":135.03657040936042,"standard_error":0.12319862042221938},"StdDev":{"confidence_interval":{"confidence_level":0.95,"lower_bound":0.790460227339943,"upper_bound":2.8580935296946732},"point_estimate":1.8958245283386213,"standard_error":0.5458847656497621}}