{"Mean":{"confidence_interval":{"confidence_level":0.95,"lower_bound":138.55625797735604,"upper_bound":140.99815837634895},"point_estimate":139.66768024069498,"standard_error":0.6275949323544576},"Median":{"confidence_interval":{"confidence_level":0.95,"lower_bound":137.5012567384592,"upper_bound":138.30190195383682},"point_estimate":137.9375630849068,"standard_error":0.21527341301900146},"MedianAbsDev":{"confidence_interval":{"confidence_level":0.95,"lower_bound":1.168734888654311,"upper_bound":1.9485871359171483},"point_estimate":1.5440591191422781,"standard_error":0.209848993320714},"Slope":{"confidence_interval":{"confidence_level":0.95,"lower_bound":139.06425645264545,"upper_bound":142.56731829629507},"point_estimate":140.61997714491557,"standard_error":0.9009440832308752},"StdDev":{"confidence_interval":{"confidence_level":0.95,"lower_bound":3.4586248277022653,"upper_bound":8.590705579285144},"point_estimate":6.312864338726081,"standard_error":1.3058544167848696}}