{"Mean":{"confidence_interval":{"confidence_level":0.95,"lower_bound":136.65405401855435,"upper_bound":137.94744588180228},"point_estimate":137.22571329519644,"standard_error":0.33236855975270885},"Median":{"confidence_interval":{"confidence_level":0.95,"lower_bound":136.15019831215483,"upper_bound":136.57083875263226},"point_estimate":136.39485272244832,"standard_error":0.10492713393412544},"MedianAbsDev":{"confidence_interval":{"confidence_level":0.95,"lower_bound":0.7540003408103432,"upper_bound":1.6839539903206264},"point_estimate":1.3145394274079136,"standard_error":0.2631543097107568},"Slope":{"confidence_interval":{"confidence_level":0.95,"lower_bound":136.26511547526238,"upper_bound":136.81982748916028},"point_estimate":136.5304695068005,"standard_error":0.1413558974495891},"StdDev":{"confidence_interval":{"confidence_level":0.95,"lower_bound":1.697091027087429,"upper_bound":4.975402494236885},"point_estimate":3.3392757178422614,"standard_error":0.9483029151515743}}