{"Mean":{"confidence_interval":{"confidence_level":0.95,"lower_bound":-0.4010808278111644,"upper_bound":-0.39721798245048123},"point_estimate":-0.3990327641039736,"standard_error":0.0009829237486069923},"Median":{"confidence_interval":{"confidence_level":0.95,"lower_bound":-0.4011331401703794,"upper_bound":-0.3956036070490465},"point_estimate":-0.39863091170063947,"standard_error":0.0014712693657125725}}