{"Mean":{"confidence_interval":{"confidence_level":0.95,"lower_bound":-0.0048273194557844346,"upper_bound":0.002598860745871987},"point_estimate":-0.0015226194389055259,"standard_error":0.0019305329158925495},"Median":{"confidence_interval":{"confidence_level":0.95,"lower_bound":-0.005883062160409902,"upper_bound":0.0009429647784817696},"point_estimate":-0.0021285300165980736,"standard_error":0.00177759540420183}}