{"Mean":{"confidence_interval":{"confidence_level":0.95,"lower_bound":0.1964020735246878,"upper_bound":0.20622900628836663},"point_estimate":0.20155274086178854,"standard_error":0.002487306143329188},"Median":{"confidence_interval":{"confidence_level":0.95,"lower_bound":0.19535107831445542,"upper_bound":0.20685311367181938},"point_estimate":0.20227862209891523,"standard_error":0.0030310920726123137}}