{"Mean":{"confidence_interval":{"confidence_level":0.95,"lower_bound":0.014292436999232222,"upper_bound":0.019761490641202955},"point_estimate":0.0168879143966727,"standard_error":0.0013826869024120367},"Median":{"confidence_interval":{"confidence_level":0.95,"lower_bound":0.013068370804532936,"upper_bound":0.021084282536546706},"point_estimate":0.015445021127289849,"standard_error":0.0021523635103850728}}