{"Mean":{"confidence_interval":{"confidence_level":0.95,"lower_bound":49023.19162593792,"upper_bound":49504.59066136626},"point_estimate":49245.559514971545,"standard_error":123.14643926890592},"Median":{"confidence_interval":{"confidence_level":0.95,"lower_bound":48633.73577235772,"upper_bound":49104.90904226859},"point_estimate":48847.777135298566,"standard_error":125.01938370354189},"MedianAbsDev":{"confidence_interval":{"confidence_level":0.95,"lower_bound":416.27595213134146,"upper_bound":937.0084442470687},"point_estimate":683.391239475539,"standard_error":140.8196612357255},"Slope":{"confidence_interval":{"confidence_level":0.95,"lower_bound":48941.9529457769,"upper_bound":49371.75115467442},"point_estimate":49131.305585931725,"standard_error":109.736904931405},"StdDev":{"confidence_interval":{"confidence_level":0.95,"lower_bound":731.3873634686366,"upper_bound":1700.155430517273},"point_estimate":1237.592295988153,"standard_error":252.1814230610462}}