{"Mean":{"confidence_interval":{"confidence_level":0.95,"lower_bound":139591.3099058405,"upper_bound":141086.4944649605},"point_estimate":140288.8529309848,"standard_error":384.40427872905474},"Median":{"confidence_interval":{"confidence_level":0.95,"lower_bound":138776.46915811568,"upper_bound":139061.916149439},"point_estimate":138856.9183624031,"standard_error":74.68278667929492},"MedianAbsDev":{"confidence_interval":{"confidence_level":0.95,"lower_bound":471.99982162031495,"upper_bound":873.0004894308358},"point_estimate":620.4245427771181,"standard_error":103.66478045186862},"Slope":{"confidence_interval":{"confidence_level":0.95,"lower_bound":139810.7272523311,"upper_bound":141468.9847352577},"point_estimate":140589.8355818679,"standard_error":425.19089101931735},"StdDev":{"confidence_interval":{"confidence_level":0.95,"lower_bound":2582.5063373016483,"upper_bound":5013.807602438299},"point_estimate":3862.331135044305,"standard_error":622.6566909994522}}