{"Mean":{"confidence_interval":{"confidence_level":0.95,"lower_bound":41266.127558974025,"upper_bound":41526.93657581247},"point_estimate":41383.346544963715,"standard_error":66.58490448502853},"Median":{"confidence_interval":{"confidence_level":0.95,"lower_bound":41148.51726190476,"upper_bound":41341.89552238806},"point_estimate":41241.17441626409,"standard_error":41.10863891428607},"MedianAbsDev":{"confidence_interval":{"confidence_level":0.95,"lower_bound":304.01642718571816,"upper_bound":515.9898440086291},"point_estimate":419.2105697614333,"standard_error":53.848279401928245},"Slope":{"confidence_interval":{"confidence_level":0.95,"lower_bound":41272.17739806365,"upper_bound":41522.48398637756},"point_estimate":41396.71642037338,"standard_error":63.75457901888718},"StdDev":{"confidence_interval":{"confidence_level":0.95,"lower_bound":399.71603359445396,"upper_bound":968.3631120674156},"point_estimate":668.9206852590922,"standard_error":169.8270995168871}}