{"Mean":{"confidence_interval":{"confidence_level":0.95,"lower_bound":123449.96628900936,"upper_bound":124325.34721984834},"point_estimate":123851.72403429705,"standard_error":225.79342190492068},"Median":{"confidence_interval":{"confidence_level":0.95,"lower_bound":123296.68839285715,"upper_bound":124570.22142857143},"point_estimate":123587.640515873,"standard_error":292.71299779227564},"MedianAbsDev":{"confidence_interval":{"confidence_level":0.95,"lower_bound":75.99436815082984,"upper_bound":1212.7438334695014},"point_estimate":468.9303248831307,"standard_error":270.9411916356939},"Slope":{"confidence_interval":{"confidence_level":0.95,"lower_bound":123365.26652786676,"upper_bound":123756.74987889694},"point_estimate":123535.60211502782,"standard_error":99.14688346093499},"StdDev":{"confidence_interval":{"confidence_level":0.95,"lower_bound":225.6425055110932,"upper_bound":969.3073898418854},"point_estimate":749.6155817228434,"standard_error":173.45188537642642}}