{"Mean":{"confidence_interval":{"confidence_level":0.95,"lower_bound":29628.459398590174,"upper_bound":29803.134086390124},"point_estimate":29712.419275035,"standard_error":44.497767572724484},"Median":{"confidence_interval":{"confidence_level":0.95,"lower_bound":29471.773395721924,"upper_bound":29657.262079973385},"point_estimate":29560.30419494721,"standard_error":52.91549764743861},"MedianAbsDev":{"confidence_interval":{"confidence_level":0.95,"lower_bound":208.8483018021189,"upper_bound":414.83110287779306},"point_estimate":284.45257919703073,"standard_error":54.02223755570945},"Slope":{"confidence_interval":{"confidence_level":0.95,"lower_bound":29597.77273469003,"upper_bound":29730.9709259606},"point_estimate":29660.397038482603,"standard_error":34.01108963434074},"StdDev":{"confidence_interval":{"confidence_level":0.95,"lower_bound":350.94679725278075,"upper_bound":532.011971092488},"point_estimate":448.23896277024545,"standard_error":46.25780561382897}}