{"Mean":{"confidence_interval":{"confidence_level":0.95,"lower_bound":10469.631736454416,"upper_bound":10660.055145375174},"point_estimate":10548.086824844295,"standard_error":49.78701786216407},"Median":{"confidence_interval":{"confidence_level":0.95,"lower_bound":10446.498712206048,"upper_bound":10478.687986270023},"point_estimate":10457.439272536838,"standard_error":8.025595813968714},"MedianAbsDev":{"confidence_interval":{"confidence_level":0.95,"lower_bound":47.2183828066377,"upper_bound":79.19684912028974},"point_estimate":69.80227637374412,"standard_error":8.348232389315779},"Slope":{"confidence_interval":{"confidence_level":0.95,"lower_bound":10465.436210248236,"upper_bound":10494.720818663754},"point_estimate":10479.433507968235,"standard_error":7.454817232969365},"StdDev":{"confidence_interval":{"confidence_level":0.95,"lower_bound":63.60505618872509,"upper_bound":792.1397394727379},"point_estimate":501.2697112199233,"standard_error":190.45242983529866}}