{"Mean":{"confidence_interval":{"confidence_level":0.95,"lower_bound":9970.214078721941,"upper_bound":10130.202102885361},"point_estimate":10043.773242761534,"standard_error":40.80636255370434},"Median":{"confidence_interval":{"confidence_level":0.95,"lower_bound":9889.580871154432,"upper_bound":9908.859724612737},"point_estimate":9897.393722667639,"standard_error":5.284562096553262},"MedianAbsDev":{"confidence_interval":{"confidence_level":0.95,"lower_bound":28.81199126736188,"upper_bound":55.56208410982845},"point_estimate":43.052361818563774,"standard_error":6.982555380824306},"Slope":{"confidence_interval":{"confidence_level":0.95,"lower_bound":9962.573003760293,"upper_bound":10137.983612508713},"point_estimate":10042.998319787202,"standard_error":45.10585958399059},"StdDev":{"confidence_interval":{"confidence_level":0.95,"lower_bound":252.12713760004004,"upper_bound":540.0219664420121},"point_estimate":409.655281982643,"standard_error":73.5842023954243}}