{"Mean":{"confidence_interval":{"confidence_level":0.95,"lower_bound":10155.975227740737,"upper_bound":10213.609793817825},"point_estimate":10179.340181076823,"standard_error":15.06462299662123},"Median":{"confidence_interval":{"confidence_level":0.95,"lower_bound":10139.654647435897,"upper_bound":10167.780113636363},"point_estimate":10149.001260080644,"standard_error":8.131659938345459},"MedianAbsDev":{"confidence_interval":{"confidence_level":0.95,"lower_bound":45.289582225664866,"upper_bound":76.60806296000672},"point_estimate":61.32363828399002,"standard_error":8.271760571335081},"Slope":{"confidence_interval":{"confidence_level":0.95,"lower_bound":10151.27503540589,"upper_bound":10179.156784727771},"point_estimate":10164.969301943254,"standard_error":7.111919688838893},"StdDev":{"confidence_interval":{"confidence_level":0.95,"lower_bound":57.44699691367993,"upper_bound":243.18345522330185},"point_estimate":151.07020919261194,"standard_error":61.206169820155594}}