{"Mean":{"confidence_interval":{"confidence_level":0.95,"lower_bound":31667.559638821487,"upper_bound":31764.907973511556},"point_estimate":31711.054337218626,"standard_error":25.099877823236838},"Median":{"confidence_interval":{"confidence_level":0.95,"lower_bound":31645.922074622533,"upper_bound":31734.793873403018},"point_estimate":31714.729094076654,"standard_error":26.260396176599638},"MedianAbsDev":{"confidence_interval":{"confidence_level":0.95,"lower_bound":10.033666082029171,"upper_bound":119.91219296259415},"point_estimate":61.60834631476946,"standard_error":28.398043302040662},"Slope":{"confidence_interval":{"confidence_level":0.95,"lower_bound":31651.809258337482,"upper_bound":31838.385629524873},"point_estimate":31739.93496990814,"standard_error":51.460195007669604},"StdDev":{"confidence_interval":{"confidence_level":0.95,"lower_bound":34.44480049545447,"upper_bound":118.81954732684838},"point_estimate":83.5310600390732,"standard_error":25.686234724699137}}