{"Mean":{"confidence_interval":{"confidence_level":0.95,"lower_bound":7169.941808625529,"upper_bound":7225.172010652102},"point_estimate":7194.901204247334,"standard_error":14.111954621375988},"Median":{"confidence_interval":{"confidence_level":0.95,"lower_bound":7144.747951632087,"upper_bound":7172.18115942029},"point_estimate":7156.200688237472,"standard_error":6.115324835297303},"MedianAbsDev":{"confidence_interval":{"confidence_level":0.95,"lower_bound":51.357889982376044,"upper_bound":95.97157254648421},"point_estimate":72.47836925347518,"standard_error":10.674755437883897},"Slope":{"confidence_interval":{"confidence_level":0.95,"lower_bound":7137.702165014596,"upper_bound":7164.795405507565},"point_estimate":7150.927952703122,"standard_error":6.89625004497054},"StdDev":{"confidence_interval":{"confidence_level":0.95,"lower_bound":86.6545423036859,"upper_bound":202.86105651458413},"point_estimate":141.9838355034264,"standard_error":34.1863156564835}}