{"Mean":{"confidence_interval":{"confidence_level":0.95,"lower_bound":50040.5787971753,"upper_bound":50334.21770872601},"point_estimate":50174.25736052638,"standard_error":75.37801540514575},"Median":{"confidence_interval":{"confidence_level":0.95,"lower_bound":49915.38797916667,"upper_bound":50108.27230769231},"point_estimate":50041.726275510206,"standard_error":50.758014780304286},"MedianAbsDev":{"confidence_interval":{"confidence_level":0.95,"lower_bound":325.2770349647433,"upper_bound":549.5866677017148},"point_estimate":470.3678360704058,"standard_error":57.57613848732454},"Slope":{"confidence_interval":{"confidence_level":0.95,"lower_bound":49973.37391614187,"upper_bound":50176.769725677725},"point_estimate":50072.32558282843,"standard_error":51.986917562703695},"StdDev":{"confidence_interval":{"confidence_level":0.95,"lower_bound":392.77680659654663,"upper_bound":1066.3429326782193},"point_estimate":756.0291919096361,"standard_error":172.43203944750545}}