{"Mean":{"confidence_interval":{"confidence_level":0.95,"lower_bound":2557969.8,"upper_bound":2570708.3476041667},"point_estimate":2563643.4152380954,"standard_error":3287.7080925873147},"Median":{"confidence_interval":{"confidence_level":0.95,"lower_bound":2556484.4166666665,"upper_bound":2569957.197916667},"point_estimate":2560123.1428571427,"standard_error":3267.3073532886337},"MedianAbsDev":{"confidence_interval":{"confidence_level":0.95,"lower_bound":1329.2744264008916,"upper_bound":16042.111631445725},"point_estimate":6206.843014806739,"standard_error":3632.2666223422734},"Slope":{"confidence_interval":{"confidence_level":0.95,"lower_bound":2556360.118313283,"upper_bound":2565006.5849951324},"point_estimate":2559511.6396103897,"standard_error":2207.425761396454},"StdDev":{"confidence_interval":{"confidence_level":0.95,"lower_bound":3575.7072277553266,"upper_bound":14954.871990086665},"point_estimate":10953.586178712087,"standard_error":3103.2205797961665}}