{"Mean":{"confidence_interval":{"confidence_level":0.95,"lower_bound":2626118.31366258,"upper_bound":2642500.0955289514},"point_estimate":2633973.0011731745,"standard_error":4176.699975395964},"Median":{"confidence_interval":{"confidence_level":0.95,"lower_bound":2616900.373134328,"upper_bound":2635382.25},"point_estimate":2628059.668087121,"standard_error":4882.61809405797},"MedianAbsDev":{"confidence_interval":{"confidence_level":0.95,"lower_bound":23342.763774914594,"upper_bound":37358.734129818855},"point_estimate":31418.222737369877,"standard_error":3514.343907046068},"Slope":{"confidence_interval":{"confidence_level":0.95,"lower_bound":2624812.614035549,"upper_bound":2639352.983085221},"point_estimate":2631822.2348307967,"standard_error":3711.4333821741907},"StdDev":{"confidence_interval":{"confidence_level":0.95,"lower_bound":32196.51744015302,"upper_bound":50239.715164284375},"point_estimate":41959.7702916593,"standard_error":4613.095047712999}}