{"Mean":{"confidence_interval":{"confidence_level":0.95,"lower_bound":-0.018854842168896123,"upper_bound":-0.013431513683084975},"point_estimate":-0.016157319776554546,"standard_error":0.0013779846714185079},"Median":{"confidence_interval":{"confidence_level":0.95,"lower_bound":-0.017534923734387475,"upper_bound":-0.013940209050237184},"point_estimate":-0.015480334277655161,"standard_error":0.0009300894133738848}}