{"Mean":{"confidence_interval":{"confidence_level":0.95,"lower_bound":0.021546928265863702,"upper_bound":0.03067657575634768},"point_estimate":0.025745622404026447,"standard_error":0.0023150364125764916},"Median":{"confidence_interval":{"confidence_level":0.95,"lower_bound":0.020098062720308896,"upper_bound":0.025602089420699636},"point_estimate":0.02148626825506894,"standard_error":0.0014670206965787952}}