{"Mean":{"confidence_interval":{"confidence_level":0.95,"lower_bound":0.01299848997750121,"upper_bound":0.024297973036780017},"point_estimate":0.018435825705202857,"standard_error":0.00285599838890366},"Median":{"confidence_interval":{"confidence_level":0.95,"lower_bound":0.01632168099315434,"upper_bound":0.022947878866812266},"point_estimate":0.020517446591693744,"standard_error":0.0016362465964651558}}