{"Mean":{"confidence_interval":{"confidence_level":0.95,"lower_bound":0.13570845406902868,"upper_bound":0.14098612497764273},"point_estimate":0.13837489696801364,"standard_error":0.0013590620540686325},"Median":{"confidence_interval":{"confidence_level":0.95,"lower_bound":0.1345042959377145,"upper_bound":0.14256296760440956},"point_estimate":0.13927223352397355,"standard_error":0.002149890313931042}}