{"Mean":{"confidence_interval":{"confidence_level":0.95,"lower_bound":2818.988341365462,"upper_bound":2827.6692023450946},"point_estimate":2823.0190915925605,"standard_error":2.2405647466608496},"Median":{"confidence_interval":{"confidence_level":0.95,"lower_bound":2816.9545180722894,"upper_bound":2830.255813253012},"point_estimate":2820.028564257028,"standard_error":3.2780835485609874},"MedianAbsDev":{"confidence_interval":{"confidence_level":0.95,"lower_bound":0.5815074158812984,"upper_bound":11.793014752981273},"point_estimate":4.565697134303642,"standard_error":2.889661085507346},"Slope":{"confidence_interval":{"confidence_level":0.95,"lower_bound":2818.6459966578645,"upper_bound":2830.0903981472106},"point_estimate":2823.001468471288,"standard_error":2.931592810700241},"StdDev":{"confidence_interval":{"confidence_level":0.95,"lower_bound":2.3996771769490635,"upper_bound":9.082206212662724},"point_estimate":7.4611189764396055,"standard_error":1.4742550060661719}}