{"Mean":{"confidence_interval":{"confidence_level":0.95,"lower_bound":105.04051946317453,"upper_bound":105.42751532876134},"point_estimate":105.21440724271515,"standard_error":0.09912197939398396},"Median":{"confidence_interval":{"confidence_level":0.95,"lower_bound":104.87106967495012,"upper_bound":105.15144455265063},"point_estimate":105.0332337467761,"standard_error":0.07530040118286115},"MedianAbsDev":{"confidence_interval":{"confidence_level":0.95,"lower_bound":0.5067794971712747,"upper_bound":0.847647276538542},"point_estimate":0.6700222306888567,"standard_error":0.09066655349188874},"Slope":{"confidence_interval":{"confidence_level":0.95,"lower_bound":104.87829840031279,"upper_bound":105.08934560104467},"point_estimate":104.97843970364525,"standard_error":0.05374896085327171},"StdDev":{"confidence_interval":{"confidence_level":0.95,"lower_bound":0.6001081039339005,"upper_bound":1.4380197456960937},"point_estimate":0.9935580528924403,"standard_error":0.25316656386547587}}