{"Mean":{"confidence_interval":{"confidence_level":0.95,"lower_bound":121.45509840350485,"upper_bound":121.7726650556637},"point_estimate":121.60661385430667,"standard_error":0.08139894430219334},"Median":{"confidence_interval":{"confidence_level":0.95,"lower_bound":121.35034316515451,"upper_bound":121.7907350988204},"point_estimate":121.5445647661455,"standard_error":0.11578332997800306},"MedianAbsDev":{"confidence_interval":{"confidence_level":0.95,"lower_bound":0.05816930292792475,"upper_bound":0.470258947592178},"point_estimate":0.28878435601669944,"standard_error":0.10042766438723856},"Slope":{"confidence_interval":{"confidence_level":0.95,"lower_bound":121.43970818619262,"upper_bound":121.81256551827713},"point_estimate":121.615546866338,"standard_error":0.09628014041315361},"StdDev":{"confidence_interval":{"confidence_level":0.95,"lower_bound":0.1469162530675262,"upper_bound":0.3495876009641261},"point_estimate":0.27131435397683007,"standard_error":0.054404184960577966}}