{"Mean":{"confidence_interval":{"confidence_level":0.95,"lower_bound":122.17765752898046,"upper_bound":124.7101638429397},"point_estimate":123.34822328704298,"standard_error":0.6506221665994124},"Median":{"confidence_interval":{"confidence_level":0.95,"lower_bound":120.95025852993993,"upper_bound":121.2166810284049},"point_estimate":121.07895347754601,"standard_error":0.060366516116463986},"MedianAbsDev":{"confidence_interval":{"confidence_level":0.95,"lower_bound":0.4476112654267037,"upper_bound":0.8031660282203663},"point_estimate":0.6239635616384598,"standard_error":0.09475760492725263},"Slope":{"confidence_interval":{"confidence_level":0.95,"lower_bound":122.25364924103418,"upper_bound":125.25542911303884},"point_estimate":123.62582606979522,"standard_error":0.7723058622672248},"StdDev":{"confidence_interval":{"confidence_level":0.95,"lower_bound":3.9763093127045144,"upper_bound":8.63299256794749},"point_estimate":6.567210446406437,"standard_error":1.1909883342830059}}