{"Mean":{"confidence_interval":{"confidence_level":0.95,"lower_bound":870.3249960127533,"upper_bound":876.4532636879015},"point_estimate":873.0989780046862,"standard_error":1.5690818048497523},"Median":{"confidence_interval":{"confidence_level":0.95,"lower_bound":867.0776947861746,"upper_bound":870.9904166235915},"point_estimate":869.4024251165279,"standard_error":1.1054204771514073},"MedianAbsDev":{"confidence_interval":{"confidence_level":0.95,"lower_bound":5.473898413531319,"upper_bound":10.46236115831699},"point_estimate":7.79635635740956,"standard_error":1.3269637924344184},"Slope":{"confidence_interval":{"confidence_level":0.95,"lower_bound":868.008178566549,"upper_bound":871.1610076756776},"point_estimate":869.5352117702392,"standard_error":0.8069548753676863},"StdDev":{"confidence_interval":{"confidence_level":0.95,"lower_bound":8.391739072311287,"upper_bound":22.34512826140517},"point_estimate":15.705328500783889,"standard_error":3.6960119796184867}}