{"Mean":{"confidence_interval":{"confidence_level":0.95,"lower_bound":131.6463970902251,"upper_bound":132.0514016282654},"point_estimate":131.8316964375685,"standard_error":0.10409794711877408},"Median":{"confidence_interval":{"confidence_level":0.95,"lower_bound":131.58387735663456,"upper_bound":132.0442413732591},"point_estimate":131.77098478414212,"standard_error":0.11193643148892511},"MedianAbsDev":{"confidence_interval":{"confidence_level":0.95,"lower_bound":0.03589791988610536,"upper_bound":0.5334045261369937},"point_estimate":0.2484025999920551,"standard_error":0.12491700409302167},"Slope":{"confidence_interval":{"confidence_level":0.95,"lower_bound":131.66972646144373,"upper_bound":132.2872565885091},"point_estimate":131.95507127648577,"standard_error":0.16443607209248878},"StdDev":{"confidence_interval":{"confidence_level":0.95,"lower_bound":0.13649299699773226,"upper_bound":0.46830496899950064},"point_estimate":0.3483643656074192,"standard_error":0.08951517672852052}}