{"Mean":{"confidence_interval":{"confidence_level":0.95,"lower_bound":42.368492963475994,"upper_bound":42.65974733742244},"point_estimate":42.51107739649573,"standard_error":0.07464650451425638},"Median":{"confidence_interval":{"confidence_level":0.95,"lower_bound":42.19409417618237,"upper_bound":42.550759334425216},"point_estimate":42.403508979259755,"standard_error":0.08884613173267839},"MedianAbsDev":{"confidence_interval":{"confidence_level":0.95,"lower_bound":0.4647589669194369,"upper_bound":0.9059527277742753},"point_estimate":0.7171511649614503,"standard_error":0.1118296236520841},"Slope":{"confidence_interval":{"confidence_level":0.95,"lower_bound":42.37912270116022,"upper_bound":42.813086145055756},"point_estimate":42.597407776981214,"standard_error":0.11074737943374816},"StdDev":{"confidence_interval":{"confidence_level":0.95,"lower_bound":0.6287368423313923,"upper_bound":0.861549866612776},"point_estimate":0.7495634306003836,"standard_error":0.05959833316668512}}