{"Mean":{"confidence_interval":{"confidence_level":0.95,"lower_bound":6997654.900598488,"upper_bound":7023745.233536428},"point_estimate":7009802.76556754,"standard_error":6656.338869478204},"Median":{"confidence_interval":{"confidence_level":0.95,"lower_bound":6988450.3730818415,"upper_bound":7008026.392156863},"point_estimate":6997283.1152597405,"standard_error":5297.745007045988},"MedianAbsDev":{"confidence_interval":{"confidence_level":0.95,"lower_bound":33830.59011177167,"upper_bound":57409.010037825414},"point_estimate":43967.52316415813,"standard_error":6055.562960820345},"Slope":{"confidence_interval":{"confidence_level":0.95,"lower_bound":6983753.986540405,"upper_bound":7008172.372881228},"point_estimate":6995430.942609724,"standard_error":6227.571295875543},"StdDev":{"confidence_interval":{"confidence_level":0.95,"lower_bound":44757.571987550305,"upper_bound":91981.84385554824},"point_estimate":67111.79845233951,"standard_error":13222.659393074215}}