{"Mean":{"confidence_interval":{"confidence_level":0.95,"lower_bound":7142791.484917625,"upper_bound":7181002.863170069},"point_estimate":7160754.991310215,"standard_error":9752.105658190683},"Median":{"confidence_interval":{"confidence_level":0.95,"lower_bound":7128287.048387097,"upper_bound":7155904.863636363},"point_estimate":7143827.273779385,"standard_error":7093.618416407329},"MedianAbsDev":{"confidence_interval":{"confidence_level":0.95,"lower_bound":45353.63527026551,"upper_bound":82842.15148925773},"point_estimate":63275.70436294473,"standard_error":9701.054252641723},"Slope":{"confidence_interval":{"confidence_level":0.95,"lower_bound":7161364.710080834,"upper_bound":7205423.743603539},"point_estimate":7182446.776234669,"standard_error":11265.036388481765},"StdDev":{"confidence_interval":{"confidence_level":0.95,"lower_bound":67466.26393074408,"upper_bound":131304.35659005423},"point_estimate":97727.73681045686,"standard_error":17550.364850779744}}