{"Mean":{"confidence_interval":{"confidence_level":0.95,"lower_bound":6606761.415880747,"upper_bound":6653724.608197582},"point_estimate":6629559.990916493,"standard_error":11975.956318622964},"Median":{"confidence_interval":{"confidence_level":0.95,"lower_bound":6591897.878787879,"upper_bound":6632649.659340659},"point_estimate":6612284.920238095,"standard_error":12416.62490561109},"MedianAbsDev":{"confidence_interval":{"confidence_level":0.95,"lower_bound":64382.42086621387,"upper_bound":114292.01552507747},"point_estimate":88262.85677136762,"standard_error":12495.082034827861},"Slope":{"confidence_interval":{"confidence_level":0.95,"lower_bound":6639611.139102022,"upper_bound":6693774.585010044},"point_estimate":6665584.927468598,"standard_error":13803.92837543081},"StdDev":{"confidence_interval":{"confidence_level":0.95,"lower_bound":96549.8188002584,"upper_bound":140960.8960574653},"point_estimate":120182.26687561395,"standard_error":11342.2566233566}}