{"Mean":{"confidence_interval":{"confidence_level":0.95,"lower_bound":597.8597920704079,"upper_bound":605.3007881549236},"point_estimate":601.3606562748125,"standard_error":1.9035674037077444},"Median":{"confidence_interval":{"confidence_level":0.95,"lower_bound":595.1047555732837,"upper_bound":599.9738036783391},"point_estimate":597.0280484770283,"standard_error":1.1357852766224514},"MedianAbsDev":{"confidence_interval":{"confidence_level":0.95,"lower_bound":7.809184304590855,"upper_bound":14.689558482033295},"point_estimate":10.748355043725242,"standard_error":1.6326032120779894},"Slope":{"confidence_interval":{"confidence_level":0.95,"lower_bound":594.1481405745898,"upper_bound":597.9374570540209},"point_estimate":595.9289414097647,"standard_error":0.9660229172451017},"StdDev":{"confidence_interval":{"confidence_level":0.95,"lower_bound":12.17448969584206,"upper_bound":25.913580709962396},"point_estimate":19.148426437372304,"standard_error":3.6034735491126124}}