{"Mean":{"confidence_interval":{"confidence_level":0.95,"lower_bound":-0.768675180406478,"upper_bound":-0.7657774413136554},"point_estimate":-0.7672642660405748,"standard_error":0.000741510978350381},"Median":{"confidence_interval":{"confidence_level":0.95,"lower_bound":-0.7692364184272595,"upper_bound":-0.7655844120299748},"point_estimate":-0.7673359091959919,"standard_error":0.0009471371880003666}}