{"Mean":{"confidence_interval":{"confidence_level":0.95,"lower_bound":0.007556979987254975,"upper_bound":0.013523677083919073},"point_estimate":0.010558709150506829,"standard_error":0.0015263050937047954},"Median":{"confidence_interval":{"confidence_level":0.95,"lower_bound":0.00490815270170275,"upper_bound":0.015535576651874772},"point_estimate":0.009952033904700563,"standard_error":0.0027511209770268866}}