{"Mean":{"confidence_interval":{"confidence_level":0.95,"lower_bound":114.62472145071683,"upper_bound":114.94058557636188},"point_estimate":114.76274238073889,"standard_error":0.08160361014919051},"Median":{"confidence_interval":{"confidence_level":0.95,"lower_bound":114.58387509099454,"upper_bound":114.8725139810611},"point_estimate":114.66968256624298,"standard_error":0.08550074802118116},"MedianAbsDev":{"confidence_interval":{"confidence_level":0.95,"lower_bound":0.032402893614886207,"upper_bound":0.3563218745976934},"point_estimate":0.18224476979458656,"standard_error":0.08180487184510717},"Slope":{"confidence_interval":{"confidence_level":0.95,"lower_bound":114.65219285889329,"upper_bound":114.8951537928031},"point_estimate":114.7851739481023,"standard_error":0.061035930822849534},"StdDev":{"confidence_interval":{"confidence_level":0.95,"lower_bound":0.10050781093620462,"upper_bound":0.38810111893815347},"point_estimate":0.2712262919887438,"standard_error":0.08624359572989496}}