{"Mean":{"confidence_interval":{"confidence_level":0.95,"lower_bound":-0.00475570188895878,"upper_bound":0.030956493702362458},"point_estimate":0.008083078151321255,"standard_error":0.010698240123089444},"Median":{"confidence_interval":{"confidence_level":0.95,"lower_bound":-0.006017522101656736,"upper_bound":0.005252281189350505},"point_estimate":-0.002574977436571424,"standard_error":0.004144049629695353}}