{"Mean":{"confidence_interval":{"confidence_level":0.95,"lower_bound":-0.000012529071829841515,"upper_bound":0.00999477382652407},"point_estimate":0.0054657878723687325,"standard_error":0.0025691955910847404},"Median":{"confidence_interval":{"confidence_level":0.95,"lower_bound":0.004925366713296464,"upper_bound":0.013087805490148208},"point_estimate":0.009686573989518443,"standard_error":0.002092245933820588}}