{"Mean":{"confidence_interval":{"confidence_level":0.95,"lower_bound":0.0023388386573552416,"upper_bound":0.008604735321843799},"point_estimate":0.0052069279526285595,"standard_error":0.0015665726270531033},"Median":{"confidence_interval":{"confidence_level":0.95,"lower_bound":0.004075764488359956,"upper_bound":0.008992596358699645},"point_estimate":0.006940386458802239,"standard_error":0.001259633896884172}}