{"Mean":{"confidence_interval":{"confidence_level":0.95,"lower_bound":-0.005182547316601746,"upper_bound":0.002227868315191952},"point_estimate":-0.001590074540948505,"standard_error":0.001876500146741571},"Median":{"confidence_interval":{"confidence_level":0.95,"lower_bound":-0.0056918979779770895,"upper_bound":0.0031318423105457516},"point_estimate":-0.0013608025019705705,"standard_error":0.0022448122564844544}}