{"Mean":{"confidence_interval":{"confidence_level":0.95,"lower_bound":0.01825596527467449,"upper_bound":0.027960157920199083},"point_estimate":0.022922475268344567,"standard_error":0.0024742663790676004},"Median":{"confidence_interval":{"confidence_level":0.95,"lower_bound":0.01709352223265559,"upper_bound":0.02721717733048079},"point_estimate":0.021809395441130697,"standard_error":0.002617868684553496}}