{"Mean":{"confidence_interval":{"confidence_level":0.95,"lower_bound":-0.027815715829203752,"upper_bound":-0.016856796437995862},"point_estimate":-0.02247082552928692,"standard_error":0.002791041878779428},"Median":{"confidence_interval":{"confidence_level":0.95,"lower_bound":-0.027297619883070223,"upper_bound":-0.015739048047592297},"point_estimate":-0.021010259291130207,"standard_error":0.002998001053749996}}