{"Mean":{"confidence_interval":{"confidence_level":0.95,"lower_bound":-0.027012526489214577,"upper_bound":-0.019098220131921497},"point_estimate":-0.023387337537672193,"standard_error":0.0020589794030374956},"Median":{"confidence_interval":{"confidence_level":0.95,"lower_bound":-0.029402687797557392,"upper_bound":-0.019556918837528192},"point_estimate":-0.02708078902478639,"standard_error":0.002760924488929186}}