{"Mean":{"confidence_interval":{"confidence_level":0.95,"lower_bound":2497.6039376625217,"upper_bound":2510.0028443062397},"point_estimate":2502.8900576590872,"standard_error":3.207730550749209},"Median":{"confidence_interval":{"confidence_level":0.95,"lower_bound":2489.9464882943143,"upper_bound":2501.8692751865424},"point_estimate":2495.6581497147354,"standard_error":3.0018732437880695},"MedianAbsDev":{"confidence_interval":{"confidence_level":0.95,"lower_bound":11.361821336467855,"upper_bound":21.38774218545226},"point_estimate":16.773151274817717,"standard_error":2.5413107545693268},"Slope":{"confidence_interval":{"confidence_level":0.95,"lower_bound":2496.9370024946625,"upper_bound":2505.8325471244398},"point_estimate":2501.2535581317034,"standard_error":2.271093627433766},"StdDev":{"confidence_interval":{"confidence_level":0.95,"lower_bound":15.837097246433244,"upper_bound":49.519703989871005},"point_estimate":32.167667026199304,"standard_error":10.801646572560486}}