{"Mean":{"confidence_interval":{"confidence_level":0.95,"lower_bound":2528.620008285761,"upper_bound":2541.652249515041},"point_estimate":2534.3909680763477,"standard_error":3.341431381356663},"Median":{"confidence_interval":{"confidence_level":0.95,"lower_bound":2518.4717790497843,"upper_bound":2532.69104361112},"point_estimate":2527.3319492174583,"standard_error":3.927690221764275},"MedianAbsDev":{"confidence_interval":{"confidence_level":0.95,"lower_bound":12.748846072704874,"upper_bound":26.47999199138674},"point_estimate":21.504510566134954,"standard_error":3.8415839868540282},"Slope":{"confidence_interval":{"confidence_level":0.95,"lower_bound":2529.0537413649868,"upper_bound":2538.775852817525},"point_estimate":2533.776099492913,"standard_error":2.4803363136722467},"StdDev":{"confidence_interval":{"confidence_level":0.95,"lower_bound":19.121107434342925,"upper_bound":49.30936353371747},"point_estimate":33.501099167513345,"standard_error":9.237423472937651}}