{"Mean":{"confidence_interval":{"confidence_level":0.95,"lower_bound":2611.2338623078595,"upper_bound":2634.204640244553},"point_estimate":2621.949392374447,"standard_error":5.885658156478482},"Median":{"confidence_interval":{"confidence_level":0.95,"lower_bound":2597.929616413916,"upper_bound":2613.130492898914},"point_estimate":2606.4979884435597,"standard_error":4.041280905568767},"MedianAbsDev":{"confidence_interval":{"confidence_level":0.95,"lower_bound":24.304128044272193,"upper_bound":39.70330421840954},"point_estimate":34.652951661256736,"standard_error":3.997798022268593},"Slope":{"confidence_interval":{"confidence_level":0.95,"lower_bound":2601.5277772843665,"upper_bound":2612.5913827019444},"point_estimate":2606.7941536636777,"standard_error":2.819408504020875},"StdDev":{"confidence_interval":{"confidence_level":0.95,"lower_bound":37.423969860184805,"upper_bound":78.69508533676915},"point_estimate":59.0940927587148,"standard_error":10.652628422343804}}