{"Mean":{"confidence_interval":{"confidence_level":0.95,"lower_bound":1482.1065299640218,"upper_bound":1491.9535428357842},"point_estimate":1486.4417933619552,"standard_error":2.5313799048201107},"Median":{"confidence_interval":{"confidence_level":0.95,"lower_bound":1477.8196107784431,"upper_bound":1480.763853648635},"point_estimate":1479.2578778030672,"standard_error":0.771618384789029},"MedianAbsDev":{"confidence_interval":{"confidence_level":0.95,"lower_bound":3.0864565020907233,"upper_bound":6.064493453858347},"point_estimate":4.413251596108746,"standard_error":0.8014543765998119},"Slope":{"confidence_interval":{"confidence_level":0.95,"lower_bound":1482.9952429228729,"upper_bound":1502.7340558195415},"point_estimate":1491.2312130416276,"standard_error":5.158256953402275},"StdDev":{"confidence_interval":{"confidence_level":0.95,"lower_bound":11.778323530692022,"upper_bound":37.47687945039956},"point_estimate":25.382490442109454,"standard_error":6.767925972930711}}