{"Mean":{"confidence_interval":{"confidence_level":0.95,"lower_bound":56015.912326107195,"upper_bound":56253.27309098814},"point_estimate":56122.49590841172,"standard_error":61.03374257394248},"Median":{"confidence_interval":{"confidence_level":0.95,"lower_bound":55990.98113854595,"upper_bound":56287.602366255145},"point_estimate":56051.96505731922,"standard_error":62.75973617972758},"MedianAbsDev":{"confidence_interval":{"confidence_level":0.95,"lower_bound":18.428792304001668,"upper_bound":279.6030256842088},"point_estimate":94.86357588527864,"standard_error":58.70049685388634},"Slope":{"confidence_interval":{"confidence_level":0.95,"lower_bound":55969.04835754468,"upper_bound":56090.49795358368},"point_estimate":56007.37572550906,"standard_error":31.544157892291746},"StdDev":{"confidence_interval":{"confidence_level":0.95,"lower_bound":55.118261338946105,"upper_bound":255.2321986753051},"point_estimate":203.05453495548616,"standard_error":52.92080144281496}}