{"Mean":{"confidence_interval":{"confidence_level":0.95,"lower_bound":87438.02098699339,"upper_bound":89118.45032434091},"point_estimate":88200.46170505899,"standard_error":429.441624210029},"Median":{"confidence_interval":{"confidence_level":0.95,"lower_bound":86597.14628623189,"upper_bound":86820.08974358975},"point_estimate":86681.5288097939,"standard_error":53.37965857871929},"MedianAbsDev":{"confidence_interval":{"confidence_level":0.95,"lower_bound":249.96716132308035,"upper_bound":478.9673745600612},"point_estimate":333.63099338156803,"standard_error":57.282769168258774},"Slope":{"confidence_interval":{"confidence_level":0.95,"lower_bound":87355.71795182744,"upper_bound":88721.80553474098},"point_estimate":87993.84133614108,"standard_error":348.9427033293768},"StdDev":{"confidence_interval":{"confidence_level":0.95,"lower_bound":2484.25929702031,"upper_bound":5893.176411412187},"point_estimate":4300.873144493223,"standard_error":877.1485447242676}}