{"Mean":{"confidence_interval":{"confidence_level":0.95,"lower_bound":13476.678509837682,"upper_bound":13549.778665700533},"point_estimate":13511.003253614363,"standard_error":18.66734642475645},"Median":{"confidence_interval":{"confidence_level":0.95,"lower_bound":13415.83382039675,"upper_bound":13531.925239755885},"point_estimate":13467.462437823924,"standard_error":31.60819727192814},"MedianAbsDev":{"confidence_interval":{"confidence_level":0.95,"lower_bound":92.75351023136874,"upper_bound":194.6086781984867},"point_estimate":146.25674843834815,"standard_error":24.624186257784796},"Slope":{"confidence_interval":{"confidence_level":0.95,"lower_bound":13480.564269099132,"upper_bound":13554.94537262932},"point_estimate":13516.35846572596,"standard_error":18.990380988577773},"StdDev":{"confidence_interval":{"confidence_level":0.95,"lower_bound":133.60605758361766,"upper_bound":246.21762173415925},"point_estimate":186.9917294074731,"standard_error":30.015134653923575}}