{"Mean":{"confidence_interval":{"confidence_level":0.95,"lower_bound":100280.55939506354,"upper_bound":100827.77517076553},"point_estimate":100526.27800939756,"standard_error":140.00336223442807},"Median":{"confidence_interval":{"confidence_level":0.95,"lower_bound":99926.43333333333,"upper_bound":100409.00338983051},"point_estimate":100095.68541666667,"standard_error":96.7738443290603},"MedianAbsDev":{"confidence_interval":{"confidence_level":0.95,"lower_bound":549.8396614122863,"upper_bound":984.6244398723647},"point_estimate":727.9647186831787,"standard_error":100.81700042109689},"Slope":{"confidence_interval":{"confidence_level":0.95,"lower_bound":100276.73168203278,"upper_bound":100775.91714306345},"point_estimate":100517.36334032807,"standard_error":127.81615495105844},"StdDev":{"confidence_interval":{"confidence_level":0.95,"lower_bound":808.5528073870056,"upper_bound":2043.212694229468},"point_estimate":1406.2201448965225,"standard_error":360.64146965861954}}