{"Mean":{"confidence_interval":{"confidence_level":0.95,"lower_bound":2757247.642959184,"upper_bound":2772253.4840065194},"point_estimate":2764492.553356009,"standard_error":3836.251432339507},"Median":{"confidence_interval":{"confidence_level":0.95,"lower_bound":2755968.9543650793,"upper_bound":2772584.9142857143},"point_estimate":2762640.1326530613,"standard_error":4973.527465744935},"MedianAbsDev":{"confidence_interval":{"confidence_level":0.95,"lower_bound":905.9509505834359,"upper_bound":22028.389218918266},"point_estimate":11074.439353389596,"standard_error":5097.036561051559},"Slope":{"confidence_interval":{"confidence_level":0.95,"lower_bound":2750487.7080590534,"upper_bound":2765375.8805114636},"point_estimate":2756722.4552875697,"standard_error":3883.2621468143025},"StdDev":{"confidence_interval":{"confidence_level":0.95,"lower_bound":6348.999664133911,"upper_bound":17134.7919290163},"point_estimate":12765.386520912243,"standard_error":2838.967002723002}}