{"Mean":{"confidence_interval":{"confidence_level":0.95,"lower_bound":2824.230820049743,"upper_bound":2840.6560622509487},"point_estimate":2830.9174523400948,"standard_error":4.286831560582512},"Median":{"confidence_interval":{"confidence_level":0.95,"lower_bound":2819.8850605413104,"upper_bound":2825.434337267671},"point_estimate":2821.7617251203455,"standard_error":1.3682165570814144},"MedianAbsDev":{"confidence_interval":{"confidence_level":0.95,"lower_bound":7.915022583790144,"upper_bound":13.464012272979282},"point_estimate":10.325292918032316,"standard_error":1.3199404283401301},"Slope":{"confidence_interval":{"confidence_level":0.95,"lower_bound":2821.5776593403193,"upper_bound":2832.048989186747},"point_estimate":2826.192722256535,"standard_error":2.6973239151984734},"StdDev":{"confidence_interval":{"confidence_level":0.95,"lower_bound":12.83199884666751,"upper_bound":69.53807973599726},"point_estimate":43.15185198545607,"standard_error":16.99316792137276}}