{"Mean":{"confidence_interval":{"confidence_level":0.95,"lower_bound":2756.618357923341,"upper_bound":2773.428201330621},"point_estimate":2765.164674591067,"standard_error":4.299090903365898},"Median":{"confidence_interval":{"confidence_level":0.95,"lower_bound":2755.8129544876683,"upper_bound":2776.333623188406},"point_estimate":2764.781418976185,"standard_error":5.119926187298779},"MedianAbsDev":{"confidence_interval":{"confidence_level":0.95,"lower_bound":3.9746847908641407,"upper_bound":24.868298113801195},"point_estimate":12.164234877227027,"standard_error":5.213649678755315},"Slope":{"confidence_interval":{"confidence_level":0.95,"lower_bound":2756.5404732567204,"upper_bound":2772.347879046569},"point_estimate":2766.039645754703,"standard_error":4.008690309308511},"StdDev":{"confidence_interval":{"confidence_level":0.95,"lower_bound":7.490450305516787,"upper_bound":18.87218641067932},"point_estimate":14.389122447411438,"standard_error":2.933488308403448}}