{"Mean":{"confidence_interval":{"confidence_level":0.95,"lower_bound":649.4735348642488,"upper_bound":653.9449024275852},"point_estimate":651.5694493336953,"standard_error":1.1405287074677315},"Median":{"confidence_interval":{"confidence_level":0.95,"lower_bound":646.1381827430017,"upper_bound":650.9318796011555},"point_estimate":648.2969624126242,"standard_error":1.4365215895124386},"MedianAbsDev":{"confidence_interval":{"confidence_level":0.95,"lower_bound":5.826647986121819,"upper_bound":11.314912263871562},"point_estimate":8.428886172369129,"standard_error":1.5414506071812024},"Slope":{"confidence_interval":{"confidence_level":0.95,"lower_bound":647.28042047102,"upper_bound":651.149375544468},"point_estimate":649.1227214395943,"standard_error":0.9881035088647466},"StdDev":{"confidence_interval":{"confidence_level":0.95,"lower_bound":8.006067413271424,"upper_bound":15.43245851824219},"point_estimate":11.443086903917091,"standard_error":2.1119490141551043}}