{"Mean":{"confidence_interval":{"confidence_level":0.95,"lower_bound":675.3393292565306,"upper_bound":680.8119910133385},"point_estimate":677.4559893821092,"standard_error":1.4689599118153385},"Median":{"confidence_interval":{"confidence_level":0.95,"lower_bound":674.2481866666667,"upper_bound":676.3306808510638},"point_estimate":674.9574720607235,"standard_error":0.5338893175487391},"MedianAbsDev":{"confidence_interval":{"confidence_level":0.95,"lower_bound":3.446186870696799,"upper_bound":5.741130356085992},"point_estimate":4.204672606433256,"standard_error":0.5965267132275923},"Slope":{"confidence_interval":{"confidence_level":0.95,"lower_bound":675.0237898170507,"upper_bound":677.0377721704416},"point_estimate":676.0074718092704,"standard_error":0.5137470499900437},"StdDev":{"confidence_interval":{"confidence_level":0.95,"lower_bound":4.251133747023398,"upper_bound":24.56390030433771},"point_estimate":14.828016152708152,"standard_error":6.906491598899174}}