{"Mean":{"confidence_interval":{"confidence_level":0.95,"lower_bound":6068.611058794278,"upper_bound":6103.400517072645},"point_estimate":6083.148233339662,"standard_error":9.044689504015398},"Median":{"confidence_interval":{"confidence_level":0.95,"lower_bound":6062.944599367912,"upper_bound":6073.004691447131},"point_estimate":6068.150121295963,"standard_error":2.483176792736752},"MedianAbsDev":{"confidence_interval":{"confidence_level":0.95,"lower_bound":18.277795001161312,"upper_bound":33.00716936628906},"point_estimate":25.3119006758086,"standard_error":3.761856355704162},"Slope":{"confidence_interval":{"confidence_level":0.95,"lower_bound":6054.3489387950285,"upper_bound":6077.7438575135275},"point_estimate":6064.846847920393,"standard_error":5.99756036221119},"StdDev":{"confidence_interval":{"confidence_level":0.95,"lower_bound":34.66286325995658,"upper_bound":143.30113593723829},"point_estimate":90.73365566071499,"standard_error":33.0497199110115}}