{"Mean":{"confidence_interval":{"confidence_level":0.95,"lower_bound":55581.40679340933,"upper_bound":56901.66933420769},"point_estimate":56168.95472123268,"standard_error":339.16206195188425},"Median":{"confidence_interval":{"confidence_level":0.95,"lower_bound":55070.661189358376,"upper_bound":55202.03927203065},"point_estimate":55139.19946193167,"standard_error":32.449768462024565},"MedianAbsDev":{"confidence_interval":{"confidence_level":0.95,"lower_bound":203.79595309608038,"upper_bound":367.85129812882457},"point_estimate":256.30011756720813,"standard_error":41.235017204523885},"Slope":{"confidence_interval":{"confidence_level":0.95,"lower_bound":55523.71970162308,"upper_bound":56587.03132828904},"point_estimate":56013.559575390376,"standard_error":273.16249624783836},"StdDev":{"confidence_interval":{"confidence_level":0.95,"lower_bound":1515.7864592393757,"upper_bound":4943.6330279930135},"point_estimate":3415.016897305932,"standard_error":883.0459881733433}}