{"Mean":{"confidence_interval":{"confidence_level":0.95,"lower_bound":12111.084047301376,"upper_bound":12172.317264465994},"point_estimate":12138.048064979828,"standard_error":15.848698420380538},"Median":{"confidence_interval":{"confidence_level":0.95,"lower_bound":12104.776934623082,"upper_bound":12176.243495663775},"point_estimate":12111.147209250612,"standard_error":17.9825074612478},"MedianAbsDev":{"confidence_interval":{"confidence_level":0.95,"lower_bound":1.919516943908685,"upper_bound":87.88196238241096},"point_estimate":15.86022613603687,"standard_error":20.453091096575598},"Slope":{"confidence_interval":{"confidence_level":0.95,"lower_bound":12105.973372820938,"upper_bound":12148.130879790184},"point_estimate":12118.855193505628,"standard_error":10.980418438884584},"StdDev":{"confidence_interval":{"confidence_level":0.95,"lower_bound":9.813789229414597,"upper_bound":73.0310787509311},"point_estimate":52.833751618436395,"standard_error":15.593410619274149}}