{"Mean":{"confidence_interval":{"confidence_level":0.95,"lower_bound":872487.7219956899,"upper_bound":879333.4445096639},"point_estimate":875565.5910993408,"standard_error":1748.0905594926828},"Median":{"confidence_interval":{"confidence_level":0.95,"lower_bound":870720.953125,"upper_bound":876433.1818181819},"point_estimate":874414.6096955128,"standard_error":1445.5533099417698},"MedianAbsDev":{"confidence_interval":{"confidence_level":0.95,"lower_bound":8347.769524524747,"upper_bound":14258.616963525536},"point_estimate":11645.882874370545,"standard_error":1503.471876923928},"Slope":{"confidence_interval":{"confidence_level":0.95,"lower_bound":870595.6229890252,"upper_bound":875972.3758084506},"point_estimate":873261.8610462539,"standard_error":1367.5506206484238},"StdDev":{"confidence_interval":{"confidence_level":0.95,"lower_bound":10597.045846167022,"upper_bound":25587.487603628913},"point_estimate":17586.927470730167,"standard_error":4553.905190709779}}