{"Mean":{"confidence_interval":{"confidence_level":0.95,"lower_bound":6578826.812238095,"upper_bound":6636001.487170636},"point_estimate":6607456.391772487,"standard_error":14477.722376183438},"Median":{"confidence_interval":{"confidence_level":0.95,"lower_bound":6558389.666666667,"upper_bound":6651002.833333334},"point_estimate":6613808.455555556,"standard_error":22865.255276891818},"MedianAbsDev":{"confidence_interval":{"confidence_level":0.95,"lower_bound":2799.745908627524,"upper_bound":83481.81101123421},"point_estimate":56836.14951595618,"standard_error":19715.103296471807},"Slope":{"confidence_interval":{"confidence_level":0.95,"lower_bound":6574704.061168169,"upper_bound":6645977.719454329},"point_estimate":6617615.496103896,"standard_error":18000.936767520583},"StdDev":{"confidence_interval":{"confidence_level":0.95,"lower_bound":29495.562174311846,"upper_bound":58249.83222051911},"point_estimate":48330.25260806665,"standard_error":7443.455587133065}}