{"Mean":{"confidence_interval":{"confidence_level":0.95,"lower_bound":8960695.749430006,"upper_bound":9066865.035382451},"point_estimate":9010798.1865353,"standard_error":27058.698077432135},"Median":{"confidence_interval":{"confidence_level":0.95,"lower_bound":8902352.304347826,"upper_bound":8989836.274725275},"point_estimate":8945431.097121537,"standard_error":22445.604532350782},"MedianAbsDev":{"confidence_interval":{"confidence_level":0.95,"lower_bound":123129.58610116091,"upper_bound":221039.51883715746},"point_estimate":176612.56974055356,"standard_error":24639.90673537702},"Slope":{"confidence_interval":{"confidence_level":0.95,"lower_bound":8927101.486449368,"upper_bound":9109480.367613005},"point_estimate":9004191.962080685,"standard_error":47381.53390071618},"StdDev":{"confidence_interval":{"confidence_level":0.95,"lower_bound":194020.47180795547,"upper_bound":353396.3428217361},"point_estimate":271707.9774344234,"standard_error":41828.87274539706}}