{"Mean":{"confidence_interval":{"confidence_level":0.95,"lower_bound":42.56758398248418,"upper_bound":42.797297977024655},"point_estimate":42.6816759639977,"standard_error":0.05872581424120591},"Median":{"confidence_interval":{"confidence_level":0.95,"lower_bound":42.47450974991291,"upper_bound":42.80153346009937},"point_estimate":42.69500750132599,"standard_error":0.09574360188722324},"MedianAbsDev":{"confidence_interval":{"confidence_level":0.95,"lower_bound":0.4645477358993256,"upper_bound":0.7389036765283165},"point_estimate":0.6185042855619574,"standard_error":0.07341529133808827},"Slope":{"confidence_interval":{"confidence_level":0.95,"lower_bound":42.61734690321715,"upper_bound":42.876834154493004},"point_estimate":42.74926738548774,"standard_error":0.06605331365569307},"StdDev":{"confidence_interval":{"confidence_level":0.95,"lower_bound":0.4967143460369854,"upper_bound":0.6826835449294193},"point_estimate":0.5898167988986892,"standard_error":0.047671935841453336}}