{"Mean":{"confidence_interval":{"confidence_level":0.95,"lower_bound":128487.92891307511,"upper_bound":129726.09158566299},"point_estimate":129043.68205402212,"standard_error":317.3281163643143},"Median":{"confidence_interval":{"confidence_level":0.95,"lower_bound":127983.20982142857,"upper_bound":129082.36733552632},"point_estimate":128448.72798913044,"standard_error":270.5427913396434},"MedianAbsDev":{"confidence_interval":{"confidence_level":0.95,"lower_bound":1389.1014063159218,"upper_bound":2161.949174230774},"point_estimate":1751.8504740744515,"standard_error":184.10292183526312},"Slope":{"confidence_interval":{"confidence_level":0.95,"lower_bound":128521.57437158043,"upper_bound":129297.82728110587},"point_estimate":128906.42628934536,"standard_error":197.2790985171652},"StdDev":{"confidence_interval":{"confidence_level":0.95,"lower_bound":1734.7366968213244,"upper_bound":4692.5398171802935},"point_estimate":3199.8372555116825,"standard_error":832.182082633364}}