{"Mean":{"confidence_interval":{"confidence_level":0.95,"lower_bound":-0.010272278276847823,"upper_bound":-0.00198314035918886},"point_estimate":-0.006209634968882716,"standard_error":0.0021112699722363},"Median":{"confidence_interval":{"confidence_level":0.95,"lower_bound":-0.010657276788342496,"upper_bound":-0.0009011005963018848},"point_estimate":-0.005471097804761738,"standard_error":0.002439122919053952}}