{"Mean":{"confidence_interval":{"confidence_level":0.95,"lower_bound":-0.008660354829415283,"upper_bound":-0.0012382917193808117},"point_estimate":-0.004682685264499109,"standard_error":0.0019092374560744588},"Median":{"confidence_interval":{"confidence_level":0.95,"lower_bound":-0.009063239662972733,"upper_bound":0.00016645225053490975},"point_estimate":-0.0031020847011287156,"standard_error":0.00211601008406192}}