{"Mean":{"confidence_interval":{"confidence_level":0.95,"lower_bound":-0.004365851923393457,"upper_bound":0.00824173609399734},"point_estimate":0.0026957535088723006,"standard_error":0.003245982603391294},"Median":{"confidence_interval":{"confidence_level":0.95,"lower_bound":-0.00023423343749640058,"upper_bound":0.008908525317318622},"point_estimate":0.004257857731538639,"standard_error":0.0022622513015079517}}