{"Mean":{"confidence_interval":{"confidence_level":0.95,"lower_bound":3518.906546263043,"upper_bound":3530.75383220302},"point_estimate":3524.669187350269,"standard_error":3.0306899210471454},"Median":{"confidence_interval":{"confidence_level":0.95,"lower_bound":3507.529693060498,"upper_bound":3525.433513314517},"point_estimate":3513.5858893972772,"standard_error":4.795191533952608},"MedianAbsDev":{"confidence_interval":{"confidence_level":0.95,"lower_bound":17.532873796601223,"upper_bound":33.97370553563643},"point_estimate":26.44322534311316,"standard_error":4.433778780050038},"Slope":{"confidence_interval":{"confidence_level":0.95,"lower_bound":3524.8279554424303,"upper_bound":3540.012741641643},"point_estimate":3532.4133804358285,"standard_error":3.8807366954986002},"StdDev":{"confidence_interval":{"confidence_level":0.95,"lower_bound":24.792337154686358,"upper_bound":35.76369222290281},"point_estimate":30.4891208066566,"standard_error":2.807962841328156}}