{"Mean":{"confidence_interval":{"confidence_level":0.95,"lower_bound":3470.87816222826,"upper_bound":3501.766908234526},"point_estimate":3486.2211536685513,"standard_error":7.8775520082328745},"Median":{"confidence_interval":{"confidence_level":0.95,"lower_bound":3467.9585326953747,"upper_bound":3486.730643102602},"point_estimate":3481.764951267057,"standard_error":4.707741221758281},"MedianAbsDev":{"confidence_interval":{"confidence_level":0.95,"lower_bound":37.2073694558342,"upper_bound":64.90900303476923},"point_estimate":48.95102954595705,"standard_error":6.958213013063499},"Slope":{"confidence_interval":{"confidence_level":0.95,"lower_bound":3488.7080365872093,"upper_bound":3525.2614967529444},"point_estimate":3506.1148396112194,"standard_error":9.349038412577586},"StdDev":{"confidence_interval":{"confidence_level":0.95,"lower_bound":63.712949211965736,"upper_bound":92.41801672019781},"point_estimate":79.01546826130564,"standard_error":7.340796613049663}}