{"Mean":{"confidence_interval":{"confidence_level":0.95,"lower_bound":3741.3181151211743,"upper_bound":3805.248908705823},"point_estimate":3770.620468943347,"standard_error":16.331749720862174},"Median":{"confidence_interval":{"confidence_level":0.95,"lower_bound":3709.46776605289,"upper_bound":3719.5149309097656},"point_estimate":3713.5096820979184,"standard_error":2.337564653757143},"MedianAbsDev":{"confidence_interval":{"confidence_level":0.95,"lower_bound":14.233032657606762,"upper_bound":26.665390354411183},"point_estimate":19.23082985878095,"standard_error":3.166072309166193},"Slope":{"confidence_interval":{"confidence_level":0.95,"lower_bound":3736.987616349263,"upper_bound":3803.8826102594016},"point_estimate":3767.484383844434,"standard_error":17.147826798471275},"StdDev":{"confidence_interval":{"confidence_level":0.95,"lower_bound":99.00095720623025,"upper_bound":217.28751422481434},"point_estimate":164.3387716845777,"standard_error":30.228208006451613}}