{"Mean":{"confidence_interval":{"confidence_level":0.95,"lower_bound":3528.128467863261,"upper_bound":3557.902576913504},"point_estimate":3540.8648431456445,"standard_error":7.670889144807557},"Median":{"confidence_interval":{"confidence_level":0.95,"lower_bound":3516.4652431791224,"upper_bound":3539.2509670431687},"point_estimate":3525.831062061044,"standard_error":5.366614241240573},"MedianAbsDev":{"confidence_interval":{"confidence_level":0.95,"lower_bound":28.9867978976455,"upper_bound":50.96746354285085},"point_estimate":40.56926193491995,"standard_error":5.821829476982077},"Slope":{"confidence_interval":{"confidence_level":0.95,"lower_bound":3526.902536467877,"upper_bound":3548.7112758383983},"point_estimate":3537.7217300727257,"standard_error":5.571034460630392},"StdDev":{"confidence_interval":{"confidence_level":0.95,"lower_bound":34.63066288825717,"upper_bound":119.13139345563596},"point_estimate":77.06128006699996,"standard_error":25.429675532543772}}