{"Mean":{"confidence_interval":{"confidence_level":0.95,"lower_bound":0.00946555521531196,"upper_bound":0.018756117594882153},"point_estimate":0.013831243822688855,"standard_error":0.0023490231107821274},"Median":{"confidence_interval":{"confidence_level":0.95,"lower_bound":0.00920521790604334,"upper_bound":0.016678550597814583},"point_estimate":0.01298479538825692,"standard_error":0.001910553815901312}}