{"Mean":{"confidence_interval":{"confidence_level":0.95,"lower_bound":-0.16986618372153406,"upper_bound":-0.1618485918622036},"point_estimate":-0.16572347193625347,"standard_error":0.0020318447269231763},"Median":{"confidence_interval":{"confidence_level":0.95,"lower_bound":-0.16838857162156412,"upper_bound":-0.15983081648724007},"point_estimate":-0.16359184131692706,"standard_error":0.0021674823454763954}}