{"Mean":{"confidence_interval":{"confidence_level":0.95,"lower_bound":0.06547300887370983,"upper_bound":0.07652343793198932},"point_estimate":0.07103529374045237,"standard_error":0.002790932565918278},"Median":{"confidence_interval":{"confidence_level":0.95,"lower_bound":0.06472403971548268,"upper_bound":0.07285933770556219},"point_estimate":0.06877072544717966,"standard_error":0.0021683916553237857}}