{"Mean":{"confidence_interval":{"confidence_level":0.95,"lower_bound":-0.19583754768066092,"upper_bound":-0.19020000492763595},"point_estimate":-0.19286599210518174,"standard_error":0.0014359320913741986},"Median":{"confidence_interval":{"confidence_level":0.95,"lower_bound":-0.1958904913057823,"upper_bound":-0.1892403555977865},"point_estimate":-0.1919230494325216,"standard_error":0.0018417216227138683}}