{"Mean":{"confidence_interval":{"confidence_level":0.95,"lower_bound":-0.0008515520573305231,"upper_bound":0.010970630166917923},"point_estimate":0.0047318162565042066,"standard_error":0.002990224299963962},"Median":{"confidence_interval":{"confidence_level":0.95,"lower_bound":-0.001298823905174551,"upper_bound":0.004528196111103222},"point_estimate":0.0005918010618268799,"standard_error":0.0015186834697485507}}