{"Mean":{"confidence_interval":{"confidence_level":0.95,"lower_bound":-0.011096950866823576,"upper_bound":-0.0071303218073877055},"point_estimate":-0.009047225902561906,"standard_error":0.0010222090554653316},"Median":{"confidence_interval":{"confidence_level":0.95,"lower_bound":-0.011331237137853667,"upper_bound":-0.006097351338062773},"point_estimate":-0.009569341551897592,"standard_error":0.0014006962084238505}}