{"Mean":{"confidence_interval":{"confidence_level":0.95,"lower_bound":272305.6806782221,"upper_bound":279659.7773676744},"point_estimate":275719.6274544163,"standard_error":1879.4980332556825},"Median":{"confidence_interval":{"confidence_level":0.95,"lower_bound":267860.01923076925,"upper_bound":268596.05797101447},"point_estimate":268141.2557123656,"standard_error":155.08637812323218},"MedianAbsDev":{"confidence_interval":{"confidence_level":0.95,"lower_bound":1127.2815557342612,"upper_bound":2177.5093429605845},"point_estimate":1501.076769406008,"standard_error":284.46187899231234},"Slope":{"confidence_interval":{"confidence_level":0.95,"lower_bound":271569.1123275287,"upper_bound":276948.6246682294},"point_estimate":274054.61462834344,"standard_error":1380.9255229532062},"StdDev":{"confidence_interval":{"confidence_level":0.95,"lower_bound":12293.332186628806,"upper_bound":24402.431077075424},"point_estimate":18896.79125375174,"standard_error":3093.3009207896725}}