{"Mean":{"confidence_interval":{"confidence_level":0.95,"lower_bound":37.35924084461005,"upper_bound":37.53948281856283},"point_estimate":37.444390906704555,"standard_error":0.046120158357874606},"Median":{"confidence_interval":{"confidence_level":0.95,"lower_bound":37.213958349072044,"upper_bound":37.42881161500537},"point_estimate":37.35407893363389,"standard_error":0.05609024103272801},"MedianAbsDev":{"confidence_interval":{"confidence_level":0.95,"lower_bound":0.21843804914991338,"upper_bound":0.4076973429149363},"point_estimate":0.334928690201063,"standard_error":0.04978994111051457},"Slope":{"confidence_interval":{"confidence_level":0.95,"lower_bound":37.30094499816846,"upper_bound":37.451326801868206},"point_estimate":37.37232802728991,"standard_error":0.038498044500332444},"StdDev":{"confidence_interval":{"confidence_level":0.95,"lower_bound":0.3211321126526927,"upper_bound":0.5941614357500399},"point_estimate":0.4627023620476594,"standard_error":0.07018544161306779}}