{"Mean":{"confidence_interval":{"confidence_level":0.95,"lower_bound":37.39530381272375,"upper_bound":37.44529994310866},"point_estimate":37.41920907286236,"standard_error":0.012814886278705357},"Median":{"confidence_interval":{"confidence_level":0.95,"lower_bound":37.384844578789576,"upper_bound":37.45630745228499},"point_estimate":37.41370318625836,"standard_error":0.016721684410356798},"MedianAbsDev":{"confidence_interval":{"confidence_level":0.95,"lower_bound":0.010924409898342726,"upper_bound":0.07660151398655914},"point_estimate":0.04103096678815295,"standard_error":0.01689930002346777},"Slope":{"confidence_interval":{"confidence_level":0.95,"lower_bound":37.40243026916026,"upper_bound":37.457045093382995},"point_estimate":37.42897103925627,"standard_error":0.014469345583583674},"StdDev":{"confidence_interval":{"confidence_level":0.95,"lower_bound":0.02103842268409716,"upper_bound":0.052896396387836116},"point_estimate":0.04269362056367527,"standard_error":0.008046613028288784}}