{"Mean":{"confidence_interval":{"confidence_level":0.95,"lower_bound":2308.379704116216,"upper_bound":2318.1579573049817},"point_estimate":2312.8666064020426,"standard_error":2.5093213814955675},"Median":{"confidence_interval":{"confidence_level":0.95,"lower_bound":2305.9713960258196,"upper_bound":2316.9201683331225},"point_estimate":2312.247898096082,"standard_error":3.1051630379986093},"MedianAbsDev":{"confidence_interval":{"confidence_level":0.95,"lower_bound":1.4774422838153545,"upper_bound":13.573133798707339},"point_estimate":8.408616670106952,"standard_error":2.9806940775373363},"Slope":{"confidence_interval":{"confidence_level":0.95,"lower_bound":2305.912546922699,"upper_bound":2311.706033561705},"point_estimate":2307.9510126122454,"standard_error":1.4902631948549654},"StdDev":{"confidence_interval":{"confidence_level":0.95,"lower_bound":3.909551575452514,"upper_bound":11.466443976897938},"point_estimate":8.364413550576742,"standard_error":2.188168380733934}}