{"Mean":{"confidence_interval":{"confidence_level":0.95,"lower_bound":0.32006836684066303,"upper_bound":0.32718508965766335},"point_estimate":0.32370587531146944,"standard_error":0.0018203762628557418},"Median":{"confidence_interval":{"confidence_level":0.95,"lower_bound":0.31785167270508463,"upper_bound":0.3251206673782718},"point_estimate":0.32154525248256927,"standard_error":0.0017824246711315042}}