{"Mean":{"confidence_interval":{"confidence_level":0.95,"lower_bound":0.7474639250570907,"upper_bound":0.754952945377831},"point_estimate":0.7513258853528217,"standard_error":0.0019205421713666807},"Median":{"confidence_interval":{"confidence_level":0.95,"lower_bound":0.7449974055274335,"upper_bound":0.757500898569222},"point_estimate":0.7490515911821032,"standard_error":0.003304918629233866}}