{"Mean":{"confidence_interval":{"confidence_level":0.95,"lower_bound":-0.6441933091355263,"upper_bound":-0.6423378692448108},"point_estimate":-0.6432689215556049,"standard_error":0.00047014637085856885},"Median":{"confidence_interval":{"confidence_level":0.95,"lower_bound":-0.6434605674747184,"upper_bound":-0.6419883066446578},"point_estimate":-0.6427864382202044,"standard_error":0.0003328478285592431}}