{"Mean":{"confidence_interval":{"confidence_level":0.95,"lower_bound":-0.037761576901272506,"upper_bound":-0.030341684559174596},"point_estimate":-0.03350872585345299,"standard_error":0.0019060408469785052},"Median":{"confidence_interval":{"confidence_level":0.95,"lower_bound":-0.034767340318153095,"upper_bound":-0.029191145741434887},"point_estimate":-0.03168137504909674,"standard_error":0.0014303462209844474}}