{"Mean":{"confidence_interval":{"confidence_level":0.95,"lower_bound":150165.48212765675,"upper_bound":151153.00947648936},"point_estimate":150590.42303398572,"standard_error":254.14509648842946},"Median":{"confidence_interval":{"confidence_level":0.95,"lower_bound":149579.0,"upper_bound":150433.1810058309},"point_estimate":150182.82462545135,"standard_error":190.00346245518227},"MedianAbsDev":{"confidence_interval":{"confidence_level":0.95,"lower_bound":1031.476446596901,"upper_bound":1803.85558749048},"point_estimate":1522.2659296942365,"standard_error":198.93355619563113},"Slope":{"confidence_interval":{"confidence_level":0.95,"lower_bound":150176.5489374238,"upper_bound":150736.83185035386},"point_estimate":150445.77317823895,"standard_error":142.80842628174435},"StdDev":{"confidence_interval":{"confidence_level":0.95,"lower_bound":1278.499052317618,"upper_bound":3918.767092389718},"point_estimate":2556.8804606022836,"standard_error":837.4861921590816}}