{"Mean":{"confidence_interval":{"confidence_level":0.95,"lower_bound":149288.05126748796,"upper_bound":150175.3430722858},"point_estimate":149662.24004538613,"standard_error":229.31401862586765},"Median":{"confidence_interval":{"confidence_level":0.95,"lower_bound":148951.21594684385,"upper_bound":149705.47868033865},"point_estimate":149397.25730944733,"standard_error":177.14238768811816},"MedianAbsDev":{"confidence_interval":{"confidence_level":0.95,"lower_bound":900.0044580413326,"upper_bound":1479.7101710795116},"point_estimate":1197.9243459739519,"standard_error":147.08011722898055},"Slope":{"confidence_interval":{"confidence_level":0.95,"lower_bound":149185.87968244706,"upper_bound":149712.21259773526},"point_estimate":149440.98264898986,"standard_error":134.11137657482672},"StdDev":{"confidence_interval":{"confidence_level":0.95,"lower_bound":1024.5923162582328,"upper_bound":3619.80691894762},"point_estimate":2313.910377713353,"standard_error":820.2266869067747}}