{"Mean":{"confidence_interval":{"confidence_level":0.95,"lower_bound":839.6273192361216,"upper_bound":843.5762974894208},"point_estimate":841.4956891994925,"standard_error":1.0074178778405316},"Median":{"confidence_interval":{"confidence_level":0.95,"lower_bound":836.1619128535017,"upper_bound":842.1533294392524},"point_estimate":838.6306350701507,"standard_error":1.458344122589033},"MedianAbsDev":{"confidence_interval":{"confidence_level":0.95,"lower_bound":4.766420409332973,"upper_bound":10.523640288036761},"point_estimate":7.839900800703478,"standard_error":1.302345075441069},"Slope":{"confidence_interval":{"confidence_level":0.95,"lower_bound":838.8832999121616,"upper_bound":842.7029414905489},"point_estimate":840.7380979788592,"standard_error":0.9735844741386489},"StdDev":{"confidence_interval":{"confidence_level":0.95,"lower_bound":7.309774673535962,"upper_bound":13.054709337115353},"point_estimate":10.112734982876203,"standard_error":1.5041168685592763}}