{"Mean":{"confidence_interval":{"confidence_level":0.95,"lower_bound":-0.2607563409823554,"upper_bound":-0.25497777971987307},"point_estimate":-0.25792912581572136,"standard_error":0.001467175063103409},"Median":{"confidence_interval":{"confidence_level":0.95,"lower_bound":-0.2606690850896194,"upper_bound":-0.25631322175769666},"point_estimate":-0.2584940539565669,"standard_error":0.0010717713697398314}}