{"Mean":{"confidence_interval":{"confidence_level":0.95,"lower_bound":-0.024265810170318307,"upper_bound":-0.018541505059878984},"point_estimate":-0.021399140762543345,"standard_error":0.0014613252503876083},"Median":{"confidence_interval":{"confidence_level":0.95,"lower_bound":-0.022764768660220404,"upper_bound":-0.01911319320119642},"point_estimate":-0.021081989848853344,"standard_error":0.0009314385790621285}}