{"Mean":{"confidence_interval":{"confidence_level":0.95,"lower_bound":-0.12545480524672498,"upper_bound":-0.12175878744731113},"point_estimate":-0.1236040318801711,"standard_error":0.0009515896171654922},"Median":{"confidence_interval":{"confidence_level":0.95,"lower_bound":-0.1262882370265902,"upper_bound":-0.12142614326221046},"point_estimate":-0.1241663173278218,"standard_error":0.0012739275101142722}}