{"Mean":{"confidence_interval":{"confidence_level":0.95,"lower_bound":35.37115175416484,"upper_bound":35.64072492852838},"point_estimate":35.49472248980278,"standard_error":0.06872136634589285},"Median":{"confidence_interval":{"confidence_level":0.95,"lower_bound":35.324943348268214,"upper_bound":35.5629352268115},"point_estimate":35.45975048146293,"standard_error":0.05706130019504325},"MedianAbsDev":{"confidence_interval":{"confidence_level":0.95,"lower_bound":0.364846035582641,"upper_bound":0.6325755883654088},"point_estimate":0.46650808171296726,"standard_error":0.07399152650890357},"Slope":{"confidence_interval":{"confidence_level":0.95,"lower_bound":35.345009492117086,"upper_bound":35.54541596472028},"point_estimate":35.44523929221457,"standard_error":0.05112879559173245},"StdDev":{"confidence_interval":{"confidence_level":0.95,"lower_bound":0.4388636009072658,"upper_bound":0.9836156922044298},"point_estimate":0.6900294705794839,"standard_error":0.16250645352435722}}