{"Mean":{"confidence_interval":{"confidence_level":0.95,"lower_bound":0.06809125537458494,"upper_bound":0.07945690496758065},"point_estimate":0.07400262370759036,"standard_error":0.002887746257293015},"Median":{"confidence_interval":{"confidence_level":0.95,"lower_bound":0.07065633160247864,"upper_bound":0.07971334146289899},"point_estimate":0.07569659683874241,"standard_error":0.0022692154742173535}}