{"Mean":{"confidence_interval":{"confidence_level":0.95,"lower_bound":-0.07251507167983763,"upper_bound":-0.06233843554753236},"point_estimate":-0.06794482495189513,"standard_error":0.002595542770500887},"Median":{"confidence_interval":{"confidence_level":0.95,"lower_bound":-0.07088662415427904,"upper_bound":-0.06612421752758924},"point_estimate":-0.06861622661222022,"standard_error":0.0011851146765459095}}