{"Mean":{"confidence_interval":{"confidence_level":0.95,"lower_bound":-0.8531472568833204,"upper_bound":-0.8517291357456251},"point_estimate":-0.8524622501376988,"standard_error":0.00035828055914703596},"Median":{"confidence_interval":{"confidence_level":0.95,"lower_bound":-0.8534375526060141,"upper_bound":-0.8520049904478338},"point_estimate":-0.8528018652287781,"standard_error":0.0003614565615144177}}