{"Mean":{"confidence_interval":{"confidence_level":0.95,"lower_bound":389.49680010475123,"upper_bound":392.72120994456367},"point_estimate":390.7917244002111,"standard_error":0.8413225385153558},"Median":{"confidence_interval":{"confidence_level":0.95,"lower_bound":388.6374932019223,"upper_bound":390.48708806469534},"point_estimate":389.5647326633566,"standard_error":0.45224659681512813},"MedianAbsDev":{"confidence_interval":{"confidence_level":0.95,"lower_bound":2.4141752900212152,"upper_bound":3.942411989159525},"point_estimate":3.1530010389589487,"standard_error":0.3821175326737862},"Slope":{"confidence_interval":{"confidence_level":0.95,"lower_bound":389.613505133773,"upper_bound":390.9643164838636},"point_estimate":390.27101598251284,"standard_error":0.3443507713004011},"StdDev":{"confidence_interval":{"confidence_level":0.95,"lower_bound":2.8341251391403004,"upper_bound":13.693030669525418},"point_estimate":8.459489206998043,"standard_error":3.471710595199544}}