{"Mean":{"confidence_interval":{"confidence_level":0.95,"lower_bound":309.64806362514577,"upper_bound":310.5647733722094},"point_estimate":310.0981896783122,"standard_error":0.23565857257019654},"Median":{"confidence_interval":{"confidence_level":0.95,"lower_bound":309.4242758557285,"upper_bound":310.7956684939063},"point_estimate":310.0113168192239,"standard_error":0.31764594538808966},"MedianAbsDev":{"confidence_interval":{"confidence_level":0.95,"lower_bound":0.20778659971386826,"upper_bound":1.4327723368739063},"point_estimate":0.8202483736744032,"standard_error":0.31763529131208973},"Slope":{"confidence_interval":{"confidence_level":0.95,"lower_bound":309.9294775727147,"upper_bound":310.90159159743376},"point_estimate":310.38368030066846,"standard_error":0.24943188751867096},"StdDev":{"confidence_interval":{"confidence_level":0.95,"lower_bound":0.44412399475645253,"upper_bound":0.9713639994991765},"point_estimate":0.7870412299433394,"standard_error":0.134413072838007}}