{"Mean":{"confidence_interval":{"confidence_level":0.95,"lower_bound":812.7680852136028,"upper_bound":820.2115156699444},"point_estimate":816.1874952642077,"standard_error":1.8989325911757255},"Median":{"confidence_interval":{"confidence_level":0.95,"lower_bound":811.944662106136,"upper_bound":816.6104084099278},"point_estimate":813.9503633791826,"standard_error":1.2211842854994817},"MedianAbsDev":{"confidence_interval":{"confidence_level":0.95,"lower_bound":7.807250362507343,"upper_bound":13.471835335241714},"point_estimate":9.991708821500277,"standard_error":1.3950199148642073},"Slope":{"confidence_interval":{"confidence_level":0.95,"lower_bound":814.0661831323332,"upper_bound":819.4336411476792},"point_estimate":816.5479982629583,"standard_error":1.364879836216288},"StdDev":{"confidence_interval":{"confidence_level":0.95,"lower_bound":11.220728264692704,"upper_bound":27.13856395313782},"point_estimate":19.02367106394355,"standard_error":4.293822455901184}}