{"Mean":{"confidence_interval":{"confidence_level":0.95,"lower_bound":918.4505975361866,"upper_bound":952.6248539452247},"point_estimate":934.280143328995,"standard_error":8.77241074473439},"Median":{"confidence_interval":{"confidence_level":0.95,"lower_bound":898.762491418009,"upper_bound":901.3536897483293},"point_estimate":900.0913798667957,"standard_error":0.6802411563828301},"MedianAbsDev":{"confidence_interval":{"confidence_level":0.95,"lower_bound":2.8752970624987224,"upper_bound":6.462208358596464},"point_estimate":4.505264100545338,"standard_error":0.9750663570270747},"Slope":{"confidence_interval":{"confidence_level":0.95,"lower_bound":927.328734549121,"upper_bound":991.4556311104242},"point_estimate":957.5539205402318,"standard_error":16.354862043627655},"StdDev":{"confidence_interval":{"confidence_level":0.95,"lower_bound":57.2405626443974,"upper_bound":113.25074471839325},"point_estimate":88.15563193162939,"standard_error":14.299971167746659}}