{"Mean":{"confidence_interval":{"confidence_level":0.95,"lower_bound":802.2171264161852,"upper_bound":806.0551892165107},"point_estimate":803.9681646552408,"standard_error":0.9819029696815214},"Median":{"confidence_interval":{"confidence_level":0.95,"lower_bound":799.4985574302315,"upper_bound":805.0599416431281},"point_estimate":802.0182306960875,"standard_error":1.5346542696119625},"MedianAbsDev":{"confidence_interval":{"confidence_level":0.95,"lower_bound":5.281989439195913,"upper_bound":9.358716207723086},"point_estimate":6.659738705477298,"standard_error":0.9156041826696741},"Slope":{"confidence_interval":{"confidence_level":0.95,"lower_bound":801.8927626947417,"upper_bound":804.6558696479208},"point_estimate":803.1761282575583,"standard_error":0.7048296571059932},"StdDev":{"confidence_interval":{"confidence_level":0.95,"lower_bound":6.1579431225315755,"upper_bound":14.183605371782681},"point_estimate":9.905714030444033,"standard_error":2.419818723996065}}