{"Mean":{"confidence_interval":{"confidence_level":0.95,"lower_bound":24922407.019681763,"upper_bound":24976694.673826072},"point_estimate":24946692.032911833,"standard_error":13921.5888964056},"Median":{"confidence_interval":{"confidence_level":0.95,"lower_bound":24899266.37937063,"upper_bound":24931311.8880597},"point_estimate":24914054.94778318,"standard_error":8352.140854627292},"MedianAbsDev":{"confidence_interval":{"confidence_level":0.95,"lower_bound":51265.60302962583,"upper_bound":91328.98104596174},"point_estimate":62226.9694901405,"standard_error":10117.080333977228},"Slope":{"confidence_interval":{"confidence_level":0.95,"lower_bound":24916578.352331407,"upper_bound":24955097.018185515},"point_estimate":24935166.440830503,"standard_error":9841.63991780379},"StdDev":{"confidence_interval":{"confidence_level":0.95,"lower_bound":80827.03625539858,"upper_bound":201697.2731678941},"point_estimate":139313.09931222114,"standard_error":35171.26311190435}}