{"Mean":{"confidence_interval":{"confidence_level":0.95,"lower_bound":24988979.613108937,"upper_bound":25050360.243951656},"point_estimate":25018197.59658825,"standard_error":15654.454700938622},"Median":{"confidence_interval":{"confidence_level":0.95,"lower_bound":24951494.119354837,"upper_bound":24988247.296969697},"point_estimate":24972212.43338143,"standard_error":10132.336260558779},"MedianAbsDev":{"confidence_interval":{"confidence_level":0.95,"lower_bound":53039.79455653826,"upper_bound":105474.50925663838},"point_estimate":71641.83330687103,"standard_error":13451.824382611225},"Slope":{"confidence_interval":{"confidence_level":0.95,"lower_bound":24981356.738948766,"upper_bound":25048543.6710112},"point_estimate":25012550.683854,"standard_error":17179.21260305469},"StdDev":{"confidence_interval":{"confidence_level":0.95,"lower_bound":114800.27615576588,"upper_bound":194523.563081992},"point_estimate":156936.36731805722,"standard_error":20405.39123941955}}