{"Mean":{"confidence_interval":{"confidence_level":0.95,"lower_bound":1311324.9518226539,"upper_bound":1325742.1391856538},"point_estimate":1317988.2864088083,"standard_error":3690.30846068345},"Median":{"confidence_interval":{"confidence_level":0.95,"lower_bound":1305702.0992673994,"upper_bound":1316189.4025974027},"point_estimate":1310125.3779761905,"standard_error":2612.152246792987},"MedianAbsDev":{"confidence_interval":{"confidence_level":0.95,"lower_bound":18222.993521977613,"upper_bound":31152.70243801573},"point_estimate":24235.585017273166,"standard_error":3216.420291221138},"Slope":{"confidence_interval":{"confidence_level":0.95,"lower_bound":1306104.786177015,"upper_bound":1316255.8256949356},"point_estimate":1311162.34127974,"standard_error":2594.181791720636},"StdDev":{"confidence_interval":{"confidence_level":0.95,"lower_bound":23345.86656086616,"upper_bound":50192.769526313285},"point_estimate":37085.21406351591,"standard_error":6980.06033906581}}