{"Mean":{"confidence_interval":{"confidence_level":0.95,"lower_bound":13928259.635119047,"upper_bound":13995415.842683535},"point_estimate":13961011.307341272,"standard_error":17191.132959689567},"Median":{"confidence_interval":{"confidence_level":0.95,"lower_bound":13919587.738095239,"upper_bound":14028079.625},"point_estimate":13940930.25,"standard_error":28147.205333674112},"MedianAbsDev":{"confidence_interval":{"confidence_level":0.95,"lower_bound":5944.793469458358,"upper_bound":91555.67569956137},"point_estimate":51002.303944527644,"standard_error":24231.508961006817},"Slope":{"confidence_interval":{"confidence_level":0.95,"lower_bound":13928935.09593526,"upper_bound":14007566.138994565},"point_estimate":13977011.674025973,"standard_error":19316.552006058446},"StdDev":{"confidence_interval":{"confidence_level":0.95,"lower_bound":33179.14319169249,"upper_bound":69098.34540642491},"point_estimate":57393.91668031267,"standard_error":9009.721229975421}}