{"Mean":{"confidence_interval":{"confidence_level":0.95,"lower_bound":1429792.9373704179,"upper_bound":1441215.437326702},"point_estimate":1434693.1742151259,"standard_error":2943.2473687857223},"Median":{"confidence_interval":{"confidence_level":0.95,"lower_bound":1423604.9555555556,"upper_bound":1435282.7370689656},"point_estimate":1426737.4871759515,"standard_error":2866.607065237296},"MedianAbsDev":{"confidence_interval":{"confidence_level":0.95,"lower_bound":10925.977543432975,"upper_bound":21343.717977970067},"point_estimate":16447.113023086837,"standard_error":2431.9874426750876},"Slope":{"confidence_interval":{"confidence_level":0.95,"lower_bound":1431145.8850316384,"upper_bound":1439656.8463523274},"point_estimate":1435456.2867208512,"standard_error":2176.5398027853917},"StdDev":{"confidence_interval":{"confidence_level":0.95,"lower_bound":15174.8947522761,"upper_bound":45251.50522359029},"point_estimate":29519.617666896575,"standard_error":9723.87894245724}}