{"Mean":{"confidence_interval":{"confidence_level":0.95,"lower_bound":-0.8454206979045378,"upper_bound":-0.8439691355423363},"point_estimate":-0.8447285427561914,"standard_error":0.0003679511801307522},"Median":{"confidence_interval":{"confidence_level":0.95,"lower_bound":-0.8458305993280811,"upper_bound":-0.8439184812269693},"point_estimate":-0.8449172015163352,"standard_error":0.0004557342820175933}}