{"Mean":{"confidence_interval":{"confidence_level":0.95,"lower_bound":-0.5827150226956713,"upper_bound":-0.5770584551236327},"point_estimate":-0.5798415268695548,"standard_error":0.001441662946479904},"Median":{"confidence_interval":{"confidence_level":0.95,"lower_bound":-0.5817756512394305,"upper_bound":-0.575634035516023},"point_estimate":-0.5782558175181212,"standard_error":0.001532450292378725}}