{"Mean":{"confidence_interval":{"confidence_level":0.95,"lower_bound":-0.005111847141153769,"upper_bound":0.006774819918383217},"point_estimate":0.0004831951814954216,"standard_error":0.003065507246798416},"Median":{"confidence_interval":{"confidence_level":0.95,"lower_bound":-0.007263837870720935,"upper_bound":0.004936441662370283},"point_estimate":-0.002722032195655144,"standard_error":0.0030363424309031322}}