{"Mean":{"confidence_interval":{"confidence_level":0.95,"lower_bound":37.36509577709532,"upper_bound":37.5546081678455},"point_estimate":37.446174094559076,"standard_error":0.04889209659489155},"Median":{"confidence_interval":{"confidence_level":0.95,"lower_bound":37.28653047915662,"upper_bound":37.39952344779976},"point_estimate":37.37065363774224,"standard_error":0.030891219696684423},"MedianAbsDev":{"confidence_interval":{"confidence_level":0.95,"lower_bound":0.18396851230024527,"upper_bound":0.3103742408428514},"point_estimate":0.2583800522867503,"standard_error":0.03342035885286751},"Slope":{"confidence_interval":{"confidence_level":0.95,"lower_bound":37.311838053020736,"upper_bound":37.39817240374498},"point_estimate":37.354492819039066,"standard_error":0.022060203685900184},"StdDev":{"confidence_interval":{"confidence_level":0.95,"lower_bound":0.22877269809051393,"upper_bound":0.7547130269475221},"point_estimate":0.4889458705671291,"standard_error":0.16065240988667973}}