{"Mean":{"confidence_interval":{"confidence_level":0.95,"lower_bound":0.09463951763473598,"upper_bound":0.10263781010684173},"point_estimate":0.09867230052879372,"standard_error":0.0020670702250006894},"Median":{"confidence_interval":{"confidence_level":0.95,"lower_bound":0.09017031314644308,"upper_bound":0.10035058921761575},"point_estimate":0.09664343904632244,"standard_error":0.002784583275364031}}