{"Mean":{"confidence_interval":{"confidence_level":0.95,"lower_bound":-0.06862597959605886,"upper_bound":-0.061475078268180945},"point_estimate":-0.06501416137420135,"standard_error":0.0018229973161842442},"Median":{"confidence_interval":{"confidence_level":0.95,"lower_bound":-0.06793038043987853,"upper_bound":-0.05829089140093591},"point_estimate":-0.06440867890893032,"standard_error":0.002555334799297241}}