{"Mean":{"confidence_interval":{"confidence_level":0.95,"lower_bound":-0.005559812480466898,"upper_bound":0.005945349143335543},"point_estimate":0.0014027329830545998,"standard_error":0.003140903183222454},"Median":{"confidence_interval":{"confidence_level":0.95,"lower_bound":0.0018607047208500926,"upper_bound":0.0064684757053639075},"point_estimate":0.004612373130866931,"standard_error":0.0013660369707712188}}