{"Mean":{"confidence_interval":{"confidence_level":0.95,"lower_bound":-0.07881546799205429,"upper_bound":-0.06904955527740493},"point_estimate":-0.07383444539991013,"standard_error":0.002483734030492198},"Median":{"confidence_interval":{"confidence_level":0.95,"lower_bound":-0.07569938326460941,"upper_bound":-0.06462430446589772},"point_estimate":-0.06979278992780857,"standard_error":0.0027816373121980755}}