{"Mean":{"confidence_interval":{"confidence_level":0.95,"lower_bound":5002126.826562501,"upper_bound":5027219.102291667},"point_estimate":5014749.058611112,"standard_error":6410.434194559943},"Median":{"confidence_interval":{"confidence_level":0.95,"lower_bound":5000356.416666666,"upper_bound":5033403.75},"point_estimate":5011169.3125,"standard_error":8161.481460708375},"MedianAbsDev":{"confidence_interval":{"confidence_level":0.95,"lower_bound":2552.110529690981,"upper_bound":39283.33955258131},"point_estimate":20633.611525346758,"standard_error":9226.832323609015},"Slope":{"confidence_interval":{"confidence_level":0.95,"lower_bound":5002134.518166425,"upper_bound":5021607.350748747},"point_estimate":5011617.693506493,"standard_error":4924.217583657583},"StdDev":{"confidence_interval":{"confidence_level":0.95,"lower_bound":12175.844475703037,"upper_bound":27536.66024604733},"point_estimate":21488.700625439076,"standard_error":4019.768016553412}}