{"Mean":{"confidence_interval":{"confidence_level":0.95,"lower_bound":6388.495873637728,"upper_bound":6440.5554416676805},"point_estimate":6412.345180025216,"standard_error":13.327257743450929},"Median":{"confidence_interval":{"confidence_level":0.95,"lower_bound":6356.555956196581,"upper_bound":6407.112703402367},"point_estimate":6376.663325150027,"standard_error":12.800782843269333},"MedianAbsDev":{"confidence_interval":{"confidence_level":0.95,"lower_bound":64.44284161232117,"upper_bound":111.21958596966037},"point_estimate":85.04391290010959,"standard_error":11.43771853208381},"Slope":{"confidence_interval":{"confidence_level":0.95,"lower_bound":6363.430783350214,"upper_bound":6395.338703375582},"point_estimate":6378.846162163289,"standard_error":8.122468967576486},"StdDev":{"confidence_interval":{"confidence_level":0.95,"lower_bound":81.25359556517972,"upper_bound":189.784140917373},"point_estimate":134.12152491057222,"standard_error":29.70816552844397}}