{"Mean":{"confidence_interval":{"confidence_level":0.95,"lower_bound":6397.791799183196,"upper_bound":6508.294722904793},"point_estimate":6448.812499987065,"standard_error":28.357279301909863},"Median":{"confidence_interval":{"confidence_level":0.95,"lower_bound":6337.128677093516,"upper_bound":6364.277849462365},"point_estimate":6346.076456705251,"standard_error":6.442732329537344},"MedianAbsDev":{"confidence_interval":{"confidence_level":0.95,"lower_bound":41.39479648928904,"upper_bound":79.00481050050246},"point_estimate":58.68979030366183,"standard_error":9.847898565923138},"Slope":{"confidence_interval":{"confidence_level":0.95,"lower_bound":6394.726122957024,"upper_bound":6491.788537641034},"point_estimate":6441.123563822535,"standard_error":24.80372577223339},"StdDev":{"confidence_interval":{"confidence_level":0.95,"lower_bound":175.58605286148742,"upper_bound":375.4379276302273},"point_estimate":285.167117649651,"standard_error":50.910151343303056}}