{"Mean":{"confidence_interval":{"confidence_level":0.95,"lower_bound":0.00680372591369498,"upper_bound":0.011827908338600833},"point_estimate":0.00935452809486037,"standard_error":0.0012579873692489798},"Median":{"confidence_interval":{"confidence_level":0.95,"lower_bound":0.008311491869712917,"upper_bound":0.010972238394231004},"point_estimate":0.009589332762435454,"standard_error":0.0006857803638210074}}