{"Mean":{"confidence_interval":{"confidence_level":0.95,"lower_bound":-0.015374711212800592,"upper_bound":-0.0100216529703835},"point_estimate":-0.01266475337681594,"standard_error":0.001358165214378965},"Median":{"confidence_interval":{"confidence_level":0.95,"lower_bound":-0.015634563134584497,"upper_bound":-0.011203888391576045},"point_estimate":-0.013029963486070661,"standard_error":0.0011643211025987269}}