{"Mean":{"confidence_interval":{"confidence_level":0.95,"lower_bound":0.000934245935410461,"upper_bound":0.008831241603947375},"point_estimate":0.0048240722232097966,"standard_error":0.0019956640271723935},"Median":{"confidence_interval":{"confidence_level":0.95,"lower_bound":0.0010852782523962272,"upper_bound":0.007580266518468104},"point_estimate":0.004182943410208306,"standard_error":0.001789782567095911}}