{"Mean":{"confidence_interval":{"confidence_level":0.95,"lower_bound":12598.44133543747,"upper_bound":12713.407499739165},"point_estimate":12645.752130059394,"standard_error":29.85996747333067},"Median":{"confidence_interval":{"confidence_level":0.95,"lower_bound":12553.413170246053,"upper_bound":12601.200097370984},"point_estimate":12576.418221910255,"standard_error":13.213069757203831},"MedianAbsDev":{"confidence_interval":{"confidence_level":0.95,"lower_bound":44.95624520935042,"upper_bound":92.73011507001591},"point_estimate":73.32670543626352,"standard_error":13.132593718791842},"Slope":{"confidence_interval":{"confidence_level":0.95,"lower_bound":12570.746940661944,"upper_bound":12622.757548515605},"point_estimate":12594.626926241084,"standard_error":13.336352844358666},"StdDev":{"confidence_interval":{"confidence_level":0.95,"lower_bound":95.99234688062903,"upper_bound":477.14053809720394},"point_estimate":298.35838517535933,"standard_error":112.22150353733421}}