{"Mean":{"confidence_interval":{"confidence_level":0.95,"lower_bound":12605.460613888241,"upper_bound":12657.571945383586},"point_estimate":12630.81365603518,"standard_error":13.321607286548286},"Median":{"confidence_interval":{"confidence_level":0.95,"lower_bound":12558.070236282856,"upper_bound":12620.308539944903},"point_estimate":12586.19178530519,"standard_error":16.560342069799717},"MedianAbsDev":{"confidence_interval":{"confidence_level":0.95,"lower_bound":68.28139275815397,"upper_bound":140.55061646684672},"point_estimate":93.4927083631218,"standard_error":18.568185572251284},"Slope":{"confidence_interval":{"confidence_level":0.95,"lower_bound":12613.789296058245,"upper_bound":12667.515170554612},"point_estimate":12640.008957334965,"standard_error":13.654680344428844},"StdDev":{"confidence_interval":{"confidence_level":0.95,"lower_bound":109.59462345528271,"upper_bound":154.93044853230234},"point_estimate":133.44359295583538,"standard_error":11.611116300816427}}