{"Mean":{"confidence_interval":{"confidence_level":0.95,"lower_bound":12566.49729512581,"upper_bound":12779.967269749794},"point_estimate":12665.721878262526,"standard_error":54.66024048307707},"Median":{"confidence_interval":{"confidence_level":0.95,"lower_bound":12422.862960212318,"upper_bound":12475.284054948217},"point_estimate":12447.377844983475,"standard_error":12.11563554495714},"MedianAbsDev":{"confidence_interval":{"confidence_level":0.95,"lower_bound":59.03681534131582,"upper_bound":129.00505624484515},"point_estimate":90.48213218590733,"standard_error":16.917292867731607},"Slope":{"confidence_interval":{"confidence_level":0.95,"lower_bound":12563.346002142198,"upper_bound":12759.475337381276},"point_estimate":12657.221494669777,"standard_error":50.31015327530035},"StdDev":{"confidence_interval":{"confidence_level":0.95,"lower_bound":349.1101773545198,"upper_bound":722.5199320739973},"point_estimate":549.682958629481,"standard_error":95.75371556736468}}