{"Mean":{"confidence_interval":{"confidence_level":0.95,"lower_bound":103.85542258578782,"upper_bound":104.36241115040802},"point_estimate":104.07444564165542,"standard_error":0.13056729019562718},"Median":{"confidence_interval":{"confidence_level":0.95,"lower_bound":103.60915810694058,"upper_bound":103.89691359441716},"point_estimate":103.74450293199128,"standard_error":0.0692292423318017},"MedianAbsDev":{"confidence_interval":{"confidence_level":0.95,"lower_bound":0.29266897101900546,"upper_bound":0.6244357455526781},"point_estimate":0.44992642897673785,"standard_error":0.0822216236966446},"Slope":{"confidence_interval":{"confidence_level":0.95,"lower_bound":103.91636317240575,"upper_bound":104.29158202736026},"point_estimate":104.09563131783241,"standard_error":0.09584437774358634},"StdDev":{"confidence_interval":{"confidence_level":0.95,"lower_bound":0.5582329932336274,"upper_bound":2.01064716994847},"point_estimate":1.3150797954725926,"standard_error":0.4051650104069122}}