{"Mean":{"confidence_interval":{"confidence_level":0.95,"lower_bound":0.0034082509562630868,"upper_bound":0.008073287474299607},"point_estimate":0.005813157067075414,"standard_error":0.0012057527552232447},"Median":{"confidence_interval":{"confidence_level":0.95,"lower_bound":0.003929468844377615,"upper_bound":0.009065206173536788},"point_estimate":0.006822329417596196,"standard_error":0.0013013741666589754}}