{"Mean":{"confidence_interval":{"confidence_level":0.95,"lower_bound":-0.030857640927209773,"upper_bound":-0.023483982872208226},"point_estimate":-0.027313950880948346,"standard_error":0.0018818258246260904},"Median":{"confidence_interval":{"confidence_level":0.95,"lower_bound":-0.03364265292558699,"upper_bound":-0.021502636796947305},"point_estimate":-0.0284717992362723,"standard_error":0.0035510575380497946}}