{"Mean":{"confidence_interval":{"confidence_level":0.95,"lower_bound":-0.009636390365599299,"upper_bound":-0.002791423333010949},"point_estimate":-0.006073468783603153,"standard_error":0.0017405857198051478},"Median":{"confidence_interval":{"confidence_level":0.95,"lower_bound":-0.010081766268774661,"upper_bound":-0.00242938381835911},"point_estimate":-0.006252177182010099,"standard_error":0.0020002168414755286}}