{"Mean":{"confidence_interval":{"confidence_level":0.95,"lower_bound":541916.6648662164,"upper_bound":544922.4097229149},"point_estimate":543292.1818975206,"standard_error":768.7540016144313},"Median":{"confidence_interval":{"confidence_level":0.95,"lower_bound":540966.3333333334,"upper_bound":543975.2154628332},"point_estimate":542396.1986400463,"standard_error":704.741765537591},"MedianAbsDev":{"confidence_interval":{"confidence_level":0.95,"lower_bound":4461.190296624707,"upper_bound":7433.783449024102},"point_estimate":5740.173527233661,"standard_error":744.5603996828964},"Slope":{"confidence_interval":{"confidence_level":0.95,"lower_bound":542068.8361625039,"upper_bound":544837.1633319305},"point_estimate":543446.4389168022,"standard_error":704.5935119016658},"StdDev":{"confidence_interval":{"confidence_level":0.95,"lower_bound":4874.751646920876,"upper_bound":11019.941948922002},"point_estimate":7727.336221034679,"standard_error":1847.194965754003}}