{"Mean":{"confidence_interval":{"confidence_level":0.95,"lower_bound":550441.9004870014,"upper_bound":554699.054144935},"point_estimate":552469.3752531323,"standard_error":1085.9501453414593},"Median":{"confidence_interval":{"confidence_level":0.95,"lower_bound":547984.1105364856,"upper_bound":553213.272979798},"point_estimate":551150.7469887405,"standard_error":1343.5488264360033},"MedianAbsDev":{"confidence_interval":{"confidence_level":0.95,"lower_bound":6919.467055818991,"upper_bound":10804.63547590288},"point_estimate":9064.429709802818,"standard_error":1003.6306672952809},"Slope":{"confidence_interval":{"confidence_level":0.95,"lower_bound":547770.1731319962,"upper_bound":550293.6472010312},"point_estimate":549025.9257396187,"standard_error":644.6290588480348},"StdDev":{"confidence_interval":{"confidence_level":0.95,"lower_bound":7964.143100925503,"upper_bound":13921.537507448314},"point_estimate":10892.246573692755,"standard_error":1550.4742835658085}}