{"Mean":{"confidence_interval":{"confidence_level":0.95,"lower_bound":1474.346983026921,"upper_bound":1491.7449890959556},"point_estimate":1482.4629526661258,"standard_error":4.440667910452733},"Median":{"confidence_interval":{"confidence_level":0.95,"lower_bound":1463.2698454442466,"upper_bound":1466.395369974337},"point_estimate":1464.334191311255,"standard_error":0.841758207220825},"MedianAbsDev":{"confidence_interval":{"confidence_level":0.95,"lower_bound":3.572426634799637,"upper_bound":7.878112952333524},"point_estimate":5.068920062956811,"standard_error":1.0867829508269682},"Slope":{"confidence_interval":{"confidence_level":0.95,"lower_bound":1475.63451067529,"upper_bound":1494.5600073960154},"point_estimate":1484.560204014905,"standard_error":4.837697728070106},"StdDev":{"confidence_interval":{"confidence_level":0.95,"lower_bound":29.95134575657683,"upper_bound":58.144403105212696},"point_estimate":44.747419328482046,"standard_error":7.240911418502566}}