{"Mean":{"confidence_interval":{"confidence_level":0.95,"lower_bound":551.212786400666,"upper_bound":554.4476252601843},"point_estimate":552.7219838454206,"standard_error":0.8271483976688703},"Median":{"confidence_interval":{"confidence_level":0.95,"lower_bound":548.598384796627,"upper_bound":552.354020003434},"point_estimate":550.1147811317066,"standard_error":1.2162920222094353},"MedianAbsDev":{"confidence_interval":{"confidence_level":0.95,"lower_bound":3.842164011198049,"upper_bound":7.527040504589557},"point_estimate":5.283124516012334,"standard_error":1.1055522971405158},"Slope":{"confidence_interval":{"confidence_level":0.95,"lower_bound":549.7770366045888,"upper_bound":551.9227506467471},"point_estimate":550.8019612031999,"standard_error":0.5483704156718939},"StdDev":{"confidence_interval":{"confidence_level":0.95,"lower_bound":5.639589834966126,"upper_bound":11.351404670805005},"point_estimate":8.315412201885069,"standard_error":1.6042019175744715}}