{"Mean":{"confidence_interval":{"confidence_level":0.95,"lower_bound":668.9264726891699,"upper_bound":672.4516797928572},"point_estimate":670.5210336751439,"standard_error":0.9043798159307662},"Median":{"confidence_interval":{"confidence_level":0.95,"lower_bound":666.8654547358527,"upper_bound":669.6372878847733},"point_estimate":668.3118353036541,"standard_error":0.7043286510377057},"MedianAbsDev":{"confidence_interval":{"confidence_level":0.95,"lower_bound":3.810672816783061,"upper_bound":6.9747587421072845},"point_estimate":5.167273617081867,"standard_error":0.8095706885667792},"Slope":{"confidence_interval":{"confidence_level":0.95,"lower_bound":668.0914406909912,"upper_bound":669.9875477111746},"point_estimate":668.9934450887032,"standard_error":0.4851556919174868},"StdDev":{"confidence_interval":{"confidence_level":0.95,"lower_bound":4.902453295394864,"upper_bound":12.98252386969316},"point_estimate":9.08361499455188,"standard_error":2.1601727469187253}}