{"Mean":{"confidence_interval":{"confidence_level":0.95,"lower_bound":0.0044329376556713545,"upper_bound":0.009194427640574048},"point_estimate":0.006796968829440697,"standard_error":0.001212116644665976},"Median":{"confidence_interval":{"confidence_level":0.95,"lower_bound":0.005884260175431866,"upper_bound":0.009913172435243693},"point_estimate":0.008176211166589509,"standard_error":0.0010868562694263267}}