{"Mean":{"confidence_interval":{"confidence_level":0.95,"lower_bound":289921.6884627948,"upper_bound":291795.48638358485},"point_estimate":290770.2601416987,"standard_error":478.98187439583216},"Median":{"confidence_interval":{"confidence_level":0.95,"lower_bound":289325.3214285714,"upper_bound":290659.99275362317},"point_estimate":289725.15472560975,"standard_error":396.09810063563435},"MedianAbsDev":{"confidence_interval":{"confidence_level":0.95,"lower_bound":2018.0770151548377,"upper_bound":3631.2828561623273},"point_estimate":2897.5152873088073,"standard_error":398.14227297851266},"Slope":{"confidence_interval":{"confidence_level":0.95,"lower_bound":289837.7067282705,"upper_bound":291080.985335242},"point_estimate":290433.0506420866,"standard_error":317.4739689133177},"StdDev":{"confidence_interval":{"confidence_level":0.95,"lower_bound":2706.6669837586664,"upper_bound":6897.735334449184},"point_estimate":4815.780154550849,"standard_error":1116.0329123665674}}