{"Mean":{"confidence_interval":{"confidence_level":0.95,"lower_bound":287894.46838327753,"upper_bound":289185.672094494},"point_estimate":288488.3645944941,"standard_error":331.07821836779334},"Median":{"confidence_interval":{"confidence_level":0.95,"lower_bound":287678.24453125,"upper_bound":289252.453125},"point_estimate":287984.724609375,"standard_error":463.94064418349274},"MedianAbsDev":{"confidence_interval":{"confidence_level":0.95,"lower_bound":130.07787776878104,"upper_bound":1943.1740955798311},"point_estimate":686.0336735235717,"standard_error":464.05711373577833},"Slope":{"confidence_interval":{"confidence_level":0.95,"lower_bound":287687.60914290586,"upper_bound":289173.7306770833},"point_estimate":288323.945211039,"standard_error":385.24108364808905},"StdDev":{"confidence_interval":{"confidence_level":0.95,"lower_bound":498.75551241186133,"upper_bound":1478.6584157571249},"point_estimate":1107.3030929030429,"standard_error":270.95497139749415}}