{"Mean":{"confidence_interval":{"confidence_level":0.95,"lower_bound":521.5079115382384,"upper_bound":524.3735476409526},"point_estimate":522.9089661621417,"standard_error":0.7350204005876236},"Median":{"confidence_interval":{"confidence_level":0.95,"lower_bound":520.7343818120032,"upper_bound":525.5848894746003},"point_estimate":521.9944787622387,"standard_error":1.6610381675144918},"MedianAbsDev":{"confidence_interval":{"confidence_level":0.95,"lower_bound":0.09024685296182462,"upper_bound":3.694312977404541},"point_estimate":2.491770095877186,"standard_error":1.1133933760449428},"Slope":{"confidence_interval":{"confidence_level":0.95,"lower_bound":520.7297421617385,"upper_bound":522.830190009521},"point_estimate":521.409869316103,"standard_error":0.543940154312645},"StdDev":{"confidence_interval":{"confidence_level":0.95,"lower_bound":1.6331364810376001,"upper_bound":2.6901246079924532},"point_estimate":2.454141552695228,"standard_error":0.2706091563733264}}