{"Mean":{"confidence_interval":{"confidence_level":0.95,"lower_bound":-0.19312503770311704,"upper_bound":-0.18636290051716978},"point_estimate":-0.189806665719785,"standard_error":0.001728284624842765},"Median":{"confidence_interval":{"confidence_level":0.95,"lower_bound":-0.19322571042675163,"upper_bound":-0.18662758319429956},"point_estimate":-0.18947831497565149,"standard_error":0.0016938336301632333}}