{"Mean":{"confidence_interval":{"confidence_level":0.95,"lower_bound":0.06474040443719528,"upper_bound":0.07329926822407501},"point_estimate":0.06899885970548181,"standard_error":0.0021525387898712095},"Median":{"confidence_interval":{"confidence_level":0.95,"lower_bound":0.06596196815682398,"upper_bound":0.07491643561971188},"point_estimate":0.06913268680395479,"standard_error":0.0023432059635134415}}