{"Mean":{"confidence_interval":{"confidence_level":0.95,"lower_bound":24179.727750459133,"upper_bound":24331.067195245138},"point_estimate":24248.60386270501,"standard_error":38.62043180294851},"Median":{"confidence_interval":{"confidence_level":0.95,"lower_bound":24106.29810298103,"upper_bound":24215.398987574783},"point_estimate":24156.029810298103,"standard_error":25.62546793381087},"MedianAbsDev":{"confidence_interval":{"confidence_level":0.95,"lower_bound":173.39962375080995,"upper_bound":292.8724028989672},"point_estimate":238.89446770999572,"standard_error":30.506936230687437},"Slope":{"confidence_interval":{"confidence_level":0.95,"lower_bound":24161.811433649807,"upper_bound":24273.220504025332},"point_estimate":24215.42163692525,"standard_error":28.428774176936727},"StdDev":{"confidence_interval":{"confidence_level":0.95,"lower_bound":231.07516423827994,"upper_bound":549.0894262466105},"point_estimate":387.0636006911683,"standard_error":87.76061229275047}}