{"Mean":{"confidence_interval":{"confidence_level":0.95,"lower_bound":23646.332070680844,"upper_bound":23920.78769065409},"point_estimate":23775.018046553352,"standard_error":70.473654800591},"Median":{"confidence_interval":{"confidence_level":0.95,"lower_bound":23451.423600209313,"upper_bound":23543.009157509157},"point_estimate":23486.07413254936,"standard_error":22.23335678151418},"MedianAbsDev":{"confidence_interval":{"confidence_level":0.95,"lower_bound":110.56876032185852,"upper_bound":235.9739735501812},"point_estimate":151.09705512292135,"standard_error":29.80473649182147},"Slope":{"confidence_interval":{"confidence_level":0.95,"lower_bound":23708.989110208986,"upper_bound":24036.359136121293},"point_estimate":23865.12966342263,"standard_error":83.55785526944472},"StdDev":{"confidence_interval":{"confidence_level":0.95,"lower_bound":481.92277043137705,"upper_bound":902.8045439082354},"point_estimate":708.6066861262169,"standard_error":107.57006602177981}}