{"Mean":{"confidence_interval":{"confidence_level":0.95,"lower_bound":38.121353330458106,"upper_bound":38.292102758769346},"point_estimate":38.195567835632794,"standard_error":0.044127943427112785},"Median":{"confidence_interval":{"confidence_level":0.95,"lower_bound":38.05992574409748,"upper_bound":38.172108713544844},"point_estimate":38.08844680751146,"standard_error":0.03280866914616964},"MedianAbsDev":{"confidence_interval":{"confidence_level":0.95,"lower_bound":0.15360214140349968,"upper_bound":0.26902193012304615},"point_estimate":0.18481220053525826,"standard_error":0.026786566204495276},"Slope":{"confidence_interval":{"confidence_level":0.95,"lower_bound":38.10349713605826,"upper_bound":38.26929752035724},"point_estimate":38.17699346444748,"standard_error":0.04260447163056206},"StdDev":{"confidence_interval":{"confidence_level":0.95,"lower_bound":0.20459258514675321,"upper_bound":0.6797692117660403},"point_estimate":0.4437519884624607,"standard_error":0.13997446862772525}}