{"Mean":{"confidence_interval":{"confidence_level":0.95,"lower_bound":28.5146947703553,"upper_bound":29.0518105722244},"point_estimate":28.75791823414053,"standard_error":0.1373590628703291},"Median":{"confidence_interval":{"confidence_level":0.95,"lower_bound":28.272383125372787,"upper_bound":28.33192409881827},"point_estimate":28.300887653554565,"standard_error":0.016705194299763484},"MedianAbsDev":{"confidence_interval":{"confidence_level":0.95,"lower_bound":0.056329990951420356,"upper_bound":0.1201836924734618},"point_estimate":0.08693072102447721,"standard_error":0.01636757505909959},"Slope":{"confidence_interval":{"confidence_level":0.95,"lower_bound":28.52099990871347,"upper_bound":28.967672072407325},"point_estimate":28.72914585371306,"standard_error":0.11449468196523412},"StdDev":{"confidence_interval":{"confidence_level":0.95,"lower_bound":0.7430298398649632,"upper_bound":1.9310772948557748},"point_estimate":1.3827626021741506,"standard_error":0.304864104945899}}