{"Mean":{"confidence_interval":{"confidence_level":0.95,"lower_bound":649950.4147719156,"upper_bound":652621.9363658548},"point_estimate":651235.9746380537,"standard_error":684.1949478223328},"Median":{"confidence_interval":{"confidence_level":0.95,"lower_bound":647864.8064182195,"upper_bound":650531.8946869071},"point_estimate":649195.4293831169,"standard_error":795.106986823357},"MedianAbsDev":{"confidence_interval":{"confidence_level":0.95,"lower_bound":3894.8410299723823,"upper_bound":7475.201351290534},"point_estimate":5753.904643062895,"standard_error":879.4527509234583},"Slope":{"confidence_interval":{"confidence_level":0.95,"lower_bound":650175.112794021,"upper_bound":653106.9561287132},"point_estimate":651619.9299482784,"standard_error":748.3770389011082},"StdDev":{"confidence_interval":{"confidence_level":0.95,"lower_bound":5414.4075453923915,"upper_bound":8333.916812846235},"point_estimate":6863.7467839124165,"standard_error":753.2230701485804}}