{"Mean":{"confidence_interval":{"confidence_level":0.95,"lower_bound":637773.2681006151,"upper_bound":642605.1440095956},"point_estimate":639825.9519432574,"standard_error":1251.3834254797312},"Median":{"confidence_interval":{"confidence_level":0.95,"lower_bound":635661.1666666667,"upper_bound":638761.4024390244},"point_estimate":636984.0575,"standard_error":815.5082794427034},"MedianAbsDev":{"confidence_interval":{"confidence_level":0.95,"lower_bound":3944.65715159285,"upper_bound":6548.349727291955},"point_estimate":5315.434439074831,"standard_error":662.8749154514758},"Slope":{"confidence_interval":{"confidence_level":0.95,"lower_bound":636456.3083872597,"upper_bound":638781.4206718255},"point_estimate":637554.7628210433,"standard_error":591.7696243140168},"StdDev":{"confidence_interval":{"confidence_level":0.95,"lower_bound":5961.802896636874,"upper_bound":19489.047710603532},"point_estimate":12599.318992735996,"standard_error":4298.708261180083}}