{"Mean":{"confidence_interval":{"confidence_level":0.95,"lower_bound":43705.54974849055,"upper_bound":44072.88852709144},"point_estimate":43874.35416746637,"standard_error":93.93413839837133},"Median":{"confidence_interval":{"confidence_level":0.95,"lower_bound":43541.167701863356,"upper_bound":43782.792214357934},"point_estimate":43643.82258610954,"standard_error":57.902843223450624},"MedianAbsDev":{"confidence_interval":{"confidence_level":0.95,"lower_bound":407.2322748625742,"upper_bound":696.2619869576266},"point_estimate":542.8087418875346,"standard_error":70.02027729452071},"Slope":{"confidence_interval":{"confidence_level":0.95,"lower_bound":43752.67195455041,"upper_bound":44193.19601235929},"point_estimate":43951.96970001478,"standard_error":113.04454595497813},"StdDev":{"confidence_interval":{"confidence_level":0.95,"lower_bound":540.4194902787507,"upper_bound":1269.8129578850387},"point_estimate":943.9131684746908,"standard_error":181.5893570154482}}