{"Mean":{"confidence_interval":{"confidence_level":0.95,"lower_bound":48321.59163123229,"upper_bound":48761.02125307739},"point_estimate":48521.3203488467,"standard_error":112.47440985394914},"Median":{"confidence_interval":{"confidence_level":0.95,"lower_bound":48263.95706303153,"upper_bound":48489.0},"point_estimate":48372.070707786836,"standard_error":61.394150039152755},"MedianAbsDev":{"confidence_interval":{"confidence_level":0.95,"lower_bound":427.07166247143505,"upper_bound":811.342627072197},"point_estimate":592.7330788456536,"standard_error":97.76373035429036},"Slope":{"confidence_interval":{"confidence_level":0.95,"lower_bound":48227.55867575535,"upper_bound":48508.19044454958},"point_estimate":48362.43810508983,"standard_error":71.68399485525218},"StdDev":{"confidence_interval":{"confidence_level":0.95,"lower_bound":691.6513493179289,"upper_bound":1615.938491344684},"point_estimate":1128.7929524242315,"standard_error":269.7453627660871}}