{"Mean":{"confidence_interval":{"confidence_level":0.95,"lower_bound":51506.311859649126,"upper_bound":51764.7645202938},"point_estimate":51621.00399923419,"standard_error":67.19563295592222},"Median":{"confidence_interval":{"confidence_level":0.95,"lower_bound":51486.436257309935,"upper_bound":51724.79861111111},"point_estimate":51565.46502192982,"standard_error":50.25688355958289},"MedianAbsDev":{"confidence_interval":{"confidence_level":0.95,"lower_bound":5.288613392959114,"upper_bound":289.5675669644207},"point_estimate":65.85204561452002,"standard_error":74.74409036703572},"Slope":{"confidence_interval":{"confidence_level":0.95,"lower_bound":51498.82095225983,"upper_bound":51769.9921679198},"point_estimate":51593.829186602874,"standard_error":70.55891421744425},"StdDev":{"confidence_interval":{"confidence_level":0.95,"lower_bound":65.13896040053865,"upper_bound":315.0184800029971},"point_estimate":224.34416582364622,"standard_error":70.26540829763344}}