{"Mean":{"confidence_interval":{"confidence_level":0.95,"lower_bound":43906.39217866951,"upper_bound":44248.726810517874},"point_estimate":44068.247364276125,"standard_error":87.35382184298514},"Median":{"confidence_interval":{"confidence_level":0.95,"lower_bound":43652.637681159424,"upper_bound":44034.03439325114},"point_estimate":43752.20690576371,"standard_error":95.04639833986313},"MedianAbsDev":{"confidence_interval":{"confidence_level":0.95,"lower_bound":441.82029583270867,"upper_bound":855.8717952015519},"point_estimate":572.0544053018372,"standard_error":105.41886873434699},"Slope":{"confidence_interval":{"confidence_level":0.95,"lower_bound":43823.508159634446,"upper_bound":44116.80767128675},"point_estimate":43963.44598852487,"standard_error":75.02480107917393},"StdDev":{"confidence_interval":{"confidence_level":0.95,"lower_bound":641.3633733645988,"upper_bound":1137.2478722093138},"point_estimate":877.4869075362618,"standard_error":132.29766018054775}}