{"Mean":{"confidence_interval":{"confidence_level":0.95,"lower_bound":0.02909156337338359,"upper_bound":0.035566165084667534},"point_estimate":0.03226917582816946,"standard_error":0.0016552777619420508},"Median":{"confidence_interval":{"confidence_level":0.95,"lower_bound":0.0272270727158741,"upper_bound":0.03645153104147458},"point_estimate":0.0311412320299711,"standard_error":0.002408280164418065}}