{"Mean":{"confidence_interval":{"confidence_level":0.95,"lower_bound":-0.4628247364169616,"upper_bound":-0.46139951593986966},"point_estimate":-0.46210425878789774,"standard_error":0.00036306277222235544},"Median":{"confidence_interval":{"confidence_level":0.95,"lower_bound":-0.46273306639351275,"upper_bound":-0.46133233505529736},"point_estimate":-0.4619114812073287,"standard_error":0.0003552748410463346}}