{"Mean":{"confidence_interval":{"confidence_level":0.95,"lower_bound":0.8420557672243907,"upper_bound":0.8466378547544732},"point_estimate":0.8444212646464619,"standard_error":0.0011639973552275908},"Median":{"confidence_interval":{"confidence_level":0.95,"lower_bound":0.8410266693541413,"upper_bound":0.8459320509250856},"point_estimate":0.8433273918230901,"standard_error":0.001249358141603241}}