{"Mean":{"confidence_interval":{"confidence_level":0.95,"lower_bound":0.045772443280505906,"upper_bound":0.04816324513079502},"point_estimate":0.046974773902360045,"standard_error":0.0006104060083032461},"Median":{"confidence_interval":{"confidence_level":0.95,"lower_bound":0.046113508486182786,"upper_bound":0.048461150274537346},"point_estimate":0.04709648415020151,"standard_error":0.0005944573882365737}}