{"Mean":{"confidence_interval":{"confidence_level":0.95,"lower_bound":0.01402655973657796,"upper_bound":0.024575664513006416},"point_estimate":0.018728061530681517,"standard_error":0.002705395643230151},"Median":{"confidence_interval":{"confidence_level":0.95,"lower_bound":0.013744512203971215,"upper_bound":0.021711987598623583},"point_estimate":0.017770861523756842,"standard_error":0.0020570238651000396}}