{"Mean":{"confidence_interval":{"confidence_level":0.95,"lower_bound":-0.006874770275278072,"upper_bound":0.0012960223841198683},"point_estimate":-0.0026797180769595474,"standard_error":0.002099979088372588},"Median":{"confidence_interval":{"confidence_level":0.95,"lower_bound":-0.010331858557602991,"upper_bound":0.0034459206405443865},"point_estimate":0.000045531912352014814,"standard_error":0.003919567243007232}}