{"Mean":{"confidence_interval":{"confidence_level":0.95,"lower_bound":0.0007583725765240359,"upper_bound":0.005286374724226456},"point_estimate":0.00295913410465376,"standard_error":0.001142559006001892},"Median":{"confidence_interval":{"confidence_level":0.95,"lower_bound":0.0012076346236846724,"upper_bound":0.0043697285345225545},"point_estimate":0.002433097551000518,"standard_error":0.0007825809989135073}}