{"Mean":{"confidence_interval":{"confidence_level":0.95,"lower_bound":-0.0050090115037038285,"upper_bound":0.0002785357736210411},"point_estimate":-0.0022178644415592474,"standard_error":0.0013503058328688017},"Median":{"confidence_interval":{"confidence_level":0.95,"lower_bound":-0.0032210210073612133,"upper_bound":0.0032086370864439218},"point_estimate":-0.0009410786617930489,"standard_error":0.0016318539991280968}}