{"Mean":{"confidence_interval":{"confidence_level":0.95,"lower_bound":-0.0004955350726939809,"upper_bound":0.004939065468348096},"point_estimate":0.0023588662318678733,"standard_error":0.0014002608458950608},"Median":{"confidence_interval":{"confidence_level":0.95,"lower_bound":-0.002287409169845822,"upper_bound":0.0040503096055713615},"point_estimate":0.0019767402756742936,"standard_error":0.001661762085165251}}