{"Mean":{"confidence_interval":{"confidence_level":0.95,"lower_bound":114.6782264270228,"upper_bound":114.92280280036641},"point_estimate":114.79549140365484,"standard_error":0.06265939914890407},"Median":{"confidence_interval":{"confidence_level":0.95,"lower_bound":114.60582033324063,"upper_bound":115.00154905480687},"point_estimate":114.71737940675752,"standard_error":0.10747801828237392},"MedianAbsDev":{"confidence_interval":{"confidence_level":0.95,"lower_bound":0.015619386211040316,"upper_bound":0.33592683991231986},"point_estimate":0.18516665834886942,"standard_error":0.09012987279340463},"Slope":{"confidence_interval":{"confidence_level":0.95,"lower_bound":114.63626480508694,"upper_bound":114.85840760548376},"point_estimate":114.70973474327245,"standard_error":0.0572888829876229},"StdDev":{"confidence_interval":{"confidence_level":0.95,"lower_bound":0.1140170973385851,"upper_bound":0.2467874482574059},"point_estimate":0.20916446163145685,"standard_error":0.03346621146062348}}