{"Mean":{"confidence_interval":{"confidence_level":0.95,"lower_bound":137.528623642819,"upper_bound":138.25841747488636},"point_estimate":137.8475712679308,"standard_error":0.1873249099671567},"Median":{"confidence_interval":{"confidence_level":0.95,"lower_bound":137.21939299647863,"upper_bound":137.78864414080985},"point_estimate":137.45881292232215,"standard_error":0.14355813069224507},"MedianAbsDev":{"confidence_interval":{"confidence_level":0.95,"lower_bound":0.7099502493588581,"upper_bound":1.171540409150098},"point_estimate":0.9157005397764273,"standard_error":0.10963481991350742},"Slope":{"confidence_interval":{"confidence_level":0.95,"lower_bound":137.4363872768752,"upper_bound":137.76840530036688},"point_estimate":137.59980847607173,"standard_error":0.08469531368614527},"StdDev":{"confidence_interval":{"confidence_level":0.95,"lower_bound":0.900413317891154,"upper_bound":2.8370764651187814},"point_estimate":1.8730742545503674,"standard_error":0.5552596978230926}}