{"Mean":{"confidence_interval":{"confidence_level":0.95,"lower_bound":141.83470318482725,"upper_bound":142.61517432883494},"point_estimate":142.18207637370955,"standard_error":0.20065387748108346},"Median":{"confidence_interval":{"confidence_level":0.95,"lower_bound":141.40485360581647,"upper_bound":141.8860116021769},"point_estimate":141.70649438377447,"standard_error":0.12512948096583132},"MedianAbsDev":{"confidence_interval":{"confidence_level":0.95,"lower_bound":0.550347998665873,"upper_bound":1.0730970611116157},"point_estimate":0.8263445821179821,"standard_error":0.12558517193362256},"Slope":{"confidence_interval":{"confidence_level":0.95,"lower_bound":141.882042219965,"upper_bound":142.98738025375403},"point_estimate":142.33481323739346,"standard_error":0.29025248610999177},"StdDev":{"confidence_interval":{"confidence_level":0.95,"lower_bound":0.9423045273625986,"upper_bound":2.890267790477127},"point_estimate":2.0172028368826926,"standard_error":0.512784365876506}}