{"Mean":{"confidence_interval":{"confidence_level":0.95,"lower_bound":1993.4467104757296,"upper_bound":2000.3767755808785},"point_estimate":1996.7953457516833,"standard_error":1.7678360853433264},"Median":{"confidence_interval":{"confidence_level":0.95,"lower_bound":1994.1306333274638,"upper_bound":2001.118206550449},"point_estimate":1995.0894460795412,"standard_error":1.7488390840744945},"MedianAbsDev":{"confidence_interval":{"confidence_level":0.95,"lower_bound":0.3555945032837587,"upper_bound":10.167753638820582},"point_estimate":2.7755007716441393,"standard_error":2.6882729839311277},"Slope":{"confidence_interval":{"confidence_level":0.95,"lower_bound":1992.540460146018,"upper_bound":1997.48312172951},"point_estimate":1995.1688909927896,"standard_error":1.251537148318727},"StdDev":{"confidence_interval":{"confidence_level":0.95,"lower_bound":2.1382644450736112,"upper_bound":7.8374827902275985},"point_estimate":5.884891887195964,"standard_error":1.3524898430388872}}