{"Mean":{"confidence_interval":{"confidence_level":0.95,"lower_bound":37.41827701359906,"upper_bound":37.53172959718933},"point_estimate":37.4731702998098,"standard_error":0.02905677945146488},"Median":{"confidence_interval":{"confidence_level":0.95,"lower_bound":37.40764881596903,"upper_bound":37.5381975268993},"point_estimate":37.464452774540845,"standard_error":0.031934491910009015},"MedianAbsDev":{"confidence_interval":{"confidence_level":0.95,"lower_bound":0.018055670653245048,"upper_bound":0.15972957949296734},"point_estimate":0.06657366343945935,"standard_error":0.037125642644461415},"Slope":{"confidence_interval":{"confidence_level":0.95,"lower_bound":37.46201652081967,"upper_bound":37.529557651114516},"point_estimate":37.49479634224558,"standard_error":0.017022118872442815},"StdDev":{"confidence_interval":{"confidence_level":0.95,"lower_bound":0.04568788080400351,"upper_bound":0.1276336704742936},"point_estimate":0.09687147962117516,"standard_error":0.020973550107997337}}