{"Mean":{"confidence_interval":{"confidence_level":0.95,"lower_bound":37.33109406729263,"upper_bound":37.5040313232537},"point_estimate":37.41216525804452,"standard_error":0.04418869483355476},"Median":{"confidence_interval":{"confidence_level":0.95,"lower_bound":37.19592345476021,"upper_bound":37.451215357426385},"point_estimate":37.299756416488954,"standard_error":0.06459204371914967},"MedianAbsDev":{"confidence_interval":{"confidence_level":0.95,"lower_bound":0.21129254678550918,"upper_bound":0.4141575465306635},"point_estimate":0.3184702212875204,"standard_error":0.0548906364874374},"Slope":{"confidence_interval":{"confidence_level":0.95,"lower_bound":37.385892441829064,"upper_bound":37.55783658457004},"point_estimate":37.467350540924684,"standard_error":0.04382362317792179},"StdDev":{"confidence_interval":{"confidence_level":0.95,"lower_bound":0.29693254178576706,"upper_bound":0.5970720999535739},"point_estimate":0.44621711941747333,"standard_error":0.07896212054944243}}