{"Mean":{"confidence_interval":{"confidence_level":0.95,"lower_bound":37.370576606001784,"upper_bound":37.516988706413755},"point_estimate":37.44038540107795,"standard_error":0.03719618162951593},"Median":{"confidence_interval":{"confidence_level":0.95,"lower_bound":37.30093810406646,"upper_bound":37.44560770595723},"point_estimate":37.35607601294544,"standard_error":0.04220106351777296},"MedianAbsDev":{"confidence_interval":{"confidence_level":0.95,"lower_bound":0.21305028244345262,"upper_bound":0.34294913202667826},"point_estimate":0.2566247680848297,"standard_error":0.03464400516574717},"Slope":{"confidence_interval":{"confidence_level":0.95,"lower_bound":37.39569933101389,"upper_bound":37.553006144339626},"point_estimate":37.46906625832738,"standard_error":0.04033421908731974},"StdDev":{"confidence_interval":{"confidence_level":0.95,"lower_bound":0.2772262784233888,"upper_bound":0.4570750075115612},"point_estimate":0.37290918436570647,"standard_error":0.045999142356849015}}