{"Mean":{"confidence_interval":{"confidence_level":0.95,"lower_bound":3333.455861583626,"upper_bound":3361.887328494426},"point_estimate":3344.705365718136,"standard_error":7.702904946888787},"Median":{"confidence_interval":{"confidence_level":0.95,"lower_bound":3331.011304273639,"upper_bound":3347.9027165257867},"point_estimate":3334.749908122014,"standard_error":5.170356364791793},"MedianAbsDev":{"confidence_interval":{"confidence_level":0.95,"lower_bound":1.3246003678835747,"upper_bound":20.409655949674118},"point_estimate":8.251321339176917,"standard_error":5.2167076832532375},"Slope":{"confidence_interval":{"confidence_level":0.95,"lower_bound":3331.4257911605987,"upper_bound":3340.4539796177532},"point_estimate":3335.069765221915,"standard_error":2.417044785194287},"StdDev":{"confidence_interval":{"confidence_level":0.95,"lower_bound":5.225871027507886,"upper_bound":38.84922997694095},"point_estimate":25.683308145420575,"standard_error":11.000636408401027}}