{"Mean":{"confidence_interval":{"confidence_level":0.95,"lower_bound":3491.4238572105196,"upper_bound":3516.228465156182},"point_estimate":3502.194183347793,"standard_error":6.39414751395839},"Median":{"confidence_interval":{"confidence_level":0.95,"lower_bound":3476.953407890423,"upper_bound":3496.919824598748},"point_estimate":3481.8702149587753,"standard_error":6.115363128394314},"MedianAbsDev":{"confidence_interval":{"confidence_level":0.95,"lower_bound":18.38418013270204,"upper_bound":38.57295446692752},"point_estimate":24.555843662584746,"standard_error":5.533787054153165},"Slope":{"confidence_interval":{"confidence_level":0.95,"lower_bound":3492.8459510527878,"upper_bound":3506.3367264129956},"point_estimate":3499.5171778026915,"standard_error":3.4261940107607476},"StdDev":{"confidence_interval":{"confidence_level":0.95,"lower_bound":30.082643581367414,"upper_bound":97.564541294542},"point_estimate":64.12337507903212,"standard_error":19.609368687158835}}