{"Mean":{"confidence_interval":{"confidence_level":0.95,"lower_bound":10541.709429385564,"upper_bound":10662.70805176455},"point_estimate":10594.284854958654,"standard_error":31.08402202185191},"Median":{"confidence_interval":{"confidence_level":0.95,"lower_bound":10489.46814241486,"upper_bound":10556.616541353384},"point_estimate":10511.532837842718,"standard_error":17.482754836410088},"MedianAbsDev":{"confidence_interval":{"confidence_level":0.95,"lower_bound":100.14767740726846,"upper_bound":189.3207728471454},"point_estimate":141.13494727131422,"standard_error":22.12174144164216},"Slope":{"confidence_interval":{"confidence_level":0.95,"lower_bound":10493.635157852368,"upper_bound":10552.54165060504},"point_estimate":10521.051048353853,"standard_error":15.064929968035056},"StdDev":{"confidence_interval":{"confidence_level":0.95,"lower_bound":145.20194683072972,"upper_bound":481.05101730268024},"point_estimate":313.4225820728499,"standard_error":99.59609520543597}}