{"Mean":{"confidence_interval":{"confidence_level":0.95,"lower_bound":-0.1038918105033378,"upper_bound":-0.09753123609152504},"point_estimate":-0.10074177898084469,"standard_error":0.001627038131333538},"Median":{"confidence_interval":{"confidence_level":0.95,"lower_bound":-0.10324136898387948,"upper_bound":-0.09652684192750138},"point_estimate":-0.09943465422662656,"standard_error":0.0016980052151697846}}