{"Mean":{"confidence_interval":{"confidence_level":0.95,"lower_bound":-0.07632471501761097,"upper_bound":-0.06598568874628509},"point_estimate":-0.07093961127479398,"standard_error":0.0026214991901427074},"Median":{"confidence_interval":{"confidence_level":0.95,"lower_bound":-0.07431312459095651,"upper_bound":-0.06657063054927725},"point_estimate":-0.06972102707418981,"standard_error":0.0019785438657378856}}