{"Mean":{"confidence_interval":{"confidence_level":0.95,"lower_bound":0.08396987779399633,"upper_bound":0.09523253224547985},"point_estimate":0.08874208613591006,"standard_error":0.002864778517184787},"Median":{"confidence_interval":{"confidence_level":0.95,"lower_bound":0.08289939153488368,"upper_bound":0.09145688795670437},"point_estimate":0.08687863233567827,"standard_error":0.0021388826507927105}}