{"Mean":{"confidence_interval":{"confidence_level":0.95,"lower_bound":-0.006674506101398814,"upper_bound":0.0007815185423316799},"point_estimate":-0.0026927262336460256,"standard_error":0.001901998111788621},"Median":{"confidence_interval":{"confidence_level":0.95,"lower_bound":-0.007424796990119775,"upper_bound":0.00274634392115769},"point_estimate":-0.0016380331991026065,"standard_error":0.002458735536495059}}