{"Mean":{"confidence_interval":{"confidence_level":0.95,"lower_bound":0.02962334735921112,"upper_bound":0.03736856211074098},"point_estimate":0.03362740751194937,"standard_error":0.001993509325543161},"Median":{"confidence_interval":{"confidence_level":0.95,"lower_bound":0.028899002573540944,"upper_bound":0.03516607117994619},"point_estimate":0.03195525733686133,"standard_error":0.001631449960740765}}