{"Mean":{"confidence_interval":{"confidence_level":0.95,"lower_bound":-0.050410877419512945,"upper_bound":-0.042227487999140965},"point_estimate":-0.046391685469095556,"standard_error":0.002075275019783008},"Median":{"confidence_interval":{"confidence_level":0.95,"lower_bound":-0.05081651465729242,"upper_bound":-0.043874478421272234},"point_estimate":-0.047781832335882735,"standard_error":0.0017666693790669647}}