{"Mean":{"confidence_interval":{"confidence_level":0.95,"lower_bound":-0.012393305914753246,"upper_bound":-0.006287389956969979},"point_estimate":-0.00952663257582953,"standard_error":0.0015447403558260236},"Median":{"confidence_interval":{"confidence_level":0.95,"lower_bound":-0.011479965657471114,"upper_bound":-0.005979112542263354},"point_estimate":-0.008574475522800551,"standard_error":0.0014554956060154522}}