{"Mean":{"confidence_interval":{"confidence_level":0.95,"lower_bound":734.0501817066362,"upper_bound":737.8357656974139},"point_estimate":735.7018400413078,"standard_error":0.9737840622936188},"Median":{"confidence_interval":{"confidence_level":0.95,"lower_bound":732.3136714371367,"upper_bound":734.9535158964388},"point_estimate":732.9089658804735,"standard_error":0.6610384892310545},"MedianAbsDev":{"confidence_interval":{"confidence_level":0.95,"lower_bound":3.846926573950999,"upper_bound":6.496194546555835},"point_estimate":4.6917515028861,"standard_error":0.6734982648725146},"Slope":{"confidence_interval":{"confidence_level":0.95,"lower_bound":734.4100425504112,"upper_bound":737.2805674388446},"point_estimate":735.7876697749392,"standard_error":0.7291364426388031},"StdDev":{"confidence_interval":{"confidence_level":0.95,"lower_bound":5.1030387839745455,"upper_bound":14.81797332181425},"point_estimate":9.806300604058139,"standard_error":3.0178760320547826}}