{"Mean":{"confidence_interval":{"confidence_level":0.95,"lower_bound":852.7641488322934,"upper_bound":854.4932368028775},"point_estimate":853.6279699829638,"standard_error":0.44258374220699204},"Median":{"confidence_interval":{"confidence_level":0.95,"lower_bound":852.7032734455837,"upper_bound":854.9351007013033},"point_estimate":853.315088734205,"standard_error":0.5217532599766409},"MedianAbsDev":{"confidence_interval":{"confidence_level":0.95,"lower_bound":0.10200806610365414,"upper_bound":2.88104451309714},"point_estimate":0.9714643005500712,"standard_error":0.7147685244655059},"Slope":{"confidence_interval":{"confidence_level":0.95,"lower_bound":853.0440171798161,"upper_bound":854.2902597717982},"point_estimate":853.6106146322871,"standard_error":0.3316584426193126},"StdDev":{"confidence_interval":{"confidence_level":0.95,"lower_bound":0.7607929810477848,"upper_bound":1.9109367193836913},"point_estimate":1.4794710505392132,"standard_error":0.28792015032750234}}