{"Mean":{"confidence_interval":{"confidence_level":0.95,"lower_bound":723.9066842404005,"upper_bound":728.6289539189281},"point_estimate":725.8044674835319,"standard_error":1.2418111649960664},"Median":{"confidence_interval":{"confidence_level":0.95,"lower_bound":722.0382605062598,"upper_bound":724.8364970811701},"point_estimate":723.3852171175517,"standard_error":0.7343561524994547},"MedianAbsDev":{"confidence_interval":{"confidence_level":0.95,"lower_bound":3.2211283872548524,"upper_bound":5.943271027037084},"point_estimate":4.558427991853858,"standard_error":0.664428808961852},"Slope":{"confidence_interval":{"confidence_level":0.95,"lower_bound":724.001788897712,"upper_bound":726.6991583721853},"point_estimate":725.2662937514868,"standard_error":0.6886626698742786},"StdDev":{"confidence_interval":{"confidence_level":0.95,"lower_bound":4.415169704313596,"upper_bound":20.28976961525884},"point_estimate":12.506856449253307,"standard_error":5.278457945466727}}