{"Mean":{"confidence_interval":{"confidence_level":0.95,"lower_bound":724.9576868623493,"upper_bound":731.4434596233998},"point_estimate":727.8495536802216,"standard_error":1.6595360436558368},"Median":{"confidence_interval":{"confidence_level":0.95,"lower_bound":721.3148449197861,"upper_bound":726.1608530303031},"point_estimate":723.6272527929901,"standard_error":1.208499564971858},"MedianAbsDev":{"confidence_interval":{"confidence_level":0.95,"lower_bound":7.202915692073019,"upper_bound":13.635089152947414},"point_estimate":10.808918939224732,"standard_error":1.7789982501669286},"Slope":{"confidence_interval":{"confidence_level":0.95,"lower_bound":720.9392393504484,"upper_bound":725.3323810853693},"point_estimate":723.0332681413813,"standard_error":1.12288255072487},"StdDev":{"confidence_interval":{"confidence_level":0.95,"lower_bound":9.615012070470756,"upper_bound":24.44274005336617},"point_estimate":16.62103886405577,"standard_error":4.601152171565333}}