{"Mean":{"confidence_interval":{"confidence_level":0.95,"lower_bound":-0.024154040381826194,"upper_bound":-0.017131933715102885},"point_estimate":-0.02049381003968198,"standard_error":0.0017900435387465318},"Median":{"confidence_interval":{"confidence_level":0.95,"lower_bound":-0.02433479842081887,"upper_bound":-0.015352770018665973},"point_estimate":-0.019590987829372852,"standard_error":0.002275896604993489}}