{"Mean":{"confidence_interval":{"confidence_level":0.95,"lower_bound":-0.044052563328196834,"upper_bound":-0.03354189949586672},"point_estimate":-0.038211397425276905,"standard_error":0.0026723886627119746},"Median":{"confidence_interval":{"confidence_level":0.95,"lower_bound":-0.04349095366509048,"upper_bound":-0.035245758292342555},"point_estimate":-0.039499539973535835,"standard_error":0.002270169481167136}}