{"Mean":{"confidence_interval":{"confidence_level":0.95,"lower_bound":-0.834762833001559,"upper_bound":-0.8331395671085599},"point_estimate":-0.8340709587300288,"standard_error":0.00041775797489511997},"Median":{"confidence_interval":{"confidence_level":0.95,"lower_bound":-0.8345396088555935,"upper_bound":-0.8339013828066},"point_estimate":-0.8342373186540153,"standard_error":0.0001654762440130295}}