{"Mean":{"confidence_interval":{"confidence_level":0.95,"lower_bound":-0.6534797455101852,"upper_bound":-0.6503838705466567},"point_estimate":-0.6519341213975229,"standard_error":0.0007832422766820492},"Median":{"confidence_interval":{"confidence_level":0.95,"lower_bound":-0.6535145223583589,"upper_bound":-0.6502901372962623},"point_estimate":-0.6519371233365368,"standard_error":0.00086359959421214}}