{"Mean":{"confidence_interval":{"confidence_level":0.95,"lower_bound":10032181.23,"upper_bound":10118506.65875},"point_estimate":10074562.845,"standard_error":22130.787485108023},"Median":{"confidence_interval":{"confidence_level":0.95,"lower_bound":10003493.0,"upper_bound":10124193.916666668},"point_estimate":10085783.833333332,"standard_error":35644.05104948121},"MedianAbsDev":{"confidence_interval":{"confidence_level":0.95,"lower_bound":8221.819929033978,"upper_bound":137409.0705505019},"point_estimate":83313.96422088146,"standard_error":31910.332903410013},"Slope":{"confidence_interval":{"confidence_level":0.95,"lower_bound":10023774.53229665,"upper_bound":10158913.456932774},"point_estimate":10086892.614285715,"standard_error":37169.98270431606},"StdDev":{"confidence_interval":{"confidence_level":0.95,"lower_bound":44270.2905762738,"upper_bound":93588.17199282322},"point_estimate":73818.65327511234,"standard_error":13153.287602540233}}