{"Mean":{"confidence_interval":{"confidence_level":0.95,"lower_bound":11419317.119835269,"upper_bound":11492294.656798424},"point_estimate":11455725.617655786,"standard_error":18648.942058451827},"Median":{"confidence_interval":{"confidence_level":0.95,"lower_bound":11397292.92857143,"upper_bound":11514930.426229509},"point_estimate":11431746.63392857,"standard_error":28101.96436389212},"MedianAbsDev":{"confidence_interval":{"confidence_level":0.95,"lower_bound":153122.29651055724,"upper_bound":232770.94204703553},"point_estimate":195392.74612885373,"standard_error":19804.622329607213},"Slope":{"confidence_interval":{"confidence_level":0.95,"lower_bound":11487325.849171417,"upper_bound":11566690.17548991},"point_estimate":11527789.760168465,"standard_error":20193.712625735665},"StdDev":{"confidence_interval":{"confidence_level":0.95,"lower_bound":160971.8964237632,"upper_bound":209300.95652827443},"point_estimate":186473.49322097586,"standard_error":12363.514178457684}}