{"Mean":{"confidence_interval":{"confidence_level":0.95,"lower_bound":13273955.396438329,"upper_bound":13421060.025329635},"point_estimate":13341286.809334144,"standard_error":37535.33894654805},"Median":{"confidence_interval":{"confidence_level":0.95,"lower_bound":13246675.686046511,"upper_bound":13363460.387096774},"point_estimate":13289278.64952381,"standard_error":29157.395434966602},"MedianAbsDev":{"confidence_interval":{"confidence_level":0.95,"lower_bound":164789.55527620928,"upper_bound":252456.7812118194},"point_estimate":207633.66679562154,"standard_error":22386.244184192397},"Slope":{"confidence_interval":{"confidence_level":0.95,"lower_bound":13258329.09618744,"upper_bound":13339402.084827797},"point_estimate":13298489.13121324,"standard_error":20642.596495129797},"StdDev":{"confidence_interval":{"confidence_level":0.95,"lower_bound":219042.089297291,"upper_bound":527245.1259480541},"point_estimate":376483.99443963094,"standard_error":81089.20718663071}}