{"Mean":{"confidence_interval":{"confidence_level":0.95,"lower_bound":4842.986470302587,"upper_bound":4867.130991965628},"point_estimate":4854.309169660407,"standard_error":6.165414094527714},"Median":{"confidence_interval":{"confidence_level":0.95,"lower_bound":4830.005853658537,"upper_bound":4849.045461403068},"point_estimate":4838.752380952381,"standard_error":4.819685810771862},"MedianAbsDev":{"confidence_interval":{"confidence_level":0.95,"lower_bound":37.73908312068384,"upper_bound":66.42622500464955},"point_estimate":52.47876559270563,"standard_error":6.806901977990329},"Slope":{"confidence_interval":{"confidence_level":0.95,"lower_bound":4849.405544551883,"upper_bound":4871.016834856228},"point_estimate":4859.992861959221,"standard_error":5.516825192317942},"StdDev":{"confidence_interval":{"confidence_level":0.95,"lower_bound":44.0981253631333,"upper_bound":83.81624244183145},"point_estimate":62.06023119780086,"standard_error":11.673357604342163}}