{"Mean":{"confidence_interval":{"confidence_level":0.95,"lower_bound":28008205.626303572,"upper_bound":28394497.66630952},"point_estimate":28171791.289047617,"standard_error":101560.6825872309},"Median":{"confidence_interval":{"confidence_level":0.95,"lower_bound":27970316.778571427,"upper_bound":28286001.25},"point_estimate":28059205.416666668,"standard_error":77553.41818392555},"MedianAbsDev":{"confidence_interval":{"confidence_level":0.95,"lower_bound":33650.91754257826,"upper_bound":369898.41407299007},"point_estimate":168624.23165632252,"standard_error":91632.32100306514},"Slope":{"confidence_interval":{"confidence_level":0.95,"lower_bound":27952856.410902023,"upper_bound":28091083.71698113},"point_estimate":28015905.01818182,"standard_error":35036.54600730493},"StdDev":{"confidence_interval":{"confidence_level":0.95,"lower_bound":91482.73782321368,"upper_bound":496841.1516344229},"point_estimate":339174.66543836327,"standard_error":122022.75316045534}}