{"Mean":{"confidence_interval":{"confidence_level":0.95,"lower_bound":27981537.80315959,"upper_bound":28034376.04117126},"point_estimate":28006561.294877354,"standard_error":13448.124161370131},"Median":{"confidence_interval":{"confidence_level":0.95,"lower_bound":27954404.07368421,"upper_bound":27984833.08219178},"point_estimate":27973113.461956523,"standard_error":9216.413253351597},"MedianAbsDev":{"confidence_interval":{"confidence_level":0.95,"lower_bound":50922.37328449762,"upper_bound":94791.60195757438},"point_estimate":68596.1951179899,"standard_error":10226.699870907014},"Slope":{"confidence_interval":{"confidence_level":0.95,"lower_bound":27984178.248400394,"upper_bound":28029155.430918854},"point_estimate":28005433.88581055,"standard_error":11497.580445982776},"StdDev":{"confidence_interval":{"confidence_level":0.95,"lower_bound":96783.50859148109,"upper_bound":171371.895032965},"point_estimate":134902.9220211224,"standard_error":19166.098080420546}}