{"Mean":{"confidence_interval":{"confidence_level":0.95,"lower_bound":-0.1192527598203208,"upper_bound":-0.11102801234255136},"point_estimate":-0.11531082813691185,"standard_error":0.0021001001272722432},"Median":{"confidence_interval":{"confidence_level":0.95,"lower_bound":-0.1195580895417171,"upper_bound":-0.1140148789174416},"point_estimate":-0.11661996008810538,"standard_error":0.0014518168385380527}}