{"Mean":{"confidence_interval":{"confidence_level":0.95,"lower_bound":-0.756652757228135,"upper_bound":-0.7542505995048311},"point_estimate":-0.7554092371906829,"standard_error":0.0006103207123451766},"Median":{"confidence_interval":{"confidence_level":0.95,"lower_bound":-0.7556639443003144,"upper_bound":-0.753919144078505},"point_estimate":-0.7548738178522478,"standard_error":0.0004488615154101531}}