{"Mean":{"confidence_interval":{"confidence_level":0.95,"lower_bound":0.12357831333608307,"upper_bound":0.130996246012077},"point_estimate":0.12721053281919104,"standard_error":0.0018962490882618956},"Median":{"confidence_interval":{"confidence_level":0.95,"lower_bound":0.1238864870419154,"upper_bound":0.128509608648376},"point_estimate":0.12635950629785153,"standard_error":0.0012345947631751827}}