{"Mean":{"confidence_interval":{"confidence_level":0.95,"lower_bound":-0.025666717385665037,"upper_bound":-0.022225047121646906},"point_estimate":-0.023899738032430062,"standard_error":0.0008789582009172873},"Median":{"confidence_interval":{"confidence_level":0.95,"lower_bound":-0.024705328328681553,"upper_bound":-0.021292330146488014},"point_estimate":-0.023348396182600095,"standard_error":0.0008569981729384367}}