{"Mean":{"confidence_interval":{"confidence_level":0.95,"lower_bound":0.00434026403720727,"upper_bound":0.010674024518529807},"point_estimate":0.007432233148481071,"standard_error":0.0016175166802790217},"Median":{"confidence_interval":{"confidence_level":0.95,"lower_bound":0.0029689655040183727,"upper_bound":0.011071995069825702},"point_estimate":0.0059781552796778215,"standard_error":0.0021225266999483406}}