{"Mean":{"confidence_interval":{"confidence_level":0.95,"lower_bound":-0.013895471467278722,"upper_bound":-0.011621404336432729},"point_estimate":-0.01274112861534249,"standard_error":0.0005830317628074522},"Median":{"confidence_interval":{"confidence_level":0.95,"lower_bound":-0.01457218882184641,"upper_bound":-0.012196819743606868},"point_estimate":-0.013343304763737573,"standard_error":0.000618211305676539}}