{"Mean":{"confidence_interval":{"confidence_level":0.95,"lower_bound":0.021447976250364882,"upper_bound":0.02474713071390693},"point_estimate":0.023166941980961697,"standard_error":0.0008381441706947169},"Median":{"confidence_interval":{"confidence_level":0.95,"lower_bound":0.021454956550687278,"upper_bound":0.024737851314207804},"point_estimate":0.02324803117094909,"standard_error":0.0008580725656550094}}