{"Mean":{"confidence_interval":{"confidence_level":0.95,"lower_bound":152.24490786802278,"upper_bound":163.11638102792378},"point_estimate":157.3425162976656,"standard_error":2.775296248884921},"Median":{"confidence_interval":{"confidence_level":0.95,"lower_bound":145.86818030951355,"upper_bound":146.43059827774226},"point_estimate":146.11191068286666,"standard_error":0.14957317279760332},"MedianAbsDev":{"confidence_interval":{"confidence_level":0.95,"lower_bound":0.7870169525654503,"upper_bound":1.4612070814481506},"point_estimate":1.0917099548416436,"standard_error":0.18583637716522672},"Slope":{"confidence_interval":{"confidence_level":0.95,"lower_bound":150.08632122986734,"upper_bound":158.16270511271327},"point_estimate":153.62350836532974,"standard_error":2.065555306977058},"StdDev":{"confidence_interval":{"confidence_level":0.95,"lower_bound":20.085569611401496,"upper_bound":34.32437862279191},"point_estimate":27.87234687680397,"standard_error":3.6295922644121057}}