{"Mean":{"confidence_interval":{"confidence_level":0.95,"lower_bound":124.9812560134889,"upper_bound":126.86262732283191},"point_estimate":125.85594035053687,"standard_error":0.48145451583106214},"Median":{"confidence_interval":{"confidence_level":0.95,"lower_bound":124.00902893089794,"upper_bound":124.3055580898856},"point_estimate":124.1633941281861,"standard_error":0.06836882606155344},"MedianAbsDev":{"confidence_interval":{"confidence_level":0.95,"lower_bound":0.40640016230583276,"upper_bound":0.7192943019844565},"point_estimate":0.5480934042208618,"standard_error":0.07484423009081087},"Slope":{"confidence_interval":{"confidence_level":0.95,"lower_bound":125.20760248595167,"upper_bound":127.18268908432991},"point_estimate":126.13216237848003,"standard_error":0.5055596503144331},"StdDev":{"confidence_interval":{"confidence_level":0.95,"lower_bound":3.141567158846965,"upper_bound":6.215276430754753},"point_estimate":4.826797861379405,"standard_error":0.7833780621812431}}