{"Mean":{"confidence_interval":{"confidence_level":0.95,"lower_bound":12106058.474540915,"upper_bound":12132345.922076777},"point_estimate":12118950.511528643,"standard_error":6689.422186826261},"Median":{"confidence_interval":{"confidence_level":0.95,"lower_bound":12095146.972222222,"upper_bound":12116557.095901638},"point_estimate":12108017.467857143,"standard_error":4897.409184332282},"MedianAbsDev":{"confidence_interval":{"confidence_level":0.95,"lower_bound":37485.026825136636,"upper_bound":66975.46328077566},"point_estimate":52265.312770855,"standard_error":7456.399210042667},"Slope":{"confidence_interval":{"confidence_level":0.95,"lower_bound":12109507.895022836,"upper_bound":12144614.874773545},"point_estimate":12126309.054594355,"standard_error":8983.381724361121},"StdDev":{"confidence_interval":{"confidence_level":0.95,"lower_bound":55014.80384987482,"upper_bound":78430.80497412641},"point_estimate":67440.53690516563,"standard_error":5960.511207647434}}