{"Mean":{"confidence_interval":{"confidence_level":0.95,"lower_bound":12275495.162205951,"upper_bound":12311875.38268922},"point_estimate":12293059.271660399,"standard_error":9299.04249643636},"Median":{"confidence_interval":{"confidence_level":0.95,"lower_bound":12250287.559465356,"upper_bound":12278951.484848484},"point_estimate":12263223.2431562,"standard_error":8366.868850439894},"MedianAbsDev":{"confidence_interval":{"confidence_level":0.95,"lower_bound":43398.818389237385,"upper_bound":83820.74119457633},"point_estimate":67164.43663497601,"standard_error":11273.835997938033},"Slope":{"confidence_interval":{"confidence_level":0.95,"lower_bound":12264070.763038702,"upper_bound":12298806.416203402},"point_estimate":12280629.98410226,"standard_error":8851.940836091499},"StdDev":{"confidence_interval":{"confidence_level":0.95,"lower_bound":73899.42345404055,"upper_bound":110804.53639119485},"point_estimate":93305.17775526237,"standard_error":9449.476347388409}}