{"Mean":{"confidence_interval":{"confidence_level":0.95,"lower_bound":-0.04200122065122901,"upper_bound":-0.034209689166237595},"point_estimate":-0.03841649494814392,"standard_error":0.0019513110878133654},"Median":{"confidence_interval":{"confidence_level":0.95,"lower_bound":-0.04089178345135512,"upper_bound":-0.03577697740385932},"point_estimate":-0.03852401139366546,"standard_error":0.0012973195196888027}}