{"Mean":{"confidence_interval":{"confidence_level":0.95,"lower_bound":-0.03212493257819502,"upper_bound":-0.02782420093473195},"point_estimate":-0.02989574235351733,"standard_error":0.0011007194581596656},"Median":{"confidence_interval":{"confidence_level":0.95,"lower_bound":-0.03218471233382314,"upper_bound":-0.026604418996317825},"point_estimate":-0.028512541439947747,"standard_error":0.001432657435056618}}