{"Mean":{"confidence_interval":{"confidence_level":0.95,"lower_bound":-0.035291653109469516,"upper_bound":-0.027265995934849865},"point_estimate":-0.031517999267122065,"standard_error":0.002056131623445502},"Median":{"confidence_interval":{"confidence_level":0.95,"lower_bound":-0.03573203688190896,"upper_bound":-0.02932657249951165},"point_estimate":-0.03187906280989938,"standard_error":0.0016438203135269896}}