{"Mean":{"confidence_interval":{"confidence_level":0.95,"lower_bound":27822653.861196674,"upper_bound":27880604.6465235},"point_estimate":27850493.38092129,"standard_error":14843.411281335133},"Median":{"confidence_interval":{"confidence_level":0.95,"lower_bound":27776026.28,"upper_bound":27825944.74509804},"point_estimate":27800841.986901537,"standard_error":13715.30170009729},"MedianAbsDev":{"confidence_interval":{"confidence_level":0.95,"lower_bound":63680.74712615205,"upper_bound":123505.2226080332},"point_estimate":100825.67130145484,"standard_error":17130.42887933279},"Slope":{"confidence_interval":{"confidence_level":0.95,"lower_bound":27798382.938940622,"upper_bound":27847215.575540654},"point_estimate":27821368.07073149,"standard_error":12496.436913341708},"StdDev":{"confidence_interval":{"confidence_level":0.95,"lower_bound":112762.30213771902,"upper_bound":183184.886343368},"point_estimate":149435.59615673532,"standard_error":18033.560644412835}}