{"Mean":{"confidence_interval":{"confidence_level":0.95,"lower_bound":24624052.57451736,"upper_bound":24932473.829161853},"point_estimate":24753177.35538428,"standard_error":79804.08021991499},"Median":{"confidence_interval":{"confidence_level":0.95,"lower_bound":24561672.25,"upper_bound":24732039.095238097},"point_estimate":24622062.29265873,"standard_error":41696.45779754723},"MedianAbsDev":{"confidence_interval":{"confidence_level":0.95,"lower_bound":283024.4109051219,"upper_bound":496787.7993413532},"point_estimate":399575.59071955323,"standard_error":53104.33267619202},"Slope":{"confidence_interval":{"confidence_level":0.95,"lower_bound":24427318.408091996,"upper_bound":24588069.72453622},"point_estimate":24503939.161155608,"standard_error":41044.36661673528},"StdDev":{"confidence_interval":{"confidence_level":0.95,"lower_bound":349225.2013914329,"upper_bound":1256746.9035638268},"point_estimate":799902.7784790972,"standard_error":288078.77256688476}}