{"Mean":{"confidence_interval":{"confidence_level":0.95,"lower_bound":28683697.593476817,"upper_bound":28753015.95863059},"point_estimate":28716207.34640953,"standard_error":17745.96638065184},"Median":{"confidence_interval":{"confidence_level":0.95,"lower_bound":28649002.69892473,"upper_bound":28701427.44736842},"point_estimate":28675267.470050216,"standard_error":11816.480393980639},"MedianAbsDev":{"confidence_interval":{"confidence_level":0.95,"lower_bound":65752.3619769379,"upper_bound":126572.9517619735},"point_estimate":96548.93171104125,"standard_error":16235.40135066552},"Slope":{"confidence_interval":{"confidence_level":0.95,"lower_bound":28679055.190998122,"upper_bound":28738011.632158976},"point_estimate":28706443.829519726,"standard_error":15065.034784535846},"StdDev":{"confidence_interval":{"confidence_level":0.95,"lower_bound":120102.23844410824,"upper_bound":232821.2654848197},"point_estimate":178811.37527053774,"standard_error":28985.870067651183}}