{"Mean":{"confidence_interval":{"confidence_level":0.95,"lower_bound":28113231.695665028,"upper_bound":28246424.564760298},"point_estimate":28174975.39355293,"standard_error":33871.05407611681},"Median":{"confidence_interval":{"confidence_level":0.95,"lower_bound":28100784.362068966,"upper_bound":28201594.104651164},"point_estimate":28151613.248847924,"standard_error":25443.873309741375},"MedianAbsDev":{"confidence_interval":{"confidence_level":0.95,"lower_bound":130386.58113988479,"upper_bound":202462.43209629605},"point_estimate":170516.17101388107,"standard_error":18252.49815606221},"Slope":{"confidence_interval":{"confidence_level":0.95,"lower_bound":28205084.772721,"upper_bound":28377287.32102286},"point_estimate":28282760.453967784,"standard_error":44330.1207680121},"StdDev":{"confidence_interval":{"confidence_level":0.95,"lower_bound":213186.9472725081,"upper_bound":468812.2700402466},"point_estimate":339287.65495973214,"standard_error":67604.74454654806}}