{"Mean":{"confidence_interval":{"confidence_level":0.95,"lower_bound":928.2574546801413,"upper_bound":931.1731519130668},"point_estimate":929.7844097916325,"standard_error":0.7489607762922926},"Median":{"confidence_interval":{"confidence_level":0.95,"lower_bound":927.8677524842831,"upper_bound":931.6661174204015},"point_estimate":930.3921189800195,"standard_error":0.9284693762359322},"MedianAbsDev":{"confidence_interval":{"confidence_level":0.95,"lower_bound":0.3058219490424262,"upper_bound":4.347660154764459},"point_estimate":1.9469625706362805,"standard_error":1.010436856893484},"Slope":{"confidence_interval":{"confidence_level":0.95,"lower_bound":927.4385086621146,"upper_bound":931.5596390836108},"point_estimate":929.2151497154235,"standard_error":1.0726635111185105},"StdDev":{"confidence_interval":{"confidence_level":0.95,"lower_bound":1.166579100734424,"upper_bound":3.117568718948525},"point_estimate":2.503787563322935,"standard_error":0.47879104642984216}}