{"Mean":{"confidence_interval":{"confidence_level":0.95,"lower_bound":795.7549942732467,"upper_bound":800.3236792495467},"point_estimate":797.8415042358472,"standard_error":1.165549847401944},"Median":{"confidence_interval":{"confidence_level":0.95,"lower_bound":792.9558492497054,"upper_bound":797.7180245986834},"point_estimate":794.7233113908458,"standard_error":1.1696874323546973},"MedianAbsDev":{"confidence_interval":{"confidence_level":0.95,"lower_bound":6.056082807148445,"upper_bound":10.353544859251073},"point_estimate":7.862450536532814,"standard_error":1.07566154760984},"Slope":{"confidence_interval":{"confidence_level":0.95,"lower_bound":795.8938630943828,"upper_bound":800.257929780787},"point_estimate":797.9990159864452,"standard_error":1.117052892700689},"StdDev":{"confidence_interval":{"confidence_level":0.95,"lower_bound":7.6586914575455936,"upper_bound":16.253979849370474},"point_estimate":11.67080472493654,"standard_error":2.519292358982434}}