{"Mean":{"confidence_interval":{"confidence_level":0.95,"lower_bound":796.7181967009625,"upper_bound":804.4480735082693},"point_estimate":799.8808747918448,"standard_error":2.015431638686839},"Median":{"confidence_interval":{"confidence_level":0.95,"lower_bound":793.9847699978659,"upper_bound":798.7056669933954},"point_estimate":796.1776980563707,"standard_error":1.130869479361727},"MedianAbsDev":{"confidence_interval":{"confidence_level":0.95,"lower_bound":6.780951192363482,"upper_bound":10.42649712053548},"point_estimate":8.967031444548866,"standard_error":0.9071441962380868},"Slope":{"confidence_interval":{"confidence_level":0.95,"lower_bound":798.0764450075714,"upper_bound":805.4065029456517},"point_estimate":801.2684165578573,"standard_error":1.8744852239401149},"StdDev":{"confidence_interval":{"confidence_level":0.95,"lower_bound":7.971962091540389,"upper_bound":32.53126982187417},"point_estimate":20.313262218918933,"standard_error":8.057041199542835}}