{"Mean":{"confidence_interval":{"confidence_level":0.95,"lower_bound":759.7447737378699,"upper_bound":764.418276250956},"point_estimate":761.6648517210441,"standard_error":1.2171884361418799},"Median":{"confidence_interval":{"confidence_level":0.95,"lower_bound":758.4901756748296,"upper_bound":761.3133766608763},"point_estimate":759.9396687555226,"standard_error":0.6544516697154587},"MedianAbsDev":{"confidence_interval":{"confidence_level":0.95,"lower_bound":4.4407522744816745,"upper_bound":6.624975472388778},"point_estimate":5.685710978735156,"standard_error":0.5323087225098174},"Slope":{"confidence_interval":{"confidence_level":0.95,"lower_bound":759.8983175832182,"upper_bound":762.5635614813145},"point_estimate":761.1959489839577,"standard_error":0.6836840851675424},"StdDev":{"confidence_interval":{"confidence_level":0.95,"lower_bound":4.97414338018204,"upper_bound":19.509924179990833},"point_estimate":12.217302079165275,"standard_error":4.753632832653791}}