{"Mean":{"confidence_interval":{"confidence_level":0.95,"lower_bound":761.5221396771581,"upper_bound":765.8528101500144},"point_estimate":763.4085145818412,"standard_error":1.1169331611327844},"Median":{"confidence_interval":{"confidence_level":0.95,"lower_bound":758.8748403575989,"upper_bound":763.1277496956525},"point_estimate":760.9355072330288,"standard_error":1.1554922460360806},"MedianAbsDev":{"confidence_interval":{"confidence_level":0.95,"lower_bound":4.764239394345063,"upper_bound":9.29597056973641},"point_estimate":7.110234846563431,"standard_error":1.2007046038112594},"Slope":{"confidence_interval":{"confidence_level":0.95,"lower_bound":761.8997221719417,"upper_bound":764.8944558433941},"point_estimate":763.4100489064862,"standard_error":0.7647451451219142},"StdDev":{"confidence_interval":{"confidence_level":0.95,"lower_bound":6.001356861295922,"upper_bound":17.042122724195718},"point_estimate":11.241416330181437,"standard_error":3.5249775021663106}}