{"Mean":{"confidence_interval":{"confidence_level":0.95,"lower_bound":184270.35939453126,"upper_bound":184950.4246074529},"point_estimate":184588.40694361774,"standard_error":175.82398332765896},"Median":{"confidence_interval":{"confidence_level":0.95,"lower_bound":184144.7747395833,"upper_bound":185110.18020833333},"point_estimate":184302.53020833334,"standard_error":249.0914775070884},"MedianAbsDev":{"confidence_interval":{"confidence_level":0.95,"lower_bound":38.329842444500635,"upper_bound":921.4802537793604},"point_estimate":372.3935927636907,"standard_error":243.71237078480118},"Slope":{"confidence_interval":{"confidence_level":0.95,"lower_bound":184231.38600605706,"upper_bound":185125.98893229166},"point_estimate":184627.0122564935,"standard_error":241.27706895269958},"StdDev":{"confidence_interval":{"confidence_level":0.95,"lower_bound":241.09559541097653,"upper_bound":710.2369698488774},"point_estimate":584.7919046822776,"standard_error":118.62755008757608}}