{"Mean":{"confidence_interval":{"confidence_level":0.95,"lower_bound":-0.5599583848623115,"upper_bound":-0.5515263112279154},"point_estimate":-0.5556872000796518,"standard_error":0.0021602985508369643},"Median":{"confidence_interval":{"confidence_level":0.95,"lower_bound":-0.5588566982571272,"upper_bound":-0.5488899471353006},"point_estimate":-0.5548203358850893,"standard_error":0.0026326316096899126}}