{"Mean":{"confidence_interval":{"confidence_level":0.95,"lower_bound":-0.9093207012649559,"upper_bound":-0.9079582946796189},"point_estimate":-0.9087127476160913,"standard_error":0.00032887911427765247},"Median":{"confidence_interval":{"confidence_level":0.95,"lower_bound":-0.9099527616570295,"upper_bound":-0.9089871801334991},"point_estimate":-0.9093178833120633,"standard_error":0.0002489296457901433}}