{"Mean":{"confidence_interval":{"confidence_level":0.95,"lower_bound":0.08906888058280739,"upper_bound":0.11295038180233423},"point_estimate":0.10043395681605705,"standard_error":0.006082564035750809},"Median":{"confidence_interval":{"confidence_level":0.95,"lower_bound":0.08903341843851598,"upper_bound":0.1127492908408616},"point_estimate":0.1020401972115923,"standard_error":0.006163805380123278}}