{"Mean":{"confidence_interval":{"confidence_level":0.95,"lower_bound":510311.4133767456,"upper_bound":519307.398666732},"point_estimate":514473.5547312041,"standard_error":2298.590887843855},"Median":{"confidence_interval":{"confidence_level":0.95,"lower_bound":504823.1213848721,"upper_bound":507081.7},"point_estimate":505665.6033967391,"standard_error":507.8283621496762},"MedianAbsDev":{"confidence_interval":{"confidence_level":0.95,"lower_bound":1981.2484460182682,"upper_bound":4727.263547182776},"point_estimate":3169.2178951459427,"standard_error":635.4847298951631},"Slope":{"confidence_interval":{"confidence_level":0.95,"lower_bound":509649.85794783256,"upper_bound":518169.62185788236},"point_estimate":513592.011402394,"standard_error":2174.1653032883773},"StdDev":{"confidence_interval":{"confidence_level":0.95,"lower_bound":14414.200555476931,"upper_bound":30934.959786531766},"point_estimate":23074.201510252024,"standard_error":4259.611388004978}}