{"Mean":{"confidence_interval":{"confidence_level":0.95,"lower_bound":505569.6949777375,"upper_bound":509111.3357408885},"point_estimate":507251.01338269596,"standard_error":907.5664488138343},"Median":{"confidence_interval":{"confidence_level":0.95,"lower_bound":502174.1111111111,"upper_bound":506269.5440038685},"point_estimate":504353.6371336996,"standard_error":916.393357075972},"MedianAbsDev":{"confidence_interval":{"confidence_level":0.95,"lower_bound":3215.7115237236612,"upper_bound":7294.936229677043},"point_estimate":5363.939096706543,"standard_error":950.2271637079411},"Slope":{"confidence_interval":{"confidence_level":0.95,"lower_bound":503936.4880802215,"upper_bound":506108.45298074407},"point_estimate":505000.60159302497,"standard_error":554.7320410930372},"StdDev":{"confidence_interval":{"confidence_level":0.95,"lower_bound":6849.223594148851,"upper_bound":11020.190231897937},"point_estimate":9106.313624465256,"standard_error":1062.6007782922204}}