{"Mean":{"confidence_interval":{"confidence_level":0.95,"lower_bound":0.012835712890893625,"upper_bound":0.01907178788452856},"point_estimate":0.01586139892889027,"standard_error":0.0015923881335447693},"Median":{"confidence_interval":{"confidence_level":0.95,"lower_bound":0.012620204033140903,"upper_bound":0.019850791069714546},"point_estimate":0.016462848086589155,"standard_error":0.0018412314366106442}}