{"Mean":{"confidence_interval":{"confidence_level":0.95,"lower_bound":-0.03309762636891499,"upper_bound":-0.026619108910062722},"point_estimate":-0.02958788685725211,"standard_error":0.0016641608931491822},"Median":{"confidence_interval":{"confidence_level":0.95,"lower_bound":-0.03294006154597007,"upper_bound":-0.0253729275242619},"point_estimate":-0.028798536728506297,"standard_error":0.0017084627165685322}}