{"Mean":{"confidence_interval":{"confidence_level":0.95,"lower_bound":23861.9004989868,"upper_bound":24183.398791996475},"point_estimate":24012.246408087365,"standard_error":82.11512500132513},"Median":{"confidence_interval":{"confidence_level":0.95,"lower_bound":23645.72410407462,"upper_bound":23749.772486772486},"point_estimate":23707.010136300894,"standard_error":27.601746190204334},"MedianAbsDev":{"confidence_interval":{"confidence_level":0.95,"lower_bound":118.35561259657199,"upper_bound":220.43348378097107},"point_estimate":158.8994149583112,"standard_error":26.45283114193818},"Slope":{"confidence_interval":{"confidence_level":0.95,"lower_bound":23827.629197783404,"upper_bound":24262.33288418927},"point_estimate":24028.937649165768,"standard_error":111.55266710105954},"StdDev":{"confidence_interval":{"confidence_level":0.95,"lower_bound":575.8651921767995,"upper_bound":1036.1857820727348},"point_estimate":826.7660701310402,"standard_error":117.59389437217023}}