{"Mean":{"confidence_interval":{"confidence_level":0.95,"lower_bound":24172.89830827011,"upper_bound":24300.693915654352},"point_estimate":24229.175205875184,"standard_error":32.761218391076824},"Median":{"confidence_interval":{"confidence_level":0.95,"lower_bound":24130.73382820785,"upper_bound":24179.088795731706},"point_estimate":24145.51430454845,"standard_error":14.277089017832706},"MedianAbsDev":{"confidence_interval":{"confidence_level":0.95,"lower_bound":86.09137948908479,"upper_bound":170.42039707606028},"point_estimate":128.06158394210132,"standard_error":21.724148035467508},"Slope":{"confidence_interval":{"confidence_level":0.95,"lower_bound":24124.307038078012,"upper_bound":24220.354673988488},"point_estimate":24168.573123803824,"standard_error":24.63459478514518},"StdDev":{"confidence_interval":{"confidence_level":0.95,"lower_bound":169.2667869893662,"upper_bound":494.9362155042112},"point_estimate":330.62504271918647,"standard_error":95.30364093108905}}