{"Mean":{"confidence_interval":{"confidence_level":0.95,"lower_bound":68.83805381155408,"upper_bound":69.00207880340007},"point_estimate":68.91384307243206,"standard_error":0.04175240274174671},"Median":{"confidence_interval":{"confidence_level":0.95,"lower_bound":68.76278548898344,"upper_bound":68.89166182294451},"point_estimate":68.82819632327636,"standard_error":0.0364356105740806},"MedianAbsDev":{"confidence_interval":{"confidence_level":0.95,"lower_bound":0.20955791473696314,"upper_bound":0.37746710847027615},"point_estimate":0.27268011870782116,"standard_error":0.042740871394833166},"Slope":{"confidence_interval":{"confidence_level":0.95,"lower_bound":68.87096670356597,"upper_bound":69.00903519434732},"point_estimate":68.94010826040676,"standard_error":0.03517603460499919},"StdDev":{"confidence_interval":{"confidence_level":0.95,"lower_bound":0.2716164900231005,"upper_bound":0.5851857416067913},"point_estimate":0.4191760034446543,"standard_error":0.08998858621189432}}