{"Mean":{"confidence_interval":{"confidence_level":0.95,"lower_bound":77.70896531280749,"upper_bound":77.91505686085767},"point_estimate":77.80980598331516,"standard_error":0.05299090154745367},"Median":{"confidence_interval":{"confidence_level":0.95,"lower_bound":77.6538026093506,"upper_bound":77.97408640710383},"point_estimate":77.7655500531269,"standard_error":0.10098783461786563},"MedianAbsDev":{"confidence_interval":{"confidence_level":0.95,"lower_bound":0.018314662627372705,"upper_bound":0.2883100523723518},"point_estimate":0.2300093784977741,"standard_error":0.07140845886549882},"Slope":{"confidence_interval":{"confidence_level":0.95,"lower_bound":77.64957401536235,"upper_bound":77.87085989392365},"point_estimate":77.73944867291179,"standard_error":0.05689676714321011},"StdDev":{"confidence_interval":{"confidence_level":0.95,"lower_bound":0.11259331172408588,"upper_bound":0.20997616824010357},"point_estimate":0.17660780618421879,"standard_error":0.024999856948443495}}