{"Mean":{"confidence_interval":{"confidence_level":0.95,"lower_bound":90.5855594247531,"upper_bound":91.05588853221192},"point_estimate":90.79785224415797,"standard_error":0.12101942280234328},"Median":{"confidence_interval":{"confidence_level":0.95,"lower_bound":90.35145337863345,"upper_bound":90.72987380884868},"point_estimate":90.61367976304557,"standard_error":0.09459540411942675},"MedianAbsDev":{"confidence_interval":{"confidence_level":0.95,"lower_bound":0.5510453021807756,"upper_bound":0.8717173388272259},"point_estimate":0.720768454765132,"standard_error":0.0807931636527833},"Slope":{"confidence_interval":{"confidence_level":0.95,"lower_bound":90.58880740132706,"upper_bound":90.96397162571404},"point_estimate":90.77314858324459,"standard_error":0.09603169531259183},"StdDev":{"confidence_interval":{"confidence_level":0.95,"lower_bound":0.6366106077905546,"upper_bound":1.7346855713779974},"point_estimate":1.2147270531038339,"standard_error":0.2908265439691376}}