{"Mean":{"confidence_interval":{"confidence_level":0.95,"lower_bound":33.7020333859288,"upper_bound":33.770325082993125},"point_estimate":33.73486523111706,"standard_error":0.01741129641854958},"Median":{"confidence_interval":{"confidence_level":0.95,"lower_bound":33.65294481771062,"upper_bound":33.72576973548188},"point_estimate":33.69604965461514,"standard_error":0.02149455043892362},"MedianAbsDev":{"confidence_interval":{"confidence_level":0.95,"lower_bound":0.08866136619777644,"upper_bound":0.15558507862722576},"point_estimate":0.11802791259659554,"standard_error":0.017998467276556573},"Slope":{"confidence_interval":{"confidence_level":0.95,"lower_bound":33.69512157223088,"upper_bound":33.775679696794015},"point_estimate":33.73287105403255,"standard_error":0.020609894949524574},"StdDev":{"confidence_interval":{"confidence_level":0.95,"lower_bound":0.1359997067277798,"upper_bound":0.20983027877042906},"point_estimate":0.17462634571330612,"standard_error":0.018926295652118286}}