{"Mean":{"confidence_interval":{"confidence_level":0.95,"lower_bound":241680.57408733043,"upper_bound":244381.4141711587},"point_estimate":242865.3186111479,"standard_error":697.5913298519706},"Median":{"confidence_interval":{"confidence_level":0.95,"lower_bound":241196.57406624383,"upper_bound":241995.90943396225},"point_estimate":241633.4187019448,"standard_error":205.9204632898496},"MedianAbsDev":{"confidence_interval":{"confidence_level":0.95,"lower_bound":1966.3958784228319,"upper_bound":3364.143291150532},"point_estimate":2574.4143217983915,"standard_error":379.0804660849468},"Slope":{"confidence_interval":{"confidence_level":0.95,"lower_bound":241067.50900949215,"upper_bound":242459.37411879897},"point_estimate":241757.68613388503,"standard_error":353.9440489486323},"StdDev":{"confidence_interval":{"confidence_level":0.95,"lower_bound":2995.760151080498,"upper_bound":10693.07671989372},"point_estimate":7014.394330477325,"standard_error":2115.644749012398}}