{"Mean":{"confidence_interval":{"confidence_level":0.95,"lower_bound":0.01886305047850011,"upper_bound":0.023607272815436096},"point_estimate":0.021299507010921204,"standard_error":0.0012216588735282836},"Median":{"confidence_interval":{"confidence_level":0.95,"lower_bound":0.01680325494194901,"upper_bound":0.021233961380030753},"point_estimate":0.018843169480147637,"standard_error":0.001133374205815651}}