{"Mean":{"confidence_interval":{"confidence_level":0.95,"lower_bound":0.007314518783672441,"upper_bound":0.011495622803568828},"point_estimate":0.009365299641974856,"standard_error":0.001065039397888496},"Median":{"confidence_interval":{"confidence_level":0.95,"lower_bound":0.007855064300838155,"upper_bound":0.01218014753895802},"point_estimate":0.009891067569189227,"standard_error":0.0012159341486638912}}