{"Mean":{"confidence_interval":{"confidence_level":0.95,"lower_bound":-0.01576899707310692,"upper_bound":-0.010970557128222721},"point_estimate":-0.013336828065067419,"standard_error":0.0012238528272210819},"Median":{"confidence_interval":{"confidence_level":0.95,"lower_bound":-0.013255771483992929,"upper_bound":-0.008013502641042947},"point_estimate":-0.010179510016423365,"standard_error":0.0013555162873330447}}