{"Mean":{"confidence_interval":{"confidence_level":0.95,"lower_bound":-0.02199469287289682,"upper_bound":-0.0010283459506640065},"point_estimate":-0.011074064904934677,"standard_error":0.00534777852593485},"Median":{"confidence_interval":{"confidence_level":0.95,"lower_bound":-0.02624276621980559,"upper_bound":0.0017530208260618796},"point_estimate":-0.008965691887873106,"standard_error":0.007350632670814322}}