{"Mean":{"confidence_interval":{"confidence_level":0.95,"lower_bound":557.5828150216236,"upper_bound":560.0628708175118},"point_estimate":558.6904812326007,"standard_error":0.6372389102350943},"Median":{"confidence_interval":{"confidence_level":0.95,"lower_bound":556.139151042322,"upper_bound":557.6006606299641},"point_estimate":556.5202677968816,"standard_error":0.3587427604904506},"MedianAbsDev":{"confidence_interval":{"confidence_level":0.95,"lower_bound":0.8902361592326723,"upper_bound":2.633845378170267},"point_estimate":1.5740802823185418,"standard_error":0.4274894577695027},"Slope":{"confidence_interval":{"confidence_level":0.95,"lower_bound":557.850152585688,"upper_bound":560.0457359574702},"point_estimate":558.8623320454119,"standard_error":0.5622570438612209},"StdDev":{"confidence_interval":{"confidence_level":0.95,"lower_bound":2.879918947837368,"upper_bound":9.234267125231222},"point_estimate":6.4080291044395725,"standard_error":1.6201296856560725}}