{"Mean":{"confidence_interval":{"confidence_level":0.95,"lower_bound":752.7737329239359,"upper_bound":757.5964673721659},"point_estimate":754.860815819801,"standard_error":1.251528038042202},"Median":{"confidence_interval":{"confidence_level":0.95,"lower_bound":752.1971046924426,"upper_bound":756.4938664403228},"point_estimate":753.9252407000677,"standard_error":0.8760112090664927},"MedianAbsDev":{"confidence_interval":{"confidence_level":0.95,"lower_bound":0.34728628998873906,"upper_bound":4.991087625326928},"point_estimate":1.8111074934359042,"standard_error":1.2913765090566944},"Slope":{"confidence_interval":{"confidence_level":0.95,"lower_bound":752.8606751771275,"upper_bound":761.330243514375},"point_estimate":756.9593053500724,"standard_error":2.3604689632700886},"StdDev":{"confidence_interval":{"confidence_level":0.95,"lower_bound":1.1154313253891581,"upper_bound":5.899392599179417},"point_estimate":4.165874445088456,"standard_error":1.3656182415571667}}