{"Mean":{"confidence_interval":{"confidence_level":0.95,"lower_bound":729.6848691795763,"upper_bound":733.6001254610378},"point_estimate":731.4802722802722,"standard_error":1.0006177867695123},"Median":{"confidence_interval":{"confidence_level":0.95,"lower_bound":728.5670896516565,"upper_bound":732.1155574342837},"point_estimate":730.0686641280663,"standard_error":0.9451947218864303},"MedianAbsDev":{"confidence_interval":{"confidence_level":0.95,"lower_bound":5.884767125402157,"upper_bound":9.75465047926086},"point_estimate":7.385268683354454,"standard_error":0.9938923649368672},"Slope":{"confidence_interval":{"confidence_level":0.95,"lower_bound":729.2856881466537,"upper_bound":731.860824146684},"point_estimate":730.5482593110552,"standard_error":0.6568555631363024},"StdDev":{"confidence_interval":{"confidence_level":0.95,"lower_bound":6.4144228399482275,"upper_bound":14.22485069527086},"point_estimate":10.089432092147907,"standard_error":2.2730715408232514}}