{"Mean":{"confidence_interval":{"confidence_level":0.95,"lower_bound":773.2193497341938,"upper_bound":780.0283853111732},"point_estimate":776.1399792892875,"standard_error":1.7599690644437505},"Median":{"confidence_interval":{"confidence_level":0.95,"lower_bound":771.3608725071895,"upper_bound":773.992376967806},"point_estimate":772.5521886331535,"standard_error":0.6869788032152644},"MedianAbsDev":{"confidence_interval":{"confidence_level":0.95,"lower_bound":4.227244221623278,"upper_bound":6.691542309496363},"point_estimate":5.345827551879806,"standard_error":0.611255843937466},"Slope":{"confidence_interval":{"confidence_level":0.95,"lower_bound":773.514679150154,"upper_bound":781.1461865173476},"point_estimate":776.6416731190897,"standard_error":2.0004919957617995},"StdDev":{"confidence_interval":{"confidence_level":0.95,"lower_bound":5.781619309172954,"upper_bound":26.842697611775726},"point_estimate":17.65526395532503,"standard_error":5.681012222868411}}