{"Mean":{"confidence_interval":{"confidence_level":0.95,"lower_bound":700.4641479817062,"upper_bound":702.7789023097076},"point_estimate":701.6179097873385,"standard_error":0.5956165026283097},"Median":{"confidence_interval":{"confidence_level":0.95,"lower_bound":699.6877451737452,"upper_bound":703.2420231660232},"point_estimate":701.818781025924,"standard_error":1.0596348500680937},"MedianAbsDev":{"confidence_interval":{"confidence_level":0.95,"lower_bound":0.3381129345378173,"upper_bound":3.347079429380463},"point_estimate":2.4894170152634723,"standard_error":0.7857328894972346},"Slope":{"confidence_interval":{"confidence_level":0.95,"lower_bound":699.6118431892596,"upper_bound":702.3846854187844},"point_estimate":700.9453922679637,"standard_error":0.7363088271239502},"StdDev":{"confidence_interval":{"confidence_level":0.95,"lower_bound":1.2726854346182055,"upper_bound":2.3836961045077767},"point_estimate":1.9823264279057013,"standard_error":0.287146579300366}}