{"Mean":{"confidence_interval":{"confidence_level":0.95,"lower_bound":149755.71547195743,"upper_bound":152206.6791338269},"point_estimate":150887.24566314468,"standard_error":626.8526795122665},"Median":{"confidence_interval":{"confidence_level":0.95,"lower_bound":148091.12832929782,"upper_bound":148787.9686716792},"point_estimate":148456.30264550264,"standard_error":173.3026015967801},"MedianAbsDev":{"confidence_interval":{"confidence_level":0.95,"lower_bound":663.8381236983847,"upper_bound":1537.7856634220852},"point_estimate":1106.247942164675,"standard_error":224.67153368802212},"Slope":{"confidence_interval":{"confidence_level":0.95,"lower_bound":149396.04089890793,"upper_bound":151273.01729696742},"point_estimate":150296.8038831303,"standard_error":478.3558643703277},"StdDev":{"confidence_interval":{"confidence_level":0.95,"lower_bound":3956.186832305239,"upper_bound":8246.839777516409},"point_estimate":6293.336769177009,"standard_error":1096.2434167343122}}