{"Mean":{"confidence_interval":{"confidence_level":0.95,"lower_bound":139723.1294736542,"upper_bound":141186.5492569822},"point_estimate":140379.4352703529,"standard_error":375.19779226759414},"Median":{"confidence_interval":{"confidence_level":0.95,"lower_bound":139008.50882099828,"upper_bound":139696.1036585366},"point_estimate":139415.61799636175,"standard_error":181.73282679062504},"MedianAbsDev":{"confidence_interval":{"confidence_level":0.95,"lower_bound":1533.0236806646064,"upper_bound":2522.659583216029},"point_estimate":2079.7209661716515,"standard_error":238.8998957998096},"Slope":{"confidence_interval":{"confidence_level":0.95,"lower_bound":139553.91757178569,"upper_bound":140603.23706091833},"point_estimate":140030.68734963794,"standard_error":268.12323214942944},"StdDev":{"confidence_interval":{"confidence_level":0.95,"lower_bound":2135.67422094696,"upper_bound":5510.016976991951},"point_estimate":3771.952292986216,"standard_error":981.5329975793632}}