{"Mean":{"confidence_interval":{"confidence_level":0.95,"lower_bound":151274.99720385674,"upper_bound":151836.11600550963},"point_estimate":151546.7657644628,"standard_error":143.66586575811223},"Median":{"confidence_interval":{"confidence_level":0.95,"lower_bound":151143.62148760332,"upper_bound":152155.17217630855},"point_estimate":151341.13446969696,"standard_error":281.6836093714044},"MedianAbsDev":{"confidence_interval":{"confidence_level":0.95,"lower_bound":29.408983775393875,"upper_bound":757.4656361390813},"point_estimate":399.0065047963664,"standard_error":203.25266969339947},"Slope":{"confidence_interval":{"confidence_level":0.95,"lower_bound":151221.11623494836,"upper_bound":151798.48657081244},"point_estimate":151433.80165289255,"standard_error":147.1451952501114},"StdDev":{"confidence_interval":{"confidence_level":0.95,"lower_bound":302.075638260285,"upper_bound":542.0265033332194},"point_estimate":480.3661121738563,"standard_error":64.56334555782392}}