{"Mean":{"confidence_interval":{"confidence_level":0.95,"lower_bound":0.00992711847463011,"upper_bound":0.016850293344895628},"point_estimate":0.013380581339051512,"standard_error":0.0017950269062712288},"Median":{"confidence_interval":{"confidence_level":0.95,"lower_bound":0.007969739895509642,"upper_bound":0.01587610623088475},"point_estimate":0.011868509390849935,"standard_error":0.0019681788746364025}}