{"Mean":{"confidence_interval":{"confidence_level":0.95,"lower_bound":-0.0009456951354120713,"upper_bound":0.009177286716818394},"point_estimate":0.003978984263121932,"standard_error":0.0025671505309544838},"Median":{"confidence_interval":{"confidence_level":0.95,"lower_bound":-0.003744660282432588,"upper_bound":0.007384661670098547},"point_estimate":0.0014902615978282796,"standard_error":0.0028386944518771448}}