{"Mean":{"confidence_interval":{"confidence_level":0.95,"lower_bound":116.59709465853771,"upper_bound":117.61797131265801},"point_estimate":117.07342958394834,"standard_error":0.2619728842288271},"Median":{"confidence_interval":{"confidence_level":0.95,"lower_bound":116.29406448943476,"upper_bound":117.00841318180028},"point_estimate":116.56225160315022,"standard_error":0.14781102371131433},"MedianAbsDev":{"confidence_interval":{"confidence_level":0.95,"lower_bound":0.9154943201016096,"upper_bound":1.6401993367477474},"point_estimate":1.213479338561587,"standard_error":0.17967043570469562},"Slope":{"confidence_interval":{"confidence_level":0.95,"lower_bound":116.67287212419289,"upper_bound":118.05877554369306},"point_estimate":117.29939120804735,"standard_error":0.35630168315609706},"StdDev":{"confidence_interval":{"confidence_level":0.95,"lower_bound":1.6992909845620867,"upper_bound":3.5547943598333402},"point_estimate":2.6349958470928887,"standard_error":0.48642338239986677}}