{"Mean":{"confidence_interval":{"confidence_level":0.95,"lower_bound":13882.548799249802,"upper_bound":13953.701814111806},"point_estimate":13915.7806357449,"standard_error":18.206990345339513},"Median":{"confidence_interval":{"confidence_level":0.95,"lower_bound":13837.367013888888,"upper_bound":13923.175496031745},"point_estimate":13886.016319444445,"standard_error":20.663226296288897},"MedianAbsDev":{"confidence_interval":{"confidence_level":0.95,"lower_bound":108.12625431666953,"upper_bound":184.58035308295362},"point_estimate":134.19242094042053,"standard_error":20.74976143542532},"Slope":{"confidence_interval":{"confidence_level":0.95,"lower_bound":13871.281843233168,"upper_bound":13929.92116041935},"point_estimate":13900.474110101308,"standard_error":14.987893361777779},"StdDev":{"confidence_interval":{"confidence_level":0.95,"lower_bound":123.59680916124763,"upper_bound":250.95710435087443},"point_estimate":183.33701717979807,"standard_error":35.79531528312068}}