{"Mean":{"confidence_interval":{"confidence_level":0.95,"lower_bound":8909.60961796112,"upper_bound":8984.205469959657},"point_estimate":8940.668412036388,"standard_error":19.66969541695317},"Median":{"confidence_interval":{"confidence_level":0.95,"lower_bound":8899.783681480443,"upper_bound":8959.0794692509},"point_estimate":8918.716208701342,"standard_error":16.227222039951393},"MedianAbsDev":{"confidence_interval":{"confidence_level":0.95,"lower_bound":2.7694876053973614,"upper_bound":66.73499090304725},"point_estimate":30.20079061937373,"standard_error":16.75447766541149},"Slope":{"confidence_interval":{"confidence_level":0.95,"lower_bound":8901.235170555434,"upper_bound":8932.68150356002},"point_estimate":8916.272914622179,"standard_error":8.073474594054794},"StdDev":{"confidence_interval":{"confidence_level":0.95,"lower_bound":17.33139743349755,"upper_bound":96.61298972805118},"point_estimate":65.58449901990217,"standard_error":24.460534173074524}}