{"Mean":{"confidence_interval":{"confidence_level":0.95,"lower_bound":13539.35851326216,"upper_bound":13710.389794050634},"point_estimate":13619.765721587355,"standard_error":43.73717995551635},"Median":{"confidence_interval":{"confidence_level":0.95,"lower_bound":13428.308656368406,"upper_bound":13470.284483333555},"point_estimate":13452.66395502161,"standard_error":9.496627569272658},"MedianAbsDev":{"confidence_interval":{"confidence_level":0.95,"lower_bound":45.318579704405735,"upper_bound":93.8856901168025},"point_estimate":70.5620806293519,"standard_error":12.083116427476131},"Slope":{"confidence_interval":{"confidence_level":0.95,"lower_bound":13544.486241914628,"upper_bound":13735.690139408076},"point_estimate":13634.223576057053,"standard_error":48.879085315320964},"StdDev":{"confidence_interval":{"confidence_level":0.95,"lower_bound":297.3775369464914,"upper_bound":560.0027639257155},"point_estimate":441.6659921460412,"standard_error":66.98996365289018}}