{"Mean":{"confidence_interval":{"confidence_level":0.95,"lower_bound":0.009157098233280153,"upper_bound":0.013852855943221224},"point_estimate":0.011496090006706927,"standard_error":0.001207073686441498},"Median":{"confidence_interval":{"confidence_level":0.95,"lower_bound":0.007563191346199538,"upper_bound":0.01544638854576963},"point_estimate":0.012636538920697937,"standard_error":0.002092746999069322}}