{"Mean":{"confidence_interval":{"confidence_level":0.95,"lower_bound":0.013578286959147381,"upper_bound":0.03414066041542289},"point_estimate":0.021823188986403785,"standard_error":0.005376428040064528},"Median":{"confidence_interval":{"confidence_level":0.95,"lower_bound":0.012450538510779818,"upper_bound":0.017500041692753765},"point_estimate":0.014760859791471903,"standard_error":0.0013048688988057625}}