{"Mean":{"confidence_interval":{"confidence_level":0.95,"lower_bound":-0.020660871256934367,"upper_bound":-0.0012815395069868966},"point_estimate":-0.009839800634859897,"standard_error":0.005009852540328036},"Median":{"confidence_interval":{"confidence_level":0.95,"lower_bound":-0.008464998694630299,"upper_bound":-0.002835668897029131},"point_estimate":-0.005474139961773483,"standard_error":0.0015115571503053617}}