{"Mean":{"confidence_interval":{"confidence_level":0.95,"lower_bound":-0.03008537777554749,"upper_bound":-0.020204520580663077},"point_estimate":-0.025368447867376798,"standard_error":0.0024587845273122432},"Median":{"confidence_interval":{"confidence_level":0.95,"lower_bound":-0.026899327722282984,"upper_bound":-0.021137438028936528},"point_estimate":-0.024152677478669338,"standard_error":0.001568356177233601}}