{"Mean":{"confidence_interval":{"confidence_level":0.95,"lower_bound":0.054739964293724255,"upper_bound":0.05808728299860145},"point_estimate":0.0563840061501939,"standard_error":0.0008514045550686259},"Median":{"confidence_interval":{"confidence_level":0.95,"lower_bound":0.053697184715980395,"upper_bound":0.05684699315553332},"point_estimate":0.055548681416987655,"standard_error":0.0007897401043485296}}