{"Mean":{"confidence_interval":{"confidence_level":0.95,"lower_bound":1.0009357035722102,"upper_bound":1.0087906785029344},"point_estimate":1.0048292796538103,"standard_error":0.001999461809144684},"Median":{"confidence_interval":{"confidence_level":0.95,"lower_bound":1.0008341088154444,"upper_bound":1.005896644603817},"point_estimate":1.002531334479484,"standard_error":0.0012623422500943385}}