{"Mean":{"confidence_interval":{"confidence_level":0.95,"lower_bound":-0.008397651207673235,"upper_bound":-0.0011466996412697165},"point_estimate":-0.00485598793829467,"standard_error":0.0018445306981993525},"Median":{"confidence_interval":{"confidence_level":0.95,"lower_bound":-0.006953826952152964,"upper_bound":0.0008585822701323576},"point_estimate":-0.001290644476788172,"standard_error":0.0019587702116296377}}