{"Mean":{"confidence_interval":{"confidence_level":0.95,"lower_bound":112980.23122674161,"upper_bound":113310.28131019742},"point_estimate":113139.48431314915,"standard_error":84.51354947822438},"Median":{"confidence_interval":{"confidence_level":0.95,"lower_bound":112850.71450617284,"upper_bound":113434.95953360767},"point_estimate":113103.74074074073,"standard_error":136.21811697293217},"MedianAbsDev":{"confidence_interval":{"confidence_level":0.95,"lower_bound":20.931886387652675,"upper_bound":459.3657557335173},"point_estimate":375.87684471573095,"standard_error":117.72551273296068},"Slope":{"confidence_interval":{"confidence_level":0.95,"lower_bound":112947.77942180035,"upper_bound":113416.41439424772},"point_estimate":113203.68008658009,"standard_error":116.20568173177854},"StdDev":{"confidence_interval":{"confidence_level":0.95,"lower_bound":160.24694618329843,"upper_bound":343.3000942079698},"point_estimate":282.44376348510707,"standard_error":45.722316076283306}}