{"Mean":{"confidence_interval":{"confidence_level":0.95,"lower_bound":105.03547932443158,"upper_bound":105.54394932230035},"point_estimate":105.25229484639307,"standard_error":0.1313513960436693},"Median":{"confidence_interval":{"confidence_level":0.95,"lower_bound":104.91922561394921,"upper_bound":105.095584943628},"point_estimate":105.01062468048373,"standard_error":0.043254979039612985},"MedianAbsDev":{"confidence_interval":{"confidence_level":0.95,"lower_bound":0.32007068999428545,"upper_bound":0.595683701504351},"point_estimate":0.492410591023337,"standard_error":0.06944275784138375},"Slope":{"confidence_interval":{"confidence_level":0.95,"lower_bound":104.84745964433301,"upper_bound":105.01934655318524},"point_estimate":104.93306507098588,"standard_error":0.043892069001868116},"StdDev":{"confidence_interval":{"confidence_level":0.95,"lower_bound":0.5892072231827169,"upper_bound":2.0444640345561345},"point_estimate":1.32027306830472,"standard_error":0.4467874693680635}}