{"Mean":{"confidence_interval":{"confidence_level":0.95,"lower_bound":4501.968177459812,"upper_bound":4521.023834640795},"point_estimate":4510.9263386561015,"standard_error":4.855077297014228},"Median":{"confidence_interval":{"confidence_level":0.95,"lower_bound":4491.383653044203,"upper_bound":4510.767782676039},"point_estimate":4501.720279773239,"standard_error":4.7396204242603455},"MedianAbsDev":{"confidence_interval":{"confidence_level":0.95,"lower_bound":26.18610279987308,"upper_bound":45.39946384875463},"point_estimate":33.79524129441276,"standard_error":4.962996228052409},"Slope":{"confidence_interval":{"confidence_level":0.95,"lower_bound":4497.4990111536845,"upper_bound":4511.128353771563},"point_estimate":4504.265383437974,"standard_error":3.4778465269911703},"StdDev":{"confidence_interval":{"confidence_level":0.95,"lower_bound":34.35445792974974,"upper_bound":65.36039182621089},"point_estimate":48.80720569622208,"standard_error":8.590464581352565}}