{"Mean":{"confidence_interval":{"confidence_level":0.95,"lower_bound":4679.711601215865,"upper_bound":4716.824171913376},"point_estimate":4696.137008690177,"standard_error":9.514431887649309},"Median":{"confidence_interval":{"confidence_level":0.95,"lower_bound":4657.5249529190205,"upper_bound":4685.571777862822},"point_estimate":4672.327273119392,"standard_error":6.205053613679653},"MedianAbsDev":{"confidence_interval":{"confidence_level":0.95,"lower_bound":39.41100379100047,"upper_bound":72.2069961086636},"point_estimate":56.256988702280296,"standard_error":8.667092980186315},"Slope":{"confidence_interval":{"confidence_level":0.95,"lower_bound":4663.137257806348,"upper_bound":4684.4936285495},"point_estimate":4673.209510095288,"standard_error":5.457636022648914},"StdDev":{"confidence_interval":{"confidence_level":0.95,"lower_bound":53.05765913003255,"upper_bound":142.07064333801296},"point_estimate":95.89114566979853,"standard_error":26.69936520261898}}