{"Mean":{"confidence_interval":{"confidence_level":0.95,"lower_bound":4032.5310805338727,"upper_bound":4062.1024470110506},"point_estimate":4046.9808762135126,"standard_error":7.546149088972259},"Median":{"confidence_interval":{"confidence_level":0.95,"lower_bound":4021.9812520246196,"upper_bound":4048.552738267024},"point_estimate":4036.2418181818184,"standard_error":6.4454764874651325},"MedianAbsDev":{"confidence_interval":{"confidence_level":0.95,"lower_bound":37.71684970034694,"upper_bound":71.0025078703576},"point_estimate":52.32815069545235,"standard_error":8.452995800470266},"Slope":{"confidence_interval":{"confidence_level":0.95,"lower_bound":4026.4184790923473,"upper_bound":4054.435450850533},"point_estimate":4039.9466178060998,"standard_error":7.15687745997444},"StdDev":{"confidence_interval":{"confidence_level":0.95,"lower_bound":58.16464107651084,"upper_bound":92.52312859375975},"point_estimate":76.00062648592089,"standard_error":8.795943629992518}}