{"Mean":{"confidence_interval":{"confidence_level":0.95,"lower_bound":113.66225029656076,"upper_bound":114.7742058473022},"point_estimate":114.12327491574759,"standard_error":0.2893344279939435},"Median":{"confidence_interval":{"confidence_level":0.95,"lower_bound":113.13867148926398,"upper_bound":113.6970652634413},"point_estimate":113.37471696107539,"standard_error":0.13856146299201397},"MedianAbsDev":{"confidence_interval":{"confidence_level":0.95,"lower_bound":0.8367481206203613,"upper_bound":1.5597173115875844},"point_estimate":1.214645884775678,"standard_error":0.17367439565026094},"Slope":{"confidence_interval":{"confidence_level":0.95,"lower_bound":113.02234875781905,"upper_bound":113.37115375490076},"point_estimate":113.18598299111972,"standard_error":0.089144202810413},"StdDev":{"confidence_interval":{"confidence_level":0.95,"lower_bound":1.2725511919578003,"upper_bound":4.552738972881682},"point_estimate":2.8855254900250396,"standard_error":1.081660005867972}}