{"Mean":{"confidence_interval":{"confidence_level":0.95,"lower_bound":119.6974414667142,"upper_bound":120.30031350344856},"point_estimate":119.9548790589182,"standard_error":0.15594842801685788},"Median":{"confidence_interval":{"confidence_level":0.95,"lower_bound":119.51868551510518,"upper_bound":119.79853806859644},"point_estimate":119.66017797778318,"standard_error":0.07922926124257793},"MedianAbsDev":{"confidence_interval":{"confidence_level":0.95,"lower_bound":0.5245608805621241,"upper_bound":0.8366532010183684},"point_estimate":0.6449944666552251,"standard_error":0.08010921437650455},"Slope":{"confidence_interval":{"confidence_level":0.95,"lower_bound":119.60233486748419,"upper_bound":119.83053817752328},"point_estimate":119.71399986239688,"standard_error":0.05824049427693699},"StdDev":{"confidence_interval":{"confidence_level":0.95,"lower_bound":0.6587817454527334,"upper_bound":2.4082687373860154},"point_estimate":1.559917812946206,"standard_error":0.5033179865513905}}