{"Mean":{"confidence_interval":{"confidence_level":0.95,"lower_bound":671.3018659046257,"upper_bound":683.4823638048016},"point_estimate":676.91184787333,"standard_error":3.1169409446507457},"Median":{"confidence_interval":{"confidence_level":0.95,"lower_bound":663.8245432263814,"upper_bound":665.6447054186278},"point_estimate":664.4732072143422,"standard_error":0.41738231530063336},"MedianAbsDev":{"confidence_interval":{"confidence_level":0.95,"lower_bound":2.031748292495249,"upper_bound":4.217378981198649},"point_estimate":2.7808572711714974,"standard_error":0.5177930088748198},"Slope":{"confidence_interval":{"confidence_level":0.95,"lower_bound":671.0149134957403,"upper_bound":683.00701277879},"point_estimate":676.6996057878855,"standard_error":3.0712287840352324},"StdDev":{"confidence_interval":{"confidence_level":0.95,"lower_bound":19.028253111950498,"upper_bound":41.499902269609635},"point_estimate":31.306200635697486,"standard_error":5.7161757606937}}