{"Mean":{"confidence_interval":{"confidence_level":0.95,"lower_bound":674.0257796866304,"upper_bound":678.4579392504216},"point_estimate":675.9393303530597,"standard_error":1.1453720864030752},"Median":{"confidence_interval":{"confidence_level":0.95,"lower_bound":671.6979305740988,"upper_bound":676.4045920876958},"point_estimate":673.7363560364436,"standard_error":1.1174600497056466},"MedianAbsDev":{"confidence_interval":{"confidence_level":0.95,"lower_bound":5.240330545341382,"upper_bound":8.291079537853628},"point_estimate":7.085440561951419,"standard_error":0.7616093910955516},"Slope":{"confidence_interval":{"confidence_level":0.95,"lower_bound":674.4809593211055,"upper_bound":677.3538176150795},"point_estimate":675.9014478770077,"standard_error":0.7319089351747321},"StdDev":{"confidence_interval":{"confidence_level":0.95,"lower_bound":5.781719598579031,"upper_bound":17.65253376878114},"point_estimate":11.506533552600969,"standard_error":3.7897325014024017}}