{"Mean":{"confidence_interval":{"confidence_level":0.95,"lower_bound":647.2242390110318,"upper_bound":651.9241958216024},"point_estimate":649.2240450685463,"standard_error":1.2184223283960611},"Median":{"confidence_interval":{"confidence_level":0.95,"lower_bound":645.1932261208577,"upper_bound":647.495679703593},"point_estimate":646.535118038144,"standard_error":0.5461308182685347},"MedianAbsDev":{"confidence_interval":{"confidence_level":0.95,"lower_bound":3.050120644355095,"upper_bound":5.420641188938045},"point_estimate":4.210307002793161,"standard_error":0.6021536137648991},"Slope":{"confidence_interval":{"confidence_level":0.95,"lower_bound":648.3314252752335,"upper_bound":655.7877015061961},"point_estimate":651.3071109413464,"standard_error":1.9609952024056634},"StdDev":{"confidence_interval":{"confidence_level":0.95,"lower_bound":4.582056961130732,"upper_bound":19.048985585049103},"point_estimate":12.202821779309138,"standard_error":4.114768980747672}}