{"Mean":{"confidence_interval":{"confidence_level":0.95,"lower_bound":657.1960907872148,"upper_bound":661.7206308264501},"point_estimate":659.3475284192192,"standard_error":1.1624147915713219},"Median":{"confidence_interval":{"confidence_level":0.95,"lower_bound":655.7769480872338,"upper_bound":662.5607188571705},"point_estimate":659.0965530357919,"standard_error":1.7390400453595862},"MedianAbsDev":{"confidence_interval":{"confidence_level":0.95,"lower_bound":0.29964714065537024,"upper_bound":6.556272182907343},"point_estimate":4.632212525807644,"standard_error":1.8289080233059298},"Slope":{"confidence_interval":{"confidence_level":0.95,"lower_bound":655.9705282601747,"upper_bound":659.0037239586236},"point_estimate":656.898150559772,"standard_error":0.7902458443310125},"StdDev":{"confidence_interval":{"confidence_level":0.95,"lower_bound":2.00223545961722,"upper_bound":4.831505495526826},"point_estimate":3.8698191136637035,"standard_error":0.7373797001699088}}