{"Mean":{"confidence_interval":{"confidence_level":0.95,"lower_bound":656.7924268762617,"upper_bound":673.4782921582402},"point_estimate":664.507279644539,"standard_error":4.26775972072971},"Median":{"confidence_interval":{"confidence_level":0.95,"lower_bound":646.9750340588664,"upper_bound":649.4639150817139},"point_estimate":648.3577580559256,"standard_error":0.5950648432570566},"MedianAbsDev":{"confidence_interval":{"confidence_level":0.95,"lower_bound":2.1952411042721067,"upper_bound":5.029344826111895},"point_estimate":3.801766645107659,"standard_error":0.6932116113860562},"Slope":{"confidence_interval":{"confidence_level":0.95,"lower_bound":656.5331198724094,"upper_bound":676.2794848914307},"point_estimate":665.6559339878934,"standard_error":5.069956099976599},"StdDev":{"confidence_interval":{"confidence_level":0.95,"lower_bound":26.47090421264956,"upper_bound":56.82244576366767},"point_estimate":42.91846086077649,"standard_error":7.7388028227990775}}