{"Mean":{"confidence_interval":{"confidence_level":0.95,"lower_bound":654.3041931304243,"upper_bound":658.830575693016},"point_estimate":656.244730011771,"standard_error":1.1720917725291995},"Median":{"confidence_interval":{"confidence_level":0.95,"lower_bound":652.7935145509405,"upper_bound":654.4302347999725},"point_estimate":653.6416870675706,"standard_error":0.4091545128290538},"MedianAbsDev":{"confidence_interval":{"confidence_level":0.95,"lower_bound":2.733840161505285,"upper_bound":5.596544914101246},"point_estimate":4.31295284252703,"standard_error":0.7705067523498365},"Slope":{"confidence_interval":{"confidence_level":0.95,"lower_bound":652.6656808518985,"upper_bound":653.9830244409791},"point_estimate":653.3063488880695,"standard_error":0.3350903144679367},"StdDev":{"confidence_interval":{"confidence_level":0.95,"lower_bound":4.661655230520531,"upper_bound":18.26584756681661},"point_estimate":11.789294242558736,"standard_error":3.8725363939145305}}