{"Mean":{"confidence_interval":{"confidence_level":0.95,"lower_bound":-0.002923888760440683,"upper_bound":0.0027906473320264166},"point_estimate":-0.0004466659696574782,"standard_error":0.0014611758075866552},"Median":{"confidence_interval":{"confidence_level":0.95,"lower_bound":-0.00449634192822046,"upper_bound":0.0018636370052875773},"point_estimate":-0.0014171163207125081,"standard_error":0.0014886293429684303}}