{"Mean":{"confidence_interval":{"confidence_level":0.95,"lower_bound":-0.0028464054568656137,"upper_bound":0.002664919533994014},"point_estimate":0.000029041440746446767,"standard_error":0.0014193495932780062},"Median":{"confidence_interval":{"confidence_level":0.95,"lower_bound":-0.002223516210927645,"upper_bound":0.0030112582784511677},"point_estimate":0.000548599350416179,"standard_error":0.0013528277320445207}}