{"Mean":{"confidence_interval":{"confidence_level":0.95,"lower_bound":-0.00652362335603239,"upper_bound":-0.0000585042698790768},"point_estimate":-0.0032154322857033124,"standard_error":0.0016469415350544134},"Median":{"confidence_interval":{"confidence_level":0.95,"lower_bound":-0.0060416452045699565,"upper_bound":0.00039011117852139066},"point_estimate":-0.002276401573408471,"standard_error":0.0015858304738055199}}