{"Mean":{"confidence_interval":{"confidence_level":0.95,"lower_bound":0.00338681271459852,"upper_bound":0.010007230083031175},"point_estimate":0.0065663826176252105,"standard_error":0.0016643903851486634},"Median":{"confidence_interval":{"confidence_level":0.95,"lower_bound":0.0023376341790857236,"upper_bound":0.009139360112855988},"point_estimate":0.00510722330734259,"standard_error":0.001645741468381761}}