{"Mean":{"confidence_interval":{"confidence_level":0.95,"lower_bound":-0.0138580329348821,"upper_bound":-0.005607925260734336},"point_estimate":-0.0100463347384937,"standard_error":0.0021183126733722857},"Median":{"confidence_interval":{"confidence_level":0.95,"lower_bound":-0.013510355820660847,"upper_bound":-0.0045819953307906225},"point_estimate":-0.008193938677362955,"standard_error":0.002324035004403939}}