{"Mean":{"confidence_interval":{"confidence_level":0.95,"lower_bound":0.003155479128548373,"upper_bound":0.01093304137350586},"point_estimate":0.006862356341974962,"standard_error":0.0020129537989403827},"Median":{"confidence_interval":{"confidence_level":0.95,"lower_bound":0.003807891432501437,"upper_bound":0.010155084345592202},"point_estimate":0.0066550370362110645,"standard_error":0.0015832655401538435}}