{"Mean":{"confidence_interval":{"confidence_level":0.95,"lower_bound":-0.05734847801460075,"upper_bound":-0.05203522059189743},"point_estimate":-0.054613618488912,"standard_error":0.001363760621977467},"Median":{"confidence_interval":{"confidence_level":0.95,"lower_bound":-0.05914754369378172,"upper_bound":-0.05035789432035398},"point_estimate":-0.05321274835813494,"standard_error":0.0023761946176000075}}