{"Mean":{"confidence_interval":{"confidence_level":0.95,"lower_bound":0.014827147700161414,"upper_bound":0.023593898274663908},"point_estimate":0.019428570315267457,"standard_error":0.0022536734155987077},"Median":{"confidence_interval":{"confidence_level":0.95,"lower_bound":0.013205706213235758,"upper_bound":0.022272885078088223},"point_estimate":0.0174249537679092,"standard_error":0.0023083113652146436}}