{"Mean":{"confidence_interval":{"confidence_level":0.95,"lower_bound":387929.3134715321,"upper_bound":393207.4587694099},"point_estimate":390561.9885196687,"standard_error":1353.8565809921442},"Median":{"confidence_interval":{"confidence_level":0.95,"lower_bound":386144.2826086957,"upper_bound":394821.27282608696},"point_estimate":390265.16123188403,"standard_error":2624.867926956006},"MedianAbsDev":{"confidence_interval":{"confidence_level":0.95,"lower_bound":1018.7057225665437,"upper_bound":7000.500267672764},"point_estimate":5901.461569141117,"standard_error":1669.029016754129},"Slope":{"confidence_interval":{"confidence_level":0.95,"lower_bound":390610.56048711756,"upper_bound":395326.0520574273},"point_estimate":393797.0477131564,"standard_error":1210.3923424342502},"StdDev":{"confidence_interval":{"confidence_level":0.95,"lower_bound":2989.5721693822534,"upper_bound":5212.012464164767},"point_estimate":4501.07684257618,"standard_error":572.2368096759762}}