{"Mean":{"confidence_interval":{"confidence_level":0.95,"lower_bound":413461.29039349663,"upper_bound":421692.9478205513},"point_estimate":417334.36324264476,"standard_error":2106.370738802081},"Median":{"confidence_interval":{"confidence_level":0.95,"lower_bound":409403.7037037037,"upper_bound":418576.6421812506},"point_estimate":415246.2967644085,"standard_error":2462.426641645815},"MedianAbsDev":{"confidence_interval":{"confidence_level":0.95,"lower_bound":13750.013925388466,"upper_bound":23154.78677117136},"point_estimate":19759.93884648829,"standard_error":2513.6946525289613},"Slope":{"confidence_interval":{"confidence_level":0.95,"lower_bound":415177.0598359635,"upper_bound":422318.37485225557},"point_estimate":418682.77199743857,"standard_error":1819.538715090799},"StdDev":{"confidence_interval":{"confidence_level":0.95,"lower_bound":14323.644842641144,"upper_bound":27894.311928528154},"point_estimate":21152.846608528813,"standard_error":3559.238711638117}}