{"Mean":{"confidence_interval":{"confidence_level":0.95,"lower_bound":0.012029421916719197,"upper_bound":0.017314202554887834},"point_estimate":0.01459823073516553,"standard_error":0.001353107489097794},"Median":{"confidence_interval":{"confidence_level":0.95,"lower_bound":0.011155584606900248,"upper_bound":0.01620966751926071},"point_estimate":0.013796082333125792,"standard_error":0.001297554776287599}}