{"Mean":{"confidence_interval":{"confidence_level":0.95,"lower_bound":-0.018299917081791968,"upper_bound":-0.009262519317506249},"point_estimate":-0.013785710799575912,"standard_error":0.0023064330543329245},"Median":{"confidence_interval":{"confidence_level":0.95,"lower_bound":-0.019067541466155524,"upper_bound":-0.008147301510139537},"point_estimate":-0.013182131230607075,"standard_error":0.002824912672345551}}