{"Mean":{"confidence_interval":{"confidence_level":0.95,"lower_bound":-0.018268488379077786,"upper_bound":-0.013329840657690679},"point_estimate":-0.015716598929135128,"standard_error":0.0012503045379598096},"Median":{"confidence_interval":{"confidence_level":0.95,"lower_bound":-0.0163970497038336,"upper_bound":-0.010654340987190425},"point_estimate":-0.012383818547187175,"standard_error":0.0015626470313091323}}