{"Mean":{"confidence_interval":{"confidence_level":0.95,"lower_bound":135.88853301412888,"upper_bound":136.50361216156745},"point_estimate":136.1432452167686,"standard_error":0.15933157196180914},"Median":{"confidence_interval":{"confidence_level":0.95,"lower_bound":135.59782783424708,"upper_bound":136.1157512077085},"point_estimate":135.83230955494645,"standard_error":0.1456410532312102},"MedianAbsDev":{"confidence_interval":{"confidence_level":0.95,"lower_bound":0.5315854431991616,"upper_bound":0.9675079271560875},"point_estimate":0.6910080326435558,"standard_error":0.11293722547609715},"Slope":{"confidence_interval":{"confidence_level":0.95,"lower_bound":135.85280435531533,"upper_bound":136.19316787319912},"point_estimate":136.019088269545,"standard_error":0.08719340757887728},"StdDev":{"confidence_interval":{"confidence_level":0.95,"lower_bound":0.6862916473233547,"upper_bound":2.530916597746261},"point_estimate":1.5973698931275986,"standard_error":0.6043009635769961}}