{"Mean":{"confidence_interval":{"confidence_level":0.95,"lower_bound":114.7051516707069,"upper_bound":115.33910298349429},"point_estimate":114.99126269235315,"standard_error":0.16391970131655936},"Median":{"confidence_interval":{"confidence_level":0.95,"lower_bound":114.67251225367474,"upper_bound":115.35672638707328},"point_estimate":114.81537655747746,"standard_error":0.13610840710523756},"MedianAbsDev":{"confidence_interval":{"confidence_level":0.95,"lower_bound":0.04651528795089619,"upper_bound":0.7712539308382754},"point_estimate":0.1915294148309326,"standard_error":0.18191470745996668},"Slope":{"confidence_interval":{"confidence_level":0.95,"lower_bound":114.73058917942154,"upper_bound":115.78165808785748},"point_estimate":115.34501076161459,"standard_error":0.27684420147037403},"StdDev":{"confidence_interval":{"confidence_level":0.95,"lower_bound":0.14270949938850067,"upper_bound":0.7164780565630341},"point_estimate":0.5468980554172101,"standard_error":0.1487097317012239}}