{"Mean":{"confidence_interval":{"confidence_level":0.95,"lower_bound":-0.00717775638269465,"upper_bound":-0.0003596521817876745},"point_estimate":-0.0034679143108392596,"standard_error":0.001755853173874059},"Median":{"confidence_interval":{"confidence_level":0.95,"lower_bound":-0.00585957444286811,"upper_bound":0.0007339830346222431},"point_estimate":-0.0011704685520493863,"standard_error":0.0016550893660826746}}