{"Mean":{"confidence_interval":{"confidence_level":0.95,"lower_bound":0.14882551603112543,"upper_bound":0.16154324837562994},"point_estimate":0.15493519598466854,"standard_error":0.00325927793420025},"Median":{"confidence_interval":{"confidence_level":0.95,"lower_bound":0.1477761283643384,"upper_bound":0.15505957245528235},"point_estimate":0.1506723998296995,"standard_error":0.0018069236037262782}}