{"Mean":{"confidence_interval":{"confidence_level":0.95,"lower_bound":-0.15930281458666767,"upper_bound":-0.15273696049514388},"point_estimate":-0.1559012017578909,"standard_error":0.0016743248392146277},"Median":{"confidence_interval":{"confidence_level":0.95,"lower_bound":-0.15908737892204938,"upper_bound":-0.1533002280351613},"point_estimate":-0.15534288270251795,"standard_error":0.0016151281329324415}}