{"Mean":{"confidence_interval":{"confidence_level":0.95,"lower_bound":-0.12626736058142024,"upper_bound":-0.09825748732913134},"point_estimate":-0.11459438645863751,"standard_error":0.007019480859110241},"Median":{"confidence_interval":{"confidence_level":0.95,"lower_bound":-0.12599923818339787,"upper_bound":-0.11932995913785195},"point_estimate":-0.1225650788479653,"standard_error":0.001765774858314113}}