{"Mean":{"confidence_interval":{"confidence_level":0.95,"lower_bound":-0.0017122519626969217,"upper_bound":0.0036610838075736506},"point_estimate":0.0007311525082915882,"standard_error":0.001359885549907429},"Median":{"confidence_interval":{"confidence_level":0.95,"lower_bound":-0.0013095025828342433,"upper_bound":0.0027320498137299865},"point_estimate":0.0008830069397440798,"standard_error":0.0010014955110345099}}