{"Mean":{"confidence_interval":{"confidence_level":0.95,"lower_bound":-0.015296429298222556,"upper_bound":-0.009281712740345102},"point_estimate":-0.01227366808109609,"standard_error":0.001524373759591658},"Median":{"confidence_interval":{"confidence_level":0.95,"lower_bound":-0.015370584841166705,"upper_bound":-0.008019832193953969},"point_estimate":-0.010756625853430846,"standard_error":0.0017926014863079646}}