{"Mean":{"confidence_interval":{"confidence_level":0.95,"lower_bound":0.034850462303948795,"upper_bound":0.043975764032750615},"point_estimate":0.03872095080486648,"standard_error":0.002359206978342039},"Median":{"confidence_interval":{"confidence_level":0.95,"lower_bound":0.03470452851587846,"upper_bound":0.03921648096579178},"point_estimate":0.037633588909339544,"standard_error":0.0012599091689233372}}