{"Mean":{"confidence_interval":{"confidence_level":0.95,"lower_bound":0.007443137462759641,"upper_bound":0.01421940073173957},"point_estimate":0.0108774862830876,"standard_error":0.001732758498527108},"Median":{"confidence_interval":{"confidence_level":0.95,"lower_bound":0.006080009110677631,"upper_bound":0.013907386280185952},"point_estimate":0.008876413700866337,"standard_error":0.0019001321023649886}}