{"Mean":{"confidence_interval":{"confidence_level":0.95,"lower_bound":28.456750404000058,"upper_bound":28.566096838571525},"point_estimate":28.50302884943087,"standard_error":0.028365555943867676},"Median":{"confidence_interval":{"confidence_level":0.95,"lower_bound":28.420669584574608,"upper_bound":28.45120663412861},"point_estimate":28.431427064985975,"standard_error":0.008098912157913486},"MedianAbsDev":{"confidence_interval":{"confidence_level":0.95,"lower_bound":0.04029674440975469,"upper_bound":0.08295664170453902},"point_estimate":0.057092606410039104,"standard_error":0.01042529054957275},"Slope":{"confidence_interval":{"confidence_level":0.95,"lower_bound":28.463560684796573,"upper_bound":28.561911355756745},"point_estimate":28.50765765711027,"standard_error":0.02521649212853158},"StdDev":{"confidence_interval":{"confidence_level":0.95,"lower_bound":0.10024823584538857,"upper_bound":0.4473551149570988},"point_estimate":0.28534132479035196,"standard_error":0.09889550355729725}}