{"Mean":{"confidence_interval":{"confidence_level":0.95,"lower_bound":38.14412935889357,"upper_bound":38.297295834706205},"point_estimate":38.214707685813124,"standard_error":0.03917630385453101},"Median":{"confidence_interval":{"confidence_level":0.95,"lower_bound":38.04697786624409,"upper_bound":38.17524624932202},"point_estimate":38.11928896657031,"standard_error":0.03932635819837455},"MedianAbsDev":{"confidence_interval":{"confidence_level":0.95,"lower_bound":0.1695265968225671,"upper_bound":0.2949164637346022},"point_estimate":0.2259652356878192,"standard_error":0.032643818493949164},"Slope":{"confidence_interval":{"confidence_level":0.95,"lower_bound":38.13722165111025,"upper_bound":38.29365296448765},"point_estimate":38.21451952467393,"standard_error":0.039985105263571435},"StdDev":{"confidence_interval":{"confidence_level":0.95,"lower_bound":0.2541751766068687,"upper_bound":0.5414971306805688},"point_estimate":0.39231695933008187,"standard_error":0.07893043180054413}}