{"Mean":{"confidence_interval":{"confidence_level":0.95,"lower_bound":17.187003573775016,"upper_bound":17.28312151620517},"point_estimate":17.228733222025973,"standard_error":0.025060940282577902},"Median":{"confidence_interval":{"confidence_level":0.95,"lower_bound":17.17534339723352,"upper_bound":17.260669183520502},"point_estimate":17.203765481871816,"standard_error":0.02557488955029985},"MedianAbsDev":{"confidence_interval":{"confidence_level":0.95,"lower_bound":0.0022702771617511964,"upper_bound":0.10351107745740158},"point_estimate":0.04218211361812266,"standard_error":0.0264599342824105},"Slope":{"confidence_interval":{"confidence_level":0.95,"lower_bound":17.180638085070022,"upper_bound":17.255113513472587},"point_estimate":17.22281062378389,"standard_error":0.01908542687705666},"StdDev":{"confidence_interval":{"confidence_level":0.95,"lower_bound":0.027467380057059936,"upper_bound":0.12037182210530012},"point_estimate":0.08354338531942859,"standard_error":0.027934601386329704}}