{"Mean":{"confidence_interval":{"confidence_level":0.95,"lower_bound":38.073798148933065,"upper_bound":38.213643852231954},"point_estimate":38.13579081708497,"standard_error":0.03573974564213306},"Median":{"confidence_interval":{"confidence_level":0.95,"lower_bound":37.99365963986211,"upper_bound":38.129795807746895},"point_estimate":38.05985204815069,"standard_error":0.03441490048905507},"MedianAbsDev":{"confidence_interval":{"confidence_level":0.95,"lower_bound":0.16093727180467826,"upper_bound":0.2748769120968795},"point_estimate":0.2217966742357053,"standard_error":0.031101507884063528},"Slope":{"confidence_interval":{"confidence_level":0.95,"lower_bound":38.087622903702844,"upper_bound":38.19288559170843},"point_estimate":38.13892333198761,"standard_error":0.026868586435864525},"StdDev":{"confidence_interval":{"confidence_level":0.95,"lower_bound":0.20281544424674736,"upper_bound":0.5351146117213003},"point_estimate":0.3609314079622077,"standard_error":0.10214990293473626}}