{"Mean":{"confidence_interval":{"confidence_level":0.95,"lower_bound":104.07488387736642,"upper_bound":104.3839803110299},"point_estimate":104.22466214198337,"standard_error":0.07884380631227},"Median":{"confidence_interval":{"confidence_level":0.95,"lower_bound":103.89061294402023,"upper_bound":104.14093608029583},"point_estimate":104.02223326567446,"standard_error":0.0804593136395171},"MedianAbsDev":{"confidence_interval":{"confidence_level":0.95,"lower_bound":0.46742224011422073,"upper_bound":0.8075581571413611},"point_estimate":0.6635879191700036,"standard_error":0.08915537018042136},"Slope":{"confidence_interval":{"confidence_level":0.95,"lower_bound":104.1299386159981,"upper_bound":104.52195905678025},"point_estimate":104.31372271123084,"standard_error":0.10047612731722577},"StdDev":{"confidence_interval":{"confidence_level":0.95,"lower_bound":0.6357339525542623,"upper_bound":0.9261026868892275},"point_estimate":0.7923095448179763,"standard_error":0.07417952219001289}}