{"Mean":{"confidence_interval":{"confidence_level":0.95,"lower_bound":23882611.29819283,"upper_bound":24007960.320382357},"point_estimate":23943717.043083362,"standard_error":32130.245045850068},"Median":{"confidence_interval":{"confidence_level":0.95,"lower_bound":23826079.72972973,"upper_bound":23949226.583333332},"point_estimate":23875401.606694914,"standard_error":29004.54262129931},"MedianAbsDev":{"confidence_interval":{"confidence_level":0.95,"lower_bound":201159.82151255978,"upper_bound":302397.58976084477},"point_estimate":261546.0397335541,"standard_error":25768.974468462107},"Slope":{"confidence_interval":{"confidence_level":0.95,"lower_bound":23884419.86477061,"upper_bound":24000331.579074413},"point_estimate":23939768.398208953,"standard_error":29612.51454675602},"StdDev":{"confidence_interval":{"confidence_level":0.95,"lower_bound":259917.27061126783,"upper_bound":378933.5524151844},"point_estimate":322355.088122051,"standard_error":30631.525313896862}}