{"Mean":{"confidence_interval":{"confidence_level":0.95,"lower_bound":3555.3391444857743,"upper_bound":3596.2906539399764},"point_estimate":3574.386417399309,"standard_error":10.470239855225067},"Median":{"confidence_interval":{"confidence_level":0.95,"lower_bound":3549.268260562615,"upper_bound":3571.587595828355},"point_estimate":3564.9896459446904,"standard_error":5.570674953489238},"MedianAbsDev":{"confidence_interval":{"confidence_level":0.95,"lower_bound":34.60029020339853,"upper_bound":60.337322267826366},"point_estimate":46.827035098838486,"standard_error":6.6702884075683295},"Slope":{"confidence_interval":{"confidence_level":0.95,"lower_bound":3568.516822201461,"upper_bound":3615.7423465835805},"point_estimate":3587.9674949430428,"standard_error":12.34347966284664},"StdDev":{"confidence_interval":{"confidence_level":0.95,"lower_bound":59.928793255828644,"upper_bound":145.37846547685237},"point_estimate":105.2300558060162,"standard_error":22.248727756275816}}