{"Mean":{"confidence_interval":{"confidence_level":0.95,"lower_bound":145.95052370541725,"upper_bound":146.66873693590566},"point_estimate":146.24193510761097,"standard_error":0.1873459888994127},"Median":{"confidence_interval":{"confidence_level":0.95,"lower_bound":145.76485887434492,"upper_bound":146.1374912525119},"point_estimate":145.97150209965997,"standard_error":0.08543200849558287},"MedianAbsDev":{"confidence_interval":{"confidence_level":0.95,"lower_bound":0.6028979617714892,"upper_bound":0.9608041452218733},"point_estimate":0.7934054898626393,"standard_error":0.0881309277325286},"Slope":{"confidence_interval":{"confidence_level":0.95,"lower_bound":145.91608076394644,"upper_bound":146.24801548177422},"point_estimate":146.07438021866722,"standard_error":0.08478183419092962},"StdDev":{"confidence_interval":{"confidence_level":0.95,"lower_bound":0.7156695270689403,"upper_bound":3.0221188181496745},"point_estimate":1.8805276062420602,"standard_error":0.7559168718494097}}