{"Mean":{"confidence_interval":{"confidence_level":0.95,"lower_bound":50.953502676767684,"upper_bound":52.17968989971251},"point_estimate":51.39327787516371,"standard_error":0.3611271841010967},"Median":{"confidence_interval":{"confidence_level":0.95,"lower_bound":50.905837232105334,"upper_bound":51.17200168090769},"point_estimate":51.0273347107438,"standard_error":0.11712786975744613},"MedianAbsDev":{"confidence_interval":{"confidence_level":0.95,"lower_bound":0.025627512754158265,"upper_bound":0.3331946667698669},"point_estimate":0.1885327623903762,"standard_error":0.12698177665516439},"Slope":{"confidence_interval":{"confidence_level":0.95,"lower_bound":50.924769504466425,"upper_bound":52.70007066619713},"point_estimate":51.4877206564272,"standard_error":0.4969836148883856},"StdDev":{"confidence_interval":{"confidence_level":0.95,"lower_bound":0.09549688018015978,"upper_bound":1.8542675644026425},"point_estimate":1.2068632586794685,"standard_error":0.6334889375842468}}