{"Mean":{"confidence_interval":{"confidence_level":0.95,"lower_bound":31.637176040130885,"upper_bound":31.9289513046297},"point_estimate":31.759448028368357,"standard_error":0.07538298682135275},"Median":{"confidence_interval":{"confidence_level":0.95,"lower_bound":31.561948064288096,"upper_bound":31.64870732294305},"point_estimate":31.590944199813585,"standard_error":0.025907446046211025},"MedianAbsDev":{"confidence_interval":{"confidence_level":0.95,"lower_bound":0.17148781161606305,"upper_bound":0.2866500973730383},"point_estimate":0.22376382327655664,"standard_error":0.028971531013437572},"Slope":{"confidence_interval":{"confidence_level":0.95,"lower_bound":31.609100553471063,"upper_bound":31.891237241532686},"point_estimate":31.72882975201117,"standard_error":0.07272514892246651},"StdDev":{"confidence_interval":{"confidence_level":0.95,"lower_bound":0.2587534430085372,"upper_bound":1.1921108656929094},"point_estimate":0.7559186942235371,"standard_error":0.26058512100558257}}