{"Mean":{"confidence_interval":{"confidence_level":0.95,"lower_bound":30343.059055500988,"upper_bound":30598.799487499997},"point_estimate":30452.716674007934,"standard_error":66.54319897290587},"Median":{"confidence_interval":{"confidence_level":0.95,"lower_bound":30313.956944444446,"upper_bound":30535.29638888889},"point_estimate":30376.2353125,"standard_error":48.68890111308734},"MedianAbsDev":{"confidence_interval":{"confidence_level":0.95,"lower_bound":11.305339590958445,"upper_bound":247.99328857224182},"point_estimate":103.6392464308696,"standard_error":61.125269167247495},"Slope":{"confidence_interval":{"confidence_level":0.95,"lower_bound":30342.612983539093,"upper_bound":30557.841118105345},"point_estimate":30437.626696969695,"standard_error":59.137385293673326},"StdDev":{"confidence_interval":{"confidence_level":0.95,"lower_bound":42.06091586813723,"upper_bound":313.8260300671669},"point_estimate":222.31539773719157,"standard_error":75.20757587502544}}