{"Mean":{"confidence_interval":{"confidence_level":0.95,"lower_bound":48536.74664826156,"upper_bound":49999.57719986998},"point_estimate":49216.95564345426,"standard_error":373.7953964081992},"Median":{"confidence_interval":{"confidence_level":0.95,"lower_bound":47761.29079365079,"upper_bound":47871.28132779531},"point_estimate":47797.742150706435,"standard_error":29.0644389222842},"MedianAbsDev":{"confidence_interval":{"confidence_level":0.95,"lower_bound":187.22280336343633,"upper_bound":341.59385578959814},"point_estimate":236.63490184849533,"standard_error":40.04034705604218},"Slope":{"confidence_interval":{"confidence_level":0.95,"lower_bound":48762.245062949296,"upper_bound":51139.44944319652},"point_estimate":49852.16991210848,"standard_error":608.6346574844845},"StdDev":{"confidence_interval":{"confidence_level":0.95,"lower_bound":2468.917868253266,"upper_bound":4779.925588018348},"point_estimate":3754.3465215492956,"standard_error":587.5043056235851}}