{"Mean":{"confidence_interval":{"confidence_level":0.95,"lower_bound":31716.890876148704,"upper_bound":31889.28559358814},"point_estimate":31790.283863756613,"standard_error":44.842181097292226},"Median":{"confidence_interval":{"confidence_level":0.95,"lower_bound":31690.64760233918,"upper_bound":31838.685745614035},"point_estimate":31738.14736842105,"standard_error":50.64865417878818},"MedianAbsDev":{"confidence_interval":{"confidence_level":0.95,"lower_bound":4.1240803478359656,"upper_bound":195.04261432238997},"point_estimate":83.00888676313652,"standard_error":52.38500708932472},"Slope":{"confidence_interval":{"confidence_level":0.95,"lower_bound":31703.78906960554,"upper_bound":31998.151924402075},"point_estimate":31862.58468443837,"standard_error":73.58190808845616},"StdDev":{"confidence_interval":{"confidence_level":0.95,"lower_bound":52.45964663776165,"upper_bound":216.29703954832783},"point_estimate":148.74082462785404,"standard_error":50.48794271458851}}