{"Mean":{"confidence_interval":{"confidence_level":0.95,"lower_bound":52009.95009008056,"upper_bound":52358.07751685655},"point_estimate":52152.967695186024,"standard_error":90.97876620709738},"Median":{"confidence_interval":{"confidence_level":0.95,"lower_bound":51840.69736842105,"upper_bound":52092.687623993465},"point_estimate":51922.11159157675,"standard_error":73.78687320197137},"MedianAbsDev":{"confidence_interval":{"confidence_level":0.95,"lower_bound":261.7108670466853,"upper_bound":522.8392688340341},"point_estimate":349.2778661914183,"standard_error":75.75041460450693},"Slope":{"confidence_interval":{"confidence_level":0.95,"lower_bound":51992.398179091506,"upper_bound":52160.712371459966},"point_estimate":52075.110885800284,"standard_error":42.9100483409539},"StdDev":{"confidence_interval":{"confidence_level":0.95,"lower_bound":364.4971030239558,"upper_bound":1477.0748681631617},"point_estimate":921.2404033469084,"standard_error":367.0355066957262}}