{"Mean":{"confidence_interval":{"confidence_level":0.95,"lower_bound":-0.0011730689209978676,"upper_bound":0.008927817332435854},"point_estimate":0.004127040569441798,"standard_error":0.0025776246388767303},"Median":{"confidence_interval":{"confidence_level":0.95,"lower_bound":-0.00048085639360773147,"upper_bound":0.00949686270331318},"point_estimate":0.005517347766720748,"standard_error":0.00258400274725411}}