{"Mean":{"confidence_interval":{"confidence_level":0.95,"lower_bound":-0.018124289449728402,"upper_bound":-0.008548392699363996},"point_estimate":-0.013558770525204156,"standard_error":0.002449800742338818},"Median":{"confidence_interval":{"confidence_level":0.95,"lower_bound":-0.02036662558469271,"upper_bound":-0.008583835556805197},"point_estimate":-0.015889663095177364,"standard_error":0.0030122093931483195}}