{"Mean":{"confidence_interval":{"confidence_level":0.95,"lower_bound":0.011439824638575336,"upper_bound":0.020108066072998663},"point_estimate":0.015289052507517775,"standard_error":0.0021634667389928775},"Median":{"confidence_interval":{"confidence_level":0.95,"lower_bound":0.010336162619420497,"upper_bound":0.015381937622955075},"point_estimate":0.012614654826464955,"standard_error":0.0012418866471308235}}