{"Mean":{"confidence_interval":{"confidence_level":0.95,"lower_bound":0.010361949879400556,"upper_bound":0.01603715304506274},"point_estimate":0.013508674709234114,"standard_error":0.0014521640800512626},"Median":{"confidence_interval":{"confidence_level":0.95,"lower_bound":0.011204364403791356,"upper_bound":0.015724380162121854},"point_estimate":0.014100652096720179,"standard_error":0.0009938584602968517}}