{"Mean":{"confidence_interval":{"confidence_level":0.95,"lower_bound":520366.3701759274,"upper_bound":524006.0133443503},"point_estimate":522139.6001720156,"standard_error":930.5503386712562},"Median":{"confidence_interval":{"confidence_level":0.95,"lower_bound":517863.9393939394,"upper_bound":521502.18588873814},"point_estimate":519746.33308131725,"standard_error":910.2361136472849},"MedianAbsDev":{"confidence_interval":{"confidence_level":0.95,"lower_bound":5938.968635643305,"upper_bound":9792.052338922276},"point_estimate":7871.667147567984,"standard_error":1005.6035637996912},"Slope":{"confidence_interval":{"confidence_level":0.95,"lower_bound":518679.6492901861,"upper_bound":522381.68961398676},"point_estimate":520493.58644451015,"standard_error":943.9835999501787},"StdDev":{"confidence_interval":{"confidence_level":0.95,"lower_bound":7487.6158356592005,"upper_bound":11016.832487649846},"point_estimate":9341.798971072601,"standard_error":902.3666528341287}}