{"Mean":{"confidence_interval":{"confidence_level":0.95,"lower_bound":504340.9575814794,"upper_bound":509471.874095755},"point_estimate":506818.9979360397,"standard_error":1308.0700902342583},"Median":{"confidence_interval":{"confidence_level":0.95,"lower_bound":501640.8020833333,"upper_bound":507573.4492063492},"point_estimate":504820.7073595505,"standard_error":1325.1473097146693},"MedianAbsDev":{"confidence_interval":{"confidence_level":0.95,"lower_bound":8063.028136739016,"upper_bound":13782.090567907633},"point_estimate":9957.600807522671,"standard_error":1426.689488745223},"Slope":{"confidence_interval":{"confidence_level":0.95,"lower_bound":499674.7734277414,"upper_bound":504055.7505170689},"point_estimate":501891.7594798286,"standard_error":1118.856853915894},"StdDev":{"confidence_interval":{"confidence_level":0.95,"lower_bound":10272.059562555383,"upper_bound":16333.62357750848},"point_estimate":13123.657006109315,"standard_error":1595.7316190281792}}