{"Mean":{"confidence_interval":{"confidence_level":0.95,"lower_bound":512604.5929523809,"upper_bound":520039.81191530614},"point_estimate":515972.24911564623,"standard_error":1917.044662582723},"Median":{"confidence_interval":{"confidence_level":0.95,"lower_bound":512149.73571428575,"upper_bound":520726.6876190476},"point_estimate":512810.112244898,"standard_error":2044.355999371768},"MedianAbsDev":{"confidence_interval":{"confidence_level":0.95,"lower_bound":64.95603313253055,"upper_bound":9225.60612221272},"point_estimate":3323.477795282198,"standard_error":2469.885793743835},"Slope":{"confidence_interval":{"confidence_level":0.95,"lower_bound":512994.11936474516,"upper_bound":518588.9882205514},"point_estimate":515305.77454545454,"standard_error":1408.8195762576865},"StdDev":{"confidence_interval":{"confidence_level":0.95,"lower_bound":1978.3902588658377,"upper_bound":8369.025550540851},"point_estimate":6380.468511575272,"standard_error":1694.894531355099}}