{"Mean":{"confidence_interval":{"confidence_level":0.95,"lower_bound":211.02399790447467,"upper_bound":212.01457367267554},"point_estimate":211.46652267374483,"standard_error":0.25455643958049895},"Median":{"confidence_interval":{"confidence_level":0.95,"lower_bound":210.44417480224524,"upper_bound":210.9180242612597},"point_estimate":210.76081734197737,"standard_error":0.10147852916993552},"MedianAbsDev":{"confidence_interval":{"confidence_level":0.95,"lower_bound":0.7062235686577546,"upper_bound":1.3111711832685875},"point_estimate":1.0750599226504949,"standard_error":0.1614850603462115},"Slope":{"confidence_interval":{"confidence_level":0.95,"lower_bound":211.04490006222846,"upper_bound":211.84384904985865},"point_estimate":211.4154564989914,"standard_error":0.2043589954172361},"StdDev":{"confidence_interval":{"confidence_level":0.95,"lower_bound":1.3810757099469582,"upper_bound":3.740719316894602},"point_estimate":2.5526527794090677,"standard_error":0.6625781286844021}}