{"Mean":{"confidence_interval":{"confidence_level":0.95,"lower_bound":235.77561281678865,"upper_bound":237.29239965551636},"point_estimate":236.38418880301938,"standard_error":0.3977314563502335},"Median":{"confidence_interval":{"confidence_level":0.95,"lower_bound":235.33771182383916,"upper_bound":236.21437220172893},"point_estimate":235.7906930027402,"standard_error":0.24108011264700024},"MedianAbsDev":{"confidence_interval":{"confidence_level":0.95,"lower_bound":1.283018351619988,"upper_bound":2.026139049368891},"point_estimate":1.6959942997129658,"standard_error":0.1923022831150847},"Slope":{"confidence_interval":{"confidence_level":0.95,"lower_bound":235.82417379616535,"upper_bound":236.5360575019131},"point_estimate":236.17712453920814,"standard_error":0.18180531869136354},"StdDev":{"confidence_interval":{"confidence_level":0.95,"lower_bound":1.4269346197650101,"upper_bound":6.4903206752345435},"point_estimate":4.005656568860053,"standard_error":1.6662811659582255}}