{"Mean":{"confidence_interval":{"confidence_level":0.95,"lower_bound":-0.8581487996607061,"upper_bound":-0.8565062625068893},"point_estimate":-0.8573228885315438,"standard_error":0.0004181593838619506},"Median":{"confidence_interval":{"confidence_level":0.95,"lower_bound":-0.8578361512988874,"upper_bound":-0.8566592961222064},"point_estimate":-0.8570682006849863,"standard_error":0.0002998230120253677}}