{"Mean":{"confidence_interval":{"confidence_level":0.95,"lower_bound":-0.012895607981268434,"upper_bound":-0.007836840841652188},"point_estimate":-0.010422204652600131,"standard_error":0.0012860507696896872},"Median":{"confidence_interval":{"confidence_level":0.95,"lower_bound":-0.01330046562249676,"upper_bound":-0.006839301544946608},"point_estimate":-0.009716040543791271,"standard_error":0.001519368363125478}}