{"Mean":{"confidence_interval":{"confidence_level":0.95,"lower_bound":0.05486876455107063,"upper_bound":0.06482750444590114},"point_estimate":0.05970363455474459,"standard_error":0.0024994552313288743},"Median":{"confidence_interval":{"confidence_level":0.95,"lower_bound":0.052474306824042444,"upper_bound":0.06110094774470176},"point_estimate":0.05515251846396274,"standard_error":0.0022309644034527623}}