{"Mean":{"confidence_interval":{"confidence_level":0.95,"lower_bound":0.031495310348638346,"upper_bound":0.0376147845396473},"point_estimate":0.03456716173095353,"standard_error":0.0015584582891272243},"Median":{"confidence_interval":{"confidence_level":0.95,"lower_bound":0.02834610087455869,"upper_bound":0.03392181378686823},"point_estimate":0.03060110196507848,"standard_error":0.0014486428330228922}}