{"Mean":{"confidence_interval":{"confidence_level":0.95,"lower_bound":-0.010947140047537387,"upper_bound":0.0021757610360382197},"point_estimate":-0.004404402304673871,"standard_error":0.003351714164981409},"Median":{"confidence_interval":{"confidence_level":0.95,"lower_bound":-0.01117583207136763,"upper_bound":0.0003263479230271796},"point_estimate":-0.005569277285617735,"standard_error":0.002888681081378547}}