{"Mean":{"confidence_interval":{"confidence_level":0.95,"lower_bound":-0.010076600922828093,"upper_bound":-0.005746251413035671},"point_estimate":-0.007884679627043645,"standard_error":0.001111803210282733},"Median":{"confidence_interval":{"confidence_level":0.95,"lower_bound":-0.011247662583717677,"upper_bound":-0.006130331661749321},"point_estimate":-0.008432999479718761,"standard_error":0.0013404424091068552}}