{"Mean":{"confidence_interval":{"confidence_level":0.95,"lower_bound":188199.72609159662,"upper_bound":189149.98304268997},"point_estimate":188646.10723502893,"standard_error":243.01226728108904},"Median":{"confidence_interval":{"confidence_level":0.95,"lower_bound":187592.54734848486,"upper_bound":188704.61666666667},"point_estimate":188119.6316310016,"standard_error":307.8187705808376},"MedianAbsDev":{"confidence_interval":{"confidence_level":0.95,"lower_bound":1526.052423854611,"upper_bound":2496.3951120409224},"point_estimate":2003.9953294308073,"standard_error":245.3285249003814},"Slope":{"confidence_interval":{"confidence_level":0.95,"lower_bound":188123.8084852739,"upper_bound":188796.68780589532},"point_estimate":188451.27551450668,"standard_error":172.38272781699953},"StdDev":{"confidence_interval":{"confidence_level":0.95,"lower_bound":1738.655894726749,"upper_bound":3221.1451913679502},"point_estimate":2437.773144928532,"standard_error":402.8110287136169}}