{"Mean":{"confidence_interval":{"confidence_level":0.95,"lower_bound":147312.5520414452,"upper_bound":149838.54744546654},"point_estimate":148463.26237055144,"standard_error":645.5825930239024},"Median":{"confidence_interval":{"confidence_level":0.95,"lower_bound":145917.53864027536,"upper_bound":146600.60595238095},"point_estimate":146195.8723577878,"standard_error":154.649924334904},"MedianAbsDev":{"confidence_interval":{"confidence_level":0.95,"lower_bound":631.2153061686948,"upper_bound":1428.533286569364},"point_estimate":983.1145405196386,"standard_error":189.48329718799135},"Slope":{"confidence_interval":{"confidence_level":0.95,"lower_bound":147242.43664549777,"upper_bound":149940.85315047062},"point_estimate":148474.42879055924,"standard_error":693.0878367955746},"StdDev":{"confidence_interval":{"confidence_level":0.95,"lower_bound":3809.759080423568,"upper_bound":8950.118279415223},"point_estimate":6520.822808286744,"standard_error":1327.1813892157918}}