{"Mean":{"confidence_interval":{"confidence_level":0.95,"lower_bound":96401.87792809076,"upper_bound":96785.03034123032},"point_estimate":96565.16260414783,"standard_error":98.93730889127927},"Median":{"confidence_interval":{"confidence_level":0.95,"lower_bound":96244.63375296304,"upper_bound":96437.66666666667},"point_estimate":96307.06327561327,"standard_error":52.91613234002302},"MedianAbsDev":{"confidence_interval":{"confidence_level":0.95,"lower_bound":161.56715430927034,"upper_bound":383.9038109254024},"point_estimate":237.0940581455177,"standard_error":55.96625212706027},"Slope":{"confidence_interval":{"confidence_level":0.95,"lower_bound":96449.44995451796,"upper_bound":96732.61801834575},"point_estimate":96580.30519042948,"standard_error":72.15168765931894},"StdDev":{"confidence_interval":{"confidence_level":0.95,"lower_bound":360.089619305773,"upper_bound":1537.3355445928148},"point_estimate":990.2702985552853,"standard_error":319.77145916167734}}