{"Mean":{"confidence_interval":{"confidence_level":0.95,"lower_bound":-0.008044683748276785,"upper_bound":-0.004173665038840957},"point_estimate":-0.006155005712060624,"standard_error":0.000984223333215271},"Median":{"confidence_interval":{"confidence_level":0.95,"lower_bound":-0.009143156553745313,"upper_bound":-0.002958094634049946},"point_estimate":-0.005914776363737273,"standard_error":0.0016916290192158481}}