{"Mean":{"confidence_interval":{"confidence_level":0.95,"lower_bound":-0.019921982338499542,"upper_bound":-0.010770641689542308},"point_estimate":-0.015543077166330743,"standard_error":0.002309043291570965},"Median":{"confidence_interval":{"confidence_level":0.95,"lower_bound":-0.019158352206956608,"upper_bound":-0.012326668326311019},"point_estimate":-0.015807287024250605,"standard_error":0.0017677502099131583}}