{"Mean":{"confidence_interval":{"confidence_level":0.95,"lower_bound":0.01857232322742163,"upper_bound":0.029118333782110612},"point_estimate":0.02421944559521161,"standard_error":0.002703043584710096},"Median":{"confidence_interval":{"confidence_level":0.95,"lower_bound":0.02261093182603324,"upper_bound":0.032492867908067685},"point_estimate":0.02674481307032517,"standard_error":0.002616971312559249}}