{"Mean":{"confidence_interval":{"confidence_level":0.95,"lower_bound":-0.013485301584861166,"upper_bound":-0.0017141267141957883},"point_estimate":-0.008115654964876873,"standard_error":0.003002078831977289},"Median":{"confidence_interval":{"confidence_level":0.95,"lower_bound":-0.013078838227063017,"upper_bound":-0.00536907017562294},"point_estimate":-0.008302118393749502,"standard_error":0.0020363877180986207}}