{"Mean":{"confidence_interval":{"confidence_level":0.95,"lower_bound":137.8742902524222,"upper_bound":138.92870037392538},"point_estimate":138.27627838951378,"standard_error":0.28684741289139676},"Median":{"confidence_interval":{"confidence_level":0.95,"lower_bound":137.54090142428785,"upper_bound":138.12555166552306},"point_estimate":137.71935562371215,"standard_error":0.1504471569949151},"MedianAbsDev":{"confidence_interval":{"confidence_level":0.95,"lower_bound":0.49258102308029283,"upper_bound":0.9346771631239509},"point_estimate":0.6891208049240427,"standard_error":0.10411329915431965},"Slope":{"confidence_interval":{"confidence_level":0.95,"lower_bound":137.95967032969332,"upper_bound":138.36492464864108},"point_estimate":138.16036097092027,"standard_error":0.10336125779541726},"StdDev":{"confidence_interval":{"confidence_level":0.95,"lower_bound":0.7476853685619292,"upper_bound":4.816000191969763},"point_estimate":2.8880118503675076,"standard_error":1.3938284214996595}}