{"Mean":{"confidence_interval":{"confidence_level":0.95,"lower_bound":134.96490493162753,"upper_bound":135.50434450270168},"point_estimate":135.21557995145238,"standard_error":0.1379858608719396},"Median":{"confidence_interval":{"confidence_level":0.95,"lower_bound":134.76329708674612,"upper_bound":135.15403792663318},"point_estimate":135.03326283119003,"standard_error":0.0953960099108175},"MedianAbsDev":{"confidence_interval":{"confidence_level":0.95,"lower_bound":0.5571260723437726,"upper_bound":0.8752864250684418},"point_estimate":0.7051295047205484,"standard_error":0.08143446675718741},"Slope":{"confidence_interval":{"confidence_level":0.95,"lower_bound":134.87390512402663,"upper_bound":135.3961362614334},"point_estimate":135.1152724730036,"standard_error":0.1335093450813982},"StdDev":{"confidence_interval":{"confidence_level":0.95,"lower_bound":0.8565089966371893,"upper_bound":1.850876792226501},"point_estimate":1.3832034352415417,"standard_error":0.25462522521602976}}