{"Mean":{"confidence_interval":{"confidence_level":0.95,"lower_bound":-0.003957454824729822,"upper_bound":0.004372629017967616},"point_estimate":0.00047046543359452464,"standard_error":0.0021231325613365517},"Median":{"confidence_interval":{"confidence_level":0.95,"lower_bound":0.0012359021755857093,"upper_bound":0.006495576796450742},"point_estimate":0.004025134995340185,"standard_error":0.0013399467108526767}}