{"Mean":{"confidence_interval":{"confidence_level":0.95,"lower_bound":-0.013562259856090414,"upper_bound":-0.006448529128896992},"point_estimate":-0.009739363428372227,"standard_error":0.0018241077665781852},"Median":{"confidence_interval":{"confidence_level":0.95,"lower_bound":-0.013241626555623331,"upper_bound":-0.004193289807928324},"point_estimate":-0.008263280903669123,"standard_error":0.0023335597726303983}}