{"Mean":{"confidence_interval":{"confidence_level":0.95,"lower_bound":-0.0198899604793325,"upper_bound":-0.008821398408914416},"point_estimate":-0.01451540606022761,"standard_error":0.0028078527703001887},"Median":{"confidence_interval":{"confidence_level":0.95,"lower_bound":-0.018079192463639534,"upper_bound":-0.008234246502949794},"point_estimate":-0.012746756076838839,"standard_error":0.0024994520126458367}}