{"Mean":{"confidence_interval":{"confidence_level":0.95,"lower_bound":0.0062633322510279536,"upper_bound":0.015957189003680136},"point_estimate":0.01066168946652124,"standard_error":0.002385103397857903},"Median":{"confidence_interval":{"confidence_level":0.95,"lower_bound":0.0031635180876459223,"upper_bound":0.0122236594863583},"point_estimate":0.007117896121717093,"standard_error":0.0021944519434865853}}