{"Mean":{"confidence_interval":{"confidence_level":0.95,"lower_bound":363405.2040555556,"upper_bound":366547.5990777778},"point_estimate":364693.6526873016,"standard_error":831.2114548851775},"Median":{"confidence_interval":{"confidence_level":0.95,"lower_bound":363158.2988888889,"upper_bound":365153.35142857145},"point_estimate":364032.7708333333,"standard_error":662.3514845933865},"MedianAbsDev":{"confidence_interval":{"confidence_level":0.95,"lower_bound":148.29903916713596,"upper_bound":2627.5542531516267},"point_estimate":1304.5824651389964,"standard_error":650.3971939980381},"Slope":{"confidence_interval":{"confidence_level":0.95,"lower_bound":362938.2229857808,"upper_bound":364849.4637681701},"point_estimate":363934.93324675324,"standard_error":496.8630885552853},"StdDev":{"confidence_interval":{"confidence_level":0.95,"lower_bound":774.2721983567021,"upper_bound":4157.567944890193},"point_estimate":2775.5631780414838,"standard_error":1099.229704243383}}