{"Mean":{"confidence_interval":{"confidence_level":0.95,"lower_bound":158449.54159881914,"upper_bound":159988.67976448018},"point_estimate":159178.95795743028,"standard_error":392.43348740429315},"Median":{"confidence_interval":{"confidence_level":0.95,"lower_bound":157697.8443877551,"upper_bound":158628.2142857143},"point_estimate":158070.47354497353,"standard_error":227.42319044824708},"MedianAbsDev":{"confidence_interval":{"confidence_level":0.95,"lower_bound":2097.2006453988292,"upper_bound":3572.878622691662},"point_estimate":2980.706019664859,"standard_error":367.53828995205475},"Slope":{"confidence_interval":{"confidence_level":0.95,"lower_bound":158227.23111124343,"upper_bound":159606.96086082057},"point_estimate":158894.04505309378,"standard_error":351.6275497895949},"StdDev":{"confidence_interval":{"confidence_level":0.95,"lower_bound":2856.6244770310573,"upper_bound":4945.786541993655},"point_estimate":3942.3879049973175,"standard_error":536.334390677305}}