{"Mean":{"confidence_interval":{"confidence_level":0.95,"lower_bound":13718.029156401448,"upper_bound":13794.54710828522},"point_estimate":13752.309405945274,"standard_error":19.655750875007403},"Median":{"confidence_interval":{"confidence_level":0.95,"lower_bound":13682.346634901727,"upper_bound":13709.132491438357},"point_estimate":13692.04268569118,"standard_error":6.420817120031455},"MedianAbsDev":{"confidence_interval":{"confidence_level":0.95,"lower_bound":39.450083007703554,"upper_bound":82.71313399427738},"point_estimate":58.16357895121561,"standard_error":11.625279992403577},"Slope":{"confidence_interval":{"confidence_level":0.95,"lower_bound":13686.378636863405,"upper_bound":13736.356652846325},"point_estimate":13708.912518284746,"standard_error":12.810517436495473},"StdDev":{"confidence_interval":{"confidence_level":0.95,"lower_bound":104.85532865756996,"upper_bound":287.8813845313629},"point_estimate":196.9755327244819,"standard_error":49.777866009790685}}