{"Mean":{"confidence_interval":{"confidence_level":0.95,"lower_bound":0.017942650589093063,"upper_bound":0.037542877887960145},"point_estimate":0.025216485235074693,"standard_error":0.005019123984676327},"Median":{"confidence_interval":{"confidence_level":0.95,"lower_bound":0.015733846821189168,"upper_bound":0.02039819052841141},"point_estimate":0.01775350129224096,"standard_error":0.0011948429554595693}}