{"Mean":{"confidence_interval":{"confidence_level":0.95,"lower_bound":-0.018557101518037293,"upper_bound":-0.014862997564818809},"point_estimate":-0.016790478114988017,"standard_error":0.0009497603674934859},"Median":{"confidence_interval":{"confidence_level":0.95,"lower_bound":-0.01938628555883004,"upper_bound":-0.014485142619835134},"point_estimate":-0.01721913029004085,"standard_error":0.0011413922902701816}}