{"Mean":{"confidence_interval":{"confidence_level":0.95,"lower_bound":-0.0384439642972915,"upper_bound":0.029654077834866798},"point_estimate":-0.006155807415572867,"standard_error":0.017263261443444422},"Median":{"confidence_interval":{"confidence_level":0.95,"lower_bound":-0.044085108949425966,"upper_bound":-0.03847792934802863},"point_estimate":-0.0415289128013121,"standard_error":0.0014347118004350418}}