{"Mean":{"confidence_interval":{"confidence_level":0.95,"lower_bound":332050.4319931553,"upper_bound":337899.7218313622},"point_estimate":334744.7154040283,"standard_error":1496.3824632496496},"Median":{"confidence_interval":{"confidence_level":0.95,"lower_bound":328643.39107492834,"upper_bound":329709.9743589744},"point_estimate":329257.5747346886,"standard_error":278.2340517206186},"MedianAbsDev":{"confidence_interval":{"confidence_level":0.95,"lower_bound":1458.863519414991,"upper_bound":2790.2073326708582},"point_estimate":2192.187253682871,"standard_error":343.889076502873},"Slope":{"confidence_interval":{"confidence_level":0.95,"lower_bound":332279.9311575016,"upper_bound":338535.46980238147},"point_estimate":335156.93551844737,"standard_error":1597.4200929061778},"StdDev":{"confidence_interval":{"confidence_level":0.95,"lower_bound":9355.841142874217,"upper_bound":20137.916299329354},"point_estimate":15108.415435713176,"standard_error":2764.233167495371}}