{"Mean":{"confidence_interval":{"confidence_level":0.95,"lower_bound":332933.77404597314,"upper_bound":334825.3988895772},"point_estimate":333785.4894378932,"standard_error":484.46738124707736},"Median":{"confidence_interval":{"confidence_level":0.95,"lower_bound":332028.829787234,"upper_bound":333686.5737704918},"point_estimate":332501.5869281046,"standard_error":420.93508751244906},"MedianAbsDev":{"confidence_interval":{"confidence_level":0.95,"lower_bound":2382.713736828749,"upper_bound":3825.3611275321923},"point_estimate":3143.227257529882,"standard_error":350.3167651018522},"Slope":{"confidence_interval":{"confidence_level":0.95,"lower_bound":331992.5177342977,"upper_bound":333011.6989104334},"point_estimate":332484.68756317423,"standard_error":259.3136353864953},"StdDev":{"confidence_interval":{"confidence_level":0.95,"lower_bound":2800.777296294464,"upper_bound":7110.891107647576},"point_estimate":4873.778876335992,"standard_error":1272.059490781805}}