{"Mean":{"confidence_interval":{"confidence_level":0.95,"lower_bound":335976.4581343364,"upper_bound":337889.20759841125},"point_estimate":336870.1405986656,"standard_error":488.7602545194432},"Median":{"confidence_interval":{"confidence_level":0.95,"lower_bound":334526.15,"upper_bound":336943.25396825396},"point_estimate":335653.58976833976,"standard_error":575.7718441960748},"MedianAbsDev":{"confidence_interval":{"confidence_level":0.95,"lower_bound":2444.0669778153365,"upper_bound":4312.52690879682},"point_estimate":3556.5976764247876,"standard_error":470.17972516637013},"Slope":{"confidence_interval":{"confidence_level":0.95,"lower_bound":335895.0919224966,"upper_bound":337749.52347436355},"point_estimate":336794.81340032513,"standard_error":474.65631832902363},"StdDev":{"confidence_interval":{"confidence_level":0.95,"lower_bound":3354.130232453648,"upper_bound":6553.152926494563},"point_estimate":4895.490668026344,"standard_error":866.1191716099868}}