{"Mean":{"confidence_interval":{"confidence_level":0.95,"lower_bound":355320.6626090612,"upper_bound":358349.3156515364},"point_estimate":356692.6543769785,"standard_error":773.93723069334},"Median":{"confidence_interval":{"confidence_level":0.95,"lower_bound":353076.7094017094,"upper_bound":355982.88666666666},"point_estimate":354944.4131341425,"standard_error":744.3980885617297},"MedianAbsDev":{"confidence_interval":{"confidence_level":0.95,"lower_bound":2583.126055589675,"upper_bound":5367.448621579821},"point_estimate":4132.808440756947,"standard_error":692.5611618892743},"Slope":{"confidence_interval":{"confidence_level":0.95,"lower_bound":354726.2620948043,"upper_bound":356674.6238988002},"point_estimate":355661.29941086646,"standard_error":497.1749619360531},"StdDev":{"confidence_interval":{"confidence_level":0.95,"lower_bound":4288.397940655841,"upper_bound":10998.242045925888},"point_estimate":7801.656578947989,"standard_error":1776.358933219036}}