{"Mean":{"confidence_interval":{"confidence_level":0.95,"lower_bound":717.1180153279429,"upper_bound":718.8312974997601},"point_estimate":718.0282104739197,"standard_error":0.43836560677772707},"Median":{"confidence_interval":{"confidence_level":0.95,"lower_bound":717.1263204421682,"upper_bound":719.2900369723807},"point_estimate":718.2615439931117,"standard_error":0.5706243475474416},"MedianAbsDev":{"confidence_interval":{"confidence_level":0.95,"lower_bound":0.2856635590375375,"upper_bound":2.5093407965898025},"point_estimate":1.4556459607022023,"standard_error":0.5394281219894171},"Slope":{"confidence_interval":{"confidence_level":0.95,"lower_bound":717.7513911880156,"upper_bound":719.1108478722358},"point_estimate":718.4255703591308,"standard_error":0.3431829301059576},"StdDev":{"confidence_interval":{"confidence_level":0.95,"lower_bound":0.7290140341084919,"upper_bound":1.9511028607549126},"point_estimate":1.46131067483642,"standard_error":0.33958309078697685}}