{"Mean":{"confidence_interval":{"confidence_level":0.95,"lower_bound":122.52240236017818,"upper_bound":125.5768706785803},"point_estimate":123.91970471802766,"standard_error":0.7825890523834101},"Median":{"confidence_interval":{"confidence_level":0.95,"lower_bound":120.92218558914298,"upper_bound":121.23918099509926},"point_estimate":121.06776977374554,"standard_error":0.07676836033084472},"MedianAbsDev":{"confidence_interval":{"confidence_level":0.95,"lower_bound":0.3267347886174467,"upper_bound":0.7664570523001144},"point_estimate":0.5100209473068038,"standard_error":0.1118613891174584},"Slope":{"confidence_interval":{"confidence_level":0.95,"lower_bound":122.35558816572652,"upper_bound":124.57483542213946},"point_estimate":123.40608081957372,"standard_error":0.5672191472352943},"StdDev":{"confidence_interval":{"confidence_level":0.95,"lower_bound":4.4201891326444205,"upper_bound":10.640349866078683},"point_estimate":7.881157119390521,"standard_error":1.5806696855242202}}