{"Mean":{"confidence_interval":{"confidence_level":0.95,"lower_bound":121.41226114530465,"upper_bound":121.81566560382558},"point_estimate":121.59763788173336,"standard_error":0.10392417724042845},"Median":{"confidence_interval":{"confidence_level":0.95,"lower_bound":121.34599198128072,"upper_bound":121.87804808549726},"point_estimate":121.46569276549715,"standard_error":0.1247133580646766},"MedianAbsDev":{"confidence_interval":{"confidence_level":0.95,"lower_bound":0.058457436558973445,"upper_bound":0.5721511685135591},"point_estimate":0.2601311816962968,"standard_error":0.12643013436535774},"Slope":{"confidence_interval":{"confidence_level":0.95,"lower_bound":121.3398680927011,"upper_bound":121.64966450459164},"point_estimate":121.4756989669756,"standard_error":0.08110217426387499},"StdDev":{"confidence_interval":{"confidence_level":0.95,"lower_bound":0.13161074212674315,"upper_bound":0.4380885216394482},"point_estimate":0.34697953405067145,"standard_error":0.07886820539706696}}