{"Mean":{"confidence_interval":{"confidence_level":0.95,"lower_bound":23410774.02114606,"upper_bound":23539951.885496937},"point_estimate":23474258.012035076,"standard_error":33033.74787864303},"Median":{"confidence_interval":{"confidence_level":0.95,"lower_bound":23374032.401846785,"upper_bound":23487658.388888888},"point_estimate":23439471.457729466,"standard_error":28374.01027934855},"MedianAbsDev":{"confidence_interval":{"confidence_level":0.95,"lower_bound":238523.2623543602,"upper_bound":357725.6548122605},"point_estimate":303277.5034001242,"standard_error":29849.18189538544},"Slope":{"confidence_interval":{"confidence_level":0.95,"lower_bound":23489992.428698365,"upper_bound":23654354.534153685},"point_estimate":23570344.03446727,"standard_error":41860.69190757977},"StdDev":{"confidence_interval":{"confidence_level":0.95,"lower_bound":270522.7269545967,"upper_bound":387077.70566140075},"point_estimate":332059.96347042196,"standard_error":29768.934072464956}}