{"Mean":{"confidence_interval":{"confidence_level":0.95,"lower_bound":37.42437137025612,"upper_bound":37.634051071519906},"point_estimate":37.52254253762941,"standard_error":0.053395874673269596},"Median":{"confidence_interval":{"confidence_level":0.95,"lower_bound":37.27119918271849,"upper_bound":37.477088277122384},"point_estimate":37.35605044371776,"standard_error":0.05325432628980177},"MedianAbsDev":{"confidence_interval":{"confidence_level":0.95,"lower_bound":0.24548102942909605,"upper_bound":0.47962550930424835},"point_estimate":0.35813968169618665,"standard_error":0.056319622488243196},"Slope":{"confidence_interval":{"confidence_level":0.95,"lower_bound":37.341785705848906,"upper_bound":37.48705399045816},"point_estimate":37.412296054980494,"standard_error":0.037113741457350614},"StdDev":{"confidence_interval":{"confidence_level":0.95,"lower_bound":0.3685328855787423,"upper_bound":0.7153822607156025},"point_estimate":0.5355714048743568,"standard_error":0.09296296055922967}}