{"Mean":{"confidence_interval":{"confidence_level":0.95,"lower_bound":37.31868293399757,"upper_bound":37.443477665935134},"point_estimate":37.3748416526864,"standard_error":0.03207878848817677},"Median":{"confidence_interval":{"confidence_level":0.95,"lower_bound":37.244998596817496,"upper_bound":37.35526616269887},"point_estimate":37.28931331419739,"standard_error":0.02554628824154015},"MedianAbsDev":{"confidence_interval":{"confidence_level":0.95,"lower_bound":0.12614973157876447,"upper_bound":0.21969855216329223},"point_estimate":0.16694082717781364,"standard_error":0.023687285948976292},"Slope":{"confidence_interval":{"confidence_level":0.95,"lower_bound":37.26555879946724,"upper_bound":37.32447173215007},"point_estimate":37.29435810214117,"standard_error":0.014996968181635926},"StdDev":{"confidence_interval":{"confidence_level":0.95,"lower_bound":0.18798404279919198,"upper_bound":0.46233542748119966},"point_estimate":0.32128795224214574,"standard_error":0.07855861088403375}}