{"Mean":{"confidence_interval":{"confidence_level":0.95,"lower_bound":35.66761167046493,"upper_bound":35.87810472626495},"point_estimate":35.77177678948892,"standard_error":0.05361766236144485},"Median":{"confidence_interval":{"confidence_level":0.95,"lower_bound":35.66142039851316,"upper_bound":35.85324969057723},"point_estimate":35.77788506002537,"standard_error":0.05224569975567384},"MedianAbsDev":{"confidence_interval":{"confidence_level":0.95,"lower_bound":0.34405157795483915,"upper_bound":0.5395480116408159},"point_estimate":0.4405357382467474,"standard_error":0.048090086695995085},"Slope":{"confidence_interval":{"confidence_level":0.95,"lower_bound":35.667046361581114,"upper_bound":35.878995708880815},"point_estimate":35.77358433118373,"standard_error":0.05390769543793408},"StdDev":{"confidence_interval":{"confidence_level":0.95,"lower_bound":0.4054238409321131,"upper_bound":0.677180722388438},"point_estimate":0.5383867823985592,"standard_error":0.07037753862023156}}