{"Mean":{"confidence_interval":{"confidence_level":0.95,"lower_bound":11019809.223267782,"upper_bound":11123473.084065137},"point_estimate":11066386.891333522,"standard_error":26571.760410079467},"Median":{"confidence_interval":{"confidence_level":0.95,"lower_bound":11011544.316379553,"upper_bound":11067115.05263158},"point_estimate":11038082.138888888,"standard_error":15622.94372168633},"MedianAbsDev":{"confidence_interval":{"confidence_level":0.95,"lower_bound":99539.3427119907,"upper_bound":166656.4481937578},"point_estimate":132137.54005834225,"standard_error":17007.47891608028},"Slope":{"confidence_interval":{"confidence_level":0.95,"lower_bound":11043159.838765655,"upper_bound":11093517.707054954},"point_estimate":11068227.945154427,"standard_error":12832.113079120125},"StdDev":{"confidence_interval":{"confidence_level":0.95,"lower_bound":126252.6440917024,"upper_bound":386693.7487951567},"point_estimate":267469.6218536053,"standard_error":69829.55488075435}}