{"Mean":{"confidence_interval":{"confidence_level":0.95,"lower_bound":11441542.886921171,"upper_bound":11473339.863743132},"point_estimate":11456801.736086404,"standard_error":8110.715822475499},"Median":{"confidence_interval":{"confidence_level":0.95,"lower_bound":11424793.014925374,"upper_bound":11455960.483766235},"point_estimate":11440964.187516022,"standard_error":7277.852209845814},"MedianAbsDev":{"confidence_interval":{"confidence_level":0.95,"lower_bound":41009.63261349334,"upper_bound":76430.74131231372},"point_estimate":55708.540085570225,"standard_error":8711.99698203517},"Slope":{"confidence_interval":{"confidence_level":0.95,"lower_bound":11424489.636332817,"upper_bound":11453681.595514478},"point_estimate":11438443.262778189,"standard_error":7431.794306100513},"StdDev":{"confidence_interval":{"confidence_level":0.95,"lower_bound":62705.610879526816,"upper_bound":99711.7702649433},"point_estimate":81278.47660323026,"standard_error":9493.64271495712}}