{"Mean":{"confidence_interval":{"confidence_level":0.95,"lower_bound":11354320.516711706,"upper_bound":11387365.768229317},"point_estimate":11370160.643417895,"standard_error":8456.10942425192},"Median":{"confidence_interval":{"confidence_level":0.95,"lower_bound":11336458.301587302,"upper_bound":11369186.394303363},"point_estimate":11348512.323979592,"standard_error":7146.551697276907},"MedianAbsDev":{"confidence_interval":{"confidence_level":0.95,"lower_bound":46274.21722663008,"upper_bound":72742.57932611402},"point_estimate":61257.73694381378,"standard_error":6490.665140368777},"Slope":{"confidence_interval":{"confidence_level":0.95,"lower_bound":11339539.187404066,"upper_bound":11366958.885088902},"point_estimate":11352440.215785429,"standard_error":6998.815746818893},"StdDev":{"confidence_interval":{"confidence_level":0.95,"lower_bound":64008.83364913716,"upper_bound":107051.83415516138},"point_estimate":85095.72375119211,"standard_error":11220.427797340928}}