{"Mean":{"confidence_interval":{"confidence_level":0.95,"lower_bound":21129580.777537793,"upper_bound":21177217.037711885},"point_estimate":21152460.498623356,"standard_error":12174.821364608639},"Median":{"confidence_interval":{"confidence_level":0.95,"lower_bound":21104088.729452055,"upper_bound":21147102.784438774},"point_estimate":21127092.923645318,"standard_error":11625.740467130441},"MedianAbsDev":{"confidence_interval":{"confidence_level":0.95,"lower_bound":59883.23327429328,"upper_bound":106139.23597506386},"point_estimate":80514.77998955063,"standard_error":12402.21935338426},"Slope":{"confidence_interval":{"confidence_level":0.95,"lower_bound":21134732.40386278,"upper_bound":21180037.318220638},"point_estimate":21156736.73493424,"standard_error":11555.271080596027},"StdDev":{"confidence_interval":{"confidence_level":0.95,"lower_bound":93430.38169746977,"upper_bound":151200.06058653284},"point_estimate":122712.27974025569,"standard_error":14820.374926656621}}