{"Mean":{"confidence_interval":{"confidence_level":0.95,"lower_bound":753.4453489869995,"upper_bound":766.2599849743642},"point_estimate":759.3456077239972,"standard_error":3.2908578517267664},"Median":{"confidence_interval":{"confidence_level":0.95,"lower_bound":747.2739151701488,"upper_bound":748.6475689311969},"point_estimate":748.0856689474504,"standard_error":0.3444870737040684},"MedianAbsDev":{"confidence_interval":{"confidence_level":0.95,"lower_bound":2.8658314300827232,"upper_bound":5.171379988601132},"point_estimate":3.9388444264815594,"standard_error":0.5716594081110454},"Slope":{"confidence_interval":{"confidence_level":0.95,"lower_bound":754.7514846482982,"upper_bound":768.2741097432086},"point_estimate":761.1025291545182,"standard_error":3.446656237859307},"StdDev":{"confidence_interval":{"confidence_level":0.95,"lower_bound":20.480570369992524,"upper_bound":43.75292055895643},"point_estimate":33.0244472549046,"standard_error":5.958549512788283}}