{"Mean":{"confidence_interval":{"confidence_level":0.95,"lower_bound":500.5266963037936,"upper_bound":503.8203588156663},"point_estimate":502.07713773519737,"standard_error":0.8481541717809558},"Median":{"confidence_interval":{"confidence_level":0.95,"lower_bound":500.26538055466153,"upper_bound":504.28215378134325},"point_estimate":500.896163937579,"standard_error":1.103583543753191},"MedianAbsDev":{"confidence_interval":{"confidence_level":0.95,"lower_bound":0.2705406286108707,"upper_bound":4.538865346090838},"point_estimate":1.6007766090331135,"standard_error":1.2070775167960048},"Slope":{"confidence_interval":{"confidence_level":0.95,"lower_bound":499.45872253293066,"upper_bound":502.03301821349703},"point_estimate":500.44479124370326,"standard_error":0.6683178228037578},"StdDev":{"confidence_interval":{"confidence_level":0.95,"lower_bound":1.1917296188936313,"upper_bound":3.4875652079318944},"point_estimate":2.8259038484367784,"standard_error":0.5579504713894481}}