{"Mean":{"confidence_interval":{"confidence_level":0.95,"lower_bound":23702.54957058951,"upper_bound":24059.24651448104},"point_estimate":23861.583692778513,"standard_error":91.59843958520253},"Median":{"confidence_interval":{"confidence_level":0.95,"lower_bound":23503.324314574314,"upper_bound":23580.61279621739},"point_estimate":23535.817816340248,"standard_error":18.936620186761957},"MedianAbsDev":{"confidence_interval":{"confidence_level":0.95,"lower_bound":80.78053899409917,"upper_bound":170.0162460432166},"point_estimate":106.53079165265514,"standard_error":21.484729924970225},"Slope":{"confidence_interval":{"confidence_level":0.95,"lower_bound":23695.969583884704,"upper_bound":23995.93208790812},"point_estimate":23837.923680747605,"standard_error":76.92532291859249},"StdDev":{"confidence_interval":{"confidence_level":0.95,"lower_bound":468.23403380510223,"upper_bound":1309.0480850964154},"point_estimate":918.6664345115917,"standard_error":218.61150446707632}}