{"Mean":{"confidence_interval":{"confidence_level":0.95,"lower_bound":19466.904637548687,"upper_bound":19617.913607473143},"point_estimate":19535.680200866303,"standard_error":38.59074910480324},"Median":{"confidence_interval":{"confidence_level":0.95,"lower_bound":19408.340763673892,"upper_bound":19516.96440772185},"point_estimate":19458.754132248643,"standard_error":27.77828017787826},"MedianAbsDev":{"confidence_interval":{"confidence_level":0.95,"lower_bound":148.5909782220247,"upper_bound":264.2843858333094},"point_estimate":196.1140168535877,"standard_error":28.737313983386038},"Slope":{"confidence_interval":{"confidence_level":0.95,"lower_bound":19419.288870188906,"upper_bound":19511.7329093482},"point_estimate":19462.792371862295,"standard_error":23.651749127054554},"StdDev":{"confidence_interval":{"confidence_level":0.95,"lower_bound":230.02037811121983,"upper_bound":558.3203190290576},"point_estimate":387.2993065666433,"standard_error":93.58889436627763}}