{"Mean":{"confidence_interval":{"confidence_level":0.95,"lower_bound":-0.8596393356523854,"upper_bound":-0.8582346134460326},"point_estimate":-0.8589097410870546,"standard_error":0.00035751397735249804},"Median":{"confidence_interval":{"confidence_level":0.95,"lower_bound":-0.8602419979454075,"upper_bound":-0.8586663665661538},"point_estimate":-0.8594670315523074,"standard_error":0.00041466296225920905}}