{"Mean":{"confidence_interval":{"confidence_level":0.95,"lower_bound":-0.620666145114361,"upper_bound":-0.6135438431909955},"point_estimate":-0.6171199249849575,"standard_error":0.001823332457976566},"Median":{"confidence_interval":{"confidence_level":0.95,"lower_bound":-0.6204617889865236,"upper_bound":-0.6130755277995971},"point_estimate":-0.6167913864340312,"standard_error":0.001852220707756865}}