{"Mean":{"confidence_interval":{"confidence_level":0.95,"lower_bound":0.037380479702230254,"upper_bound":0.056429424034597137},"point_estimate":0.04622491397389372,"standard_error":0.004812774997265165},"Median":{"confidence_interval":{"confidence_level":0.95,"lower_bound":0.03472504331787074,"upper_bound":0.05689573847263962},"point_estimate":0.04671011117646229,"standard_error":0.005402097417507271}}