{"Mean":{"confidence_interval":{"confidence_level":0.95,"lower_bound":0.006248382980546225,"upper_bound":0.01812550322690744},"point_estimate":0.012166033350961225,"standard_error":0.003013450089414151},"Median":{"confidence_interval":{"confidence_level":0.95,"lower_bound":0.001373769527475588,"upper_bound":0.022977158285799826},"point_estimate":0.014655307838196574,"standard_error":0.0057157832144906235}}