{"Mean":{"confidence_interval":{"confidence_level":0.95,"lower_bound":134.83167460307595,"upper_bound":135.617116987117},"point_estimate":135.1726141495962,"standard_error":0.20162423865203888},"Median":{"confidence_interval":{"confidence_level":0.95,"lower_bound":134.65200345658798,"upper_bound":134.9502136638053},"point_estimate":134.79554366871642,"standard_error":0.05990062377152238},"MedianAbsDev":{"confidence_interval":{"confidence_level":0.95,"lower_bound":0.36690604958476614,"upper_bound":0.6307607517375069},"point_estimate":0.5227315065758734,"standard_error":0.07318278184676229},"Slope":{"confidence_interval":{"confidence_level":0.95,"lower_bound":134.79618154907917,"upper_bound":135.34701874164858},"point_estimate":135.0395631767281,"standard_error":0.14173686074295194},"StdDev":{"confidence_interval":{"confidence_level":0.95,"lower_bound":0.7065652669773925,"upper_bound":3.020805735621728},"point_estimate":2.026190041102052,"standard_error":0.5970903923012176}}