{"Mean":{"confidence_interval":{"confidence_level":0.95,"lower_bound":139.07148704921207,"upper_bound":139.8713215051267},"point_estimate":139.41705409385287,"standard_error":0.20626859336756798},"Median":{"confidence_interval":{"confidence_level":0.95,"lower_bound":138.75265496406882,"upper_bound":139.34653272399058},"point_estimate":139.0394975053178,"standard_error":0.14661792530061804},"MedianAbsDev":{"confidence_interval":{"confidence_level":0.95,"lower_bound":0.7812953505639223,"upper_bound":1.339790107500568},"point_estimate":1.0525722972621454,"standard_error":0.1516098075623814},"Slope":{"confidence_interval":{"confidence_level":0.95,"lower_bound":138.95968433545295,"upper_bound":139.4437321053435},"point_estimate":139.19158171170838,"standard_error":0.12370684832814265},"StdDev":{"confidence_interval":{"confidence_level":0.95,"lower_bound":0.9429968898765889,"upper_bound":3.1793643120762343},"point_estimate":2.066348779995988,"standard_error":0.6643628230517533}}