{"Mean":{"confidence_interval":{"confidence_level":0.95,"lower_bound":149256.01419407615,"upper_bound":150515.48876500112},"point_estimate":149815.52685141805,"standard_error":323.4162931257794},"Median":{"confidence_interval":{"confidence_level":0.95,"lower_bound":148701.9195402299,"upper_bound":149444.53625053627},"point_estimate":148946.7063612679,"standard_error":174.48497386770427},"MedianAbsDev":{"confidence_interval":{"confidence_level":0.95,"lower_bound":967.5087414512313,"upper_bound":1751.1177206901068},"point_estimate":1323.6020705742865,"standard_error":190.5009273331884},"Slope":{"confidence_interval":{"confidence_level":0.95,"lower_bound":149160.87094066807,"upper_bound":150341.99056002928},"point_estimate":149627.98021406404,"standard_error":310.79333723182555},"StdDev":{"confidence_interval":{"confidence_level":0.95,"lower_bound":1281.345597602624,"upper_bound":4705.884175134507},"point_estimate":3253.258477221808,"standard_error":847.758529619861}}