{"Mean":{"confidence_interval":{"confidence_level":0.95,"lower_bound":145013.25557016264,"upper_bound":148229.8003140036},"point_estimate":146516.88644077227,"standard_error":821.6057783293995},"Median":{"confidence_interval":{"confidence_level":0.95,"lower_bound":142998.12115732368,"upper_bound":143397.54609942494},"point_estimate":143165.5667857143,"standard_error":114.91697563402275},"MedianAbsDev":{"confidence_interval":{"confidence_level":0.95,"lower_bound":469.556914580353,"upper_bound":934.9764979384445},"point_estimate":686.3706137636868,"standard_error":116.33604136684869},"Slope":{"confidence_interval":{"confidence_level":0.95,"lower_bound":144520.07114826725,"upper_bound":147175.49442461022},"point_estimate":145728.38668791825,"standard_error":677.3549448983833},"StdDev":{"confidence_interval":{"confidence_level":0.95,"lower_bound":5653.127608940994,"upper_bound":10443.311346158556},"point_estimate":8277.532739773524,"standard_error":1226.3120543166083}}