{"Mean":{"confidence_interval":{"confidence_level":0.95,"lower_bound":84590.92365780771,"upper_bound":84957.79389951435},"point_estimate":84749.59836548341,"standard_error":94.26129836867108},"Median":{"confidence_interval":{"confidence_level":0.95,"lower_bound":84394.17666666667,"upper_bound":84615.74991197183},"point_estimate":84517.27571733823,"standard_error":61.089627311483234},"MedianAbsDev":{"confidence_interval":{"confidence_level":0.95,"lower_bound":200.46386305643614,"upper_bound":447.6217297698935},"point_estimate":333.38118120720384,"standard_error":65.3470594647637},"Slope":{"confidence_interval":{"confidence_level":0.95,"lower_bound":84554.73263805041,"upper_bound":84813.93052333225},"point_estimate":84670.33957760701,"standard_error":66.3818763076602},"StdDev":{"confidence_interval":{"confidence_level":0.95,"lower_bound":403.08778297702275,"upper_bound":1443.8584568032054},"point_estimate":944.6107060017284,"standard_error":287.3421306939683}}