{"Mean":{"confidence_interval":{"confidence_level":0.95,"lower_bound":138.91882517093453,"upper_bound":139.64466230169154},"point_estimate":139.23763591771004,"standard_error":0.18653433269260636},"Median":{"confidence_interval":{"confidence_level":0.95,"lower_bound":138.5431781501909,"upper_bound":139.00433422072766},"point_estimate":138.81804623909252,"standard_error":0.11047242539103214},"MedianAbsDev":{"confidence_interval":{"confidence_level":0.95,"lower_bound":0.6864550844308093,"upper_bound":1.2746523035812387},"point_estimate":1.0300672699772417,"standard_error":0.15912212984144708},"Slope":{"confidence_interval":{"confidence_level":0.95,"lower_bound":139.01676235381052,"upper_bound":139.65638530922038},"point_estimate":139.3331337349353,"standard_error":0.16305531687444122},"StdDev":{"confidence_interval":{"confidence_level":0.95,"lower_bound":1.0359024440995201,"upper_bound":2.7952826888693245},"point_estimate":1.8734489793904454,"standard_error":0.5502205635657528}}