{"Mean":{"confidence_interval":{"confidence_level":0.95,"lower_bound":134.44115445661967,"upper_bound":136.68324925626726},"point_estimate":135.47618989371463,"standard_error":0.57409018007061},"Median":{"confidence_interval":{"confidence_level":0.95,"lower_bound":133.24988504835898,"upper_bound":133.56844145972067},"point_estimate":133.37415805825555,"standard_error":0.083152197293826},"MedianAbsDev":{"confidence_interval":{"confidence_level":0.95,"lower_bound":0.41243331249345266,"upper_bound":0.7589493988456057},"point_estimate":0.5781806652268292,"standard_error":0.08529007576382594},"Slope":{"confidence_interval":{"confidence_level":0.95,"lower_bound":134.65185147850895,"upper_bound":136.98161277661558},"point_estimate":135.75961080426046,"standard_error":0.5963177221268385},"StdDev":{"confidence_interval":{"confidence_level":0.95,"lower_bound":3.645155199715786,"upper_bound":7.538543247697251},"point_estimate":5.786813224002116,"standard_error":0.9949068818081799}}