{"Mean":{"confidence_interval":{"confidence_level":0.95,"lower_bound":75.32784372911232,"upper_bound":75.53882403759987},"point_estimate":75.425913985834,"standard_error":0.054223568650387244},"Median":{"confidence_interval":{"confidence_level":0.95,"lower_bound":75.26243441559699,"upper_bound":75.57921935545433},"point_estimate":75.37273422079137,"standard_error":0.06796238359755402},"MedianAbsDev":{"confidence_interval":{"confidence_level":0.95,"lower_bound":0.01274773457067857,"upper_bound":0.3062192933670467},"point_estimate":0.1639781710835042,"standard_error":0.06925034807589103},"Slope":{"confidence_interval":{"confidence_level":0.95,"lower_bound":75.31204017651537,"upper_bound":75.58865680447124},"point_estimate":75.42775543393869,"standard_error":0.07079502028471997},"StdDev":{"confidence_interval":{"confidence_level":0.95,"lower_bound":0.07266035601340746,"upper_bound":0.2261989527279733},"point_estimate":0.1814052395667144,"standard_error":0.03928667465007501}}