{"Mean":{"confidence_interval":{"confidence_level":0.95,"lower_bound":24222.96934990146,"upper_bound":24334.457899087683},"point_estimate":24272.712753434986,"standard_error":28.53424852601809},"Median":{"confidence_interval":{"confidence_level":0.95,"lower_bound":24160.3858401084,"upper_bound":24245.173872875093},"point_estimate":24205.735730013548,"standard_error":19.324545905802097},"MedianAbsDev":{"confidence_interval":{"confidence_level":0.95,"lower_bound":107.88754365108665,"upper_bound":181.9035303430172},"point_estimate":153.95131476850483,"standard_error":18.909132037089716},"Slope":{"confidence_interval":{"confidence_level":0.95,"lower_bound":24186.408501738984,"upper_bound":24268.55596488614},"point_estimate":24224.625757496025,"standard_error":20.954266865125664},"StdDev":{"confidence_interval":{"confidence_level":0.95,"lower_bound":159.72146021905283,"upper_bound":419.5615053806889},"point_estimate":287.2810291664255,"standard_error":74.77616443504066}}