{"Mean":{"confidence_interval":{"confidence_level":0.95,"lower_bound":0.0009184275946543921,"upper_bound":0.006242072913859641},"point_estimate":0.0032755958002377294,"standard_error":0.0013434550043279103},"Median":{"confidence_interval":{"confidence_level":0.95,"lower_bound":0.0006634923389159386,"upper_bound":0.005300449935100586},"point_estimate":0.0024778069309059347,"standard_error":0.0011562429961933611}}