{"Mean":{"confidence_interval":{"confidence_level":0.95,"lower_bound":0.7239768997819147,"upper_bound":0.7315104359327426},"point_estimate":0.7277454205712224,"standard_error":0.0019363271605926354},"Median":{"confidence_interval":{"confidence_level":0.95,"lower_bound":0.7215206152780345,"upper_bound":0.7318111356437125},"point_estimate":0.7254789680370779,"standard_error":0.0026646983034957082}}