{"Mean":{"confidence_interval":{"confidence_level":0.95,"lower_bound":0.31440977184123775,"upper_bound":0.3219085133325154},"point_estimate":0.3182775120837331,"standard_error":0.0018933097572572616},"Median":{"confidence_interval":{"confidence_level":0.95,"lower_bound":0.3134646475464453,"upper_bound":0.3213392902318666},"point_estimate":0.31692891621680275,"standard_error":0.0019107869866444702}}