{"Mean":{"confidence_interval":{"confidence_level":0.95,"lower_bound":-0.007872904685676927,"upper_bound":-0.0012978232228620587},"point_estimate":-0.004623022782849873,"standard_error":0.0016820161759657818},"Median":{"confidence_interval":{"confidence_level":0.95,"lower_bound":-0.009866056505994857,"upper_bound":-0.0007195943918714143},"point_estimate":-0.005978026421186056,"standard_error":0.002344479880478581}}