{"Mean":{"confidence_interval":{"confidence_level":0.95,"lower_bound":0.014865667017671363,"upper_bound":0.021674145464684883},"point_estimate":0.01821895832731668,"standard_error":0.0017128656065688837},"Median":{"confidence_interval":{"confidence_level":0.95,"lower_bound":0.013690606556952867,"upper_bound":0.021930718956978682},"point_estimate":0.017895281664815688,"standard_error":0.002095057283722319}}