{"Mean":{"confidence_interval":{"confidence_level":0.95,"lower_bound":-0.012470642894538222,"upper_bound":-0.00639693361764379},"point_estimate":-0.009454832477240549,"standard_error":0.0015326589352169279},"Median":{"confidence_interval":{"confidence_level":0.95,"lower_bound":-0.011899041501498136,"upper_bound":-0.005835216384681652},"point_estimate":-0.008062759907235706,"standard_error":0.0015429198190995703}}