{"Mean":{"confidence_interval":{"confidence_level":0.95,"lower_bound":660.4836505994834,"upper_bound":664.8533239149282},"point_estimate":662.204643365258,"standard_error":1.1521235713771765},"Median":{"confidence_interval":{"confidence_level":0.95,"lower_bound":659.2197316753927,"upper_bound":661.8662116679133},"point_estimate":660.6030903179136,"standard_error":0.47823468694992827},"MedianAbsDev":{"confidence_interval":{"confidence_level":0.95,"lower_bound":3.610283496777993,"upper_bound":5.626294253739291},"point_estimate":4.610355219474724,"standard_error":0.5320035750539668},"Slope":{"confidence_interval":{"confidence_level":0.95,"lower_bound":660.2740396134972,"upper_bound":662.1506914427637},"point_estimate":661.198059012903,"standard_error":0.47882132819511036},"StdDev":{"confidence_interval":{"confidence_level":0.95,"lower_bound":3.7116903489782023,"upper_bound":18.942317497162975},"point_estimate":11.558048544581206,"standard_error":5.068176984682107}}