{"Mean":{"confidence_interval":{"confidence_level":0.95,"lower_bound":107.54103399210588,"upper_bound":108.06105530036017},"point_estimate":107.76482145360565,"standard_error":0.13358797257757005},"Median":{"confidence_interval":{"confidence_level":0.95,"lower_bound":107.31051799909704,"upper_bound":107.73475366935942},"point_estimate":107.47515001996,"standard_error":0.11818916047976598},"MedianAbsDev":{"confidence_interval":{"confidence_level":0.95,"lower_bound":0.5085747636034507,"upper_bound":0.7903871809813284},"point_estimate":0.6077081154712778,"standard_error":0.0748807320384782},"Slope":{"confidence_interval":{"confidence_level":0.95,"lower_bound":107.57823901119046,"upper_bound":108.00475689628954},"point_estimate":107.78112941439102,"standard_error":0.10879516053050667},"StdDev":{"confidence_interval":{"confidence_level":0.95,"lower_bound":0.6457593106651759,"upper_bound":2.0696805377623684},"point_estimate":1.3475810746383805,"standard_error":0.442550463630789}}