{"Mean":{"confidence_interval":{"confidence_level":0.95,"lower_bound":724.8121320962821,"upper_bound":730.4231878494086},"point_estimate":727.0252156913375,"standard_error":1.4930154422736073},"Median":{"confidence_interval":{"confidence_level":0.95,"lower_bound":723.4131901452096,"upper_bound":726.5213140238914},"point_estimate":725.2841090665097,"standard_error":0.8248366151695316},"MedianAbsDev":{"confidence_interval":{"confidence_level":0.95,"lower_bound":4.577562510779268,"upper_bound":7.199981964161619},"point_estimate":5.95912519687441,"standard_error":0.6392249205189238},"Slope":{"confidence_interval":{"confidence_level":0.95,"lower_bound":724.0136892444517,"upper_bound":726.8214673548499},"point_estimate":725.3729217681841,"standard_error":0.7162020440384425},"StdDev":{"confidence_interval":{"confidence_level":0.95,"lower_bound":4.9880276070412455,"upper_bound":24.775456991825838},"point_estimate":15.064112114553176,"standard_error":6.723165681788166}}