{"Mean":{"confidence_interval":{"confidence_level":0.95,"lower_bound":711.8003969650725,"upper_bound":718.7472711352708},"point_estimate":714.5109686398278,"standard_error":1.8587062538440735},"Median":{"confidence_interval":{"confidence_level":0.95,"lower_bound":710.0018175462101,"upper_bound":712.3533029794712},"point_estimate":710.9513621178162,"standard_error":0.5910353747375673},"MedianAbsDev":{"confidence_interval":{"confidence_level":0.95,"lower_bound":3.8205038086406438,"upper_bound":6.6650264644662975},"point_estimate":5.649897881951482,"standard_error":0.6585248909457995},"Slope":{"confidence_interval":{"confidence_level":0.95,"lower_bound":711.0406722614011,"upper_bound":713.2389005156082},"point_estimate":712.1338714999218,"standard_error":0.5605734705391359},"StdDev":{"confidence_interval":{"confidence_level":0.95,"lower_bound":5.4048534292948345,"upper_bound":30.876816331957762},"point_estimate":18.70779020784967,"standard_error":8.54389178146558}}