{"Mean":{"confidence_interval":{"confidence_level":0.95,"lower_bound":658.8970691694069,"upper_bound":669.0262482737928},"point_estimate":663.602321838116,"standard_error":2.592391178350063},"Median":{"confidence_interval":{"confidence_level":0.95,"lower_bound":652.9372898453262,"upper_bound":654.6957128446537},"point_estimate":653.9227800356714,"standard_error":0.4718188091034378},"MedianAbsDev":{"confidence_interval":{"confidence_level":0.95,"lower_bound":2.6413542029774804,"upper_bound":5.049834644712064},"point_estimate":3.7889100178187833,"standard_error":0.6541454310317941},"Slope":{"confidence_interval":{"confidence_level":0.95,"lower_bound":657.9880133161757,"upper_bound":669.048413946404},"point_estimate":663.1819176193181,"standard_error":2.819318218420414},"StdDev":{"confidence_interval":{"confidence_level":0.95,"lower_bound":17.518547712256648,"upper_bound":33.092402487251846},"point_estimate":26.05686377123506,"standard_error":3.970849222634954}}