{"Mean":{"confidence_interval":{"confidence_level":0.95,"lower_bound":446.0812704995153,"upper_bound":447.7412950373849},"point_estimate":446.86844643144957,"standard_error":0.4258474971184849},"Median":{"confidence_interval":{"confidence_level":0.95,"lower_bound":445.6844294740983,"upper_bound":448.1131646554654},"point_estimate":446.3805472918152,"standard_error":0.6408349506081804},"MedianAbsDev":{"confidence_interval":{"confidence_level":0.95,"lower_bound":0.25424331365806535,"upper_bound":2.3645894606385447},"point_estimate":1.3850187741226885,"standard_error":0.5728587287799117},"Slope":{"confidence_interval":{"confidence_level":0.95,"lower_bound":446.07069800604825,"upper_bound":448.34357967387825},"point_estimate":447.23928832458813,"standard_error":0.597297968347755},"StdDev":{"confidence_interval":{"confidence_level":0.95,"lower_bound":0.7072248049722307,"upper_bound":1.7579689251875528},"point_estimate":1.4245903788927419,"standard_error":0.2668444492259407}}