{"Mean":{"confidence_interval":{"confidence_level":0.95,"lower_bound":0.014045794971756986,"upper_bound":0.02288432728777082},"point_estimate":0.01801142062867256,"standard_error":0.002249967138214353},"Median":{"confidence_interval":{"confidence_level":0.95,"lower_bound":0.013886303193856087,"upper_bound":0.01764552648128525},"point_estimate":0.015981791901895415,"standard_error":0.0009758623511137175}}