{"Mean":{"confidence_interval":{"confidence_level":0.95,"lower_bound":-0.025399892186255595,"upper_bound":-0.008296511363944329},"point_estimate":-0.01559135566634684,"standard_error":0.0044471162734919046},"Median":{"confidence_interval":{"confidence_level":0.95,"lower_bound":-0.018890541316162968,"upper_bound":-0.006859800191097887},"point_estimate":-0.012833598038073712,"standard_error":0.0034140781195838377}}