{"Mean":{"confidence_interval":{"confidence_level":0.95,"lower_bound":0.00411088723977914,"upper_bound":0.012874609764024492},"point_estimate":0.008689522242217196,"standard_error":0.002226795499198388},"Median":{"confidence_interval":{"confidence_level":0.95,"lower_bound":0.008382189789527539,"upper_bound":0.012067524932844131},"point_estimate":0.010102963865785464,"standard_error":0.0009230848173578378}}