{"Mean":{"confidence_interval":{"confidence_level":0.95,"lower_bound":-0.0360837763094396,"upper_bound":-0.030157803130194127},"point_estimate":-0.0330171390047207,"standard_error":0.001502117235264153},"Median":{"confidence_interval":{"confidence_level":0.95,"lower_bound":-0.035286984002352195,"upper_bound":-0.0301377035490753},"point_estimate":-0.032001582168600384,"standard_error":0.0013931068980782197}}