{"Mean":{"confidence_interval":{"confidence_level":0.95,"lower_bound":728879.3468092285,"upper_bound":758740.7603599075},"point_estimate":743024.9906912266,"standard_error":7605.033750411279},"Median":{"confidence_interval":{"confidence_level":0.95,"lower_bound":712591.1666666667,"upper_bound":724962.8486842106},"point_estimate":718599.1645833333,"standard_error":3136.89630648583},"MedianAbsDev":{"confidence_interval":{"confidence_level":0.95,"lower_bound":19650.1461886403,"upper_bound":37099.53021006546},"point_estimate":27037.464733389566,"standard_error":4650.176894605383},"Slope":{"confidence_interval":{"confidence_level":0.95,"lower_bound":706758.8578793404,"upper_bound":718339.1319946179},"point_estimate":712489.6330766957,"standard_error":2961.9163533703654},"StdDev":{"confidence_interval":{"confidence_level":0.95,"lower_bound":55396.86286787272,"upper_bound":94157.93904263996},"point_estimate":76459.42450715872,"standard_error":9874.141541272964}}