{"Mean":{"confidence_interval":{"confidence_level":0.95,"lower_bound":725870.0505783168,"upper_bound":740845.772742149},"point_estimate":733129.6685993692,"standard_error":3824.432598371598},"Median":{"confidence_interval":{"confidence_level":0.95,"lower_bound":713378.4562937063,"upper_bound":735947.3571428572},"point_estimate":724791.3540778251,"standard_error":5210.67179460468},"MedianAbsDev":{"confidence_interval":{"confidence_level":0.95,"lower_bound":26782.898960872208,"upper_bound":46134.80131139803},"point_estimate":36876.56854261525,"standard_error":4845.500235924618},"Slope":{"confidence_interval":{"confidence_level":0.95,"lower_bound":726000.9431283621,"upper_bound":743179.1723437982},"point_estimate":734144.1474656421,"standard_error":4388.130192848912},"StdDev":{"confidence_interval":{"confidence_level":0.95,"lower_bound":31451.84781312981,"upper_bound":44993.053347434274},"point_estimate":38292.79755043308,"standard_error":3476.447087701275}}