{"Mean":{"confidence_interval":{"confidence_level":0.95,"lower_bound":764875.0545092889,"upper_bound":772027.3739380137},"point_estimate":768415.392950408,"standard_error":1824.857585943623},"Median":{"confidence_interval":{"confidence_level":0.95,"lower_bound":762660.5738945578,"upper_bound":772051.1761363636},"point_estimate":767898.8745483288,"standard_error":2500.8476478847456},"MedianAbsDev":{"confidence_interval":{"confidence_level":0.95,"lower_bound":14804.577114004658,"upper_bound":22608.24992737507},"point_estimate":19945.13598646199,"standard_error":1985.6483934546472},"Slope":{"confidence_interval":{"confidence_level":0.95,"lower_bound":762415.1277663172,"upper_bound":770949.9649243238},"point_estimate":766695.4932628934,"standard_error":2171.5262642721727},"StdDev":{"confidence_interval":{"confidence_level":0.95,"lower_bound":15533.685569739648,"upper_bound":20916.821666696284},"point_estimate":18334.127237802695,"standard_error":1370.2131515083504}}