{"Mean":{"confidence_interval":{"confidence_level":0.95,"lower_bound":746950.6234096352,"upper_bound":760462.815764221},"point_estimate":753503.8476387362,"standard_error":3452.922824249408},"Median":{"confidence_interval":{"confidence_level":0.95,"lower_bound":736033.5412429378,"upper_bound":753332.5725878499},"point_estimate":744721.9456018519,"standard_error":4657.288860510477},"MedianAbsDev":{"confidence_interval":{"confidence_level":0.95,"lower_bound":20982.576258187597,"upper_bound":38258.06089950404},"point_estimate":29616.696474236673,"standard_error":4460.236291968012},"Slope":{"confidence_interval":{"confidence_level":0.95,"lower_bound":751781.9802392931,"upper_bound":770421.7944255861},"point_estimate":761135.7289330575,"standard_error":4750.369572773283},"StdDev":{"confidence_interval":{"confidence_level":0.95,"lower_bound":28275.048521579003,"upper_bound":40939.18317527335},"point_estimate":34735.149543837135,"standard_error":3243.7128338859998}}