{"Mean":{"confidence_interval":{"confidence_level":0.95,"lower_bound":781222.4248801973,"upper_bound":793816.5688119824},"point_estimate":787378.9258623278,"standard_error":3213.606238255551},"Median":{"confidence_interval":{"confidence_level":0.95,"lower_bound":774960.125,"upper_bound":787275.625},"point_estimate":780859.1350806451,"standard_error":2752.214232182263},"MedianAbsDev":{"confidence_interval":{"confidence_level":0.95,"lower_bound":19040.130863962404,"upper_bound":30284.75728354093},"point_estimate":25218.186647787657,"standard_error":2965.2709810686065},"Slope":{"confidence_interval":{"confidence_level":0.95,"lower_bound":781994.0081817685,"upper_bound":794478.4773977285},"point_estimate":788059.0454499779,"standard_error":3184.624701075466},"StdDev":{"confidence_interval":{"confidence_level":0.95,"lower_bound":26441.30821396228,"upper_bound":37230.66682400452},"point_estimate":32214.656478561705,"standard_error":2755.7863553966176}}