{"Mean":{"confidence_interval":{"confidence_level":0.95,"lower_bound":-0.005835372396900734,"upper_bound":0.02585249776121573},"point_estimate":0.010077376562326101,"standard_error":0.008095094020458382},"Median":{"confidence_interval":{"confidence_level":0.95,"lower_bound":-0.013968254317091144,"upper_bound":0.034911754514959314},"point_estimate":0.0033815940110422105,"standard_error":0.01377762507477507}}