{"Mean":{"confidence_interval":{"confidence_level":0.95,"lower_bound":-0.011452882750645058,"upper_bound":0.0033590630651638685},"point_estimate":-0.004083145137608768,"standard_error":0.0037603565656881264},"Median":{"confidence_interval":{"confidence_level":0.95,"lower_bound":-0.014439349151541547,"upper_bound":0.0032739903670928605},"point_estimate":-0.008582430297521704,"standard_error":0.004552627971529171}}