{"Mean":{"confidence_interval":{"confidence_level":0.95,"lower_bound":-0.016576118662496992,"upper_bound":-0.004091733856477208},"point_estimate":-0.010304889099187586,"standard_error":0.0031895001789547382},"Median":{"confidence_interval":{"confidence_level":0.95,"lower_bound":-0.01522083294808152,"upper_bound":-0.0030897772302421744},"point_estimate":-0.00846994489081021,"standard_error":0.003054995282385738}}