{"Mean":{"confidence_interval":{"confidence_level":0.95,"lower_bound":665570.1659227404,"upper_bound":671558.6852898406},"point_estimate":668337.9577218756,"standard_error":1523.0337823319157},"Median":{"confidence_interval":{"confidence_level":0.95,"lower_bound":665552.3692129629,"upper_bound":669415.606557377},"point_estimate":667394.763739224,"standard_error":872.7667070701544},"MedianAbsDev":{"confidence_interval":{"confidence_level":0.95,"lower_bound":6853.518487086419,"upper_bound":11834.95814351066},"point_estimate":9558.903665680176,"standard_error":1218.1392778556774},"Slope":{"confidence_interval":{"confidence_level":0.95,"lower_bound":668014.0142905079,"upper_bound":672116.5952725585},"point_estimate":670021.0649312842,"standard_error":1049.101864561641},"StdDev":{"confidence_interval":{"confidence_level":0.95,"lower_bound":9548.133724176192,"upper_bound":21650.897891274133},"point_estimate":15284.34177003097,"standard_error":3399.4811267853156}}