{"Mean":{"confidence_interval":{"confidence_level":0.95,"lower_bound":179785.76401886193,"upper_bound":181572.211649428},"point_estimate":180609.27841257968,"standard_error":456.42792141090365},"Median":{"confidence_interval":{"confidence_level":0.95,"lower_bound":179039.95416666666,"upper_bound":180730.53831417626},"point_estimate":179956.66736694676,"standard_error":431.27590198826886},"MedianAbsDev":{"confidence_interval":{"confidence_level":0.95,"lower_bound":2313.3764461634023,"upper_bound":3993.11113120261},"point_estimate":3085.216870452729,"standard_error":425.4701176621216},"Slope":{"confidence_interval":{"confidence_level":0.95,"lower_bound":178805.15901860772,"upper_bound":180192.53304841198},"point_estimate":179451.67079109405,"standard_error":354.6165727951299},"StdDev":{"confidence_interval":{"confidence_level":0.95,"lower_bound":2839.7757505260442,"upper_bound":6516.071140845626},"point_estimate":4597.276868762712,"standard_error":1041.175409326045}}