{"Mean":{"confidence_interval":{"confidence_level":0.95,"lower_bound":0.017910496622815613,"upper_bound":0.02439312584291963},"point_estimate":0.021058085630386136,"standard_error":0.0016309212558403919},"Median":{"confidence_interval":{"confidence_level":0.95,"lower_bound":0.018039925216487118,"upper_bound":0.022180512216487314},"point_estimate":0.020195979339769243,"standard_error":0.0010722044307112759}}