{"Mean":{"confidence_interval":{"confidence_level":0.95,"lower_bound":-0.015557972855344332,"upper_bound":-0.011968891878694628},"point_estimate":-0.013830467412878966,"standard_error":0.0009137733454570045},"Median":{"confidence_interval":{"confidence_level":0.95,"lower_bound":-0.016746782919252023,"upper_bound":-0.011099400332181375},"point_estimate":-0.014892706105959164,"standard_error":0.001443523066089993}}