{"Mean":{"confidence_interval":{"confidence_level":0.95,"lower_bound":-0.0001880074578757619,"upper_bound":0.009036699409592834},"point_estimate":0.004231008811726333,"standard_error":0.002329939252026161},"Median":{"confidence_interval":{"confidence_level":0.95,"lower_bound":0.0012323869863537507,"upper_bound":0.007205743407697307},"point_estimate":0.004106502656048727,"standard_error":0.0015127499445173602}}