{"Mean":{"confidence_interval":{"confidence_level":0.95,"lower_bound":2270096.358509837,"upper_bound":2283685.365555234},"point_estimate":2276377.4675818994,"standard_error":3475.816586300985},"Median":{"confidence_interval":{"confidence_level":0.95,"lower_bound":2267568.169811321,"upper_bound":2279216.8784074606},"point_estimate":2271087.078643579,"standard_error":2868.2925850913775},"MedianAbsDev":{"confidence_interval":{"confidence_level":0.95,"lower_bound":15789.489642441717,"upper_bound":25357.38526368063},"point_estimate":20097.53396432198,"standard_error":2436.9129343168715},"Slope":{"confidence_interval":{"confidence_level":0.95,"lower_bound":2274851.4297141857,"upper_bound":2285191.526384957},"point_estimate":2279974.2204699274,"standard_error":2643.6716524460912},"StdDev":{"confidence_interval":{"confidence_level":0.95,"lower_bound":21742.835867053356,"upper_bound":49628.871209650286},"point_estimate":35051.43897680532,"standard_error":7822.919017707715}}