{"Mean":{"confidence_interval":{"confidence_level":0.95,"lower_bound":113936.94988645831,"upper_bound":114171.73694570933},"point_estimate":114049.05982341268,"standard_error":60.29739429707448},"Median":{"confidence_interval":{"confidence_level":0.95,"lower_bound":113911.1890625,"upper_bound":114248.75729166667},"point_estimate":113950.20758928571,"standard_error":100.41606257994258},"MedianAbsDev":{"confidence_interval":{"confidence_level":0.95,"lower_bound":14.770843487762539,"upper_bound":305.14790291586553},"point_estimate":155.91150388825616,"standard_error":93.14630197232616},"Slope":{"confidence_interval":{"confidence_level":0.95,"lower_bound":113920.04799990806,"upper_bound":114253.10427813652},"point_estimate":114115.6999512987,"standard_error":81.89686643174795},"StdDev":{"confidence_interval":{"confidence_level":0.95,"lower_bound":109.7686856261814,"upper_bound":242.34964950328015},"point_estimate":200.5740219870328,"standard_error":33.17559701760206}}