{"Mean":{"confidence_interval":{"confidence_level":0.95,"lower_bound":23142.434756467457,"upper_bound":23342.75563079051},"point_estimate":23234.85325955971,"standard_error":51.20632897915793},"Median":{"confidence_interval":{"confidence_level":0.95,"lower_bound":23042.698386331278,"upper_bound":23214.57170542636},"point_estimate":23128.98056377731,"standard_error":45.90017956658578},"MedianAbsDev":{"confidence_interval":{"confidence_level":0.95,"lower_bound":219.02603877172356,"upper_bound":334.7457894059102},"point_estimate":273.4910697993984,"standard_error":30.81690896726324},"Slope":{"confidence_interval":{"confidence_level":0.95,"lower_bound":23076.36023164966,"upper_bound":23160.803861475997},"point_estimate":23118.09800337479,"standard_error":21.473805754020535},"StdDev":{"confidence_interval":{"confidence_level":0.95,"lower_bound":296.89612670671295,"upper_bound":702.639751519454},"point_estimate":515.323179103573,"standard_error":103.92395889016797}}