{"Mean":{"confidence_interval":{"confidence_level":0.95,"lower_bound":196100.6492536794,"upper_bound":197413.51550349986},"point_estimate":196720.92149606973,"standard_error":335.58594107509583},"Median":{"confidence_interval":{"confidence_level":0.95,"lower_bound":195375.57192713654,"upper_bound":196434.2993197279},"point_estimate":195889.25046296295,"standard_error":276.06695009464863},"MedianAbsDev":{"confidence_interval":{"confidence_level":0.95,"lower_bound":1841.6945036372824,"upper_bound":3135.2016816727732},"point_estimate":2580.5001544220054,"standard_error":340.65662593387},"Slope":{"confidence_interval":{"confidence_level":0.95,"lower_bound":196680.2676890757,"upper_bound":198904.0163956094},"point_estimate":197682.19945815476,"standard_error":573.4573677794052},"StdDev":{"confidence_interval":{"confidence_level":0.95,"lower_bound":2306.8560668340947,"upper_bound":4419.966836602747},"point_estimate":3372.560062450648,"standard_error":549.4336236478415}}