{"Mean":{"confidence_interval":{"confidence_level":0.95,"lower_bound":38.11515244808355,"upper_bound":38.27455266700395},"point_estimate":38.18989381648144,"standard_error":0.040705978393944256},"Median":{"confidence_interval":{"confidence_level":0.95,"lower_bound":38.00276458817454,"upper_bound":38.15497715740053},"point_estimate":38.0774793246172,"standard_error":0.035749657286723115},"MedianAbsDev":{"confidence_interval":{"confidence_level":0.95,"lower_bound":0.18754231022534823,"upper_bound":0.34217997785689513},"point_estimate":0.25801910171728837,"standard_error":0.03628328439988109},"Slope":{"confidence_interval":{"confidence_level":0.95,"lower_bound":38.16897426047279,"upper_bound":38.334182571871374},"point_estimate":38.248760271660544,"standard_error":0.042186237708257426},"StdDev":{"confidence_interval":{"confidence_level":0.95,"lower_bound":0.2839998216717636,"upper_bound":0.5471966300972347},"point_estimate":0.40994589802019726,"standard_error":0.0719602093947}}