{"Mean":{"confidence_interval":{"confidence_level":0.95,"lower_bound":38.343498380380254,"upper_bound":38.58127567227781},"point_estimate":38.451717966720814,"standard_error":0.060909193575207556},"Median":{"confidence_interval":{"confidence_level":0.95,"lower_bound":38.20945266102777,"upper_bound":38.33527433676832},"point_estimate":38.25497583966613,"standard_error":0.03097114645405514},"MedianAbsDev":{"confidence_interval":{"confidence_level":0.95,"lower_bound":0.22281056129656104,"upper_bound":0.3967860794236846},"point_estimate":0.29903830303960965,"standard_error":0.0449235284656514},"Slope":{"confidence_interval":{"confidence_level":0.95,"lower_bound":38.31446694287765,"upper_bound":38.59370653247449},"point_estimate":38.4257758902285,"standard_error":0.07279945098423898},"StdDev":{"confidence_interval":{"confidence_level":0.95,"lower_bound":0.3747931005748396,"upper_bound":0.8673506361928583},"point_estimate":0.6139217479533379,"standard_error":0.13682702011259812}}