{"Mean":{"confidence_interval":{"confidence_level":0.95,"lower_bound":38.173570621713935,"upper_bound":38.333998868973715},"point_estimate":38.247567019864135,"standard_error":0.04092324988600309},"Median":{"confidence_interval":{"confidence_level":0.95,"lower_bound":38.08167154296274,"upper_bound":38.23765214951387},"point_estimate":38.173815139314115,"standard_error":0.03699229997448228},"MedianAbsDev":{"confidence_interval":{"confidence_level":0.95,"lower_bound":0.21405177091494676,"upper_bound":0.3490756709863276},"point_estimate":0.28960726391449537,"standard_error":0.034218194864938094},"Slope":{"confidence_interval":{"confidence_level":0.95,"lower_bound":38.101544502038415,"upper_bound":38.19377581737499},"point_estimate":38.14566974828341,"standard_error":0.023550103043584104},"StdDev":{"confidence_interval":{"confidence_level":0.95,"lower_bound":0.25258434924040407,"upper_bound":0.5694288222511319},"point_estimate":0.4108053883983321,"standard_error":0.08435729253238596}}