{"Mean":{"confidence_interval":{"confidence_level":0.95,"lower_bound":28.725323000019536,"upper_bound":29.219526955411233},"point_estimate":28.956934687994714,"standard_error":0.12655674915509954},"Median":{"confidence_interval":{"confidence_level":0.95,"lower_bound":28.45595802532416,"upper_bound":28.51092328394665},"point_estimate":28.48096407605793,"standard_error":0.015814115228624814},"MedianAbsDev":{"confidence_interval":{"confidence_level":0.95,"lower_bound":0.06755126454503464,"upper_bound":0.14413070073105133},"point_estimate":0.10082623300254552,"standard_error":0.021304702679723328},"Slope":{"confidence_interval":{"confidence_level":0.95,"lower_bound":28.72320528439823,"upper_bound":29.353698843845805},"point_estimate":29.009467720219565,"standard_error":0.16205299677769086},"StdDev":{"confidence_interval":{"confidence_level":0.95,"lower_bound":0.8391523159787947,"upper_bound":1.6101192419207657},"point_estimate":1.2691920794446327,"standard_error":0.19668845544450944}}