{"Mean":{"confidence_interval":{"confidence_level":0.95,"lower_bound":28.456440868476395,"upper_bound":28.61612629223423},"point_estimate":28.52090730049841,"standard_error":0.04199549320511862},"Median":{"confidence_interval":{"confidence_level":0.95,"lower_bound":28.404803167653636,"upper_bound":28.43237870422386},"point_estimate":28.41774752376388,"standard_error":0.006660982305675723},"MedianAbsDev":{"confidence_interval":{"confidence_level":0.95,"lower_bound":0.03395090652088338,"upper_bound":0.07138377415509073},"point_estimate":0.05042639020033461,"standard_error":0.009810363800830302},"Slope":{"confidence_interval":{"confidence_level":0.95,"lower_bound":28.45127802895368,"upper_bound":28.553596326310984},"point_estimate":28.497593522266627,"standard_error":0.026240319646715502},"StdDev":{"confidence_interval":{"confidence_level":0.95,"lower_bound":0.1277227694914741,"upper_bound":0.6836070258510845},"point_estimate":0.42244457928755064,"standard_error":0.17223105472058553}}