{"Mean":{"confidence_interval":{"confidence_level":0.95,"lower_bound":1156196.10228266,"upper_bound":1165232.6853312708},"point_estimate":1160536.8291385167,"standard_error":2304.050194712897},"Median":{"confidence_interval":{"confidence_level":0.95,"lower_bound":1151424.0720588234,"upper_bound":1161959.8701874367},"point_estimate":1155868.578108673,"standard_error":2723.7048875249347},"MedianAbsDev":{"confidence_interval":{"confidence_level":0.95,"lower_bound":14603.94795885313,"upper_bound":23426.449907108847},"point_estimate":18385.493494259525,"standard_error":2161.3269450917855},"Slope":{"confidence_interval":{"confidence_level":0.95,"lower_bound":1156901.1096945885,"upper_bound":1166778.5875263554},"point_estimate":1161831.280141865,"standard_error":2513.6397562301995},"StdDev":{"confidence_interval":{"confidence_level":0.95,"lower_bound":17711.565617612432,"upper_bound":28793.493925687388},"point_estimate":23171.03048182235,"standard_error":2882.0915161237485}}