{"Mean":{"confidence_interval":{"confidence_level":0.95,"lower_bound":15412114.163260264,"upper_bound":15710792.356261613},"point_estimate":15542955.061922846,"standard_error":76722.62945770136},"Median":{"confidence_interval":{"confidence_level":0.95,"lower_bound":15371856.013513513,"upper_bound":15456773.116161617},"point_estimate":15417233.282429244,"standard_error":20030.54792154247},"MedianAbsDev":{"confidence_interval":{"confidence_level":0.95,"lower_bound":139510.30888521668,"upper_bound":222215.50034340358},"point_estimate":181540.48513115247,"standard_error":19315.361511018727},"Slope":{"confidence_interval":{"confidence_level":0.95,"lower_bound":15410060.75702307,"upper_bound":15581045.865207266},"point_estimate":15478658.249596572,"standard_error":44733.948082243835},"StdDev":{"confidence_interval":{"confidence_level":0.95,"lower_bound":297701.35738576227,"upper_bound":1130441.457565007},"point_estimate":771761.628587414,"standard_error":214693.04453290944}}