{"Mean":{"confidence_interval":{"confidence_level":0.95,"lower_bound":1297110.8481096788,"upper_bound":1308433.7632493516},"point_estimate":1302553.7776062712,"standard_error":2894.3898537818404},"Median":{"confidence_interval":{"confidence_level":0.95,"lower_bound":1289264.1842105263,"upper_bound":1305757.506756757},"point_estimate":1298038.8338907468,"standard_error":3904.4276280589875},"MedianAbsDev":{"confidence_interval":{"confidence_level":0.95,"lower_bound":21494.542494055593,"upper_bound":32112.630054886788},"point_estimate":27822.524401339317,"standard_error":2590.753169622979},"Slope":{"confidence_interval":{"confidence_level":0.95,"lower_bound":1293870.833787808,"upper_bound":1304989.3236076352},"point_estimate":1299140.203419536,"standard_error":2845.0735046826794},"StdDev":{"confidence_interval":{"confidence_level":0.95,"lower_bound":21781.594919629362,"upper_bound":37986.13409813238},"point_estimate":29243.113235000437,"standard_error":4439.74313030906}}