{"Mean":{"confidence_interval":{"confidence_level":0.95,"lower_bound":-0.0033051759510954546,"upper_bound":0.007453219983391921},"point_estimate":0.0019079198118170382,"standard_error":0.0027700160765430823},"Median":{"confidence_interval":{"confidence_level":0.95,"lower_bound":-0.0008907302351481849,"upper_bound":0.006048371856247032},"point_estimate":0.003208483012443475,"standard_error":0.0017106775365854632}}