{"Mean":{"confidence_interval":{"confidence_level":0.95,"lower_bound":-0.0022587984918899266,"upper_bound":0.009325246862399186},"point_estimate":0.0036980393579462145,"standard_error":0.0029372017317872436},"Median":{"confidence_interval":{"confidence_level":0.95,"lower_bound":-0.0004233601641707718,"upper_bound":0.0064056887603543},"point_estimate":0.0021130838301197663,"standard_error":0.0017379717281423117}}