{"Mean":{"confidence_interval":{"confidence_level":0.95,"lower_bound":-0.014628366713120108,"upper_bound":-0.004628310540129066},"point_estimate":-0.010150226206001478,"standard_error":0.0025904526482401088},"Median":{"confidence_interval":{"confidence_level":0.95,"lower_bound":-0.015076225034133306,"upper_bound":-0.008093992537368871},"point_estimate":-0.011254827830248226,"standard_error":0.0017763400131951413}}