{"Mean":{"confidence_interval":{"confidence_level":0.95,"lower_bound":0.009178362291902475,"upper_bound":0.016025125997706592},"point_estimate":0.012765515314755227,"standard_error":0.0017451953853668556},"Median":{"confidence_interval":{"confidence_level":0.95,"lower_bound":0.007783281069945414,"upper_bound":0.018861123999610818},"point_estimate":0.014457230452216363,"standard_error":0.0027517919651637826}}