{"Mean":{"confidence_interval":{"confidence_level":0.95,"lower_bound":6156.56315687012,"upper_bound":6201.789945929326},"point_estimate":6176.787986706148,"standard_error":11.556349565211969},"Median":{"confidence_interval":{"confidence_level":0.95,"lower_bound":6133.175251416564,"upper_bound":6177.719790497568},"point_estimate":6149.212959065968,"standard_error":10.982946314647293},"MedianAbsDev":{"confidence_interval":{"confidence_level":0.95,"lower_bound":59.30815519111971,"upper_bound":95.95268928762599},"point_estimate":75.6319044020214,"standard_error":9.47703176513993},"Slope":{"confidence_interval":{"confidence_level":0.95,"lower_bound":6143.168712374362,"upper_bound":6177.416401449685},"point_estimate":6158.555088273338,"standard_error":8.778491542838749},"StdDev":{"confidence_interval":{"confidence_level":0.95,"lower_bound":66.31319547356328,"upper_bound":169.4554964482346},"point_estimate":115.7381580791132,"standard_error":30.324101661796693}}