{"Mean":{"confidence_interval":{"confidence_level":0.95,"lower_bound":0.0036017770128029393,"upper_bound":0.014254619119561612},"point_estimate":0.009039934884705447,"standard_error":0.0027315354173954014},"Median":{"confidence_interval":{"confidence_level":0.95,"lower_bound":0.005676313491769669,"upper_bound":0.014913747915631825},"point_estimate":0.010373806544885955,"standard_error":0.00237621457793572}}