{"Mean":{"confidence_interval":{"confidence_level":0.95,"lower_bound":0.004480146245071615,"upper_bound":0.01271393967675054},"point_estimate":0.008714298572939816,"standard_error":0.002096523935185122},"Median":{"confidence_interval":{"confidence_level":0.95,"lower_bound":0.004807531280965227,"upper_bound":0.014080598165961966},"point_estimate":0.008706482427522477,"standard_error":0.0023348692886290255}}