{"Mean":{"confidence_interval":{"confidence_level":0.95,"lower_bound":0.010437925487837596,"upper_bound":0.020425359238682952},"point_estimate":0.015346611721363868,"standard_error":0.0025390779574265415},"Median":{"confidence_interval":{"confidence_level":0.95,"lower_bound":0.00816029105748739,"upper_bound":0.02184283499114703},"point_estimate":0.015195475056554608,"standard_error":0.003812628079859738}}