{"Mean":{"confidence_interval":{"confidence_level":0.95,"lower_bound":-0.02386804702575241,"upper_bound":-0.01531009585143089},"point_estimate":-0.0200309907307904,"standard_error":0.002131115622110454},"Median":{"confidence_interval":{"confidence_level":0.95,"lower_bound":-0.025543038792754325,"upper_bound":-0.018997398489895123},"point_estimate":-0.021878030817279237,"standard_error":0.0016620013174667764}}