{"Mean":{"confidence_interval":{"confidence_level":0.95,"lower_bound":1217409.6042563743,"upper_bound":1229923.0814115},"point_estimate":1223166.0564839013,"standard_error":3192.3705218182813},"Median":{"confidence_interval":{"confidence_level":0.95,"lower_bound":1212625.9609704642,"upper_bound":1220442.0},"point_estimate":1215704.673891129,"standard_error":2399.8970436247623},"MedianAbsDev":{"confidence_interval":{"confidence_level":0.95,"lower_bound":11925.785577554545,"upper_bound":23030.745115049383},"point_estimate":15828.446520140604,"standard_error":2713.2367401665015},"Slope":{"confidence_interval":{"confidence_level":0.95,"lower_bound":1220944.734238957,"upper_bound":1232832.6085176156},"point_estimate":1226775.6829732526,"standard_error":3031.803364309175},"StdDev":{"confidence_interval":{"confidence_level":0.95,"lower_bound":19125.04561163755,"upper_bound":44558.97501163147},"point_estimate":32043.874912255273,"standard_error":6676.340787226266}}