{"Mean":{"confidence_interval":{"confidence_level":0.95,"lower_bound":79494.12066142309,"upper_bound":80110.62733022979},"point_estimate":79766.45096993388,"standard_error":159.1534886444051},"Median":{"confidence_interval":{"confidence_level":0.95,"lower_bound":79215.61471984806,"upper_bound":79782.56213017751},"point_estimate":79446.72056966022,"standard_error":138.68764582736293},"MedianAbsDev":{"confidence_interval":{"confidence_level":0.95,"lower_bound":747.8505151418876,"upper_bound":1189.3721566712552},"point_estimate":954.9783775072783,"standard_error":107.76022017096149},"Slope":{"confidence_interval":{"confidence_level":0.95,"lower_bound":79373.11417425862,"upper_bound":80033.56609716352},"point_estimate":79644.51956644803,"standard_error":170.9119715366383},"StdDev":{"confidence_interval":{"confidence_level":0.95,"lower_bound":756.7008598552168,"upper_bound":2399.293730600747},"point_estimate":1597.3941953148624,"standard_error":455.6389581497931}}