{"Mean":{"confidence_interval":{"confidence_level":0.95,"lower_bound":80222.58263981143,"upper_bound":80885.25779715981},"point_estimate":80534.33806310319,"standard_error":169.42152161502327},"Median":{"confidence_interval":{"confidence_level":0.95,"lower_bound":79670.9035897436,"upper_bound":80398.42072350727},"point_estimate":80013.68745143746,"standard_error":201.55927128459132},"MedianAbsDev":{"confidence_interval":{"confidence_level":0.95,"lower_bound":765.3997436512628,"upper_bound":1377.8081251907427},"point_estimate":1060.7618912472874,"standard_error":158.6874680363593},"Slope":{"confidence_interval":{"confidence_level":0.95,"lower_bound":80160.36039542868,"upper_bound":80751.69063937775},"point_estimate":80442.91568357754,"standard_error":150.4635304118451},"StdDev":{"confidence_interval":{"confidence_level":0.95,"lower_bound":1202.5181914868326,"upper_bound":2216.264094459009},"point_estimate":1705.58341208539,"standard_error":264.9344297233297}}