{"Mean":{"confidence_interval":{"confidence_level":0.95,"lower_bound":79609.54713804928,"upper_bound":80181.99785963124},"point_estimate":79885.4955708632,"standard_error":146.71391359767287},"Median":{"confidence_interval":{"confidence_level":0.95,"lower_bound":79152.34686028257,"upper_bound":79794.57499129156},"point_estimate":79388.43466982082,"standard_error":160.04222140328574},"MedianAbsDev":{"confidence_interval":{"confidence_level":0.95,"lower_bound":787.7700074660763,"upper_bound":1425.3143474072408},"point_estimate":1074.5741653891005,"standard_error":160.92826927726742},"Slope":{"confidence_interval":{"confidence_level":0.95,"lower_bound":79623.20651666295,"upper_bound":80375.01873119929},"point_estimate":79982.6675267986,"standard_error":191.87855946198522},"StdDev":{"confidence_interval":{"confidence_level":0.95,"lower_bound":1157.9776456748627,"upper_bound":1754.4688733088144},"point_estimate":1474.7020835518028,"standard_error":152.90162664503637}}