{"Mean":{"confidence_interval":{"confidence_level":0.95,"lower_bound":87068.35506375537,"upper_bound":88012.8060979463},"point_estimate":87486.61210731212,"standard_error":242.6169646239697},"Median":{"confidence_interval":{"confidence_level":0.95,"lower_bound":86977.21146468067,"upper_bound":88090.36966824645},"point_estimate":87171.79952606634,"standard_error":218.83822329065094},"MedianAbsDev":{"confidence_interval":{"confidence_level":0.95,"lower_bound":53.08350332297811,"upper_bound":1070.844720325203},"point_estimate":340.61656992441675,"standard_error":241.3779185085837},"Slope":{"confidence_interval":{"confidence_level":0.95,"lower_bound":86920.85860811043,"upper_bound":87282.36193376193},"point_estimate":87074.04656859727,"standard_error":92.57725555560594},"StdDev":{"confidence_interval":{"confidence_level":0.95,"lower_bound":184.3642402519817,"upper_bound":1035.22521390111},"point_estimate":810.9144451748531,"standard_error":225.92689562062947}}