{"Mean":{"confidence_interval":{"confidence_level":0.95,"lower_bound":0.016877474711084566,"upper_bound":0.02702607886545473},"point_estimate":0.021726225428674306,"standard_error":0.0026092457346197423},"Median":{"confidence_interval":{"confidence_level":0.95,"lower_bound":0.016544004665208556,"upper_bound":0.024289402068858136},"point_estimate":0.02060038885261206,"standard_error":0.0019614250948396645}}