{"Mean":{"confidence_interval":{"confidence_level":0.95,"lower_bound":-0.02372364382460673,"upper_bound":-0.016187055492661775},"point_estimate":-0.020100214155904572,"standard_error":0.0019122990201573082},"Median":{"confidence_interval":{"confidence_level":0.95,"lower_bound":-0.023954648917624333,"upper_bound":-0.01856837432029198},"point_estimate":-0.021439374242855913,"standard_error":0.0013149181523117001}}