{"Mean":{"confidence_interval":{"confidence_level":0.95,"lower_bound":0.03176444979406784,"upper_bound":0.04430729560364666},"point_estimate":0.03821187981420793,"standard_error":0.003227262956486504},"Median":{"confidence_interval":{"confidence_level":0.95,"lower_bound":0.034517695012481475,"upper_bound":0.042736231961146176},"point_estimate":0.03813283775375442,"standard_error":0.0021182570422139456}}