{"Mean":{"confidence_interval":{"confidence_level":0.95,"lower_bound":-0.008107857122970682,"upper_bound":-0.00435265643809539},"point_estimate":-0.006301180482586877,"standard_error":0.0009583676427674578},"Median":{"confidence_interval":{"confidence_level":0.95,"lower_bound":-0.009743444775245247,"upper_bound":-0.0031525702665998745},"point_estimate":-0.006436603158951559,"standard_error":0.0016861741819028538}}