{"Mean":{"confidence_interval":{"confidence_level":0.95,"lower_bound":394395.00251954695,"upper_bound":406435.39989094686},"point_estimate":400028.7687131172,"standard_error":3077.980186815883},"Median":{"confidence_interval":{"confidence_level":0.95,"lower_bound":389197.5380116959,"upper_bound":393374.1782945736},"point_estimate":391331.0429158339,"standard_error":934.1095493272098},"MedianAbsDev":{"confidence_interval":{"confidence_level":0.95,"lower_bound":5472.264713384416,"upper_bound":9913.386149948326},"point_estimate":7133.81724665859,"standard_error":1093.8779475670844},"Slope":{"confidence_interval":{"confidence_level":0.95,"lower_bound":400788.7342798141,"upper_bound":423820.9838216985},"point_estimate":412012.38608837005,"standard_error":5877.252394974696},"StdDev":{"confidence_interval":{"confidence_level":0.95,"lower_bound":21784.227713989156,"upper_bound":37842.756035600716},"point_estimate":30816.429212462004,"standard_error":4084.010109902151}}