{"Mean":{"confidence_interval":{"confidence_level":0.95,"lower_bound":6506181.72399471,"upper_bound":6579515.220965278},"point_estimate":6544057.106494709,"standard_error":18641.752697417138},"Median":{"confidence_interval":{"confidence_level":0.95,"lower_bound":6514269.822751323,"upper_bound":6571758.722222222},"point_estimate":6551259.9375,"standard_error":15411.625884557932},"MedianAbsDev":{"confidence_interval":{"confidence_level":0.95,"lower_bound":5886.7785088221535,"upper_bound":98788.65086615067},"point_estimate":32548.334711318505,"standard_error":21987.583783600367},"Slope":{"confidence_interval":{"confidence_level":0.95,"lower_bound":6523149.8119829185,"upper_bound":6575303.382943299},"point_estimate":6549180.481385281,"standard_error":13176.03238925989},"StdDev":{"confidence_interval":{"confidence_level":0.95,"lower_bound":20712.72725281106,"upper_bound":86133.77496802268},"point_estimate":62192.545454997075,"standard_error":16954.212541836794}}