{"Mean":{"confidence_interval":{"confidence_level":0.95,"lower_bound":38589.430845457406,"upper_bound":38818.38328470268},"point_estimate":38702.42650963826,"standard_error":58.434320346434895},"Median":{"confidence_interval":{"confidence_level":0.95,"lower_bound":38558.742503259455,"upper_bound":38818.695384615385},"point_estimate":38627.00928261175,"standard_error":68.91478702062705},"MedianAbsDev":{"confidence_interval":{"confidence_level":0.95,"lower_bound":348.5087486409615,"upper_bound":621.5486461703179},"point_estimate":477.6110206987131,"standard_error":70.89032951908274},"Slope":{"confidence_interval":{"confidence_level":0.95,"lower_bound":38655.19633780124,"upper_bound":38861.66445903634},"point_estimate":38758.05884518762,"standard_error":52.61640237254377},"StdDev":{"confidence_interval":{"confidence_level":0.95,"lower_bound":466.38340420874454,"upper_bound":701.7961118833795},"point_estimate":586.4651885655778,"standard_error":60.159449203724954}}