{"Mean":{"confidence_interval":{"confidence_level":0.95,"lower_bound":22323048.830712307,"upper_bound":22452265.22380952},"point_estimate":22388930.042698413,"standard_error":33190.17048190298},"Median":{"confidence_interval":{"confidence_level":0.95,"lower_bound":22292417.8,"upper_bound":22469219.0},"point_estimate":22404932.660714284,"standard_error":42491.46803168265},"MedianAbsDev":{"confidence_interval":{"confidence_level":0.95,"lower_bound":22257.346779853106,"upper_bound":196345.31057417337},"point_estimate":103416.42253899557,"standard_error":45395.42576093479},"Slope":{"confidence_interval":{"confidence_level":0.95,"lower_bound":22355177.3212996,"upper_bound":22429084.65975104},"point_estimate":22398834.244155843,"standard_error":18646.781239986216},"StdDev":{"confidence_interval":{"confidence_level":0.95,"lower_bound":57932.47753514123,"upper_bound":139006.01224150107},"point_estimate":110579.41436800273,"standard_error":20197.052912909727}}