{"Mean":{"confidence_interval":{"confidence_level":0.95,"lower_bound":1174.3078095151543,"upper_bound":1177.0308921491808},"point_estimate":1175.5823017222244,"standard_error":0.7033262381470697},"Median":{"confidence_interval":{"confidence_level":0.95,"lower_bound":1173.778102546831,"upper_bound":1177.5832050295098},"point_estimate":1174.5067626806945,"standard_error":1.0463240254642723},"MedianAbsDev":{"confidence_interval":{"confidence_level":0.95,"lower_bound":0.234385949457145,"upper_bound":3.951268859525421},"point_estimate":1.4659356247954982,"standard_error":0.9970321456775909},"Slope":{"confidence_interval":{"confidence_level":0.95,"lower_bound":1174.114520274463,"upper_bound":1177.4957088353065},"point_estimate":1175.4921431404111,"standard_error":0.8675301312518693},"StdDev":{"confidence_interval":{"confidence_level":0.95,"lower_bound":1.028977885668274,"upper_bound":2.9860273319964916},"point_estimate":2.343802098034466,"standard_error":0.4976707932072212}}