{"Mean":{"confidence_interval":{"confidence_level":0.95,"lower_bound":0.00623516849290119,"upper_bound":0.01669341856447334},"point_estimate":0.01093258721419721,"standard_error":0.002649062742252},"Median":{"confidence_interval":{"confidence_level":0.95,"lower_bound":0.0026605914604369563,"upper_bound":0.008097152609227498},"point_estimate":0.004563793399284366,"standard_error":0.0013879486562777734}}