{"Mean":{"confidence_interval":{"confidence_level":0.95,"lower_bound":91.01164359236883,"upper_bound":91.38512739356823},"point_estimate":91.1901661637645,"standard_error":0.09514405253781065},"Median":{"confidence_interval":{"confidence_level":0.95,"lower_bound":90.72731199435684,"upper_bound":91.09626207099907},"point_estimate":90.93221350999826,"standard_error":0.07865768066341909},"MedianAbsDev":{"confidence_interval":{"confidence_level":0.95,"lower_bound":0.48407511289297,"upper_bound":0.8397323069598601},"point_estimate":0.6762565043616693,"standard_error":0.0863467119094458},"Slope":{"confidence_interval":{"confidence_level":0.95,"lower_bound":91.00976880129886,"upper_bound":91.45348560126193},"point_estimate":91.21799845842952,"standard_error":0.1134287816035068},"StdDev":{"confidence_interval":{"confidence_level":0.95,"lower_bound":0.7189704088885515,"upper_bound":1.1627916356400851},"point_estimate":0.9565456360561733,"standard_error":0.11335166242156403}}