{"Mean":{"confidence_interval":{"confidence_level":0.95,"lower_bound":52.12348490540714,"upper_bound":53.40522999607431},"point_estimate":52.71164694261509,"standard_error":0.3289765786598306},"Median":{"confidence_interval":{"confidence_level":0.95,"lower_bound":51.55486007177555,"upper_bound":51.72019165313924},"point_estimate":51.64202904354094,"standard_error":0.043536885025921505},"MedianAbsDev":{"confidence_interval":{"confidence_level":0.95,"lower_bound":0.2909634398718824,"upper_bound":0.5422840987706582},"point_estimate":0.3877856828180031,"standard_error":0.061723640300511244},"Slope":{"confidence_interval":{"confidence_level":0.95,"lower_bound":52.495477581994635,"upper_bound":55.448788109817016},"point_estimate":53.889549646361814,"standard_error":0.7571285801009878},"StdDev":{"confidence_interval":{"confidence_level":0.95,"lower_bound":1.910131562794053,"upper_bound":4.383015961502441},"point_estimate":3.3062083890696474,"standard_error":0.6310448036347385}}