{"Mean":{"confidence_interval":{"confidence_level":0.95,"lower_bound":139.96601779691133,"upper_bound":142.0170313210207},"point_estimate":140.86544448796053,"standard_error":0.5292002386466796},"Median":{"confidence_interval":{"confidence_level":0.95,"lower_bound":139.27458386532368,"upper_bound":140.19233117098065},"point_estimate":139.632037641273,"standard_error":0.25580635988405437},"MedianAbsDev":{"confidence_interval":{"confidence_level":0.95,"lower_bound":1.3873297461856235,"upper_bound":2.11969949241449},"point_estimate":1.865041989153391,"standard_error":0.18560930826718414},"Slope":{"confidence_interval":{"confidence_level":0.95,"lower_bound":139.33586602932067,"upper_bound":139.9511768515905},"point_estimate":139.63008002942018,"standard_error":0.15679261944295186},"StdDev":{"confidence_interval":{"confidence_level":0.95,"lower_bound":1.8645208851314834,"upper_bound":7.900990515260054},"point_estimate":5.33541400743352,"standard_error":1.5228760571036384}}