{"Mean":{"confidence_interval":{"confidence_level":0.95,"lower_bound":114.97970621352619,"upper_bound":115.33468182097018},"point_estimate":115.1376325132712,"standard_error":0.09169249742788567},"Median":{"confidence_interval":{"confidence_level":0.95,"lower_bound":114.94336442905484,"upper_bound":115.2701020169163},"point_estimate":115.04882921548892,"standard_error":0.07980856098449497},"MedianAbsDev":{"confidence_interval":{"confidence_level":0.95,"lower_bound":0.039227599432705984,"upper_bound":0.4267713467383219},"point_estimate":0.18504972162203162,"standard_error":0.10318197578362621},"Slope":{"confidence_interval":{"confidence_level":0.95,"lower_bound":114.92332338645586,"upper_bound":115.32327485211165},"point_estimate":115.0774243867052,"standard_error":0.10153650406238761},"StdDev":{"confidence_interval":{"confidence_level":0.95,"lower_bound":0.10142629418905626,"upper_bound":0.42296546786524747},"point_estimate":0.3050859384173518,"standard_error":0.08859125952512056}}