{"Mean":{"confidence_interval":{"confidence_level":0.95,"lower_bound":134.67395040387606,"upper_bound":138.39359170629086},"point_estimate":136.39468738669615,"standard_error":0.9493475396096198},"Median":{"confidence_interval":{"confidence_level":0.95,"lower_bound":132.50515388096852,"upper_bound":132.87601538809685},"point_estimate":132.62044744800346,"standard_error":0.09596370263107289},"MedianAbsDev":{"confidence_interval":{"confidence_level":0.95,"lower_bound":0.6112880789839767,"upper_bound":1.1402857090085685},"point_estimate":0.8000864681445787,"standard_error":0.13263625591969816},"Slope":{"confidence_interval":{"confidence_level":0.95,"lower_bound":134.9777406224957,"upper_bound":142.39484014725846},"point_estimate":138.30938419073996,"standard_error":1.9135546175278257},"StdDev":{"confidence_interval":{"confidence_level":0.95,"lower_bound":6.049282617734391,"upper_bound":12.616584359914576},"point_estimate":9.51196628908428,"standard_error":1.6803463816813466}}