{"Mean":{"confidence_interval":{"confidence_level":0.95,"lower_bound":137.52748921484337,"upper_bound":138.3812422955972},"point_estimate":137.8793250726263,"standard_error":0.22238445955499336},"Median":{"confidence_interval":{"confidence_level":0.95,"lower_bound":137.27264207527367,"upper_bound":137.82471165157793},"point_estimate":137.53280729139436,"standard_error":0.14560099661681006},"MedianAbsDev":{"confidence_interval":{"confidence_level":0.95,"lower_bound":0.7904479314320326,"upper_bound":1.240470518540214},"point_estimate":1.0562617581642497,"standard_error":0.11463189782551715},"Slope":{"confidence_interval":{"confidence_level":0.95,"lower_bound":137.44354033647167,"upper_bound":137.86239507860063},"point_estimate":137.6471042518534,"standard_error":0.10670246630129898},"StdDev":{"confidence_interval":{"confidence_level":0.95,"lower_bound":0.9231196504779603,"upper_bound":3.5614435428802653},"point_estimate":2.236734639026747,"standard_error":0.8628436000885451}}