{"Mean":{"confidence_interval":{"confidence_level":0.95,"lower_bound":25091.214570156524,"upper_bound":25295.712629786674},"point_estimate":25182.799760637292,"standard_error":52.23946713877979},"Median":{"confidence_interval":{"confidence_level":0.95,"lower_bound":24973.720833333333,"upper_bound":25154.36174442488},"point_estimate":25053.602004310345,"standard_error":47.85081256259837},"MedianAbsDev":{"confidence_interval":{"confidence_level":0.95,"lower_bound":198.60704266720302,"upper_bound":355.3237463073856},"point_estimate":283.39330805928097,"standard_error":40.36376383019565},"Slope":{"confidence_interval":{"confidence_level":0.95,"lower_bound":25069.826428267785,"upper_bound":25304.993254987286},"point_estimate":25164.62598389242,"standard_error":61.5390707660412},"StdDev":{"confidence_interval":{"confidence_level":0.95,"lower_bound":278.8362594988587,"upper_bound":754.0199061760285},"point_estimate":524.700183598234,"standard_error":124.91357250010464}}