{"Mean":{"confidence_interval":{"confidence_level":0.95,"lower_bound":24555.298035481635,"upper_bound":24692.23192083288},"point_estimate":24618.483188602397,"standard_error":34.976145314684196},"Median":{"confidence_interval":{"confidence_level":0.95,"lower_bound":24441.364090508374,"upper_bound":24610.214932244504},"point_estimate":24518.86048032894,"standard_error":41.863600240326626},"MedianAbsDev":{"confidence_interval":{"confidence_level":0.95,"lower_bound":178.68790071971605,"upper_bound":364.73778110551245},"point_estimate":261.2019509181973,"standard_error":47.914648018480904},"Slope":{"confidence_interval":{"confidence_level":0.95,"lower_bound":24495.51869287214,"upper_bound":24580.876033915865},"point_estimate":24536.592875684364,"standard_error":21.758992772801967},"StdDev":{"confidence_interval":{"confidence_level":0.95,"lower_bound":236.14020148954776,"upper_bound":488.7548668292268},"point_estimate":351.26854630022103,"standard_error":76.1882373102458}}