{"Mean":{"confidence_interval":{"confidence_level":0.95,"lower_bound":428634.98990836105,"upper_bound":429486.1369310631},"point_estimate":429078.89646733116,"standard_error":217.60197248621495},"Median":{"confidence_interval":{"confidence_level":0.95,"lower_bound":428653.82945736434,"upper_bound":429735.9003322259},"point_estimate":429040.7168604651,"standard_error":257.23258505807786},"MedianAbsDev":{"confidence_interval":{"confidence_level":0.95,"lower_bound":124.60132209019125,"upper_bound":1302.5373448985813},"point_estimate":577.7080093948249,"standard_error":278.8148826298572},"Slope":{"confidence_interval":{"confidence_level":0.95,"lower_bound":428577.3981438839,"upper_bound":429267.38882576814},"point_estimate":428919.8210208396,"standard_error":172.50262337305244},"StdDev":{"confidence_interval":{"confidence_level":0.95,"lower_bound":359.3317453723347,"upper_bound":976.6537933739579},"point_estimate":725.6258800570523,"standard_error":168.0105197193952}}