{"Mean":{"confidence_interval":{"confidence_level":0.95,"lower_bound":433225.05843527295,"upper_bound":446231.4480676},"point_estimate":439172.103172973,"standard_error":3326.637314792336},"Median":{"confidence_interval":{"confidence_level":0.95,"lower_bound":426098.6666666667,"upper_bound":428379.3650793651},"point_estimate":426958.2018930041,"standard_error":586.012806486416},"MedianAbsDev":{"confidence_interval":{"confidence_level":0.95,"lower_bound":2403.429768561162,"upper_bound":5011.670972546572},"point_estimate":3139.2526915398553,"standard_error":645.3783737618689},"Slope":{"confidence_interval":{"confidence_level":0.95,"lower_bound":431166.8514332829,"upper_bound":439639.8392646612},"point_estimate":435040.44325205655,"standard_error":2161.668792021358},"StdDev":{"confidence_interval":{"confidence_level":0.95,"lower_bound":19858.328764166326,"upper_bound":44119.08162294695},"point_estimate":33301.3914161092,"standard_error":6236.931475734508}}