{"Mean":{"confidence_interval":{"confidence_level":0.95,"lower_bound":431385.6161418915,"upper_bound":433271.2226189512},"point_estimate":432259.7874998701,"standard_error":483.04076865000525},"Median":{"confidence_interval":{"confidence_level":0.95,"lower_bound":430006.08510638296,"upper_bound":432801.6565656566},"point_estimate":431617.3804945055,"standard_error":728.4035800621106},"MedianAbsDev":{"confidence_interval":{"confidence_level":0.95,"lower_bound":2956.6620932357946,"upper_bound":4703.043519534629},"point_estimate":3734.197325384252,"standard_error":432.025405015252},"Slope":{"confidence_interval":{"confidence_level":0.95,"lower_bound":431706.0189552514,"upper_bound":433454.3418868529},"point_estimate":432577.7461031476,"standard_error":447.64493299017505},"StdDev":{"confidence_interval":{"confidence_level":0.95,"lower_bound":3196.014666441382,"upper_bound":6715.257911835997},"point_estimate":4859.037311939645,"standard_error":978.6946926677748}}