{"Mean":{"confidence_interval":{"confidence_level":0.95,"lower_bound":434182.6865819403,"upper_bound":437071.7068251306},"point_estimate":435408.01908899203,"standard_error":746.9931920755877},"Median":{"confidence_interval":{"confidence_level":0.95,"lower_bound":433079.32510288066,"upper_bound":434736.59715512616},"point_estimate":433643.69428661617,"standard_error":428.67817699792255},"MedianAbsDev":{"confidence_interval":{"confidence_level":0.95,"lower_bound":2495.2787254225427,"upper_bound":4103.593790045638},"point_estimate":3570.3654820960496,"standard_error":402.0864101444887},"Slope":{"confidence_interval":{"confidence_level":0.95,"lower_bound":432911.4256559752,"upper_bound":433976.62746244983},"point_estimate":433421.9956120388,"standard_error":271.82376013057495},"StdDev":{"confidence_interval":{"confidence_level":0.95,"lower_bound":3414.2118528187953,"upper_bound":11621.18074959103},"point_estimate":7502.274341328165,"standard_error":2541.6278572900596}}