{"Mean":{"confidence_interval":{"confidence_level":0.95,"lower_bound":-0.027066684139747433,"upper_bound":-0.013822584294121108},"point_estimate":-0.020151939412843545,"standard_error":0.0034068569044857326},"Median":{"confidence_interval":{"confidence_level":0.95,"lower_bound":-0.02648917573702958,"upper_bound":-0.010592115291401624},"point_estimate":-0.020214856622711608,"standard_error":0.0035282860482101545}}