{"Mean":{"confidence_interval":{"confidence_level":0.95,"lower_bound":0.05947785082922333,"upper_bound":0.06924415470780429},"point_estimate":0.06439841276575042,"standard_error":0.002455095148434604},"Median":{"confidence_interval":{"confidence_level":0.95,"lower_bound":0.0610887884447644,"upper_bound":0.06559315585505865},"point_estimate":0.0631101329103958,"standard_error":0.0011841386776527767}}