{"Mean":{"confidence_interval":{"confidence_level":0.95,"lower_bound":-0.48271054804418684,"upper_bound":-0.4777229868799918},"point_estimate":-0.480182405166954,"standard_error":0.0012650188187693808},"Median":{"confidence_interval":{"confidence_level":0.95,"lower_bound":-0.4814300450108313,"upper_bound":-0.47875355171774125},"point_estimate":-0.4798485343993837,"standard_error":0.0006904802068831463}}