{"Mean":{"confidence_interval":{"confidence_level":0.95,"lower_bound":-0.8183426220760504,"upper_bound":-0.8166308526876521},"point_estimate":-0.8175373437272531,"standard_error":0.0004284680667592456},"Median":{"confidence_interval":{"confidence_level":0.95,"lower_bound":-0.818097882429602,"upper_bound":-0.8173794127757956},"point_estimate":-0.8177621171562215,"standard_error":0.00018239219528045928}}