{"Mean":{"confidence_interval":{"confidence_level":0.95,"lower_bound":1548749.3842268423,"upper_bound":1556563.4114688016},"point_estimate":1552369.4527180437,"standard_error":1990.6414862729594},"Median":{"confidence_interval":{"confidence_level":0.95,"lower_bound":1543701.7607655502,"upper_bound":1553273.2734848484},"point_estimate":1548798.6886904761,"standard_error":2487.2895037143444},"MedianAbsDev":{"confidence_interval":{"confidence_level":0.95,"lower_bound":11189.494167252331,"upper_bound":19845.14769010626},"point_estimate":15393.078891681831,"standard_error":2109.9797204142483},"Slope":{"confidence_interval":{"confidence_level":0.95,"lower_bound":1550886.0055359097,"upper_bound":1559131.030856558},"point_estimate":1554970.0242175262,"standard_error":2107.6597865426497},"StdDev":{"confidence_interval":{"confidence_level":0.95,"lower_bound":13658.84361494062,"upper_bound":27708.88576035873},"point_estimate":20048.201693940082,"standard_error":4169.134852666196}}