{"Mean":{"confidence_interval":{"confidence_level":0.95,"lower_bound":1557154.9320470162,"upper_bound":1593122.4188371093},"point_estimate":1573540.1309705495,"standard_error":9216.687097272366},"Median":{"confidence_interval":{"confidence_level":0.95,"lower_bound":1535570.142857143,"upper_bound":1541577.1445783132},"point_estimate":1537977.2631578948,"standard_error":1357.5400096066803},"MedianAbsDev":{"confidence_interval":{"confidence_level":0.95,"lower_bound":7250.725557334568,"upper_bound":15594.200874954775},"point_estimate":10507.892390223538,"standard_error":2108.916608032865},"Slope":{"confidence_interval":{"confidence_level":0.95,"lower_bound":1551675.8581527863,"upper_bound":1572047.2718463794},"point_estimate":1561548.7389330575,"standard_error":5213.757757959506},"StdDev":{"confidence_interval":{"confidence_level":0.95,"lower_bound":51036.78431910969,"upper_bound":126581.45277667217},"point_estimate":92763.85301110194,"standard_error":19193.69364377346}}