{"Mean":{"confidence_interval":{"confidence_level":0.95,"lower_bound":1380812.8566448411,"upper_bound":1383992.5516071427},"point_estimate":1382394.006805556,"standard_error":816.9324996902109},"Median":{"confidence_interval":{"confidence_level":0.95,"lower_bound":1379647.9523809524,"upper_bound":1385238.6661706348},"point_estimate":1382213.5416666667,"standard_error":1630.3672193321315},"MedianAbsDev":{"confidence_interval":{"confidence_level":0.95,"lower_bound":169.77093448586479,"upper_bound":4411.552705012546},"point_estimate":4035.621684603278,"standard_error":1240.4902782354636},"Slope":{"confidence_interval":{"confidence_level":0.95,"lower_bound":1380032.2943485668,"upper_bound":1384649.1853237879},"point_estimate":1382464.405380334,"standard_error":1210.4077841027306},"StdDev":{"confidence_interval":{"confidence_level":0.95,"lower_bound":1846.3282815418256,"upper_bound":3080.8515910981264},"point_estimate":2720.532780010609,"standard_error":324.2294151845598}}