{"Mean":{"confidence_interval":{"confidence_level":0.95,"lower_bound":1547627.5317770708,"upper_bound":1555047.5455203122},"point_estimate":1550865.0790878728,"standard_error":1904.2493412149408},"Median":{"confidence_interval":{"confidence_level":0.95,"lower_bound":1545118.9627791564,"upper_bound":1551444.4411764706},"point_estimate":1548366.0838168922,"standard_error":1667.06322488758},"MedianAbsDev":{"confidence_interval":{"confidence_level":0.95,"lower_bound":8771.676059460311,"upper_bound":14515.342092301215},"point_estimate":12182.33881458654,"standard_error":1472.6979103571377},"Slope":{"confidence_interval":{"confidence_level":0.95,"lower_bound":1548021.354589328,"upper_bound":1554314.9260231894},"point_estimate":1551076.507699128,"standard_error":1610.8628424561998},"StdDev":{"confidence_interval":{"confidence_level":0.95,"lower_bound":10274.077664901422,"upper_bound":28928.163179759817},"point_estimate":19185.62296692379,"standard_error":5834.547929621076}}