{"Mean":{"confidence_interval":{"confidence_level":0.95,"lower_bound":44313219.702840745,"upper_bound":44480691.42197559},"point_estimate":44396421.20039224,"standard_error":42715.02841301466},"Median":{"confidence_interval":{"confidence_level":0.95,"lower_bound":44261090.46414474,"upper_bound":44523045.25},"point_estimate":44407852.91358025,"standard_error":59337.36193635083},"MedianAbsDev":{"confidence_interval":{"confidence_level":0.95,"lower_bound":317098.49617890496,"upper_bound":579413.4100799005},"point_estimate":442212.47475840646,"standard_error":70087.2815830444},"Slope":{"confidence_interval":{"confidence_level":0.95,"lower_bound":44245994.33261178,"upper_bound":44453676.3565924},"point_estimate":44346891.18660559,"standard_error":53101.102489074736},"StdDev":{"confidence_interval":{"confidence_level":0.95,"lower_bound":374949.38540842856,"upper_bound":476797.8437455662},"point_estimate":428918.7469689066,"standard_error":25909.808121279857}}