{"Mean":{"confidence_interval":{"confidence_level":0.95,"lower_bound":57367741.32818401,"upper_bound":57461016.92241912},"point_estimate":57412465.89673077,"standard_error":23833.553731404427},"Median":{"confidence_interval":{"confidence_level":0.95,"lower_bound":57303618.39473684,"upper_bound":57390244.77},"point_estimate":57343153.877757356,"standard_error":20605.679912104697},"MedianAbsDev":{"confidence_interval":{"confidence_level":0.95,"lower_bound":125822.79652101974,"upper_bound":221391.39263019746},"point_estimate":173792.3145026253,"standard_error":25096.279700774503},"Slope":{"confidence_interval":{"confidence_level":0.95,"lower_bound":57332909.92224934,"upper_bound":57413708.327254824},"point_estimate":57371755.94922713,"standard_error":20616.586090955},"StdDev":{"confidence_interval":{"confidence_level":0.95,"lower_bound":183993.22629145533,"upper_bound":293714.96152756194},"point_estimate":240419.5071873879,"standard_error":28184.239102933487}}