{"Mean":{"confidence_interval":{"confidence_level":0.95,"lower_bound":15059481.048569445,"upper_bound":15150277.374166667},"point_estimate":15103047.631746033,"standard_error":23235.779463306637},"Median":{"confidence_interval":{"confidence_level":0.95,"lower_bound":15045005.666666666,"upper_bound":15141856.375},"point_estimate":15108604.276785715,"standard_error":26552.042490926047},"MedianAbsDev":{"confidence_interval":{"confidence_level":0.95,"lower_bound":16134.373033557502,"upper_bound":134855.3318083402},"point_estimate":61713.34745436861,"standard_error":28991.69399846084},"Slope":{"confidence_interval":{"confidence_level":0.95,"lower_bound":15023574.978896104,"upper_bound":15113177.92857143},"point_estimate":15058446.58051948,"standard_error":22743.344309448155},"StdDev":{"confidence_interval":{"confidence_level":0.95,"lower_bound":38588.205928743635,"upper_bound":104345.95689743059},"point_estimate":77609.18674971724,"standard_error":17739.200412657126}}