{"Mean":{"confidence_interval":{"confidence_level":0.95,"lower_bound":32991497.24541839,"upper_bound":33084532.703954805},"point_estimate":33035094.216720894,"standard_error":23826.877392556544},"Median":{"confidence_interval":{"confidence_level":0.95,"lower_bound":32948925.30150158,"upper_bound":32985828.48148148},"point_estimate":32962639.82246377,"standard_error":9024.609707087386},"MedianAbsDev":{"confidence_interval":{"confidence_level":0.95,"lower_bound":65091.39930797972,"upper_bound":118765.81946221416},"point_estimate":84934.22137264379,"standard_error":13954.997809061124},"Slope":{"confidence_interval":{"confidence_level":0.95,"lower_bound":32955086.542139918,"upper_bound":33007027.1172291},"point_estimate":32979694.088736515,"standard_error":13229.855213930852},"StdDev":{"confidence_interval":{"confidence_level":0.95,"lower_bound":163573.9132401548,"upper_bound":312157.7460257955},"point_estimate":239466.03719496686,"standard_error":38457.32125243757}}