{"Mean":{"confidence_interval":{"confidence_level":0.95,"lower_bound":21745895.333333336,"upper_bound":21816511.94484127},"point_estimate":21780113.85575397,"standard_error":18117.35551903146},"Median":{"confidence_interval":{"confidence_level":0.95,"lower_bound":21722499.5,"upper_bound":21819485.1875},"point_estimate":21780953.083333336,"standard_error":19832.964833729475},"MedianAbsDev":{"confidence_interval":{"confidence_level":0.95,"lower_bound":5778.804047408481,"upper_bound":106253.12166363001},"point_estimate":58100.333685178324,"standard_error":31641.353832866116},"Slope":{"confidence_interval":{"confidence_level":0.95,"lower_bound":21741056.455049586,"upper_bound":21842378.196532134},"point_estimate":21790951.475324675,"standard_error":26513.943604164964},"StdDev":{"confidence_interval":{"confidence_level":0.95,"lower_bound":32156.8780413554,"upper_bound":77690.61190144868},"point_estimate":60407.710898120444,"standard_error":12058.832574637006}}