{"Mean":{"confidence_interval":{"confidence_level":0.95,"lower_bound":-0.1651966919380212,"upper_bound":-0.15964261709558625},"point_estimate":-0.1623588134910845,"standard_error":0.0014260377316846506},"Median":{"confidence_interval":{"confidence_level":0.95,"lower_bound":-0.16828234863004798,"upper_bound":-0.15841020627009506},"point_estimate":-0.16163763956407584,"standard_error":0.0028645839633019664}}