{"Mean":{"confidence_interval":{"confidence_level":0.95,"lower_bound":0.027232964593490196,"upper_bound":0.03580737202415355},"point_estimate":0.031450519369232044,"standard_error":0.0021424058655035933},"Median":{"confidence_interval":{"confidence_level":0.95,"lower_bound":0.026491227459230826,"upper_bound":0.03113445709787066},"point_estimate":0.028278337670336606,"standard_error":0.001262389617670633}}