{"Mean":{"confidence_interval":{"confidence_level":0.95,"lower_bound":0.0843241640124446,"upper_bound":0.09204579678946886},"point_estimate":0.08766690130173171,"standard_error":0.001908676960822809},"Median":{"confidence_interval":{"confidence_level":0.95,"lower_bound":0.08612424187148404,"upper_bound":0.08986828546898695},"point_estimate":0.08798296847434028,"standard_error":0.0009694778803632282}}