{"Mean":{"confidence_interval":{"confidence_level":0.95,"lower_bound":-0.204514504220248,"upper_bound":-0.19318098335590048},"point_estimate":-0.19915881916836342,"standard_error":0.0028636944330239812},"Median":{"confidence_interval":{"confidence_level":0.95,"lower_bound":-0.2055352585706639,"upper_bound":-0.1953807301150945},"point_estimate":-0.20148814947839322,"standard_error":0.002547811629518615}}