{"Mean":{"confidence_interval":{"confidence_level":0.95,"lower_bound":-0.17234486924970338,"upper_bound":-0.158335899754703},"point_estimate":-0.1657601129327907,"standard_error":0.0035541140247501352},"Median":{"confidence_interval":{"confidence_level":0.95,"lower_bound":-0.17944341429693889,"upper_bound":-0.1606770857811377},"point_estimate":-0.17042278086254703,"standard_error":0.004695661901223055}}