{"Mean":{"confidence_interval":{"confidence_level":0.95,"lower_bound":0.08359572096539311,"upper_bound":0.10861179962511672},"point_estimate":0.09617234773497008,"standard_error":0.006388938667645713},"Median":{"confidence_interval":{"confidence_level":0.95,"lower_bound":0.0934887193325078,"upper_bound":0.12447027080313555},"point_estimate":0.1117705094413739,"standard_error":0.007319736808657605}}