{"Mean":{"confidence_interval":{"confidence_level":0.95,"lower_bound":720816.499539072,"upper_bound":723149.419004884},"point_estimate":721959.5819749695,"standard_error":595.3452358176005},"Median":{"confidence_interval":{"confidence_level":0.95,"lower_bound":720289.1615384616,"upper_bound":723244.0826923077},"point_estimate":721935.0984432234,"standard_error":744.6911853266561},"MedianAbsDev":{"confidence_interval":{"confidence_level":0.95,"lower_bound":494.2912960323198,"upper_bound":3452.7116069713597},"point_estimate":2098.4434912067272,"standard_error":732.4370289430782},"Slope":{"confidence_interval":{"confidence_level":0.95,"lower_bound":721263.9908353365,"upper_bound":724189.2137745975},"point_estimate":722904.8367632368,"standard_error":750.924465381982},"StdDev":{"confidence_interval":{"confidence_level":0.95,"lower_bound":1069.8761785320285,"upper_bound":2590.414262600017},"point_estimate":1986.1487180520453,"standard_error":397.70268401284955}}