{"Mean":{"confidence_interval":{"confidence_level":0.95,"lower_bound":154305.6126582175,"upper_bound":155579.34274163187},"point_estimate":154901.2332019745,"standard_error":324.26748404948995},"Median":{"confidence_interval":{"confidence_level":0.95,"lower_bound":153757.31266846362,"upper_bound":155076.4805194805},"point_estimate":154154.49336231203,"standard_error":314.378521115807},"MedianAbsDev":{"confidence_interval":{"confidence_level":0.95,"lower_bound":1625.2504802369267,"upper_bound":2900.346131894882},"point_estimate":1928.246641628831,"standard_error":355.05120150097946},"Slope":{"confidence_interval":{"confidence_level":0.95,"lower_bound":154611.12438533994,"upper_bound":155820.4345753153},"point_estimate":155209.5929797969,"standard_error":309.04534533556244},"StdDev":{"confidence_interval":{"confidence_level":0.95,"lower_bound":2205.92228183831,"upper_bound":4439.7772200444815},"point_estimate":3252.398718158331,"standard_error":629.1363873093339}}