{"Mean":{"confidence_interval":{"confidence_level":0.95,"lower_bound":506257.5938836464,"upper_bound":512121.07947922725},"point_estimate":508883.3666171379,"standard_error":1496.3161134375428},"Median":{"confidence_interval":{"confidence_level":0.95,"lower_bound":503037.9944142512,"upper_bound":506743.5777777778},"point_estimate":505270.9735247209,"standard_error":1079.2642208150785},"MedianAbsDev":{"confidence_interval":{"confidence_level":0.95,"lower_bound":4811.860959651953,"upper_bound":9505.75092254624},"point_estimate":7276.504947594827,"standard_error":1202.0133203056062},"Slope":{"confidence_interval":{"confidence_level":0.95,"lower_bound":503671.39461128233,"upper_bound":506436.2036083009},"point_estimate":504984.83439190185,"standard_error":704.806517029131},"StdDev":{"confidence_interval":{"confidence_level":0.95,"lower_bound":8133.750353667845,"upper_bound":21702.930893178796},"point_estimate":15002.993910031215,"standard_error":3639.199559484231}}