{"Mean":{"confidence_interval":{"confidence_level":0.95,"lower_bound":399888.21168961754,"upper_bound":404846.481538269},"point_estimate":402130.4980134044,"standard_error":1267.4279036026194},"Median":{"confidence_interval":{"confidence_level":0.95,"lower_bound":398839.4583333333,"upper_bound":401948.14545454545},"point_estimate":400257.63749999995,"standard_error":905.0471177526114},"MedianAbsDev":{"confidence_interval":{"confidence_level":0.95,"lower_bound":5456.766740319716,"upper_bound":11148.368604031719},"point_estimate":7642.239183959645,"standard_error":1502.4833289155024},"Slope":{"confidence_interval":{"confidence_level":0.95,"lower_bound":396782.1468995558,"upper_bound":400326.9962119005},"point_estimate":398515.6636677996,"standard_error":903.3662320604351},"StdDev":{"confidence_interval":{"confidence_level":0.95,"lower_bound":7302.089004455935,"upper_bound":18520.31111533287},"point_estimate":12775.034091575926,"standard_error":3133.0315860263436}}