{"Mean":{"confidence_interval":{"confidence_level":0.95,"lower_bound":406.09334346177,"upper_bound":408.0707706524542},"point_estimate":407.0460022618409,"standard_error":0.5050807629522442},"Median":{"confidence_interval":{"confidence_level":0.95,"lower_bound":404.47372206387683,"upper_bound":406.83316990090833},"point_estimate":405.81353498081734,"standard_error":0.5172642831119598},"MedianAbsDev":{"confidence_interval":{"confidence_level":0.95,"lower_bound":2.8154645955685536,"upper_bound":4.666459319870809},"point_estimate":3.5352868134256976,"standard_error":0.49186061650281543},"Slope":{"confidence_interval":{"confidence_level":0.95,"lower_bound":406.7566487921355,"upper_bound":409.83189739680756},"point_estimate":408.29660535041756,"standard_error":0.7863499988750059},"StdDev":{"confidence_interval":{"confidence_level":0.95,"lower_bound":3.950162512228079,"upper_bound":6.109875292783903},"point_estimate":5.071795142869919,"standard_error":0.5532012610011855}}