{"Mean":{"confidence_interval":{"confidence_level":0.95,"lower_bound":420.8301557945756,"upper_bound":428.3195963941106},"point_estimate":424.24591035121904,"standard_error":1.9166486581064008},"Median":{"confidence_interval":{"confidence_level":0.95,"lower_bound":417.00857080107613,"upper_bound":418.6043788840468},"point_estimate":417.9609502615673,"standard_error":0.3821155407395366},"MedianAbsDev":{"confidence_interval":{"confidence_level":0.95,"lower_bound":1.3873354210936784,"upper_bound":3.517642623122609},"point_estimate":2.3467460194631125,"standard_error":0.5261500169014144},"Slope":{"confidence_interval":{"confidence_level":0.95,"lower_bound":420.0004616775818,"upper_bound":427.3853380387347},"point_estimate":423.3792586025709,"standard_error":1.895642663912764},"StdDev":{"confidence_interval":{"confidence_level":0.95,"lower_bound":10.064017948585553,"upper_bound":26.44501256709913},"point_estimate":19.28109765552439,"standard_error":4.150032300926287}}