{"Mean":{"confidence_interval":{"confidence_level":0.95,"lower_bound":-0.10484600720093848,"upper_bound":-0.09422311284260096},"point_estimate":-0.09896822241486447,"standard_error":0.0027317396026576755},"Median":{"confidence_interval":{"confidence_level":0.95,"lower_bound":-0.09893927426245319,"upper_bound":-0.0934198478553413},"point_estimate":-0.09591729303265928,"standard_error":0.0013982732796267486}}