{"Mean":{"confidence_interval":{"confidence_level":0.95,"lower_bound":-0.15146368563800403,"upper_bound":-0.1427545567026243},"point_estimate":-0.14715348512749848,"standard_error":0.0022025393780928278},"Median":{"confidence_interval":{"confidence_level":0.95,"lower_bound":-0.15002030517663656,"upper_bound":-0.14224907938868803},"point_estimate":-0.14667262901445777,"standard_error":0.0020656877854191933}}