{"Mean":{"confidence_interval":{"confidence_level":0.95,"lower_bound":0.11567904911155912,"upper_bound":0.1301613558799378},"point_estimate":0.12278306516986204,"standard_error":0.0036947445489471055},"Median":{"confidence_interval":{"confidence_level":0.95,"lower_bound":0.11699810999643123,"upper_bound":0.12440910208722447},"point_estimate":0.12075906770886635,"standard_error":0.0019159708180037673}}