{"Mean":{"confidence_interval":{"confidence_level":0.95,"lower_bound":-0.004269920975358532,"upper_bound":-0.00013193088573057042},"point_estimate":-0.002356230102924739,"standard_error":0.0010593097725110235},"Median":{"confidence_interval":{"confidence_level":0.95,"lower_bound":-0.005416376748826446,"upper_bound":-0.0010405149842089845},"point_estimate":-0.0036281968320120983,"standard_error":0.0011381726291931442}}