{"Mean":{"confidence_interval":{"confidence_level":0.95,"lower_bound":36926464.95315202,"upper_bound":37248640.342408635},"point_estimate":37068197.328148134,"standard_error":83118.1942618174},"Median":{"confidence_interval":{"confidence_level":0.95,"lower_bound":36804294.86666667,"upper_bound":36933714.70653736},"point_estimate":36857878.97909407,"standard_error":34864.255860013276},"MedianAbsDev":{"confidence_interval":{"confidence_level":0.95,"lower_bound":177073.0882580806,"upper_bound":323615.7996321881},"point_estimate":247516.9637501619,"standard_error":38595.87394317019},"Slope":{"confidence_interval":{"confidence_level":0.95,"lower_bound":36903972.57185498,"upper_bound":37123921.324274205},"point_estimate":37005735.75433722,"standard_error":56172.57146535568},"StdDev":{"confidence_interval":{"confidence_level":0.95,"lower_bound":371186.00868966023,"upper_bound":1236648.1817016003},"point_estimate":834197.2803462938,"standard_error":229846.9530315911}}