{"Mean":{"confidence_interval":{"confidence_level":0.95,"lower_bound":0.0033199315826565492,"upper_bound":0.011864857153813833},"point_estimate":0.007309260554147601,"standard_error":0.0021836003279704116},"Median":{"confidence_interval":{"confidence_level":0.95,"lower_bound":0.002161215959823215,"upper_bound":0.008079372000911134},"point_estimate":0.004542601267041535,"standard_error":0.0015523609681805084}}