{"Mean":{"confidence_interval":{"confidence_level":0.95,"lower_bound":741.8037711954511,"upper_bound":745.2804673587751},"point_estimate":743.289412758785,"standard_error":0.8972791291207791},"Median":{"confidence_interval":{"confidence_level":0.95,"lower_bound":740.581654932631,"upper_bound":742.9706602298226},"point_estimate":741.8570603417434,"standard_error":0.5253193396212665},"MedianAbsDev":{"confidence_interval":{"confidence_level":0.95,"lower_bound":3.7075992015676227,"upper_bound":6.056639090361575},"point_estimate":4.922576793983817,"standard_error":0.6132707254944951},"Slope":{"confidence_interval":{"confidence_level":0.95,"lower_bound":741.5120889494791,"upper_bound":743.4238637154191},"point_estimate":742.4343060934433,"standard_error":0.48765148465491137},"StdDev":{"confidence_interval":{"confidence_level":0.95,"lower_bound":4.348923324509235,"upper_bound":13.914943297599697},"point_estimate":9.001712407632594,"standard_error":3.0474076008850037}}