{"Mean":{"confidence_interval":{"confidence_level":0.95,"lower_bound":741.9543347321023,"upper_bound":746.159001010545},"point_estimate":743.7660436619996,"standard_error":1.0802134655493931},"Median":{"confidence_interval":{"confidence_level":0.95,"lower_bound":740.2664874035813,"upper_bound":742.5331340524081},"point_estimate":741.1133171157685,"standard_error":0.6225338813218864},"MedianAbsDev":{"confidence_interval":{"confidence_level":0.95,"lower_bound":4.18311517531189,"upper_bound":7.047234334236553},"point_estimate":5.583013164963966,"standard_error":0.7078760548380004},"Slope":{"confidence_interval":{"confidence_level":0.95,"lower_bound":740.9581556346469,"upper_bound":743.7460231054829},"point_estimate":742.2781688787343,"standard_error":0.7148121774336014},"StdDev":{"confidence_interval":{"confidence_level":0.95,"lower_bound":5.394934563101331,"upper_bound":16.656696873665773},"point_estimate":10.851894652713288,"standard_error":3.5885654323069036}}