{"Mean":{"confidence_interval":{"confidence_level":0.95,"lower_bound":1133.9160988955366,"upper_bound":1138.9581900724343},"point_estimate":1136.1795856186495,"standard_error":1.2930091499374778},"Median":{"confidence_interval":{"confidence_level":0.95,"lower_bound":1132.7793366365931,"upper_bound":1135.8556105417078},"point_estimate":1133.8454711666316,"standard_error":0.7732122831554987},"MedianAbsDev":{"confidence_interval":{"confidence_level":0.95,"lower_bound":6.864585160072242,"upper_bound":11.014101449818002},"point_estimate":8.764256433797208,"standard_error":0.9874847766222775},"Slope":{"confidence_interval":{"confidence_level":0.95,"lower_bound":1134.0816361597795,"upper_bound":1137.9298848301637},"point_estimate":1135.9727128528577,"standard_error":0.9867516158909143},"StdDev":{"confidence_interval":{"confidence_level":0.95,"lower_bound":7.494482061174368,"upper_bound":19.06643952464629},"point_estimate":13.000392283452623,"standard_error":3.4400202480576363}}