{"Mean":{"confidence_interval":{"confidence_level":0.95,"lower_bound":12561.592108367135,"upper_bound":12588.961249220914},"point_estimate":12575.802541881018,"standard_error":7.019421575887449},"Median":{"confidence_interval":{"confidence_level":0.95,"lower_bound":12550.774515235456,"upper_bound":12592.261772853186},"point_estimate":12582.826638965835,"standard_error":10.014158196919634},"MedianAbsDev":{"confidence_interval":{"confidence_level":0.95,"lower_bound":4.704311620083762,"upper_bound":39.52091490431939},"point_estimate":15.530884987431447,"standard_error":9.74310177173314},"Slope":{"confidence_interval":{"confidence_level":0.95,"lower_bound":12554.251112722724,"upper_bound":12595.457799661677},"point_estimate":12579.043351800554,"standard_error":10.410906483419206},"StdDev":{"confidence_interval":{"confidence_level":0.95,"lower_bound":12.001168559904722,"upper_bound":28.783928599101607},"point_estimate":23.408509173648334,"standard_error":4.121484444579874}}