{"Mean":{"confidence_interval":{"confidence_level":0.95,"lower_bound":999.2009105640676,"upper_bound":1004.2920857465738},"point_estimate":1001.3713221158444,"standard_error":1.3084787300570617},"Median":{"confidence_interval":{"confidence_level":0.95,"lower_bound":996.8734361361653,"upper_bound":999.8983347310411},"point_estimate":998.0236276791776,"standard_error":0.7249732421166785},"MedianAbsDev":{"confidence_interval":{"confidence_level":0.95,"lower_bound":3.808383442436738,"upper_bound":6.557287173554331},"point_estimate":5.466839204925281,"standard_error":0.68572592496908},"Slope":{"confidence_interval":{"confidence_level":0.95,"lower_bound":999.0729779135435,"upper_bound":1002.8385514973231},"point_estimate":1000.8370710531551,"standard_error":0.9616134935068411},"StdDev":{"confidence_interval":{"confidence_level":0.95,"lower_bound":6.043234128868565,"upper_bound":20.333131434325463},"point_estimate":13.193339062903108,"standard_error":4.31977154988097}}