{"Mean":{"confidence_interval":{"confidence_level":0.95,"lower_bound":1346.0014549129257,"upper_bound":1353.6289508276666},"point_estimate":1349.4281435268588,"standard_error":1.9607192659067152},"Median":{"confidence_interval":{"confidence_level":0.95,"lower_bound":1342.7457066046063,"upper_bound":1349.3798980597242},"point_estimate":1345.9415032401091,"standard_error":1.6766921580464311},"MedianAbsDev":{"confidence_interval":{"confidence_level":0.95,"lower_bound":10.389035793734326,"upper_bound":16.73037711275263},"point_estimate":13.8270635423708,"standard_error":1.6010232293226816},"Slope":{"confidence_interval":{"confidence_level":0.95,"lower_bound":1345.8648597120475,"upper_bound":1350.5979242244794},"point_estimate":1348.1867095210264,"standard_error":1.2067653891798278},"StdDev":{"confidence_interval":{"confidence_level":0.95,"lower_bound":11.80782487851789,"upper_bound":28.56956573193405},"point_estimate":19.67545863287506,"standard_error":5.101822997959502}}