{"Mean":{"confidence_interval":{"confidence_level":0.95,"lower_bound":8410.595817462,"upper_bound":8515.869957737608},"point_estimate":8459.28764714176,"standard_error":26.899391099051588},"Median":{"confidence_interval":{"confidence_level":0.95,"lower_bound":8346.005798394292,"upper_bound":8365.262363594149},"point_estimate":8356.753961371698,"standard_error":4.2790269868979305},"MedianAbsDev":{"confidence_interval":{"confidence_level":0.95,"lower_bound":23.342042862220367,"upper_bound":50.72240344193381},"point_estimate":34.532285176824374,"standard_error":6.744377180660632},"Slope":{"confidence_interval":{"confidence_level":0.95,"lower_bound":8414.172388635301,"upper_bound":8530.277540211222},"point_estimate":8467.578805769775,"standard_error":29.781631812329003},"StdDev":{"confidence_interval":{"confidence_level":0.95,"lower_bound":170.96131893444579,"upper_bound":354.35089169944547},"point_estimate":270.8729312441891,"standard_error":46.779853025541165}}