{"Mean":{"confidence_interval":{"confidence_level":0.95,"lower_bound":0.027591794889077786,"upper_bound":0.04526848481017672},"point_estimate":0.03458340310116981,"standard_error":0.004333622018180355},"Median":{"confidence_interval":{"confidence_level":0.95,"lower_bound":0.025255527187591074,"upper_bound":0.03280142579806093},"point_estimate":0.02791011140906563,"standard_error":0.0020344612207427925}}