{"Mean":{"confidence_interval":{"confidence_level":0.95,"lower_bound":-0.029593711677585816,"upper_bound":-0.013930969196268387},"point_estimate":-0.021198381378688236,"standard_error":0.003999481702541123},"Median":{"confidence_interval":{"confidence_level":0.95,"lower_bound":-0.019382312412659308,"upper_bound":-0.011670925302852297},"point_estimate":-0.015034016443072673,"standard_error":0.0020624097959462294}}