{"Mean":{"confidence_interval":{"confidence_level":0.95,"lower_bound":-0.015703815700950807,"upper_bound":-0.00918706402609469},"point_estimate":-0.012485474020917597,"standard_error":0.0016539408296724013},"Median":{"confidence_interval":{"confidence_level":0.95,"lower_bound":-0.015564483280885427,"upper_bound":-0.009818581401651915},"point_estimate":-0.01248768800057276,"standard_error":0.001464073859453856}}