{"Mean":{"confidence_interval":{"confidence_level":0.95,"lower_bound":-0.00006609510932946407,"upper_bound":0.0069401782374428345},"point_estimate":0.0035569853584287436,"standard_error":0.0017932118039259268},"Median":{"confidence_interval":{"confidence_level":0.95,"lower_bound":-0.0005120762745352003,"upper_bound":0.006968289545263628},"point_estimate":0.004458773608827737,"standard_error":0.0016403130704790735}}