{"Mean":{"confidence_interval":{"confidence_level":0.95,"lower_bound":501.59508227051396,"upper_bound":502.99203863601554},"point_estimate":502.2715817098286,"standard_error":0.3570655379810265},"Median":{"confidence_interval":{"confidence_level":0.95,"lower_bound":500.7012067427096,"upper_bound":501.8434058554929},"point_estimate":501.03110955001364,"standard_error":0.2900748018707384},"MedianAbsDev":{"confidence_interval":{"confidence_level":0.95,"lower_bound":1.865977359686536,"upper_bound":3.270517718249458},"point_estimate":2.4301217122523733,"standard_error":0.3634476040537456},"Slope":{"confidence_interval":{"confidence_level":0.95,"lower_bound":501.83250346436824,"upper_bound":503.3932078286049},"point_estimate":502.5848057225814,"standard_error":0.3989655371994608},"StdDev":{"confidence_interval":{"confidence_level":0.95,"lower_bound":2.8803619906671227,"upper_bound":4.1742182131810655},"point_estimate":3.5851576583604636,"standard_error":0.3299100993449403}}