{"Mean":{"confidence_interval":{"confidence_level":0.95,"lower_bound":2106.940483593832,"upper_bound":2110.032782786093},"point_estimate":2108.3551990802894,"standard_error":0.7957258449072637},"Median":{"confidence_interval":{"confidence_level":0.95,"lower_bound":2106.3345709092314,"upper_bound":2110.5775031906255},"point_estimate":2107.6027526395173,"standard_error":0.8792532210639215},"MedianAbsDev":{"confidence_interval":{"confidence_level":0.95,"lower_bound":0.3211034401748897,"upper_bound":3.6788914766290537},"point_estimate":1.751746598439682,"standard_error":0.8321058595902613},"Slope":{"confidence_interval":{"confidence_level":0.95,"lower_bound":2106.7045895060005,"upper_bound":2110.7679905028144},"point_estimate":2108.501170021532,"standard_error":1.1077831263152462},"StdDev":{"confidence_interval":{"confidence_level":0.95,"lower_bound":0.8753109826484232,"upper_bound":3.3258565473583275},"point_estimate":2.6540873508496285,"standard_error":0.6443624302801999}}