{"Mean":{"confidence_interval":{"confidence_level":0.95,"lower_bound":611.0120689894394,"upper_bound":614.749503666973},"point_estimate":612.5230297253236,"standard_error":0.9828167893804309},"Median":{"confidence_interval":{"confidence_level":0.95,"lower_bound":609.980231640647,"upper_bound":612.3320506325176},"point_estimate":611.1781600012885,"standard_error":0.5853967169700062},"MedianAbsDev":{"confidence_interval":{"confidence_level":0.95,"lower_bound":3.4612325520544047,"upper_bound":5.7574837783043735},"point_estimate":4.754453387758963,"standard_error":0.5911022281259791},"Slope":{"confidence_interval":{"confidence_level":0.95,"lower_bound":610.2794958001634,"upper_bound":611.776549688466},"point_estimate":611.0350060315134,"standard_error":0.38258141365232623},"StdDev":{"confidence_interval":{"confidence_level":0.95,"lower_bound":3.5128165615608102,"upper_bound":15.915000388712073},"point_estimate":9.842645177273557,"standard_error":4.02045504621081}}