{"Mean":{"confidence_interval":{"confidence_level":0.95,"lower_bound":159741.91539310568,"upper_bound":160527.67764951597},"point_estimate":160106.87538624665,"standard_error":201.1806843884865},"Median":{"confidence_interval":{"confidence_level":0.95,"lower_bound":159268.7256377551,"upper_bound":160076.15873015873},"point_estimate":159623.64793650794,"standard_error":202.44143577664792},"MedianAbsDev":{"confidence_interval":{"confidence_level":0.95,"lower_bound":1152.0943162128967,"upper_bound":1912.351442153174},"point_estimate":1444.9798019053733,"standard_error":194.30968715980813},"Slope":{"confidence_interval":{"confidence_level":0.95,"lower_bound":159755.2696114393,"upper_bound":160439.7190878764},"point_estimate":160091.53266440076,"standard_error":174.30213931068306},"StdDev":{"confidence_interval":{"confidence_level":0.95,"lower_bound":1385.7001718087397,"upper_bound":2741.1570673945753},"point_estimate":2021.6748770085949,"standard_error":382.20087946157787}}