{"Mean":{"confidence_interval":{"confidence_level":0.95,"lower_bound":159764.32653738846,"upper_bound":160693.10938363284},"point_estimate":160187.7220377782,"standard_error":238.03852549953115},"Median":{"confidence_interval":{"confidence_level":0.95,"lower_bound":159269.56430315413,"upper_bound":159786.5462184874},"point_estimate":159580.83,"standard_error":172.7576226487576},"MedianAbsDev":{"confidence_interval":{"confidence_level":0.95,"lower_bound":851.1828467305892,"upper_bound":1629.877735156647},"point_estimate":1272.5660981682527,"standard_error":218.0893902494977},"Slope":{"confidence_interval":{"confidence_level":0.95,"lower_bound":159781.10278241037,"upper_bound":161116.37596582493},"point_estimate":160374.537218434,"standard_error":342.5960603396438},"StdDev":{"confidence_interval":{"confidence_level":0.95,"lower_bound":1335.3559108034926,"upper_bound":3314.1220471862125},"point_estimate":2384.753239240827,"standard_error":529.205075675903}}