{"Mean":{"confidence_interval":{"confidence_level":0.95,"lower_bound":161020.7434506725,"upper_bound":162019.3668721686},"point_estimate":161467.1831706593,"standard_error":256.1046675760504},"Median":{"confidence_interval":{"confidence_level":0.95,"lower_bound":160505.5966371076,"upper_bound":161449.34721219126},"point_estimate":160752.31224489794,"standard_error":233.62695614550492},"MedianAbsDev":{"confidence_interval":{"confidence_level":0.95,"lower_bound":1120.8200507737752,"upper_bound":1873.9812005764122},"point_estimate":1422.3069619017822,"standard_error":182.69148184515225},"Slope":{"confidence_interval":{"confidence_level":0.95,"lower_bound":160883.6811853637,"upper_bound":161562.20789607044},"point_estimate":161211.30121809623,"standard_error":173.4759689560896},"StdDev":{"confidence_interval":{"confidence_level":0.95,"lower_bound":1448.2849078297156,"upper_bound":3788.1089106505797},"point_estimate":2584.385349643875,"standard_error":689.0369892161427}}