{"Mean":{"confidence_interval":{"confidence_level":0.95,"lower_bound":450653.41109107324,"upper_bound":455881.8034494778},"point_estimate":453053.12267609546,"standard_error":1334.9837386161553},"Median":{"confidence_interval":{"confidence_level":0.95,"lower_bound":449225.6183574879,"upper_bound":453315.8333333333},"point_estimate":451091.19322344323,"standard_error":1087.5272852532917},"MedianAbsDev":{"confidence_interval":{"confidence_level":0.95,"lower_bound":6784.0861998679675,"upper_bound":10213.687602398062},"point_estimate":8773.244738922107,"standard_error":869.1696220343144},"Slope":{"confidence_interval":{"confidence_level":0.95,"lower_bound":448032.7371681307,"upper_bound":452415.64842495514},"point_estimate":450160.30039308406,"standard_error":1119.7317563668323},"StdDev":{"confidence_interval":{"confidence_level":0.95,"lower_bound":7568.531082633877,"upper_bound":18441.12615250303},"point_estimate":13363.130349019715,"standard_error":2860.291992441202}}