{"Mean":{"confidence_interval":{"confidence_level":0.95,"lower_bound":477378.3837508003,"upper_bound":480902.2365437307},"point_estimate":479118.027272127,"standard_error":896.7500939345363},"Median":{"confidence_interval":{"confidence_level":0.95,"lower_bound":476161.38095238095,"upper_bound":481178.125},"point_estimate":479449.542377261,"standard_error":1145.0608618502613},"MedianAbsDev":{"confidence_interval":{"confidence_level":0.95,"lower_bound":5866.134357715777,"upper_bound":10992.012043853254},"point_estimate":8836.170957450928,"standard_error":1291.6652831211236},"Slope":{"confidence_interval":{"confidence_level":0.95,"lower_bound":475740.8601641614,"upper_bound":479181.9078442434},"point_estimate":477376.5600078814,"standard_error":874.7583880681965},"StdDev":{"confidence_interval":{"confidence_level":0.95,"lower_bound":7487.01145141639,"upper_bound":10397.979708693592},"point_estimate":8997.73003580822,"standard_error":743.8419219020979}}