{"Mean":{"confidence_interval":{"confidence_level":0.95,"lower_bound":116.6591986618841,"upper_bound":117.6414997794863},"point_estimate":117.11599332913484,"standard_error":0.2510726381322691},"Median":{"confidence_interval":{"confidence_level":0.95,"lower_bound":116.4267481645779,"upper_bound":117.12776151492895},"point_estimate":116.68967999064353,"standard_error":0.22250391756755908},"MedianAbsDev":{"confidence_interval":{"confidence_level":0.95,"lower_bound":0.9351756629510275,"upper_bound":1.7069155361910924},"point_estimate":1.2269181151276414,"standard_error":0.1951625164426192},"Slope":{"confidence_interval":{"confidence_level":0.95,"lower_bound":116.46884243644375,"upper_bound":117.21053465234968},"point_estimate":116.82745420091447,"standard_error":0.18899799464482256},"StdDev":{"confidence_interval":{"confidence_level":0.95,"lower_bound":1.543852993438204,"upper_bound":3.462279615984677},"point_estimate":2.5161232887509017,"standard_error":0.5058237994865822}}