{"Mean":{"confidence_interval":{"confidence_level":0.95,"lower_bound":12965.181256362983,"upper_bound":13048.897960218215},"point_estimate":13005.923785788149,"standard_error":21.40789075776843},"Median":{"confidence_interval":{"confidence_level":0.95,"lower_bound":12947.165661549709,"upper_bound":13023.74962406015},"point_estimate":12986.578391401037,"standard_error":22.50143308673032},"MedianAbsDev":{"confidence_interval":{"confidence_level":0.95,"lower_bound":123.40335268462245,"upper_bound":208.28979693707225},"point_estimate":167.28815995860015,"standard_error":21.666006305025622},"Slope":{"confidence_interval":{"confidence_level":0.95,"lower_bound":12975.065895087888,"upper_bound":13052.673114814099},"point_estimate":13014.820542143374,"standard_error":19.73507252089725},"StdDev":{"confidence_interval":{"confidence_level":0.95,"lower_bound":160.04193449605037,"upper_bound":266.48600801699683},"point_estimate":214.78962332927753,"standard_error":27.346002241374478}}