{"Mean":{"confidence_interval":{"confidence_level":0.95,"lower_bound":717485.3574896721,"upper_bound":722492.747243944},"point_estimate":719900.612212646,"standard_error":1273.4780616165754},"Median":{"confidence_interval":{"confidence_level":0.95,"lower_bound":715062.2222222222,"upper_bound":720765.53125},"point_estimate":718169.1931456549,"standard_error":1581.0439281383146},"MedianAbsDev":{"confidence_interval":{"confidence_level":0.95,"lower_bound":8636.787959031662,"upper_bound":14792.383204256657},"point_estimate":12833.882553721422,"standard_error":1610.381450309347},"Slope":{"confidence_interval":{"confidence_level":0.95,"lower_bound":716412.3854768273,"upper_bound":721431.039957},"point_estimate":718878.2757942958,"standard_error":1282.468579230327},"StdDev":{"confidence_interval":{"confidence_level":0.95,"lower_bound":9974.168147434963,"upper_bound":16175.901282947196},"point_estimate":12847.90430684726,"standard_error":1652.0256699499835}}