{"Mean":{"confidence_interval":{"confidence_level":0.95,"lower_bound":0.000732582213479055,"upper_bound":0.007154914418879697},"point_estimate":0.004006884872699734,"standard_error":0.0016289184979066547},"Median":{"confidence_interval":{"confidence_level":0.95,"lower_bound":0.00016372752821736114,"upper_bound":0.005634859526996161},"point_estimate":0.0033254653078780283,"standard_error":0.0014052589117425065}}