{"Mean":{"confidence_interval":{"confidence_level":0.95,"lower_bound":-0.0063417842077246826,"upper_bound":0.0028465929919210355},"point_estimate":-0.0008433645513598043,"standard_error":0.002432266912287778},"Median":{"confidence_interval":{"confidence_level":0.95,"lower_bound":-0.0015577957730990022,"upper_bound":0.003162877125247432},"point_estimate":0.0008099436013007111,"standard_error":0.001242051810114777}}