{"Mean":{"confidence_interval":{"confidence_level":0.95,"lower_bound":-0.006521678006879109,"upper_bound":-0.0009650344965923881},"point_estimate":-0.0038986731095146387,"standard_error":0.0014007955601397486},"Median":{"confidence_interval":{"confidence_level":0.95,"lower_bound":-0.005664604795048267,"upper_bound":-0.001715238941005337},"point_estimate":-0.004141822916557292,"standard_error":0.001036887177376712}}