{"Mean":{"confidence_interval":{"confidence_level":0.95,"lower_bound":267.1696288166231,"upper_bound":269.07143490559525},"point_estimate":268.06964937177077,"standard_error":0.484329059810616},"Median":{"confidence_interval":{"confidence_level":0.95,"lower_bound":266.0789732582059,"upper_bound":268.24312252402973},"point_estimate":267.10956670610045,"standard_error":0.47003940581785464},"MedianAbsDev":{"confidence_interval":{"confidence_level":0.95,"lower_bound":2.6315960780834105,"upper_bound":4.4299695059875726},"point_estimate":3.6470866970313156,"standard_error":0.4566066693037859},"Slope":{"confidence_interval":{"confidence_level":0.95,"lower_bound":266.71278955398077,"upper_bound":268.375882481868},"point_estimate":267.52654350892163,"standard_error":0.42561155294362957},"StdDev":{"confidence_interval":{"confidence_level":0.95,"lower_bound":3.5318001936318235,"upper_bound":6.283803089581322},"point_estimate":4.87809683153214,"standard_error":0.7226051169200026}}