{"Mean":{"confidence_interval":{"confidence_level":0.95,"lower_bound":0.0001939201863201373,"upper_bound":0.013454576940795101},"point_estimate":0.006932660646872479,"standard_error":0.0034054549389566043},"Median":{"confidence_interval":{"confidence_level":0.95,"lower_bound":-0.0018805451601977552,"upper_bound":0.01721358874280865},"point_estimate":0.009365074027195108,"standard_error":0.005084881562052605}}