{"Mean":{"confidence_interval":{"confidence_level":0.95,"lower_bound":-0.0052288450388203326,"upper_bound":0.0049250954519069155},"point_estimate":-0.00032192315157253404,"standard_error":0.002585115310352895},"Median":{"confidence_interval":{"confidence_level":0.95,"lower_bound":-0.008109292491391806,"upper_bound":0.007908018023154},"point_estimate":-0.0011652703369210426,"standard_error":0.003790362715556827}}