{"Mean":{"confidence_interval":{"confidence_level":0.95,"lower_bound":0.0029171239758945954,"upper_bound":0.01737692473291797},"point_estimate":0.009961858304759597,"standard_error":0.003697920430575818},"Median":{"confidence_interval":{"confidence_level":0.95,"lower_bound":0.0002843152305811447,"upper_bound":0.017103688333094835},"point_estimate":0.008039979089766724,"standard_error":0.004512302535689961}}