{"Mean":{"confidence_interval":{"confidence_level":0.95,"lower_bound":-0.025011455631936012,"upper_bound":-0.01402867546244849},"point_estimate":-0.01962490969998909,"standard_error":0.0028338018181061596},"Median":{"confidence_interval":{"confidence_level":0.95,"lower_bound":-0.025766392868413868,"upper_bound":-0.012584013138806083},"point_estimate":-0.020277991625964886,"standard_error":0.0035476613196313888}}