{"Mean":{"confidence_interval":{"confidence_level":0.95,"lower_bound":395.8412852597412,"upper_bound":402.8476274998024},"point_estimate":398.7829306511599,"standard_error":1.8127503704838168},"Median":{"confidence_interval":{"confidence_level":0.95,"lower_bound":394.45140568160315,"upper_bound":394.98739106240214},"point_estimate":394.65189119210794,"standard_error":0.13373030854104542},"MedianAbsDev":{"confidence_interval":{"confidence_level":0.95,"lower_bound":0.6655348717460907,"upper_bound":1.3513086075746419},"point_estimate":0.9704231038857289,"standard_error":0.18303731506443705},"Slope":{"confidence_interval":{"confidence_level":0.95,"lower_bound":394.7596152380173,"upper_bound":396.33003281129146},"point_estimate":395.44608460803147,"standard_error":0.404310642757765},"StdDev":{"confidence_interval":{"confidence_level":0.95,"lower_bound":3.662324436324398,"upper_bound":28.187390007231695},"point_estimate":18.23441889800591,"standard_error":6.407199242728717}}