{"Mean":{"confidence_interval":{"confidence_level":0.95,"lower_bound":388.50693561267934,"upper_bound":396.3529517939828},"point_estimate":392.1652832495623,"standard_error":2.013550146628099},"Median":{"confidence_interval":{"confidence_level":0.95,"lower_bound":383.8945971106437,"upper_bound":385.3656651654123},"point_estimate":384.6735229976209,"standard_error":0.33475888999629067},"MedianAbsDev":{"confidence_interval":{"confidence_level":0.95,"lower_bound":1.6556685167453964,"upper_bound":3.2141322922793965},"point_estimate":2.406471081384427,"standard_error":0.36192806231686636},"Slope":{"confidence_interval":{"confidence_level":0.95,"lower_bound":388.5593397246039,"upper_bound":398.6590952022322},"point_estimate":393.18515641576823,"standard_error":2.5903542464248512},"StdDev":{"confidence_interval":{"confidence_level":0.95,"lower_bound":13.69171352551864,"upper_bound":25.685443242697133},"point_estimate":20.23325185348797,"standard_error":3.0554023646636606}}