{"Mean":{"confidence_interval":{"confidence_level":0.95,"lower_bound":431.5087749539501,"upper_bound":434.1627440769194},"point_estimate":432.6604525350868,"standard_error":0.6840455455262483},"Median":{"confidence_interval":{"confidence_level":0.95,"lower_bound":430.51832454356116,"upper_bound":431.7255307168787},"point_estimate":431.0429635247895,"standard_error":0.3592508176515722},"MedianAbsDev":{"confidence_interval":{"confidence_level":0.95,"lower_bound":2.383907743577377,"upper_bound":4.33574777689941},"point_estimate":3.442162604802505,"standard_error":0.47401189016977086},"Slope":{"confidence_interval":{"confidence_level":0.95,"lower_bound":431.3614698484205,"upper_bound":432.9171908813376},"point_estimate":432.13138931456524,"standard_error":0.3967816625873954},"StdDev":{"confidence_interval":{"confidence_level":0.95,"lower_bound":3.266760652585625,"upper_bound":10.418875278796381},"point_estimate":6.84979436065938,"standard_error":2.081142726426031}}