{"Mean":{"confidence_interval":{"confidence_level":0.95,"lower_bound":402.38644168070795,"upper_bound":405.1907642425049},"point_estimate":403.5793743524984,"standard_error":0.7259963106312664},"Median":{"confidence_interval":{"confidence_level":0.95,"lower_bound":401.2555377577192,"upper_bound":402.38414582330114},"point_estimate":401.93253292974543,"standard_error":0.3386406713071222},"MedianAbsDev":{"confidence_interval":{"confidence_level":0.95,"lower_bound":1.7659945429090596,"upper_bound":3.6589465536648405},"point_estimate":2.720040793838908,"standard_error":0.5085606058078654},"Slope":{"confidence_interval":{"confidence_level":0.95,"lower_bound":401.0899757832326,"upper_bound":402.1255024871682},"point_estimate":401.5857603361732,"standard_error":0.26390366746825417},"StdDev":{"confidence_interval":{"confidence_level":0.95,"lower_bound":3.3454014708493607,"upper_bound":11.425219468974484},"point_estimate":7.331525646933603,"standard_error":2.5805046631324213}}