{"Mean":{"confidence_interval":{"confidence_level":0.95,"lower_bound":12970853.567489546,"upper_bound":13050318.432597885},"point_estimate":13011844.675159795,"standard_error":20353.073634740613},"Median":{"confidence_interval":{"confidence_level":0.95,"lower_bound":13033325.859649124,"upper_bound":13093012.67804784},"point_estimate":13061099.765106952,"standard_error":16652.20021184932},"MedianAbsDev":{"confidence_interval":{"confidence_level":0.95,"lower_bound":93605.07487962165,"upper_bound":168455.90020188884},"point_estimate":124686.06938540401,"standard_error":19691.430202930773},"Slope":{"confidence_interval":{"confidence_level":0.95,"lower_bound":13064936.335240735,"upper_bound":13110299.359443488},"point_estimate":13087482.260676814,"standard_error":11531.87945447514},"StdDev":{"confidence_interval":{"confidence_level":0.95,"lower_bound":167528.11854537087,"upper_bound":233528.69863754028},"point_estimate":204009.8713454778,"standard_error":16896.50897488339}}