{"Mean":{"confidence_interval":{"confidence_level":0.95,"lower_bound":1641529.7779230552,"upper_bound":1650528.083811815},"point_estimate":1645833.1572949085,"standard_error":2301.716949596388},"Median":{"confidence_interval":{"confidence_level":0.95,"lower_bound":1637540.5918367347,"upper_bound":1645074.3770833332},"point_estimate":1640935.9799880525,"standard_error":2016.1261748181605},"MedianAbsDev":{"confidence_interval":{"confidence_level":0.95,"lower_bound":11992.42169294812,"upper_bound":21415.966860421708},"point_estimate":16191.457651007513,"standard_error":2374.6345785898516},"Slope":{"confidence_interval":{"confidence_level":0.95,"lower_bound":1641306.2688570882,"upper_bound":1653159.3968594242},"point_estimate":1646719.7708467564,"standard_error":3043.564550380206},"StdDev":{"confidence_interval":{"confidence_level":0.95,"lower_bound":17271.27894219662,"upper_bound":29365.514113736586},"point_estimate":23199.81512501763,"standard_error":3158.983957209804}}