{"Mean":{"confidence_interval":{"confidence_level":0.95,"lower_bound":1504646.711509528,"upper_bound":1514835.6226842024},"point_estimate":1509660.9227736378,"standard_error":2604.1499613982405},"Median":{"confidence_interval":{"confidence_level":0.95,"lower_bound":1498898.0,"upper_bound":1512533.295349578},"point_estimate":1505118.455151515,"standard_error":3419.548912171911},"MedianAbsDev":{"confidence_interval":{"confidence_level":0.95,"lower_bound":18320.125456957463,"upper_bound":30412.48509799077},"point_estimate":23539.491029223464,"standard_error":3136.080378279935},"Slope":{"confidence_interval":{"confidence_level":0.95,"lower_bound":1506260.2216077494,"upper_bound":1519723.6163074952},"point_estimate":1512864.7766011527,"standard_error":3439.8370945210986},"StdDev":{"confidence_interval":{"confidence_level":0.95,"lower_bound":22153.709300512528,"upper_bound":29602.49262472903},"point_estimate":26154.09678636477,"standard_error":1906.2970012627834}}