{"Mean":{"confidence_interval":{"confidence_level":0.95,"lower_bound":24541015.649923153,"upper_bound":24632826.45714944},"point_estimate":24587072.804525353,"standard_error":23484.32257711898},"Median":{"confidence_interval":{"confidence_level":0.95,"lower_bound":24522052.07352941,"upper_bound":24626677.53770739},"point_estimate":24574219.386096258,"standard_error":23080.70597162683},"MedianAbsDev":{"confidence_interval":{"confidence_level":0.95,"lower_bound":171185.50169651487,"upper_bound":279509.58623664384},"point_estimate":224166.14760644286,"standard_error":27018.540588330143},"Slope":{"confidence_interval":{"confidence_level":0.95,"lower_bound":24558108.028252758,"upper_bound":24689250.714598626},"point_estimate":24622747.39287424,"standard_error":33560.89289317144},"StdDev":{"confidence_interval":{"confidence_level":0.95,"lower_bound":195755.78460613586,"upper_bound":274134.5707448947},"point_estimate":235952.05673119423,"standard_error":20029.235410544414}}