{"Mean":{"confidence_interval":{"confidence_level":0.95,"lower_bound":0.005397600423502208,"upper_bound":0.008445065446558936},"point_estimate":0.0070199323901807276,"standard_error":0.0007799789976740508},"Median":{"confidence_interval":{"confidence_level":0.95,"lower_bound":0.005724581987767711,"upper_bound":0.008931963278686617},"point_estimate":0.00750167459140938,"standard_error":0.000858522031229921}}