{"Mean":{"confidence_interval":{"confidence_level":0.95,"lower_bound":-0.014178137330738168,"upper_bound":-0.0066266990692108235},"point_estimate":-0.010461959721851266,"standard_error":0.0019077506322958127},"Median":{"confidence_interval":{"confidence_level":0.95,"lower_bound":-0.01149681323583207,"upper_bound":-0.007315251210320839},"point_estimate":-0.009730311910102318,"standard_error":0.001071718277140885}}