{"Mean":{"confidence_interval":{"confidence_level":0.95,"lower_bound":-0.011635242296376774,"upper_bound":-0.0055366802930440434},"point_estimate":-0.008861449463599125,"standard_error":0.001545409842314923},"Median":{"confidence_interval":{"confidence_level":0.95,"lower_bound":-0.011768913322509067,"upper_bound":-0.005651094524895872},"point_estimate":-0.008831882876359942,"standard_error":0.0015626522534870832}}