{"Mean":{"confidence_interval":{"confidence_level":0.95,"lower_bound":0.01970797505292775,"upper_bound":0.026854229554675983},"point_estimate":0.023323675286771595,"standard_error":0.0018062615919509765},"Median":{"confidence_interval":{"confidence_level":0.95,"lower_bound":0.019306872847590695,"upper_bound":0.024666545224574454},"point_estimate":0.021972672137803295,"standard_error":0.0013957193216959684}}