{"Mean":{"confidence_interval":{"confidence_level":0.95,"lower_bound":78455.06469335694,"upper_bound":79103.55000565943},"point_estimate":78756.26787618031,"standard_error":166.04178315970174},"Median":{"confidence_interval":{"confidence_level":0.95,"lower_bound":77932.29447588127,"upper_bound":78875.15384615384},"point_estimate":78230.42873115257,"standard_error":252.16752692758797},"MedianAbsDev":{"confidence_interval":{"confidence_level":0.95,"lower_bound":735.4301638538859,"upper_bound":1539.5231652123846},"point_estimate":1156.4011120566051,"standard_error":197.7042386541739},"Slope":{"confidence_interval":{"confidence_level":0.95,"lower_bound":78526.99695029632,"upper_bound":79124.54673495612},"point_estimate":78825.659761967,"standard_error":152.4866610982824},"StdDev":{"confidence_interval":{"confidence_level":0.95,"lower_bound":1068.5572883469108,"upper_bound":2310.4749065426},"point_estimate":1673.2511602733425,"standard_error":338.2111406861194}}