{"Mean":{"confidence_interval":{"confidence_level":0.95,"lower_bound":65228.55546415679,"upper_bound":65840.18266632284},"point_estimate":65513.33380350696,"standard_error":158.2536358417404},"Median":{"confidence_interval":{"confidence_level":0.95,"lower_bound":65113.229843561974,"upper_bound":65852.5174488568},"point_estimate":65404.021841155234,"standard_error":216.99923642355398},"MedianAbsDev":{"confidence_interval":{"confidence_level":0.95,"lower_bound":78.90486520565803,"upper_bound":899.8793082116777},"point_estimate":493.6571231130891,"standard_error":193.93001577503617},"Slope":{"confidence_interval":{"confidence_level":0.95,"lower_bound":65106.78623464971,"upper_bound":65585.2557953266},"point_estimate":65335.87809086221,"standard_error":122.43885400440867},"StdDev":{"confidence_interval":{"confidence_level":0.95,"lower_bound":261.9541200902303,"upper_bound":709.1512470200482},"point_estimate":528.2566915825935,"standard_error":126.5115276367838}}