{"Mean":{"confidence_interval":{"confidence_level":0.95,"lower_bound":79708.70965572163,"upper_bound":80538.2397211095},"point_estimate":80092.25621616178,"standard_error":212.08566386917013},"Median":{"confidence_interval":{"confidence_level":0.95,"lower_bound":79271.42431761787,"upper_bound":79924.5274412754},"point_estimate":79597.92385866167,"standard_error":162.70094141114257},"MedianAbsDev":{"confidence_interval":{"confidence_level":0.95,"lower_bound":1109.8699573378506,"upper_bound":1860.0743892643734},"point_estimate":1525.9181326577482,"standard_error":187.6901936224932},"Slope":{"confidence_interval":{"confidence_level":0.95,"lower_bound":79635.42905063777,"upper_bound":80395.6010721431},"point_estimate":79999.53771197326,"standard_error":194.378070447731},"StdDev":{"confidence_interval":{"confidence_level":0.95,"lower_bound":1383.7057446964732,"upper_bound":2912.6853660591964},"point_estimate":2121.4854679001405,"standard_error":415.21940145697624}}