{"Mean":{"confidence_interval":{"confidence_level":0.95,"lower_bound":35.3607512062836,"upper_bound":35.67580496990798},"point_estimate":35.51130641258063,"standard_error":0.08046071162344573},"Median":{"confidence_interval":{"confidence_level":0.95,"lower_bound":35.19116380557513,"upper_bound":35.41257453773203},"point_estimate":35.293932045508285,"standard_error":0.06571950917317992},"MedianAbsDev":{"confidence_interval":{"confidence_level":0.95,"lower_bound":0.412691035871449,"upper_bound":0.7345714224093368},"point_estimate":0.5500935300481375,"standard_error":0.08730485509976221},"Slope":{"confidence_interval":{"confidence_level":0.95,"lower_bound":35.16758567054214,"upper_bound":35.35848547704132},"point_estimate":35.26179672151153,"standard_error":0.04862534883533692},"StdDev":{"confidence_interval":{"confidence_level":0.95,"lower_bound":0.6047240127466165,"upper_bound":1.0053282852887844},"point_estimate":0.8061531357586904,"standard_error":0.10427041820236066}}