{"Mean":{"confidence_interval":{"confidence_level":0.95,"lower_bound":4566.394226569483,"upper_bound":4577.991438317326},"point_estimate":4572.109556512426,"standard_error":2.9633898856469827},"Median":{"confidence_interval":{"confidence_level":0.95,"lower_bound":4562.544467873977,"upper_bound":4577.612255023568},"point_estimate":4573.401692439153,"standard_error":3.4968032798593467},"MedianAbsDev":{"confidence_interval":{"confidence_level":0.95,"lower_bound":1.1269296384721537,"upper_bound":18.447071950263286},"point_estimate":8.328555107244753,"standard_error":4.417372507460027},"Slope":{"confidence_interval":{"confidence_level":0.95,"lower_bound":4564.8819404246715,"upper_bound":4577.312091928829},"point_estimate":4571.224006804408,"standard_error":3.123920766048613},"StdDev":{"confidence_interval":{"confidence_level":0.95,"lower_bound":5.395259701925008,"upper_bound":12.87835782672587},"point_estimate":9.88565676686015,"standard_error":1.9718216174790455}}