{"Mean":{"confidence_interval":{"confidence_level":0.95,"lower_bound":75.4363971370425,"upper_bound":75.64687275980852},"point_estimate":75.54364270206574,"standard_error":0.05403915783129287},"Median":{"confidence_interval":{"confidence_level":0.95,"lower_bound":75.33032268302563,"upper_bound":75.70090626150278},"point_estimate":75.56142173928578,"standard_error":0.07711696220982171},"MedianAbsDev":{"confidence_interval":{"confidence_level":0.95,"lower_bound":0.007586603418016312,"upper_bound":0.32790174886932766},"point_estimate":0.222779985757875,"standard_error":0.0921033041190996},"Slope":{"confidence_interval":{"confidence_level":0.95,"lower_bound":75.50153348978515,"upper_bound":75.66987054164731},"point_estimate":75.58728959307258,"standard_error":0.04252271508436488},"StdDev":{"confidence_interval":{"confidence_level":0.95,"lower_bound":0.0999443142642178,"upper_bound":0.21786061986877783},"point_estimate":0.18027455036650297,"standard_error":0.02872205179534234}}