{"Mean":{"confidence_interval":{"confidence_level":0.95,"lower_bound":393454.3750907642,"upper_bound":395405.3947247034},"point_estimate":394378.4871371573,"standard_error":497.7520545613658},"Median":{"confidence_interval":{"confidence_level":0.95,"lower_bound":392185.3541666666,"upper_bound":394290.2018779343},"point_estimate":393076.2277439025,"standard_error":420.90700343544717},"MedianAbsDev":{"confidence_interval":{"confidence_level":0.95,"lower_bound":2514.2553154781513,"upper_bound":4082.156177740402},"point_estimate":3141.974125034518,"standard_error":353.0286017249088},"Slope":{"confidence_interval":{"confidence_level":0.95,"lower_bound":393205.19616697566,"upper_bound":395101.2135011208},"point_estimate":394087.4212570809,"standard_error":487.8868864383001},"StdDev":{"confidence_interval":{"confidence_level":0.95,"lower_bound":3631.3036325297553,"upper_bound":6325.2942310552235},"point_estimate":5020.4384524683355,"standard_error":692.1008061183132}}