{"Mean":{"confidence_interval":{"confidence_level":0.95,"lower_bound":7334175.541599206,"upper_bound":7425405.330238095},"point_estimate":7378480.6480158735,"standard_error":23260.594937210084},"Median":{"confidence_interval":{"confidence_level":0.95,"lower_bound":7317115.333333333,"upper_bound":7417560.9},"point_estimate":7388248.75,"standard_error":24746.523814409742},"MedianAbsDev":{"confidence_interval":{"confidence_level":0.95,"lower_bound":8311.949652434316,"upper_bound":130428.63569776174},"point_estimate":51403.820845732705,"standard_error":30510.854380306137},"Slope":{"confidence_interval":{"confidence_level":0.95,"lower_bound":7304596.055165149,"upper_bound":7419845.296486928},"point_estimate":7359022.601731602,"standard_error":29583.252721217217},"StdDev":{"confidence_interval":{"confidence_level":0.95,"lower_bound":36365.137706780995,"upper_bound":104491.18667862173},"point_estimate":77317.56133037944,"standard_error":17841.3650647963}}