{"Mean":{"confidence_interval":{"confidence_level":0.95,"lower_bound":10124720.506268091,"upper_bound":10348273.609295717},"point_estimate":10224908.188748902,"standard_error":57511.69185477032},"Median":{"confidence_interval":{"confidence_level":0.95,"lower_bound":10058819.607521698,"upper_bound":10144155.519230768},"point_estimate":10114520.245238096,"standard_error":19885.89429029431},"MedianAbsDev":{"confidence_interval":{"confidence_level":0.95,"lower_bound":153530.89930324623,"upper_bound":255109.7252441273},"point_estimate":205057.28087850555,"standard_error":25730.06481160515},"Slope":{"confidence_interval":{"confidence_level":0.95,"lower_bound":10040143.859735277,"upper_bound":10111056.178203033},"point_estimate":10074399.815345056,"standard_error":18085.613660004332},"StdDev":{"confidence_interval":{"confidence_level":0.95,"lower_bound":265847.10961937177,"upper_bound":818908.031149875},"point_estimate":577453.9435773477,"standard_error":139287.93545657242}}