{"Mean":{"confidence_interval":{"confidence_level":0.95,"lower_bound":5585.605548163663,"upper_bound":5601.737864151571},"point_estimate":5593.328081275495,"standard_error":4.158605272357682},"Median":{"confidence_interval":{"confidence_level":0.95,"lower_bound":5583.171736333465,"upper_bound":5610.70365366902},"point_estimate":5588.431532084741,"standard_error":6.264407169199984},"MedianAbsDev":{"confidence_interval":{"confidence_level":0.95,"lower_bound":1.9574158541042572,"upper_bound":20.78040623224071},"point_estimate":8.93606966020494,"standard_error":5.6600780944742715},"Slope":{"confidence_interval":{"confidence_level":0.95,"lower_bound":5585.5552093699425,"upper_bound":5604.680464874543},"point_estimate":5592.9412988607955,"standard_error":4.988866098342812},"StdDev":{"confidence_interval":{"confidence_level":0.95,"lower_bound":6.115919577375487,"upper_bound":16.435350288347177},"point_estimate":13.8423690776594,"standard_error":2.3267557518036153}}