{"Mean":{"confidence_interval":{"confidence_level":0.95,"lower_bound":28951721.201957963,"upper_bound":29025337.22461799},"point_estimate":28987089.52468566,"standard_error":18777.688521181386},"Median":{"confidence_interval":{"confidence_level":0.95,"lower_bound":28901775.71340524,"upper_bound":28972345.52040816},"point_estimate":28942889.428270042,"standard_error":16578.70248397478},"MedianAbsDev":{"confidence_interval":{"confidence_level":0.95,"lower_bound":91131.0405626457,"upper_bound":165525.266036408},"point_estimate":131985.46133837377,"standard_error":19610.806877650182},"Slope":{"confidence_interval":{"confidence_level":0.95,"lower_bound":28919674.131539717,"upper_bound":28974044.439469934},"point_estimate":28945968.094724398,"standard_error":13837.02697170741},"StdDev":{"confidence_interval":{"confidence_level":0.95,"lower_bound":141782.6511653087,"upper_bound":230101.21674182167},"point_estimate":188941.20541619658,"standard_error":22683.79423745827}}