{"Mean":{"confidence_interval":{"confidence_level":0.95,"lower_bound":54780457.78501944,"upper_bound":54869219.96540796},"point_estimate":54824122.16861731,"standard_error":22697.449989958946},"Median":{"confidence_interval":{"confidence_level":0.95,"lower_bound":54720320.86111111,"upper_bound":54832144.733333334},"point_estimate":54791464.166666664,"standard_error":25421.26644532955},"MedianAbsDev":{"confidence_interval":{"confidence_level":0.95,"lower_bound":149068.78479590913,"upper_bound":252513.3363910326},"point_estimate":198933.24126580995,"standard_error":25317.047149832673},"Slope":{"confidence_interval":{"confidence_level":0.95,"lower_bound":54800489.940312155,"upper_bound":54878839.482657135},"point_estimate":54838128.91018176,"standard_error":20066.329920705553},"StdDev":{"confidence_interval":{"confidence_level":0.95,"lower_bound":191025.50770602652,"upper_bound":261902.00766181838},"point_estimate":228505.00524558884,"standard_error":18070.60490783472}}