{"Mean":{"confidence_interval":{"confidence_level":0.95,"lower_bound":26734855.54124008,"upper_bound":26867695.616269846},"point_estimate":26804450.601825397,"standard_error":33941.49474139242},"Median":{"confidence_interval":{"confidence_level":0.95,"lower_bound":26728913.6,"upper_bound":26903637.916666664},"point_estimate":26815362.263888888,"standard_error":50200.0265155282},"MedianAbsDev":{"confidence_interval":{"confidence_level":0.95,"lower_bound":19726.289169787255,"upper_bound":205993.3710862197},"point_estimate":124676.3537165506,"standard_error":44146.449871747864},"Slope":{"confidence_interval":{"confidence_level":0.95,"lower_bound":26814977.869216707,"upper_bound":26898657.731404804},"point_estimate":26865524.542857144,"standard_error":21483.619319583308},"StdDev":{"confidence_interval":{"confidence_level":0.95,"lower_bound":61785.24380416228,"upper_bound":148135.76281738712},"point_estimate":113824.51681370153,"standard_error":23807.167271947623}}