{"Mean":{"confidence_interval":{"confidence_level":0.95,"lower_bound":675.1523631027791,"upper_bound":689.6687194160139},"point_estimate":681.5990793308442,"standard_error":3.7284315016663747},"Median":{"confidence_interval":{"confidence_level":0.95,"lower_bound":668.158850078493,"upper_bound":669.6066641691642},"point_estimate":668.7418735859728,"standard_error":0.3863817162434553},"MedianAbsDev":{"confidence_interval":{"confidence_level":0.95,"lower_bound":1.9279585949145388,"upper_bound":3.7816975727215807},"point_estimate":2.7762638171868135,"standard_error":0.4941890202329398},"Slope":{"confidence_interval":{"confidence_level":0.95,"lower_bound":674.6667478020785,"upper_bound":688.53250239659},"point_estimate":681.0819089773091,"standard_error":3.5426697843864994},"StdDev":{"confidence_interval":{"confidence_level":0.95,"lower_bound":19.537822786984893,"upper_bound":55.09385117157016},"point_estimate":37.39481067867266,"standard_error":10.115964479091911}}