{"Mean":{"confidence_interval":{"confidence_level":0.95,"lower_bound":671.037467468946,"upper_bound":675.0996248103777},"point_estimate":672.5600554079734,"standard_error":1.1524202805950934},"Median":{"confidence_interval":{"confidence_level":0.95,"lower_bound":670.6993221217958,"upper_bound":672.1467862963825},"point_estimate":671.5737825356844,"standard_error":0.42504628229679253},"MedianAbsDev":{"confidence_interval":{"confidence_level":0.95,"lower_bound":0.16439161065384716,"upper_bound":1.7684271911556224},"point_estimate":0.9549454658956116,"standard_error":0.5196935830887983},"Slope":{"confidence_interval":{"confidence_level":0.95,"lower_bound":670.6964642910061,"upper_bound":678.3603714634824},"point_estimate":673.5968280053033,"standard_error":2.2541158913456907},"StdDev":{"confidence_interval":{"confidence_level":0.95,"lower_bound":0.5070500069942164,"upper_bound":5.905468795922081},"point_estimate":3.844144253070253,"standard_error":1.8829790240246973}}