{"Mean":{"confidence_interval":{"confidence_level":0.95,"lower_bound":682.1029512427741,"upper_bound":687.2135397158855},"point_estimate":684.4284072650047,"standard_error":1.3070607409815185},"Median":{"confidence_interval":{"confidence_level":0.95,"lower_bound":679.2572064253653,"upper_bound":682.8447474973296},"point_estimate":680.8373425166383,"standard_error":0.928994767547043},"MedianAbsDev":{"confidence_interval":{"confidence_level":0.95,"lower_bound":5.572300652096357,"upper_bound":9.02541536051624},"point_estimate":7.594157835585693,"standard_error":0.8737158678983326},"Slope":{"confidence_interval":{"confidence_level":0.95,"lower_bound":679.6520251238956,"upper_bound":681.957999338097},"point_estimate":680.7691133748949,"standard_error":0.5906677990474116},"StdDev":{"confidence_interval":{"confidence_level":0.95,"lower_bound":7.9923259892931,"upper_bound":18.71054928653367},"point_estimate":13.10896453919514,"standard_error":3.154035245558086}}