{"Mean":{"confidence_interval":{"confidence_level":0.95,"lower_bound":0.005314605310006671,"upper_bound":0.01503413476019505},"point_estimate":0.010000949201774523,"standard_error":0.0024677093696729817},"Median":{"confidence_interval":{"confidence_level":0.95,"lower_bound":0.005333720934738606,"upper_bound":0.01563853687849881},"point_estimate":0.010789966193856193,"standard_error":0.0027321068865616854}}