{"Mean":{"confidence_interval":{"confidence_level":0.95,"lower_bound":-0.007247179146738801,"upper_bound":0.004267366250546496},"point_estimate":-0.0019273685367476867,"standard_error":0.0028662521210441987},"Median":{"confidence_interval":{"confidence_level":0.95,"lower_bound":-0.009561773726510236,"upper_bound":0.0009235790574635416},"point_estimate":-0.0040656165389378884,"standard_error":0.0028020859732410877}}