{"Mean":{"confidence_interval":{"confidence_level":0.95,"lower_bound":-0.00615277891327084,"upper_bound":0.0005408987501290139},"point_estimate":-0.00326767795051075,"standard_error":0.001706578302051889},"Median":{"confidence_interval":{"confidence_level":0.95,"lower_bound":-0.007697010501695245,"upper_bound":-0.0018217336576514809},"point_estimate":-0.00501361654981447,"standard_error":0.0014639275803886927}}