{"Mean":{"confidence_interval":{"confidence_level":0.95,"lower_bound":-0.043454606704366225,"upper_bound":-0.0343645939358182},"point_estimate":-0.038691807078101825,"standard_error":0.002311039527730778},"Median":{"confidence_interval":{"confidence_level":0.95,"lower_bound":-0.038958242997235826,"upper_bound":-0.031704784699364996},"point_estimate":-0.03543050892455046,"standard_error":0.001915096220690661}}