{"Mean":{"confidence_interval":{"confidence_level":0.95,"lower_bound":0.01879034449051422,"upper_bound":0.02740941573568803},"point_estimate":0.023044959578266244,"standard_error":0.002225296949915664},"Median":{"confidence_interval":{"confidence_level":0.95,"lower_bound":0.016332012969360044,"upper_bound":0.024831102000848482},"point_estimate":0.019374070002662558,"standard_error":0.002304922550857556}}