{"Mean":{"confidence_interval":{"confidence_level":0.95,"lower_bound":-0.027511226422063904,"upper_bound":-0.019947408765234036},"point_estimate":-0.023841740467624106,"standard_error":0.001916232922349414},"Median":{"confidence_interval":{"confidence_level":0.95,"lower_bound":-0.0242898290807199,"upper_bound":-0.017397427001924926},"point_estimate":-0.020204556468946366,"standard_error":0.0018215891259157782}}