{"Mean":{"confidence_interval":{"confidence_level":0.95,"lower_bound":-0.0060008884132026355,"upper_bound":-0.0013689006082380636},"point_estimate":-0.0035955433704130124,"standard_error":0.0011804442666719004},"Median":{"confidence_interval":{"confidence_level":0.95,"lower_bound":-0.005816464966662327,"upper_bound":-0.0003623950642273055},"point_estimate":-0.003887326328207097,"standard_error":0.0013747766185895041}}