{"Mean":{"confidence_interval":{"confidence_level":0.95,"lower_bound":775.562478346092,"upper_bound":780.2703835875315},"point_estimate":777.4505223572216,"standard_error":1.2368049937902679},"Median":{"confidence_interval":{"confidence_level":0.95,"lower_bound":774.2099214599215,"upper_bound":776.0901860485194},"point_estimate":775.2306643973311,"standard_error":0.4703869782809293},"MedianAbsDev":{"confidence_interval":{"confidence_level":0.95,"lower_bound":3.6061447016249617,"upper_bound":5.888890167401549},"point_estimate":5.0062829748686095,"standard_error":0.5714105433934704},"Slope":{"confidence_interval":{"confidence_level":0.95,"lower_bound":776.0473482897064,"upper_bound":779.3740986716127},"point_estimate":777.6408529601525,"standard_error":0.8484361690888642},"StdDev":{"confidence_interval":{"confidence_level":0.95,"lower_bound":4.514754200575214,"upper_bound":20.121207570638024},"point_estimate":12.436702138197683,"standard_error":5.1622181152431015}}