{"Mean":{"confidence_interval":{"confidence_level":0.95,"lower_bound":3050.019038864685,"upper_bound":3062.7169609100647},"point_estimate":3055.575685886053,"standard_error":3.2669285165368853},"Median":{"confidence_interval":{"confidence_level":0.95,"lower_bound":3045.1582262534644,"upper_bound":3050.4026284348865},"point_estimate":3047.9247760832727,"standard_error":1.321795964692768},"MedianAbsDev":{"confidence_interval":{"confidence_level":0.95,"lower_bound":6.778090829582025,"upper_bound":11.455530767649021},"point_estimate":9.068776845169781,"standard_error":1.2014656182325063},"Slope":{"confidence_interval":{"confidence_level":0.95,"lower_bound":3051.4908813034776,"upper_bound":3065.591673553526},"point_estimate":3057.9136795852055,"standard_error":3.626507606842569},"StdDev":{"confidence_interval":{"confidence_level":0.95,"lower_bound":13.22518139180228,"upper_bound":49.246251323022264},"point_estimate":32.80126908018842,"standard_error":9.432381554102008}}