{"Mean":{"confidence_interval":{"confidence_level":0.95,"lower_bound":825.2104744191842,"upper_bound":830.728652825753},"point_estimate":827.5171020009302,"standard_error":1.4276965362454195},"Median":{"confidence_interval":{"confidence_level":0.95,"lower_bound":822.9538235294118,"upper_bound":825.704872961843},"point_estimate":824.1555746636611,"standard_error":0.7565494924172265},"MedianAbsDev":{"confidence_interval":{"confidence_level":0.95,"lower_bound":3.6866250640249216,"upper_bound":6.898025733150547},"point_estimate":5.199166046599414,"standard_error":0.7735590237378908},"Slope":{"confidence_interval":{"confidence_level":0.95,"lower_bound":825.6153425064705,"upper_bound":830.0606444634155},"point_estimate":827.7358801300925,"standard_error":1.1361895500483874},"StdDev":{"confidence_interval":{"confidence_level":0.95,"lower_bound":6.036378749179236,"upper_bound":22.572597834857884},"point_estimate":14.320435706868153,"standard_error":5.2539755329243745}}