{"Mean":{"confidence_interval":{"confidence_level":0.95,"lower_bound":2993.7786337213865,"upper_bound":3002.192232250868},"point_estimate":2998.0578006629903,"standard_error":2.1517859571832894},"Median":{"confidence_interval":{"confidence_level":0.95,"lower_bound":2994.692233821935,"upper_bound":3003.295103376224},"point_estimate":2998.2763939293964,"standard_error":1.7164905977844114},"MedianAbsDev":{"confidence_interval":{"confidence_level":0.95,"lower_bound":0.3422795551243157,"upper_bound":13.706732955270994},"point_estimate":3.903498038584318,"standard_error":3.2971879733185383},"Slope":{"confidence_interval":{"confidence_level":0.95,"lower_bound":2995.226181963504,"upper_bound":3000.804182272101},"point_estimate":2997.3829716308105,"standard_error":1.4295368256031133},"StdDev":{"confidence_interval":{"confidence_level":0.95,"lower_bound":2.204443434372797,"upper_bound":9.826008953277903},"point_estimate":7.193409130849784,"standard_error":1.7605619340626344}}