{"Mean":{"confidence_interval":{"confidence_level":0.95,"lower_bound":-0.08708566139257283,"upper_bound":-0.0757546453269456},"point_estimate":-0.08150881159711809,"standard_error":0.002907794562453066},"Median":{"confidence_interval":{"confidence_level":0.95,"lower_bound":-0.08918673948508193,"upper_bound":-0.07106582383119764},"point_estimate":-0.08410445710170378,"standard_error":0.0046303753749709345}}