{"Mean":{"confidence_interval":{"confidence_level":0.95,"lower_bound":0.005248294960867412,"upper_bound":0.012268138759884055},"point_estimate":0.008597211588939002,"standard_error":0.0017833371153425967},"Median":{"confidence_interval":{"confidence_level":0.95,"lower_bound":0.005054141113799426,"upper_bound":0.011479404587835562},"point_estimate":0.008659551639495167,"standard_error":0.0015881514676513644}}