{"Mean":{"confidence_interval":{"confidence_level":0.95,"lower_bound":-0.37673810528317175,"upper_bound":-0.3719566510093914},"point_estimate":-0.37440347677113006,"standard_error":0.0012123070764004302},"Median":{"confidence_interval":{"confidence_level":0.95,"lower_bound":-0.3786805098734788,"upper_bound":-0.3729258671766501},"point_estimate":-0.3755169465956364,"standard_error":0.001469339613664328}}