{"Mean":{"confidence_interval":{"confidence_level":0.95,"lower_bound":-0.0616483549856954,"upper_bound":-0.05574810411078288},"point_estimate":-0.05867639635470667,"standard_error":0.001501962530680102},"Median":{"confidence_interval":{"confidence_level":0.95,"lower_bound":-0.062312501883427185,"upper_bound":-0.056825165244977494},"point_estimate":-0.059622416825667046,"standard_error":0.0013955890408865698}}