{"Mean":{"confidence_interval":{"confidence_level":0.95,"lower_bound":-0.0004856613524187868,"upper_bound":0.007504697131546699},"point_estimate":0.00355744784662404,"standard_error":0.002068288776938789},"Median":{"confidence_interval":{"confidence_level":0.95,"lower_bound":-0.002315891481320387,"upper_bound":0.010908160931987654},"point_estimate":0.0034017637631873487,"standard_error":0.003557181241317836}}