{"Mean":{"confidence_interval":{"confidence_level":0.95,"lower_bound":0.07383743733110135,"upper_bound":0.08167856308976468},"point_estimate":0.0775962899206808,"standard_error":0.0019868879665763018},"Median":{"confidence_interval":{"confidence_level":0.95,"lower_bound":0.07185893923377029,"upper_bound":0.08179186155025386},"point_estimate":0.07745177832824757,"standard_error":0.0025381920659249134}}