{"Mean":{"confidence_interval":{"confidence_level":0.95,"lower_bound":-0.05517891631246747,"upper_bound":-0.04656205015602642},"point_estimate":-0.05138320883899827,"standard_error":0.002186398125260446},"Median":{"confidence_interval":{"confidence_level":0.95,"lower_bound":-0.0544335902660078,"upper_bound":-0.04664821377368433},"point_estimate":-0.05092873992642244,"standard_error":0.002036042124328575}}