{"Mean":{"confidence_interval":{"confidence_level":0.95,"lower_bound":175198.58080932454,"upper_bound":178777.12878852192},"point_estimate":176867.22896405545,"standard_error":914.4891988419024},"Median":{"confidence_interval":{"confidence_level":0.95,"lower_bound":173772.15355445904,"upper_bound":176363.24731182796},"point_estimate":174901.30266116944,"standard_error":555.5837096630775},"MedianAbsDev":{"confidence_interval":{"confidence_level":0.95,"lower_bound":3497.5645329058343,"upper_bound":5995.753858070238},"point_estimate":4586.899046146761,"standard_error":599.0888796094929},"Slope":{"confidence_interval":{"confidence_level":0.95,"lower_bound":175783.5684405141,"upper_bound":179519.97398924333},"point_estimate":177596.330990099,"standard_error":955.9587346297868},"StdDev":{"confidence_interval":{"confidence_level":0.95,"lower_bound":6054.978008359716,"upper_bound":12131.709918159479},"point_estimate":9175.91953240197,"standard_error":1575.8306557115081}}