{"Mean":{"confidence_interval":{"confidence_level":0.95,"lower_bound":172979.3704485825,"upper_bound":174531.91366939308},"point_estimate":173737.552087304,"standard_error":396.77077751314505},"Median":{"confidence_interval":{"confidence_level":0.95,"lower_bound":171901.55833333335,"upper_bound":174006.3375149343},"point_estimate":172872.4772079772,"standard_error":584.1010130522045},"MedianAbsDev":{"confidence_interval":{"confidence_level":0.95,"lower_bound":2849.3711601662385,"upper_bound":4798.079084743959},"point_estimate":4122.506658186157,"standard_error":530.6882598076639},"Slope":{"confidence_interval":{"confidence_level":0.95,"lower_bound":172531.7640901409,"upper_bound":174133.42183250832},"point_estimate":173329.57170434954,"standard_error":408.9094752560618},"StdDev":{"confidence_interval":{"confidence_level":0.95,"lower_bound":3363.668129094084,"upper_bound":4559.50355155506},"point_estimate":3982.978180004646,"standard_error":305.47421679696845}}