{"Mean":{"confidence_interval":{"confidence_level":0.95,"lower_bound":155832.5311396634,"upper_bound":158004.866498538},"point_estimate":156865.29511869955,"standard_error":556.769986096188},"Median":{"confidence_interval":{"confidence_level":0.95,"lower_bound":155437.56000243663,"upper_bound":158235.68925438594},"point_estimate":156312.79678362573,"standard_error":757.384113284213},"MedianAbsDev":{"confidence_interval":{"confidence_level":0.95,"lower_bound":268.1148748452855,"upper_bound":3084.3290950375294},"point_estimate":1440.1195467280854,"standard_error":708.4597053226989},"Slope":{"confidence_interval":{"confidence_level":0.95,"lower_bound":155676.77695890615,"upper_bound":157852.10397596608},"point_estimate":156687.13100934154,"standard_error":568.0597004785158},"StdDev":{"confidence_interval":{"confidence_level":0.95,"lower_bound":859.436990638596,"upper_bound":2317.0860535540237},"point_estimate":1853.6724876557023,"standard_error":363.73368758408776}}