{"Mean":{"confidence_interval":{"confidence_level":0.95,"lower_bound":-0.0036456738914513414,"upper_bound":0.0027506534144902213},"point_estimate":-0.00032843966821349824,"standard_error":0.0016284298583640884},"Median":{"confidence_interval":{"confidence_level":0.95,"lower_bound":-0.002244073071341446,"upper_bound":0.002818150820603993},"point_estimate":0.00031730119528061707,"standard_error":0.001265009549422478}}