{"Mean":{"confidence_interval":{"confidence_level":0.95,"lower_bound":0.0008642656560618249,"upper_bound":0.00728829175914818},"point_estimate":0.004134291115563293,"standard_error":0.0016546334910227292},"Median":{"confidence_interval":{"confidence_level":0.95,"lower_bound":0.0005631939602650877,"upper_bound":0.005805298070873377},"point_estimate":0.002992427708483847,"standard_error":0.0013090494368381248}}