{"Mean":{"confidence_interval":{"confidence_level":0.95,"lower_bound":-0.02008557286678889,"upper_bound":0.0006615937529868665},"point_estimate":-0.006958775562721731,"standard_error":0.006000401535217087},"Median":{"confidence_interval":{"confidence_level":0.95,"lower_bound":-0.0037099902606276824,"upper_bound":0.0011762603481393352},"point_estimate":-0.0012577867020000522,"standard_error":0.0018340637482894939}}