{"Mean":{"confidence_interval":{"confidence_level":0.95,"lower_bound":-0.011936443703471812,"upper_bound":-0.005225831083013378},"point_estimate":-0.008609807093031274,"standard_error":0.0017263318307610823},"Median":{"confidence_interval":{"confidence_level":0.95,"lower_bound":-0.01042198596058852,"upper_bound":-0.005387395612100221},"point_estimate":-0.007712892487622303,"standard_error":0.0012747117574498517}}