{"Mean":{"confidence_interval":{"confidence_level":0.95,"lower_bound":495513.9215958816,"upper_bound":498409.807987988},"point_estimate":496868.6389532389,"standard_error":741.7365276026164},"Median":{"confidence_interval":{"confidence_level":0.95,"lower_bound":494814.95195195195,"upper_bound":498787.0972972973},"point_estimate":496167.6869369369,"standard_error":988.2736754102078},"MedianAbsDev":{"confidence_interval":{"confidence_level":0.95,"lower_bound":450.06526065839165,"upper_bound":3979.9394536662653},"point_estimate":2061.252732864875,"standard_error":930.2897345292522},"Slope":{"confidence_interval":{"confidence_level":0.95,"lower_bound":495019.99058903713,"upper_bound":496825.43471640657},"point_estimate":495676.20168480166,"standard_error":464.37441202508927},"StdDev":{"confidence_interval":{"confidence_level":0.95,"lower_bound":1132.5118193215624,"upper_bound":3148.707829156427},"point_estimate":2473.9073420566274,"standard_error":520.4085375617158}}