{"Mean":{"confidence_interval":{"confidence_level":0.95,"lower_bound":-0.09493956048375309,"upper_bound":-0.08838819208514795},"point_estimate":-0.09179400676278415,"standard_error":0.0016572309094038003},"Median":{"confidence_interval":{"confidence_level":0.95,"lower_bound":-0.09528092508994412,"upper_bound":-0.08736288896586253},"point_estimate":-0.09175231884531909,"standard_error":0.002208637891564737}}