{"Mean":{"confidence_interval":{"confidence_level":0.95,"lower_bound":-0.2308940112381434,"upper_bound":-0.22446578904879447},"point_estimate":-0.22776774907277964,"standard_error":0.0016465298327957762},"Median":{"confidence_interval":{"confidence_level":0.95,"lower_bound":-0.23096730919273412,"upper_bound":-0.22446194842149325},"point_estimate":-0.2273832941237779,"standard_error":0.001635522897716408}}