{"Mean":{"confidence_interval":{"confidence_level":0.95,"lower_bound":0.09656291552113293,"upper_bound":0.1063232858934238},"point_estimate":0.10131917841176086,"standard_error":0.002491666955471024},"Median":{"confidence_interval":{"confidence_level":0.95,"lower_bound":0.09622748124389502,"upper_bound":0.10421520153060349},"point_estimate":0.10036214336411398,"standard_error":0.002045560827585298}}