{"Mean":{"confidence_interval":{"confidence_level":0.95,"lower_bound":0.013892755483857728,"upper_bound":0.02052869477693431},"point_estimate":0.0171377477754473,"standard_error":0.001683884908707632},"Median":{"confidence_interval":{"confidence_level":0.95,"lower_bound":0.014390513454389131,"upper_bound":0.019537990993566012},"point_estimate":0.016850351302756916,"standard_error":0.0013193760024112742}}