{"Mean":{"confidence_interval":{"confidence_level":0.95,"lower_bound":725.4233366798795,"upper_bound":732.2080846228653},"point_estimate":728.4098553516747,"standard_error":1.7535275667451087},"Median":{"confidence_interval":{"confidence_level":0.95,"lower_bound":723.3332905355833,"upper_bound":725.3615811452752},"point_estimate":724.1465846454842,"standard_error":0.5362945485224313},"MedianAbsDev":{"confidence_interval":{"confidence_level":0.95,"lower_bound":2.9723787896102145,"upper_bound":4.759539856956288},"point_estimate":3.668145794320272,"standard_error":0.4499051629940276},"Slope":{"confidence_interval":{"confidence_level":0.95,"lower_bound":723.8034655233079,"upper_bound":731.6547354495889},"point_estimate":726.6156599639114,"standard_error":2.169044330797728},"StdDev":{"confidence_interval":{"confidence_level":0.95,"lower_bound":5.839286567246912,"upper_bound":25.67931275782199},"point_estimate":17.58688966843322,"standard_error":4.887500498672061}}