{"Mean":{"confidence_interval":{"confidence_level":0.95,"lower_bound":662.754059402227,"upper_bound":676.68916934427},"point_estimate":668.87024026772,"standard_error":3.5801464928325872},"Median":{"confidence_interval":{"confidence_level":0.95,"lower_bound":656.1738846456326,"upper_bound":658.8208290689596},"point_estimate":657.1973906195154,"standard_error":0.6024584666576729},"MedianAbsDev":{"confidence_interval":{"confidence_level":0.95,"lower_bound":2.763464942968861,"upper_bound":5.6218758259440715},"point_estimate":4.038622153688511,"standard_error":0.7048024958206776},"Slope":{"confidence_interval":{"confidence_level":0.95,"lower_bound":662.9045807008517,"upper_bound":673.378256046194},"point_estimate":667.8768545999968,"standard_error":2.677245516550633},"StdDev":{"confidence_interval":{"confidence_level":0.95,"lower_bound":17.471387642974996,"upper_bound":53.60530144747314},"point_estimate":35.95308420431808,"standard_error":10.064745108385518}}