{"Mean":{"confidence_interval":{"confidence_level":0.95,"lower_bound":75.89810881737822,"upper_bound":76.19164455221872},"point_estimate":76.02872884715292,"standard_error":0.07535053625024293},"Median":{"confidence_interval":{"confidence_level":0.95,"lower_bound":75.77376464126715,"upper_bound":75.87839411469487},"point_estimate":75.81306479277066,"standard_error":0.02494562504752461},"MedianAbsDev":{"confidence_interval":{"confidence_level":0.95,"lower_bound":0.13689350726268515,"upper_bound":0.24994684537230855},"point_estimate":0.19197908978294534,"standard_error":0.02936765219756062},"Slope":{"confidence_interval":{"confidence_level":0.95,"lower_bound":75.87914420644205,"upper_bound":76.1532212476178},"point_estimate":75.99995936064313,"standard_error":0.07068446639569867},"StdDev":{"confidence_interval":{"confidence_level":0.95,"lower_bound":0.32301732893129653,"upper_bound":1.0840367943645215},"point_estimate":0.7578719542505831,"standard_error":0.19002094889791848}}