{"Mean":{"confidence_interval":{"confidence_level":0.95,"lower_bound":438.8826011012358,"upper_bound":440.79023969536996},"point_estimate":439.7592526408609,"standard_error":0.49037558246411855},"Median":{"confidence_interval":{"confidence_level":0.95,"lower_bound":438.4987506352702,"upper_bound":440.6089522007911},"point_estimate":439.50396650613493,"standard_error":0.5750540201688845},"MedianAbsDev":{"confidence_interval":{"confidence_level":0.95,"lower_bound":0.12095841094753747,"upper_bound":2.4861455276052298},"point_estimate":1.4641813931992305,"standard_error":0.5877796108669266},"Slope":{"confidence_interval":{"confidence_level":0.95,"lower_bound":439.1527329487644,"upper_bound":441.32621275208373},"point_estimate":440.0250236586095,"standard_error":0.5559749261423824},"StdDev":{"confidence_interval":{"confidence_level":0.95,"lower_bound":0.6990549491580809,"upper_bound":2.216692282002397},"point_estimate":1.639872054963073,"standard_error":0.41722806110808996}}