{"Mean":{"confidence_interval":{"confidence_level":0.95,"lower_bound":38.22578700098825,"upper_bound":38.584562223070805},"point_estimate":38.37986546202398,"standard_error":0.09246048034971598},"Median":{"confidence_interval":{"confidence_level":0.95,"lower_bound":38.07031459436981,"upper_bound":38.29432483060248},"point_estimate":38.17397104775866,"standard_error":0.05894269684122474},"MedianAbsDev":{"confidence_interval":{"confidence_level":0.95,"lower_bound":0.246869045059598,"upper_bound":0.44901331640287295},"point_estimate":0.3478122216767171,"standard_error":0.049799468157149716},"Slope":{"confidence_interval":{"confidence_level":0.95,"lower_bound":38.224015881727006,"upper_bound":38.38178249839084},"point_estimate":38.296627627594106,"standard_error":0.040269070543612125},"StdDev":{"confidence_interval":{"confidence_level":0.95,"lower_bound":0.3214987791237144,"upper_bound":1.4338314527368694},"point_estimate":0.9288757337228718,"standard_error":0.29379046447263896}}