{"Mean":{"confidence_interval":{"confidence_level":0.95,"lower_bound":38.223332427827174,"upper_bound":38.38619172239978},"point_estimate":38.29849431295984,"standard_error":0.041542143888573656},"Median":{"confidence_interval":{"confidence_level":0.95,"lower_bound":38.09625242754146,"upper_bound":38.24362388364002},"point_estimate":38.169194796332235,"standard_error":0.03830667890370908},"MedianAbsDev":{"confidence_interval":{"confidence_level":0.95,"lower_bound":0.15336317506303174,"upper_bound":0.29480237796429},"point_estimate":0.23463988088555562,"standard_error":0.03763634571623817},"Slope":{"confidence_interval":{"confidence_level":0.95,"lower_bound":38.22256278824554,"upper_bound":38.328480492166484},"point_estimate":38.27374713459362,"standard_error":0.0269992175587415},"StdDev":{"confidence_interval":{"confidence_level":0.95,"lower_bound":0.2726994104025881,"upper_bound":0.5785347089111296},"point_estimate":0.4175462086231595,"standard_error":0.08787265304557387}}