{"Mean":{"confidence_interval":{"confidence_level":0.95,"lower_bound":-0.02005370240766328,"upper_bound":-0.015181347282274854},"point_estimate":-0.017523531077829446,"standard_error":0.0012458138587794858},"Median":{"confidence_interval":{"confidence_level":0.95,"lower_bound":-0.016827515242310187,"upper_bound":-0.013986900875383092},"point_estimate":-0.014983967845908275,"standard_error":0.0007485449138878655}}