{"Mean":{"confidence_interval":{"confidence_level":0.95,"lower_bound":-0.0034910175095648754,"upper_bound":0.0018793309946872716},"point_estimate":-0.0008263766962547381,"standard_error":0.0013838306173759832},"Median":{"confidence_interval":{"confidence_level":0.95,"lower_bound":-0.005283756312311261,"upper_bound":0.003471996186697579},"point_estimate":-0.0023403344339684162,"standard_error":0.002183762299009965}}