{"Mean":{"confidence_interval":{"confidence_level":0.95,"lower_bound":-0.028917408432546737,"upper_bound":-0.025474075723202164},"point_estimate":-0.027176389730896422,"standard_error":0.0008797333611682157},"Median":{"confidence_interval":{"confidence_level":0.95,"lower_bound":-0.030241124994338175,"upper_bound":-0.026474790209876864},"point_estimate":-0.02828434672786362,"standard_error":0.000984539597730929}}