{"Mean":{"confidence_interval":{"confidence_level":0.95,"lower_bound":0.02091135628618803,"upper_bound":0.024558011890458937},"point_estimate":0.022746677360845347,"standard_error":0.0009312351441154567},"Median":{"confidence_interval":{"confidence_level":0.95,"lower_bound":0.021634724143377193,"upper_bound":0.024982436244405548},"point_estimate":0.023081484496916493,"standard_error":0.0008739338422683993}}