{"Mean":{"confidence_interval":{"confidence_level":0.95,"lower_bound":37.32312798001005,"upper_bound":37.47517078170352},"point_estimate":37.39420944482383,"standard_error":0.03873173110289569},"Median":{"confidence_interval":{"confidence_level":0.95,"lower_bound":37.21167516279248,"upper_bound":37.36331856009805},"point_estimate":37.271420680457,"standard_error":0.04336084539631913},"MedianAbsDev":{"confidence_interval":{"confidence_level":0.95,"lower_bound":0.1731006301623733,"upper_bound":0.31896583081942376},"point_estimate":0.235500170909636,"standard_error":0.04199078385161414},"Slope":{"confidence_interval":{"confidence_level":0.95,"lower_bound":37.28691036408191,"upper_bound":37.37283016056758},"point_estimate":37.32916857005673,"standard_error":0.02189092293429596},"StdDev":{"confidence_interval":{"confidence_level":0.95,"lower_bound":0.2675595655308158,"upper_bound":0.5109525913733359},"point_estimate":0.38901577311704755,"standard_error":0.06347238590265314}}