{"Mean":{"confidence_interval":{"confidence_level":0.95,"lower_bound":37.43122658370836,"upper_bound":37.50332551471506},"point_estimate":37.463587452909586,"standard_error":0.01855174376080699},"Median":{"confidence_interval":{"confidence_level":0.95,"lower_bound":37.42271580093364,"upper_bound":37.490164108506676},"point_estimate":37.4538380647609,"standard_error":0.015366459085165755},"MedianAbsDev":{"confidence_interval":{"confidence_level":0.95,"lower_bound":0.010840252310720862,"upper_bound":0.09101829387426101},"point_estimate":0.03892197885883694,"standard_error":0.021928717957188308},"Slope":{"confidence_interval":{"confidence_level":0.95,"lower_bound":37.415912647389284,"upper_bound":37.488265278069065},"point_estimate":37.446665141021654,"standard_error":0.019179811397467928},"StdDev":{"confidence_interval":{"confidence_level":0.95,"lower_bound":0.023749863484565304,"upper_bound":0.08612243334056487},"point_estimate":0.06195067089796138,"standard_error":0.01783707855307547}}