{"Mean":{"confidence_interval":{"confidence_level":0.95,"lower_bound":37.31052337217321,"upper_bound":37.47882309152745},"point_estimate":37.389402708626804,"standard_error":0.043073026959931225},"Median":{"confidence_interval":{"confidence_level":0.95,"lower_bound":37.168809455508516,"upper_bound":37.32002360593162},"point_estimate":37.25532425166319,"standard_error":0.04645548432142403},"MedianAbsDev":{"confidence_interval":{"confidence_level":0.95,"lower_bound":0.1623728971951031,"upper_bound":0.3382531517297165},"point_estimate":0.2646237498642418,"standard_error":0.052012093003689974},"Slope":{"confidence_interval":{"confidence_level":0.95,"lower_bound":37.193404222644915,"upper_bound":37.28847475415804},"point_estimate":37.23859678802048,"standard_error":0.02424451285695248},"StdDev":{"confidence_interval":{"confidence_level":0.95,"lower_bound":0.2910278719944014,"upper_bound":0.5644962290415082},"point_estimate":0.43330455374502863,"standard_error":0.07043784656035466}}