{"Mean":{"confidence_interval":{"confidence_level":0.95,"lower_bound":-0.014797283202903523,"upper_bound":0.014575597241950974},"point_estimate":-0.0000445811162076426,"standard_error":0.007489116354908016},"Median":{"confidence_interval":{"confidence_level":0.95,"lower_bound":-0.026937525569776355,"upper_bound":0.03567128550559562},"point_estimate":0.006827280361838106,"standard_error":0.014027437904768096}}