{"Mean":{"confidence_interval":{"confidence_level":0.95,"lower_bound":0.009085657743442258,"upper_bound":0.029735586454058112},"point_estimate":0.01978960739006208,"standard_error":0.005295223950828663},"Median":{"confidence_interval":{"confidence_level":0.95,"lower_bound":0.01650106599326362,"upper_bound":0.04534976615616526},"point_estimate":0.031121587168679854,"standard_error":0.007344428716602709}}