{"Mean":{"confidence_interval":{"confidence_level":0.95,"lower_bound":0.05234342903367878,"upper_bound":0.07387260791538847},"point_estimate":0.06358504932808651,"standard_error":0.005467844395593671},"Median":{"confidence_interval":{"confidence_level":0.95,"lower_bound":0.05147948289870663,"upper_bound":0.07111476676576656},"point_estimate":0.06119785739941097,"standard_error":0.004780832227161536}}