{"Mean":{"confidence_interval":{"confidence_level":0.95,"lower_bound":-0.0546692584998851,"upper_bound":-0.03134995638684842},"point_estimate":-0.043022586852311306,"standard_error":0.00592087379494575},"Median":{"confidence_interval":{"confidence_level":0.95,"lower_bound":-0.062158681173804964,"upper_bound":-0.03502330145620203},"point_estimate":-0.0462787561229735,"standard_error":0.006769659197137324}}