{"Mean":{"confidence_interval":{"confidence_level":0.95,"lower_bound":584562.4695683328,"upper_bound":588490.8776592581},"point_estimate":586417.3236098054,"standard_error":1001.6056549570155},"Median":{"confidence_interval":{"confidence_level":0.95,"lower_bound":582570.7550724638,"upper_bound":585088.492872807},"point_estimate":583507.8401960784,"standard_error":745.984830137289},"MedianAbsDev":{"confidence_interval":{"confidence_level":0.95,"lower_bound":5537.890132337365,"upper_bound":8723.994454868187},"point_estimate":7251.746596965168,"standard_error":792.8528640996884},"Slope":{"confidence_interval":{"confidence_level":0.95,"lower_bound":582293.4860167997,"upper_bound":584766.3960172586},"point_estimate":583482.0587306044,"standard_error":630.739563311965},"StdDev":{"confidence_interval":{"confidence_level":0.95,"lower_bound":6921.37159533947,"upper_bound":13013.485470011328},"point_estimate":10040.102569980178,"standard_error":1577.995974908989}}