{"Mean":{"confidence_interval":{"confidence_level":0.95,"lower_bound":549539.9479043003,"upper_bound":552577.7592452142},"point_estimate":550951.9132360067,"standard_error":775.8758935883886},"Median":{"confidence_interval":{"confidence_level":0.95,"lower_bound":547970.4455287929,"upper_bound":550554.8514588859},"point_estimate":549424.9813253012,"standard_error":599.2483884878272},"MedianAbsDev":{"confidence_interval":{"confidence_level":0.95,"lower_bound":4309.302201756983,"upper_bound":6700.983397918511},"point_estimate":5592.3902871362225,"standard_error":571.121936792275},"Slope":{"confidence_interval":{"confidence_level":0.95,"lower_bound":550270.8015097891,"upper_bound":553166.5849535998},"point_estimate":551678.3315309591,"standard_error":739.1792905762546},"StdDev":{"confidence_interval":{"confidence_level":0.95,"lower_bound":5117.05248267235,"upper_bound":10683.71464644122},"point_estimate":7772.127550774214,"standard_error":1542.8361710479858}}