{"Mean":{"confidence_interval":{"confidence_level":0.95,"lower_bound":-0.024869806588678624,"upper_bound":-0.01944838794825287},"point_estimate":-0.02218900397160839,"standard_error":0.001384962985061198},"Median":{"confidence_interval":{"confidence_level":0.95,"lower_bound":-0.02619931429080724,"upper_bound":-0.01858476222333061},"point_estimate":-0.022638231546171617,"standard_error":0.002227097018309464}}