{"Mean":{"confidence_interval":{"confidence_level":0.95,"lower_bound":-0.01021917722364458,"upper_bound":0.002685388497269172},"point_estimate":-0.004433322502732873,"standard_error":0.0033611777909675383},"Median":{"confidence_interval":{"confidence_level":0.95,"lower_bound":-0.008765507165545678,"upper_bound":-0.0016012519191028751},"point_estimate":-0.004718722691605559,"standard_error":0.0017838806955706252}}