{"Mean":{"confidence_interval":{"confidence_level":0.95,"lower_bound":43.19730897307313,"upper_bound":43.493791706777735},"point_estimate":43.343088995130884,"standard_error":0.07542339917087156},"Median":{"confidence_interval":{"confidence_level":0.95,"lower_bound":43.09604059395662,"upper_bound":43.392875512647194},"point_estimate":43.198335059268274,"standard_error":0.06703531105226058},"MedianAbsDev":{"confidence_interval":{"confidence_level":0.95,"lower_bound":0.3894453627033842,"upper_bound":0.6495823283173017},"point_estimate":0.5368849337901695,"standard_error":0.0660623332602613},"Slope":{"confidence_interval":{"confidence_level":0.95,"lower_bound":43.29693081813066,"upper_bound":43.695284622267074},"point_estimate":43.497219193961875,"standard_error":0.1019452517447793},"StdDev":{"confidence_interval":{"confidence_level":0.95,"lower_bound":0.6127629846793345,"upper_bound":0.890657717636692},"point_estimate":0.757512651060804,"standard_error":0.07123246245723741}}