{"Mean":{"confidence_interval":{"confidence_level":0.95,"lower_bound":51.634002095628006,"upper_bound":52.134859217799445},"point_estimate":51.86688485480258,"standard_error":0.12860683832402478},"Median":{"confidence_interval":{"confidence_level":0.95,"lower_bound":51.31288316038159,"upper_bound":51.442827071516625},"point_estimate":51.35027252100578,"standard_error":0.035569251597526844},"MedianAbsDev":{"confidence_interval":{"confidence_level":0.95,"lower_bound":0.17421699856325218,"upper_bound":0.3470086328728995},"point_estimate":0.23573247066650824,"standard_error":0.042444923667485805},"Slope":{"confidence_interval":{"confidence_level":0.95,"lower_bound":51.55583056084722,"upper_bound":52.0196882177722},"point_estimate":51.775397594700905,"standard_error":0.11859260631779325},"StdDev":{"confidence_interval":{"confidence_level":0.95,"lower_bound":0.8451619140442189,"upper_bound":1.6872409609712908},"point_estimate":1.294218014630473,"standard_error":0.2160330054557263}}