{"Mean":{"confidence_interval":{"confidence_level":0.95,"lower_bound":69.1798360784818,"upper_bound":69.48810410104923},"point_estimate":69.32287765158958,"standard_error":0.07873947515328847},"Median":{"confidence_interval":{"confidence_level":0.95,"lower_bound":69.01670876596668,"upper_bound":69.17874424114002},"point_estimate":69.0841885150156,"standard_error":0.04446011210798176},"MedianAbsDev":{"confidence_interval":{"confidence_level":0.95,"lower_bound":0.31287508976129735,"upper_bound":0.6203281099050314},"point_estimate":0.46041413675483694,"standard_error":0.08455360453755381},"Slope":{"confidence_interval":{"confidence_level":0.95,"lower_bound":68.98935155710745,"upper_bound":69.21840612432548},"point_estimate":69.09768819530076,"standard_error":0.05840681834717905},"StdDev":{"confidence_interval":{"confidence_level":0.95,"lower_bound":0.5352749586386676,"upper_bound":1.0740769825832284},"point_estimate":0.7927662541144714,"standard_error":0.147673814583148}}