{"Mean":{"confidence_interval":{"confidence_level":0.95,"lower_bound":131.25115781601136,"upper_bound":131.72956223245876},"point_estimate":131.4630608121311,"standard_error":0.12353537163654255},"Median":{"confidence_interval":{"confidence_level":0.95,"lower_bound":131.17957092792346,"upper_bound":131.59960774591036},"point_estimate":131.429627819738,"standard_error":0.12253028864127496},"MedianAbsDev":{"confidence_interval":{"confidence_level":0.95,"lower_bound":0.06164590237152226,"upper_bound":0.5537957346364808},"point_estimate":0.32366080918419055,"standard_error":0.11809407930750261},"Slope":{"confidence_interval":{"confidence_level":0.95,"lower_bound":131.22928569871755,"upper_bound":131.60768695522714},"point_estimate":131.45126484619703,"standard_error":0.0955836567356736},"StdDev":{"confidence_interval":{"confidence_level":0.95,"lower_bound":0.16085292121524958,"upper_bound":0.5861908510404392},"point_estimate":0.4115942216832832,"standard_error":0.12784138384206425}}