{"Mean":{"confidence_interval":{"confidence_level":0.95,"lower_bound":0.01061582001559926,"upper_bound":0.020066902071287116},"point_estimate":0.01540493959609135,"standard_error":0.002418630605014438},"Median":{"confidence_interval":{"confidence_level":0.95,"lower_bound":0.009515216996852795,"upper_bound":0.01576526175784343},"point_estimate":0.012356106425077673,"standard_error":0.001584571513316949}}