{"Mean":{"confidence_interval":{"confidence_level":0.95,"lower_bound":0.014763578457821103,"upper_bound":0.022212981730935184},"point_estimate":0.018418568917111466,"standard_error":0.001894692531250104},"Median":{"confidence_interval":{"confidence_level":0.95,"lower_bound":0.014933488311278609,"upper_bound":0.02182866233721703},"point_estimate":0.019365817851374256,"standard_error":0.0017409206584370423}}