{"Mean":{"confidence_interval":{"confidence_level":0.95,"lower_bound":-0.04356918933991079,"upper_bound":-0.03558910436688085},"point_estimate":-0.039473591540939656,"standard_error":0.002035329583386242},"Median":{"confidence_interval":{"confidence_level":0.95,"lower_bound":-0.040482339865028125,"upper_bound":-0.033968144942204646},"point_estimate":-0.03751112011344426,"standard_error":0.0016739695341898553}}