{"Mean":{"confidence_interval":{"confidence_level":0.95,"lower_bound":18190122.47083877,"upper_bound":18231413.713965584},"point_estimate":18210452.17374778,"standard_error":10549.310219324707},"Median":{"confidence_interval":{"confidence_level":0.95,"lower_bound":18181584.79160689,"upper_bound":18226036.0},"point_estimate":18196230.925,"standard_error":11425.99320776377},"MedianAbsDev":{"confidence_interval":{"confidence_level":0.95,"lower_bound":67819.60226335331,"upper_bound":109630.59166543277},"point_estimate":86740.3037758039,"standard_error":10271.661210350032},"Slope":{"confidence_interval":{"confidence_level":0.95,"lower_bound":18196428.24504173,"upper_bound":18235970.337265287},"point_estimate":18215707.721084677,"standard_error":10074.287740963013},"StdDev":{"confidence_interval":{"confidence_level":0.95,"lower_bound":88463.08495080685,"upper_bound":121259.33591601907},"point_estimate":105850.26627021043,"standard_error":8361.826114848616}}