{"Mean":{"confidence_interval":{"confidence_level":0.95,"lower_bound":15541579.144671995,"upper_bound":15655963.925831007},"point_estimate":15596209.394177193,"standard_error":29212.555067800295},"Median":{"confidence_interval":{"confidence_level":0.95,"lower_bound":15490101.622727271,"upper_bound":15618137.80952381},"point_estimate":15540238.858270202,"standard_error":32697.65666683958},"MedianAbsDev":{"confidence_interval":{"confidence_level":0.95,"lower_bound":135552.78409290942,"upper_bound":238627.91618741595},"point_estimate":162186.9165566746,"standard_error":26418.37843337756},"Slope":{"confidence_interval":{"confidence_level":0.95,"lower_bound":15549956.323696868,"upper_bound":15725778.247749789},"point_estimate":15631556.587131668,"standard_error":44969.11906621432},"StdDev":{"confidence_interval":{"confidence_level":0.95,"lower_bound":216272.7285584826,"upper_bound":362445.18252645165},"point_estimate":294645.0105408023,"standard_error":37254.57004457759}}