{"Mean":{"confidence_interval":{"confidence_level":0.95,"lower_bound":169324.39595231606,"upper_bound":170917.46983186438},"point_estimate":170116.6181297892,"standard_error":406.76292560712807},"Median":{"confidence_interval":{"confidence_level":0.95,"lower_bound":168863.14086561452,"upper_bound":170848.125},"point_estimate":169895.23945360194,"standard_error":497.7700313664775},"MedianAbsDev":{"confidence_interval":{"confidence_level":0.95,"lower_bound":3403.158595258778,"upper_bound":5877.503583375489},"point_estimate":4835.784514681875,"standard_error":637.6549613731602},"Slope":{"confidence_interval":{"confidence_level":0.95,"lower_bound":170475.2641860837,"upper_bound":172017.27143249018},"point_estimate":171229.14705876558,"standard_error":391.6820731710293},"StdDev":{"confidence_interval":{"confidence_level":0.95,"lower_bound":3572.3761850647134,"upper_bound":4569.479909069396},"point_estimate":4090.498637132028,"standard_error":254.86629592666657}}