{"Mean":{"confidence_interval":{"confidence_level":0.95,"lower_bound":1816390.7511384916,"upper_bound":1824988.5397380951},"point_estimate":1820879.82634127,"standard_error":2190.890001817079},"Median":{"confidence_interval":{"confidence_level":0.95,"lower_bound":1817248.7666666666,"upper_bound":1826277.4444444445},"point_estimate":1820977.985,"standard_error":2390.819540267959},"MedianAbsDev":{"confidence_interval":{"confidence_level":0.95,"lower_bound":1525.1159989239075,"upper_bound":12605.20499954632},"point_estimate":5834.185333922621,"standard_error":2788.496053527105},"Slope":{"confidence_interval":{"confidence_level":0.95,"lower_bound":1817386.5173076922,"upper_bound":1824727.0212264152},"point_estimate":1820728.4963636363,"standard_error":1858.3091036455987},"StdDev":{"confidence_interval":{"confidence_level":0.95,"lower_bound":3413.016585483835,"upper_bound":9821.292299693609},"point_estimate":7278.7531764235655,"standard_error":1695.7814794083804}}