{"Mean":{"confidence_interval":{"confidence_level":0.95,"lower_bound":403103.7554002229,"upper_bound":406927.75626562635},"point_estimate":404886.7963135749,"standard_error":974.4208870888336},"Median":{"confidence_interval":{"confidence_level":0.95,"lower_bound":401451.7342882523,"upper_bound":404912.95604395604},"point_estimate":402839.5565619968,"standard_error":846.3735010108782},"MedianAbsDev":{"confidence_interval":{"confidence_level":0.95,"lower_bound":5783.332768962745,"upper_bound":9218.578755226377},"point_estimate":7367.569822216458,"standard_error":855.6977803440562},"Slope":{"confidence_interval":{"confidence_level":0.95,"lower_bound":402529.76531012583,"upper_bound":405530.6813630374},"point_estimate":404000.63762376236,"standard_error":766.1764092983105},"StdDev":{"confidence_interval":{"confidence_level":0.95,"lower_bound":6678.964507220137,"upper_bound":13280.630525912666},"point_estimate":9746.658144174282,"standard_error":1856.9999554737622}}