{"Mean":{"confidence_interval":{"confidence_level":0.95,"lower_bound":29.193694604648122,"upper_bound":29.370104981336617},"point_estimate":29.269999944745173,"standard_error":0.04561730544474002},"Median":{"confidence_interval":{"confidence_level":0.95,"lower_bound":29.104334490382833,"upper_bound":29.212926742532005},"point_estimate":29.158146531050818,"standard_error":0.030364092932328317},"MedianAbsDev":{"confidence_interval":{"confidence_level":0.95,"lower_bound":0.0666770901066725,"upper_bound":0.18529595787467854},"point_estimate":0.12600160459189214,"standard_error":0.03151547993136822},"Slope":{"confidence_interval":{"confidence_level":0.95,"lower_bound":29.14000338280789,"upper_bound":29.250318190847576},"point_estimate":29.18939526843971,"standard_error":0.028384926855133944},"StdDev":{"confidence_interval":{"confidence_level":0.95,"lower_bound":0.16113139735033724,"upper_bound":0.6903499062637967},"point_estimate":0.4581282015422563,"standard_error":0.1396011451306418}}