{"Mean":{"confidence_interval":{"confidence_level":0.95,"lower_bound":75.29972637856086,"upper_bound":75.4176398350602},"point_estimate":75.35926684038625,"standard_error":0.030219531329109893},"Median":{"confidence_interval":{"confidence_level":0.95,"lower_bound":75.2826574645591,"upper_bound":75.43801812287923},"point_estimate":75.3653794237726,"standard_error":0.04474789532662662},"MedianAbsDev":{"confidence_interval":{"confidence_level":0.95,"lower_bound":0.02899611214457792,"upper_bound":0.17074595021092562},"point_estimate":0.10777334615030204,"standard_error":0.03529450767607893},"Slope":{"confidence_interval":{"confidence_level":0.95,"lower_bound":75.31387263021402,"upper_bound":75.46776500136725},"point_estimate":75.4093428303784,"standard_error":0.0393980960153089},"StdDev":{"confidence_interval":{"confidence_level":0.95,"lower_bound":0.05902100148260389,"upper_bound":0.12695787413148468},"point_estimate":0.10088497215082358,"standard_error":0.0173775095671539}}