{"Mean":{"confidence_interval":{"confidence_level":0.95,"lower_bound":31934.40423831181,"upper_bound":32033.87059363123},"point_estimate":31981.881952828076,"standard_error":25.49551386553835},"Median":{"confidence_interval":{"confidence_level":0.95,"lower_bound":31913.927816901407,"upper_bound":32066.71346830986},"point_estimate":31962.02420774648,"standard_error":38.872982057051196},"MedianAbsDev":{"confidence_interval":{"confidence_level":0.95,"lower_bound":6.676920303996028,"upper_bound":148.0629264206564},"point_estimate":79.5827299251527,"standard_error":36.75254833479235},"Slope":{"confidence_interval":{"confidence_level":0.95,"lower_bound":31955.306889121188,"upper_bound":32068.49816927641},"point_estimate":32013.70629687214,"standard_error":28.667097312595146},"StdDev":{"confidence_interval":{"confidence_level":0.95,"lower_bound":43.20752995324836,"upper_bound":104.1957658176972},"point_estimate":85.1260230097127,"standard_error":15.313226248100626}}