{"Mean":{"confidence_interval":{"confidence_level":0.95,"lower_bound":7179.818851711045,"upper_bound":7201.684184521454},"point_estimate":7190.661014472271,"standard_error":5.58875651967254},"Median":{"confidence_interval":{"confidence_level":0.95,"lower_bound":7171.165149716397,"upper_bound":7204.994459833795},"point_estimate":7188.869278459306,"standard_error":8.149958407525121},"MedianAbsDev":{"confidence_interval":{"confidence_level":0.95,"lower_bound":1.2208421666910627,"upper_bound":31.16974299233287},"point_estimate":24.474326316581593,"standard_error":8.251753493454173},"Slope":{"confidence_interval":{"confidence_level":0.95,"lower_bound":7177.440574183163,"upper_bound":7200.513885034072},"point_estimate":7188.539702640059,"standard_error":5.854437532224545},"StdDev":{"confidence_interval":{"confidence_level":0.95,"lower_bound":11.151064269587547,"upper_bound":23.12052906304028},"point_estimate":18.633176700687258,"standard_error":3.097562777475942}}