{"Mean":{"confidence_interval":{"confidence_level":0.95,"lower_bound":95.95296424155879,"upper_bound":96.4514860142926},"point_estimate":96.18089264701277,"standard_error":0.12831810864125476},"Median":{"confidence_interval":{"confidence_level":0.95,"lower_bound":95.87020138667067,"upper_bound":96.41446643868647},"point_estimate":96.05571281073262,"standard_error":0.15218816485288414},"MedianAbsDev":{"confidence_interval":{"confidence_level":0.95,"lower_bound":0.06423013869922568,"upper_bound":0.6658369546922444},"point_estimate":0.29197788350504916,"standard_error":0.1511271322214316},"Slope":{"confidence_interval":{"confidence_level":0.95,"lower_bound":95.96097426054249,"upper_bound":96.28846615026545},"point_estimate":96.11519519806775,"standard_error":0.08473169233731855},"StdDev":{"confidence_interval":{"confidence_level":0.95,"lower_bound":0.17479264521713478,"upper_bound":0.5731186538232143},"point_estimate":0.4279190465476073,"standard_error":0.10748977746019801}}