{"Mean":{"confidence_interval":{"confidence_level":0.95,"lower_bound":147533.55342905616,"upper_bound":148274.38454983596},"point_estimate":147881.45798232223,"standard_error":188.02627249440874},"Median":{"confidence_interval":{"confidence_level":0.95,"lower_bound":146856.48571428572,"upper_bound":147765.93946731236},"point_estimate":147348.84572964668,"standard_error":229.31965545720712},"MedianAbsDev":{"confidence_interval":{"confidence_level":0.95,"lower_bound":826.3470986627211,"upper_bound":1873.7064513537055},"point_estimate":1343.9386558676053,"standard_error":257.48071189616553},"Slope":{"confidence_interval":{"confidence_level":0.95,"lower_bound":147406.05796371427,"upper_bound":148006.08719792924},"point_estimate":147693.5785374401,"standard_error":152.5991617551468},"StdDev":{"confidence_interval":{"confidence_level":0.95,"lower_bound":1352.2261386001476,"upper_bound":2485.896100959609},"point_estimate":1886.99286874476,"standard_error":311.08589230173544}}