{"Mean":{"confidence_interval":{"confidence_level":0.95,"lower_bound":13595852.967500001,"upper_bound":13701723.625},"point_estimate":13651553.632182539,"standard_error":27000.308859755925},"Median":{"confidence_interval":{"confidence_level":0.95,"lower_bound":13597797.792857144,"upper_bound":13701531.270833332},"point_estimate":13665018.5,"standard_error":21166.64651612506},"MedianAbsDev":{"confidence_interval":{"confidence_level":0.95,"lower_bound":6490.3593722730875,"upper_bound":160296.74647416212},"point_estimate":42706.37460847757,"standard_error":40885.84093738269},"Slope":{"confidence_interval":{"confidence_level":0.95,"lower_bound":13569728.944444444,"upper_bound":13721303.318681318},"point_estimate":13643623.842857143,"standard_error":39409.53150383583},"StdDev":{"confidence_interval":{"confidence_level":0.95,"lower_bound":36354.99158425488,"upper_bound":119900.83412898549},"point_estimate":89799.72109997667,"standard_error":21539.863085004494}}