{"Mean":{"confidence_interval":{"confidence_level":0.95,"lower_bound":13331.874298301436,"upper_bound":13404.394373363526},"point_estimate":13365.945414166421,"standard_error":18.537900998198293},"Median":{"confidence_interval":{"confidence_level":0.95,"lower_bound":13287.553333333333,"upper_bound":13388.519191919191},"point_estimate":13347.844221364223,"standard_error":26.79735595889383},"MedianAbsDev":{"confidence_interval":{"confidence_level":0.95,"lower_bound":116.76595947197245,"upper_bound":183.93368823957474},"point_estimate":147.05584037777248,"standard_error":16.55747702594886},"Slope":{"confidence_interval":{"confidence_level":0.95,"lower_bound":13326.891210014783,"upper_bound":13388.21076308586},"point_estimate":13357.683354908626,"standard_error":15.678915951430627},"StdDev":{"confidence_interval":{"confidence_level":0.95,"lower_bound":127.1024014790669,"upper_bound":250.11136176202845},"point_estimate":185.98930598830444,"standard_error":33.11937826839141}}