{"Mean":{"confidence_interval":{"confidence_level":0.95,"lower_bound":13164.661604293615,"upper_bound":13309.249895222853},"point_estimate":13222.70947467567,"standard_error":38.16997725247641},"Median":{"confidence_interval":{"confidence_level":0.95,"lower_bound":13114.342105263158,"upper_bound":13204.451156299841},"point_estimate":13161.664813719693,"standard_error":21.340037166569},"MedianAbsDev":{"confidence_interval":{"confidence_level":0.95,"lower_bound":117.6702650432086,"upper_bound":184.72719231622534},"point_estimate":160.76267328891976,"standard_error":16.700583655863895},"Slope":{"confidence_interval":{"confidence_level":0.95,"lower_bound":13159.532237680858,"upper_bound":13220.680768519462},"point_estimate":13189.207116268579,"standard_error":15.612110791663673},"StdDev":{"confidence_interval":{"confidence_level":0.95,"lower_bound":135.88425821371345,"upper_bound":623.9663855165919},"point_estimate":384.0195832810878,"standard_error":162.77395632639804}}