{"Mean":{"confidence_interval":{"confidence_level":0.95,"lower_bound":-0.007819855289934362,"upper_bound":-0.0014913236225805304},"point_estimate":-0.004801653484892698,"standard_error":0.0016333208193354406},"Median":{"confidence_interval":{"confidence_level":0.95,"lower_bound":-0.009509382510999309,"upper_bound":-0.002451510796838585},"point_estimate":-0.006633059241948236,"standard_error":0.0016707512788768505}}