{"Mean":{"confidence_interval":{"confidence_level":0.95,"lower_bound":-0.03991867131548422,"upper_bound":-0.03259586285180366},"point_estimate":-0.036236905871494085,"standard_error":0.0018676984395439222},"Median":{"confidence_interval":{"confidence_level":0.95,"lower_bound":-0.03889926707221025,"upper_bound":-0.031429914488590956},"point_estimate":-0.03432748199566982,"standard_error":0.0019173626165591149}}