{"Mean":{"confidence_interval":{"confidence_level":0.95,"lower_bound":0.014501285132495847,"upper_bound":0.023146731103658093},"point_estimate":0.019113870561529245,"standard_error":0.0022030908394424457},"Median":{"confidence_interval":{"confidence_level":0.95,"lower_bound":0.014007927619771718,"upper_bound":0.022435011671795003},"point_estimate":0.018037384422588953,"standard_error":0.002076524398464703}}