{"Mean":{"confidence_interval":{"confidence_level":0.95,"lower_bound":650.5317580466349,"upper_bound":652.6254228437781},"point_estimate":651.5337851279996,"standard_error":0.5343397133360097},"Median":{"confidence_interval":{"confidence_level":0.95,"lower_bound":649.072851462008,"upper_bound":651.2237076845583},"point_estimate":650.2786323714511,"standard_error":0.5854528366694086},"MedianAbsDev":{"confidence_interval":{"confidence_level":0.95,"lower_bound":2.9227871095871514,"upper_bound":4.874814376881356},"point_estimate":3.9811001041755008,"standard_error":0.495993154669251},"Slope":{"confidence_interval":{"confidence_level":0.95,"lower_bound":650.3009460565678,"upper_bound":652.5874131339625},"point_estimate":651.3573920221685,"standard_error":0.5858040073344012},"StdDev":{"confidence_interval":{"confidence_level":0.95,"lower_bound":3.992711807904466,"upper_bound":6.620431703306092},"point_estimate":5.373889734291064,"standard_error":0.6722398185774168}}