{"Mean":{"confidence_interval":{"confidence_level":0.95,"lower_bound":679.5588304625151,"upper_bound":685.3352514038967},"point_estimate":682.1113298021814,"standard_error":1.4789376511580885},"Median":{"confidence_interval":{"confidence_level":0.95,"lower_bound":676.4566679355412,"upper_bound":681.2962708254588},"point_estimate":678.2011403162122,"standard_error":1.1836052320479895},"MedianAbsDev":{"confidence_interval":{"confidence_level":0.95,"lower_bound":6.932038273627156,"upper_bound":12.084479600963931},"point_estimate":9.040617649837264,"standard_error":1.3144563891528473},"Slope":{"confidence_interval":{"confidence_level":0.95,"lower_bound":677.9196066966356,"upper_bound":681.6899023343016},"point_estimate":679.7160522387564,"standard_error":0.9642153695629164},"StdDev":{"confidence_interval":{"confidence_level":0.95,"lower_bound":8.398729545216131,"upper_bound":22.088746749066676},"point_estimate":14.883397755124035,"standard_error":4.284807652554566}}