{"Mean":{"confidence_interval":{"confidence_level":0.95,"lower_bound":775.3932388617065,"upper_bound":779.3226381068195},"point_estimate":777.060346368756,"standard_error":1.0198157252904627},"Median":{"confidence_interval":{"confidence_level":0.95,"lower_bound":772.9620891708521,"upper_bound":776.9179742079227},"point_estimate":774.8224534872558,"standard_error":1.0976460172366302},"MedianAbsDev":{"confidence_interval":{"confidence_level":0.95,"lower_bound":3.3239591831573985,"upper_bound":6.549537431908782},"point_estimate":4.988354654024218,"standard_error":0.9161148570450108},"Slope":{"confidence_interval":{"confidence_level":0.95,"lower_bound":775.9995128825001,"upper_bound":778.4234993037207},"point_estimate":777.175241843405,"standard_error":0.6184560643310424},"StdDev":{"confidence_interval":{"confidence_level":0.95,"lower_bound":4.782131410292319,"upper_bound":15.920703614498844},"point_estimate":10.234198953783723,"standard_error":3.5758091894328485}}