{"Mean":{"confidence_interval":{"confidence_level":0.95,"lower_bound":877.5776404594793,"upper_bound":889.7871055181421},"point_estimate":883.2176613647024,"standard_error":3.1256379506470107},"Median":{"confidence_interval":{"confidence_level":0.95,"lower_bound":869.9779345937121,"upper_bound":872.2672429871681},"point_estimate":870.6125998872642,"standard_error":0.7137731370816783},"MedianAbsDev":{"confidence_interval":{"confidence_level":0.95,"lower_bound":2.762098023412429,"upper_bound":5.9996586830997565},"point_estimate":3.6761035606852177,"standard_error":0.9498231423613614},"Slope":{"confidence_interval":{"confidence_level":0.95,"lower_bound":878.7702804501765,"upper_bound":890.6629850976575},"point_estimate":884.3686547081464,"standard_error":3.0384732146965683},"StdDev":{"confidence_interval":{"confidence_level":0.95,"lower_bound":19.688925942400797,"upper_bound":41.135493136502376},"point_estimate":31.390798241767587,"standard_error":5.459359226457376}}