{"Mean":{"confidence_interval":{"confidence_level":0.95,"lower_bound":-0.154047208560952,"upper_bound":-0.14783890474410563},"point_estimate":-0.15098160528023352,"standard_error":0.0015784986657273663},"Median":{"confidence_interval":{"confidence_level":0.95,"lower_bound":-0.15248549030128544,"upper_bound":-0.14638411377615435},"point_estimate":-0.14895273350656157,"standard_error":0.0015542404234285372}}