{"Mean":{"confidence_interval":{"confidence_level":0.95,"lower_bound":-0.0027963503691634415,"upper_bound":0.0024724943686030955},"point_estimate":-0.0003282844355975145,"standard_error":0.001333816381856696},"Median":{"confidence_interval":{"confidence_level":0.95,"lower_bound":-0.0036550170599727316,"upper_bound":0.0023133677414592935},"point_estimate":-0.00015034741844233146,"standard_error":0.0015033536812070545}}