{"Mean":{"confidence_interval":{"confidence_level":0.95,"lower_bound":0.130372143662139,"upper_bound":0.13899720563673226},"point_estimate":0.13462616390153892,"standard_error":0.0022034943538036477},"Median":{"confidence_interval":{"confidence_level":0.95,"lower_bound":0.12840687852246413,"upper_bound":0.13659856371757906},"point_estimate":0.13193667983943103,"standard_error":0.0021234902062105244}}