{"Mean":{"confidence_interval":{"confidence_level":0.95,"lower_bound":277100.2600728568,"upper_bound":279082.3731913181},"point_estimate":278026.6427686789,"standard_error":506.24222732167914},"Median":{"confidence_interval":{"confidence_level":0.95,"lower_bound":276727.52713815786,"upper_bound":278239.07142403454},"point_estimate":277563.0281081081,"standard_error":387.95961966480075},"MedianAbsDev":{"confidence_interval":{"confidence_level":0.95,"lower_bound":3359.974815223142,"upper_bound":5176.256683408369},"point_estimate":4707.308558415892,"standard_error":461.6413513144159},"Slope":{"confidence_interval":{"confidence_level":0.95,"lower_bound":277150.3287100985,"upper_bound":278743.2063952637},"point_estimate":277919.83764740656,"standard_error":405.9937829205642},"StdDev":{"confidence_interval":{"confidence_level":0.95,"lower_bound":3526.7941839805785,"upper_bound":6808.486244686524},"point_estimate":5069.5293195400955,"standard_error":908.6348982893807}}