{"Mean":{"confidence_interval":{"confidence_level":0.95,"lower_bound":276742.6607792208,"upper_bound":279214.9177020202},"point_estimate":277836.0684054834,"standard_error":640.5179438176981},"Median":{"confidence_interval":{"confidence_level":0.95,"lower_bound":276309.7077922078,"upper_bound":278932.71931818186},"point_estimate":277217.86098484846,"standard_error":702.8215455968968},"MedianAbsDev":{"confidence_interval":{"confidence_level":0.95,"lower_bound":235.24775339920959,"upper_bound":2839.592521178111},"point_estimate":1413.6735158113988,"standard_error":787.2823920423205},"Slope":{"confidence_interval":{"confidence_level":0.95,"lower_bound":276662.8720043037,"upper_bound":278010.5438735838},"point_estimate":277297.16902794177,"standard_error":346.0067940791816},"StdDev":{"confidence_interval":{"confidence_level":0.95,"lower_bound":739.87594000185,"upper_bound":2965.5066346164745},"point_estimate":2132.0069093033276,"standard_error":628.1026370460592}}