{"Mean":{"confidence_interval":{"confidence_level":0.95,"lower_bound":276480.31326587795,"upper_bound":281116.7997006893},"point_estimate":278600.1887500409,"standard_error":1193.2867929752688},"Median":{"confidence_interval":{"confidence_level":0.95,"lower_bound":273628.68763626454,"upper_bound":274752.2231182796},"point_estimate":274061.3778735632,"standard_error":266.5246621510968},"MedianAbsDev":{"confidence_interval":{"confidence_level":0.95,"lower_bound":1173.2134049525196,"upper_bound":2713.4270547289225},"point_estimate":1765.5256468201571,"standard_error":368.76593456085476},"Slope":{"confidence_interval":{"confidence_level":0.95,"lower_bound":276204.557947258,"upper_bound":280214.5404941497},"point_estimate":278089.51044923894,"standard_error":1028.3356019890055},"StdDev":{"confidence_interval":{"confidence_level":0.95,"lower_bound":7064.553453906697,"upper_bound":16625.67839898469},"point_estimate":12017.106319831326,"standard_error":2495.426668234718}}