{"Mean":{"confidence_interval":{"confidence_level":0.95,"lower_bound":281067.02801098063,"upper_bound":282246.5150243698},"point_estimate":281641.2703571736,"standard_error":301.7933881947753},"Median":{"confidence_interval":{"confidence_level":0.95,"lower_bound":280124.62097338936,"upper_bound":281707.3890756302},"point_estimate":280868.9928622964,"standard_error":388.0179607530881},"MedianAbsDev":{"confidence_interval":{"confidence_level":0.95,"lower_bound":2103.8168972709186,"upper_bound":3616.0668592137263},"point_estimate":2880.367395146284,"standard_error":389.46911241805645},"Slope":{"confidence_interval":{"confidence_level":0.95,"lower_bound":281644.8295022056,"upper_bound":282860.4314960212},"point_estimate":282248.70758755726,"standard_error":309.6147579837469},"StdDev":{"confidence_interval":{"confidence_level":0.95,"lower_bound":2516.9362659459916,"upper_bound":3471.815432622544},"point_estimate":3024.7671384640425,"standard_error":243.95643559846556}}