{"Mean":{"confidence_interval":{"confidence_level":0.95,"lower_bound":274004.7409035736,"upper_bound":276177.9159319511},"point_estimate":274988.6790206155,"standard_error":558.0503610750197},"Median":{"confidence_interval":{"confidence_level":0.95,"lower_bound":272933.6785714286,"upper_bound":274314.37727272726},"point_estimate":273752.7265306122,"standard_error":333.39965787153005},"MedianAbsDev":{"confidence_interval":{"confidence_level":0.95,"lower_bound":1861.446048763039,"upper_bound":3435.7066547998547},"point_estimate":2287.813155446433,"standard_error":411.70228399145293},"Slope":{"confidence_interval":{"confidence_level":0.95,"lower_bound":273542.2555599227,"upper_bound":274947.202840402},"point_estimate":274201.41162036353,"standard_error":361.0208945392845},"StdDev":{"confidence_interval":{"confidence_level":0.95,"lower_bound":2864.677423473397,"upper_bound":7860.555904601483},"point_estimate":5619.366515984441,"standard_error":1267.4044601749174}}