{"Mean":{"confidence_interval":{"confidence_level":0.95,"lower_bound":7530.771025213315,"upper_bound":7714.454996613827},"point_estimate":7611.99422249255,"standard_error":47.37423423758139},"Median":{"confidence_interval":{"confidence_level":0.95,"lower_bound":7449.40873091603,"upper_bound":7470.229585682745},"point_estimate":7458.816568001246,"standard_error":5.9176407546939815},"MedianAbsDev":{"confidence_interval":{"confidence_level":0.95,"lower_bound":27.40040605138178,"upper_bound":52.14237865238784},"point_estimate":37.17153783128156,"standard_error":6.495371730928112},"Slope":{"confidence_interval":{"confidence_level":0.95,"lower_bound":7532.281474427653,"upper_bound":7689.868031341849},"point_estimate":7606.374626008345,"standard_error":40.382592888224565},"StdDev":{"confidence_interval":{"confidence_level":0.95,"lower_bound":242.95958705396453,"upper_bound":700.8349747127004},"point_estimate":474.2833883770104,"standard_error":129.13885915854684}}