{"Mean":{"confidence_interval":{"confidence_level":0.95,"lower_bound":7918.9107672094315,"upper_bound":7996.514177113141},"point_estimate":7953.717492942537,"standard_error":19.907643054319806},"Median":{"confidence_interval":{"confidence_level":0.95,"lower_bound":7887.463360253027,"upper_bound":7940.632314617389},"point_estimate":7909.6116612554115,"standard_error":14.346074002594518},"MedianAbsDev":{"confidence_interval":{"confidence_level":0.95,"lower_bound":82.85298020585005,"upper_bound":151.3736383382216},"point_estimate":118.00228282303546,"standard_error":18.11850204646229},"Slope":{"confidence_interval":{"confidence_level":0.95,"lower_bound":7870.533687246786,"upper_bound":7904.2351754114225},"point_estimate":7887.047220709278,"standard_error":8.609297178596872},"StdDev":{"confidence_interval":{"confidence_level":0.95,"lower_bound":109.45077442838637,"upper_bound":294.24379711921534},"point_estimate":200.5423994677774,"standard_error":52.28347402507106}}