{"Mean":{"confidence_interval":{"confidence_level":0.95,"lower_bound":7765.707958743968,"upper_bound":7808.851237248619},"point_estimate":7785.654219146077,"standard_error":11.028924598407471},"Median":{"confidence_interval":{"confidence_level":0.95,"lower_bound":7739.242063492064,"upper_bound":7771.277450666239},"point_estimate":7757.447200176366,"standard_error":6.891701051564471},"MedianAbsDev":{"confidence_interval":{"confidence_level":0.95,"lower_bound":46.89286449357235,"upper_bound":80.28652054078321},"point_estimate":64.02500147256802,"standard_error":7.903618232476694},"Slope":{"confidence_interval":{"confidence_level":0.95,"lower_bound":7763.155838927431,"upper_bound":7797.958786505866},"point_estimate":7778.669379176724,"standard_error":8.879601342458999},"StdDev":{"confidence_interval":{"confidence_level":0.95,"lower_bound":67.5213556443393,"upper_bound":152.0570644381976},"point_estimate":111.17797796093585,"standard_error":22.15881342328422}}