{"Mean":{"confidence_interval":{"confidence_level":0.95,"lower_bound":51.69491926334618,"upper_bound":52.138723139377795},"point_estimate":51.90434093006895,"standard_error":0.11397239885633702},"Median":{"confidence_interval":{"confidence_level":0.95,"lower_bound":51.36098429998749,"upper_bound":51.53740756170025},"point_estimate":51.444204769345745,"standard_error":0.046739183938863546},"MedianAbsDev":{"confidence_interval":{"confidence_level":0.95,"lower_bound":0.19284510777457137,"upper_bound":0.4317797553766904},"point_estimate":0.295526827010981,"standard_error":0.06439713246399562},"Slope":{"confidence_interval":{"confidence_level":0.95,"lower_bound":51.750285837954294,"upper_bound":52.33050941299532},"point_estimate":52.01840179933303,"standard_error":0.14852054680120885},"StdDev":{"confidence_interval":{"confidence_level":0.95,"lower_bound":0.8046838739798864,"upper_bound":1.4357456049260822},"point_estimate":1.1474569028582786,"standard_error":0.16088122856287612}}