{"Mean":{"confidence_interval":{"confidence_level":0.95,"lower_bound":77.68665427378873,"upper_bound":77.87916415179308},"point_estimate":77.78077654218116,"standard_error":0.04931245770392961},"Median":{"confidence_interval":{"confidence_level":0.95,"lower_bound":77.63951460121862,"upper_bound":77.89264151368933},"point_estimate":77.77583049231112,"standard_error":0.060142346701799645},"MedianAbsDev":{"confidence_interval":{"confidence_level":0.95,"lower_bound":0.05196754612314798,"upper_bound":0.2781939617432522},"point_estimate":0.1692168177248016,"standard_error":0.06115493230503554},"Slope":{"confidence_interval":{"confidence_level":0.95,"lower_bound":77.74029431732697,"upper_bound":77.86447427031167},"point_estimate":77.80478505297675,"standard_error":0.03168081493039382},"StdDev":{"confidence_interval":{"confidence_level":0.95,"lower_bound":0.08806441915741,"upper_bound":0.21186002076318794},"point_estimate":0.16410791398299573,"standard_error":0.03214453263004269}}