{"Mean":{"confidence_interval":{"confidence_level":0.95,"lower_bound":653.4975819737875,"upper_bound":655.9400309799317},"point_estimate":654.6836667012518,"standard_error":0.623262015084661},"Median":{"confidence_interval":{"confidence_level":0.95,"lower_bound":652.4529609580053,"upper_bound":655.1300104624019},"point_estimate":653.8679931655527,"standard_error":0.7569001726856903},"MedianAbsDev":{"confidence_interval":{"confidence_level":0.95,"lower_bound":4.414999140889397,"upper_bound":6.74713632014102},"point_estimate":5.72518607362681,"standard_error":0.5876351597482843},"Slope":{"confidence_interval":{"confidence_level":0.95,"lower_bound":654.7736871127864,"upper_bound":657.982514109907},"point_estimate":656.3254946965492,"standard_error":0.8202913857296826},"StdDev":{"confidence_interval":{"confidence_level":0.95,"lower_bound":4.931136725484772,"upper_bound":7.4699283891144255},"point_estimate":6.262048937164944,"standard_error":0.6487809033197096}}