{"Mean":{"confidence_interval":{"confidence_level":0.95,"lower_bound":670.6322148538721,"upper_bound":675.8268383060635},"point_estimate":672.6882885108955,"standard_error":1.4134031560066223},"Median":{"confidence_interval":{"confidence_level":0.95,"lower_bound":670.2784920164852,"upper_bound":673.2979751240098},"point_estimate":670.8618494114163,"standard_error":0.8595913430624459},"MedianAbsDev":{"confidence_interval":{"confidence_level":0.95,"lower_bound":0.2907362778768683,"upper_bound":3.612732922460747},"point_estimate":1.3183060093932117,"standard_error":0.9408444790983695},"Slope":{"confidence_interval":{"confidence_level":0.95,"lower_bound":670.0987196676706,"upper_bound":671.7258328689867},"point_estimate":670.8708455163701,"standard_error":0.4258615602008937},"StdDev":{"confidence_interval":{"confidence_level":0.95,"lower_bound":0.852537792180598,"upper_bound":7.140547083554953},"point_estimate":4.721032479284437,"standard_error":2.040459941848538}}