{"Mean":{"confidence_interval":{"confidence_level":0.95,"lower_bound":223772.44631315334,"upper_bound":224265.63638233158},"point_estimate":224013.3100716221,"standard_error":126.80400022535198},"Median":{"confidence_interval":{"confidence_level":0.95,"lower_bound":223678.09552845528,"upper_bound":224421.73187669378},"point_estimate":223902.16585365852,"standard_error":220.52287185304104},"MedianAbsDev":{"confidence_interval":{"confidence_level":0.95,"lower_bound":62.61272815671244,"upper_bound":676.5812047565838},"point_estimate":467.5425724921632,"standard_error":167.4206142517923},"Slope":{"confidence_interval":{"confidence_level":0.95,"lower_bound":223778.89192116848,"upper_bound":224505.59377367902},"point_estimate":224244.20025340514,"standard_error":185.43567724984817},"StdDev":{"confidence_interval":{"confidence_level":0.95,"lower_bound":257.44511240834555,"upper_bound":502.84487261673576},"point_estimate":422.2871881037325,"standard_error":62.17827561531231}}