{"Mean":{"confidence_interval":{"confidence_level":0.95,"lower_bound":2741.0454007578473,"upper_bound":2758.976058580871},"point_estimate":2748.5109460026342,"standard_error":4.645949206292481},"Median":{"confidence_interval":{"confidence_level":0.95,"lower_bound":2735.160512765079,"upper_bound":2745.6954069298954},"point_estimate":2739.123630793051,"standard_error":2.6176354133232453},"MedianAbsDev":{"confidence_interval":{"confidence_level":0.95,"lower_bound":14.387652688817992,"upper_bound":27.067042559394213},"point_estimate":20.03196385669041,"standard_error":3.302516950588218},"Slope":{"confidence_interval":{"confidence_level":0.95,"lower_bound":2739.1243145831086,"upper_bound":2748.7043387223835},"point_estimate":2743.5189040610053,"standard_error":2.4482108812703625},"StdDev":{"confidence_interval":{"confidence_level":0.95,"lower_bound":20.632314790838247,"upper_bound":73.16168079772287},"point_estimate":46.519290049488596,"standard_error":16.980405133246844}}