{"Mean":{"confidence_interval":{"confidence_level":0.95,"lower_bound":2765.2093612298418,"upper_bound":2779.586850311057},"point_estimate":2771.8465881861575,"standard_error":3.678655577810837},"Median":{"confidence_interval":{"confidence_level":0.95,"lower_bound":2757.643513345748,"upper_bound":2768.2058746508383},"point_estimate":2762.5046423306285,"standard_error":2.6285454482480355},"MedianAbsDev":{"confidence_interval":{"confidence_level":0.95,"lower_bound":16.11499564887996,"upper_bound":31.927882487861684},"point_estimate":24.225855443318018,"standard_error":4.4845725982882545},"Slope":{"confidence_interval":{"confidence_level":0.95,"lower_bound":2760.580113082743,"upper_bound":2771.1880162146526},"point_estimate":2765.6695483338876,"standard_error":2.7039579683186545},"StdDev":{"confidence_interval":{"confidence_level":0.95,"lower_bound":23.951204066570984,"upper_bound":51.75179126700219},"point_estimate":37.08216085010114,"standard_error":8.052965448800045}}