{"Mean":{"confidence_interval":{"confidence_level":0.95,"lower_bound":2658.8129689998486,"upper_bound":2675.0852368279952},"point_estimate":2665.361957734074,"standard_error":4.26320938523715},"Median":{"confidence_interval":{"confidence_level":0.95,"lower_bound":2652.547341847342,"upper_bound":2661.6792439905344},"point_estimate":2656.0818820144295,"standard_error":2.703647938523411},"MedianAbsDev":{"confidence_interval":{"confidence_level":0.95,"lower_bound":11.759446463477678,"upper_bound":21.779080885433707},"point_estimate":16.63690935489667,"standard_error":2.9248956013561376},"Slope":{"confidence_interval":{"confidence_level":0.95,"lower_bound":2660.378605600461,"upper_bound":2666.855720691885},"point_estimate":2663.6210336410004,"standard_error":1.6553311719249943},"StdDev":{"confidence_interval":{"confidence_level":0.95,"lower_bound":15.636508065824904,"upper_bound":69.20116560123776},"point_estimate":42.77764901027773,"standard_error":17.753515979669572}}