{"Mean":{"confidence_interval":{"confidence_level":0.95,"lower_bound":2631.85368835182,"upper_bound":2639.7816811178254},"point_estimate":2635.9636394303025,"standard_error":2.040118718076256},"Median":{"confidence_interval":{"confidence_level":0.95,"lower_bound":2628.5672321299116,"upper_bound":2640.604699305656},"point_estimate":2637.8091887777296,"standard_error":3.0087580901490747},"MedianAbsDev":{"confidence_interval":{"confidence_level":0.95,"lower_bound":0.7946018598963306,"upper_bound":11.616330787679157},"point_estimate":4.648329968946985,"standard_error":2.8799002169135983},"Slope":{"confidence_interval":{"confidence_level":0.95,"lower_bound":2632.90468261563,"upper_bound":2640.276997419849},"point_estimate":2636.9049517106064,"standard_error":1.8370765901894968},"StdDev":{"confidence_interval":{"confidence_level":0.95,"lower_bound":3.599153939572185,"upper_bound":8.303834945660405},"point_estimate":6.801589920189629,"standard_error":1.155520724918298}}