{"Mean":{"confidence_interval":{"confidence_level":0.95,"lower_bound":685566.7250941359,"upper_bound":688466.2745130439},"point_estimate":686890.164181364,"standard_error":744.2956993404047},"Median":{"confidence_interval":{"confidence_level":0.95,"lower_bound":684999.1527777778,"upper_bound":688204.0170487948},"point_estimate":686245.4583333334,"standard_error":800.7686270299868},"MedianAbsDev":{"confidence_interval":{"confidence_level":0.95,"lower_bound":607.2585350523872,"upper_bound":3691.658681373481},"point_estimate":1913.870688707247,"standard_error":800.9829501877836},"Slope":{"confidence_interval":{"confidence_level":0.95,"lower_bound":685452.8177613257,"upper_bound":688364.4072920444},"point_estimate":686698.5794131794,"standard_error":737.12457870151},"StdDev":{"confidence_interval":{"confidence_level":0.95,"lower_bound":1020.1305991187265,"upper_bound":3391.003509000796},"point_estimate":2474.8192386971446,"standard_error":666.967495691814}}