{"Mean":{"confidence_interval":{"confidence_level":0.95,"lower_bound":713804.9034990584,"upper_bound":717381.8541299087},"point_estimate":715514.2368361461,"standard_error":913.5882265614581},"Median":{"confidence_interval":{"confidence_level":0.95,"lower_bound":712375.5,"upper_bound":716027.28125},"point_estimate":714326.9239332096,"standard_error":803.8215355496543},"MedianAbsDev":{"confidence_interval":{"confidence_level":0.95,"lower_bound":5838.4439217422605,"upper_bound":9602.126144526797},"point_estimate":7910.352724768144,"standard_error":990.4981566331115},"Slope":{"confidence_interval":{"confidence_level":0.95,"lower_bound":712595.4083091221,"upper_bound":716738.1539758923},"point_estimate":714545.940067977,"standard_error":1056.8575881367872},"StdDev":{"confidence_interval":{"confidence_level":0.95,"lower_bound":6930.312323433228,"upper_bound":11396.150087453167},"point_estimate":9176.390311485718,"standard_error":1153.220884311512}}