{"Mean":{"confidence_interval":{"confidence_level":0.95,"lower_bound":733764.5629976942,"upper_bound":740851.7686065588},"point_estimate":737014.2118212443,"standard_error":1813.4313572276542},"Median":{"confidence_interval":{"confidence_level":0.95,"lower_bound":730118.8885507246,"upper_bound":736177.8129084967},"point_estimate":732200.4489583333,"standard_error":1544.502467078973},"MedianAbsDev":{"confidence_interval":{"confidence_level":0.95,"lower_bound":8212.93117984225,"upper_bound":13826.08511737869},"point_estimate":10288.282254026773,"standard_error":1402.2512119874934},"Slope":{"confidence_interval":{"confidence_level":0.95,"lower_bound":730942.7598271524,"upper_bound":736105.507320442},"point_estimate":733412.516346978,"standard_error":1321.2528639326094},"StdDev":{"confidence_interval":{"confidence_level":0.95,"lower_bound":11262.955595827876,"upper_bound":25574.02833429947},"point_estimate":18218.186983041254,"standard_error":3925.4617159699037}}