{"Mean":{"confidence_interval":{"confidence_level":0.95,"lower_bound":711876.9134062061,"upper_bound":715892.7885035307},"point_estimate":713670.7255980521,"standard_error":1031.080473686609},"Median":{"confidence_interval":{"confidence_level":0.95,"lower_bound":710476.88375,"upper_bound":712989.2870370371},"point_estimate":711434.6921182266,"standard_error":570.4284502107997},"MedianAbsDev":{"confidence_interval":{"confidence_level":0.95,"lower_bound":4343.3282969869415,"upper_bound":7254.740619336915},"point_estimate":5888.313214244927,"standard_error":711.6065721224172},"Slope":{"confidence_interval":{"confidence_level":0.95,"lower_bound":711751.404385414,"upper_bound":714985.0704425202},"point_estimate":713318.3898182355,"standard_error":828.6459403786797},"StdDev":{"confidence_interval":{"confidence_level":0.95,"lower_bound":5824.916997988283,"upper_bound":15182.263577601561},"point_estimate":10375.697639682048,"standard_error":2697.2496288659354}}