{"Mean":{"confidence_interval":{"confidence_level":0.95,"lower_bound":312.7076299055775,"upper_bound":314.3442002211887},"point_estimate":313.4274406469219,"standard_error":0.4192189980492638},"Median":{"confidence_interval":{"confidence_level":0.95,"lower_bound":312.06208939496577,"upper_bound":313.32628836285033},"point_estimate":312.7061441940691,"standard_error":0.3234757982962258},"MedianAbsDev":{"confidence_interval":{"confidence_level":0.95,"lower_bound":1.7552109945997638,"upper_bound":2.7734269818886017},"point_estimate":2.478139423537429,"standard_error":0.27020723795296303},"Slope":{"confidence_interval":{"confidence_level":0.95,"lower_bound":312.56141827366554,"upper_bound":313.3777793039524},"point_estimate":312.9712042488334,"standard_error":0.20801834764113789},"StdDev":{"confidence_interval":{"confidence_level":0.95,"lower_bound":2.1895412117828728,"upper_bound":6.271683501332726},"point_estimate":4.214306503380628,"standard_error":1.1762868458065072}}