{"Mean":{"confidence_interval":{"confidence_level":0.95,"lower_bound":315.8746624675197,"upper_bound":316.757955757001},"point_estimate":316.29339015462114,"standard_error":0.22588711453829352},"Median":{"confidence_interval":{"confidence_level":0.95,"lower_bound":315.1313976281165,"upper_bound":316.33573901559765},"point_estimate":315.59387061701545,"standard_error":0.3278927101260503},"MedianAbsDev":{"confidence_interval":{"confidence_level":0.95,"lower_bound":1.1221295917219303,"upper_bound":2.123569524300929},"point_estimate":1.6470021919192908,"standard_error":0.25090854912724947},"Slope":{"confidence_interval":{"confidence_level":0.95,"lower_bound":316.089409996242,"upper_bound":317.1389454022971},"point_estimate":316.60147700493377,"standard_error":0.2677692571141607},"StdDev":{"confidence_interval":{"confidence_level":0.95,"lower_bound":1.6472798174284708,"upper_bound":2.926669783970241},"point_estimate":2.2698679670310016,"standard_error":0.33586636812990567}}