{"Mean":{"confidence_interval":{"confidence_level":0.95,"lower_bound":308.0058908634927,"upper_bound":309.31536258258024},"point_estimate":308.59082386629456,"standard_error":0.3348975955881849},"Median":{"confidence_interval":{"confidence_level":0.95,"lower_bound":307.2247876540256,"upper_bound":308.5358022291343},"point_estimate":307.7789587741886,"standard_error":0.3511353543020037},"MedianAbsDev":{"confidence_interval":{"confidence_level":0.95,"lower_bound":1.5310116053341052,"upper_bound":2.759140205055611},"point_estimate":2.182867680090033,"standard_error":0.3412841296136121},"Slope":{"confidence_interval":{"confidence_level":0.95,"lower_bound":307.91797329100655,"upper_bound":308.80179077046625},"point_estimate":308.35840730964765,"standard_error":0.2257470228242497},"StdDev":{"confidence_interval":{"confidence_level":0.95,"lower_bound":1.9551321263325159,"upper_bound":4.924270491889211},"point_estimate":3.366172362135803,"standard_error":0.8970193613981061}}