{"Mean":{"confidence_interval":{"confidence_level":0.95,"lower_bound":17199793.016785715,"upper_bound":17365663.6379246},"point_estimate":17276405.180674605,"standard_error":42773.82942118141},"Median":{"confidence_interval":{"confidence_level":0.95,"lower_bound":17168805.583333336,"upper_bound":17367059.6},"point_estimate":17229359.266666666,"standard_error":53238.22009230995},"MedianAbsDev":{"confidence_interval":{"confidence_level":0.95,"lower_bound":21132.00927483447,"upper_bound":228969.62647497433},"point_estimate":92235.42837249313,"standard_error":52965.70199316923},"Slope":{"confidence_interval":{"confidence_level":0.95,"lower_bound":17166079.933121596,"upper_bound":17419503.40501792},"point_estimate":17284875.246753246,"standard_error":67759.3932157242},"StdDev":{"confidence_interval":{"confidence_level":0.95,"lower_bound":56439.35554863896,"upper_bound":183310.6180117329},"point_estimate":142569.21477253942,"standard_error":32233.324347508882}}