{"Mean":{"confidence_interval":{"confidence_level":0.95,"lower_bound":-0.06717503057433784,"upper_bound":-0.06034237670877374},"point_estimate":-0.06405820777417504,"standard_error":0.0017748530809262926},"Median":{"confidence_interval":{"confidence_level":0.95,"lower_bound":-0.06741284726246403,"upper_bound":-0.061809889975882104},"point_estimate":-0.0649493612739499,"standard_error":0.0014463786486492859}}