{"Mean":{"confidence_interval":{"confidence_level":0.95,"lower_bound":0.0637798255807828,"upper_bound":0.07279552163921714},"point_estimate":0.06839025028025625,"standard_error":0.002277667550841093},"Median":{"confidence_interval":{"confidence_level":0.95,"lower_bound":0.06390130800345406,"upper_bound":0.07035773826356788},"point_estimate":0.06639559795337613,"standard_error":0.001601994421924423}}