{"Mean":{"confidence_interval":{"confidence_level":0.95,"lower_bound":-0.003096290099359106,"upper_bound":0.004950789148754386},"point_estimate":0.0008964573620060534,"standard_error":0.002057097923621388},"Median":{"confidence_interval":{"confidence_level":0.95,"lower_bound":-0.003851809887029045,"upper_bound":0.005936697867687801},"point_estimate":0.0009013022569286377,"standard_error":0.0028943438858279064}}