{"Mean":{"confidence_interval":{"confidence_level":0.95,"lower_bound":-0.03226340107736009,"upper_bound":-0.025554199002727648},"point_estimate":-0.028751268406810082,"standard_error":0.001707164498598603},"Median":{"confidence_interval":{"confidence_level":0.95,"lower_bound":-0.03164704225173188,"upper_bound":-0.026225970955870648},"point_estimate":-0.02935955781730193,"standard_error":0.0013473732645491849}}