{"Mean":{"confidence_interval":{"confidence_level":0.95,"lower_bound":0.003954371280778501,"upper_bound":0.00679541932469591},"point_estimate":0.005424612014305108,"standard_error":0.000728394491172721},"Median":{"confidence_interval":{"confidence_level":0.95,"lower_bound":0.0033159880867796865,"upper_bound":0.0076064724658353455},"point_estimate":0.005740032095721936,"standard_error":0.0010556053356682038}}