{"Mean":{"confidence_interval":{"confidence_level":0.95,"lower_bound":0.20631972721060374,"upper_bound":0.217534207672629},"point_estimate":0.2119663542788881,"standard_error":0.0028654522247486274},"Median":{"confidence_interval":{"confidence_level":0.95,"lower_bound":0.2049684236748348,"upper_bound":0.2157589498312884},"point_estimate":0.20947618998986184,"standard_error":0.0027398685093463237}}