{"Mean":{"confidence_interval":{"confidence_level":0.95,"lower_bound":0.040271709255860134,"upper_bound":0.04675671257461864},"point_estimate":0.04329235120636454,"standard_error":0.0016257500469755092},"Median":{"confidence_interval":{"confidence_level":0.95,"lower_bound":0.04011955362830211,"upper_bound":0.04553696062144952},"point_estimate":0.0435162691640234,"standard_error":0.0013825714527893418}}