{"Mean":{"confidence_interval":{"confidence_level":0.95,"lower_bound":6038323.524058974,"upper_bound":6060315.562225875},"point_estimate":6049137.066770069,"standard_error":5625.045103147449},"Median":{"confidence_interval":{"confidence_level":0.95,"lower_bound":6031346.578947368,"upper_bound":6056220.6},"point_estimate":6043478.788686302,"standard_error":6312.328693823625},"MedianAbsDev":{"confidence_interval":{"confidence_level":0.95,"lower_bound":36849.08071368179,"upper_bound":70032.6187871074},"point_estimate":55303.13248468201,"standard_error":8435.644469931412},"Slope":{"confidence_interval":{"confidence_level":0.95,"lower_bound":6036993.057206272,"upper_bound":6070236.74206196},"point_estimate":6053262.808715827,"standard_error":8505.260272487994},"StdDev":{"confidence_interval":{"confidence_level":0.95,"lower_bound":47827.903908548666,"upper_bound":64434.741151788236},"point_estimate":56629.20997858437,"standard_error":4237.850275365854}}