{"Mean":{"confidence_interval":{"confidence_level":0.95,"lower_bound":6194475.259980676,"upper_bound":6226546.693049623},"point_estimate":6210285.203782242,"standard_error":8200.918304159179},"Median":{"confidence_interval":{"confidence_level":0.95,"lower_bound":6184525.561643835,"upper_bound":6212430.012481371},"point_estimate":6202698.67075832,"standard_error":8470.317540170738},"MedianAbsDev":{"confidence_interval":{"confidence_level":0.95,"lower_bound":48212.92593988264,"upper_bound":90968.24462784822},"point_estimate":64713.10834323083,"standard_error":10537.83587008601},"Slope":{"confidence_interval":{"confidence_level":0.95,"lower_bound":6146848.036042446,"upper_bound":6182076.163432347},"point_estimate":6163617.610025122,"standard_error":9015.3718734257},"StdDev":{"confidence_interval":{"confidence_level":0.95,"lower_bound":68606.30733137914,"upper_bound":95456.78564248388},"point_estimate":82598.651214723,"standard_error":6887.251092891665}}