{"Mean":{"confidence_interval":{"confidence_level":0.95,"lower_bound":42061618.06706371,"upper_bound":42183421.79420925},"point_estimate":42121563.33308232,"standard_error":31070.018790951675},"Median":{"confidence_interval":{"confidence_level":0.95,"lower_bound":42046015.391414136,"upper_bound":42131571.06991951},"point_estimate":42076723.22,"standard_error":22475.710983427423},"MedianAbsDev":{"confidence_interval":{"confidence_level":0.95,"lower_bound":160301.1782175668,"upper_bound":245755.14467436046},"point_estimate":201206.02387645785,"standard_error":22137.225340947603},"Slope":{"confidence_interval":{"confidence_level":0.95,"lower_bound":42094378.10842041,"upper_bound":42172772.714424886},"point_estimate":42133156.42786759,"standard_error":20018.71145648382},"StdDev":{"confidence_interval":{"confidence_level":0.95,"lower_bound":244972.53940635154,"upper_bound":374384.438481934},"point_estimate":312733.94122647354,"standard_error":33142.65131366743}}