{"Mean":{"confidence_interval":{"confidence_level":0.95,"lower_bound":32676505.97902333,"upper_bound":32837993.38640606},"point_estimate":32751423.109196767,"standard_error":41277.62701660511},"Median":{"confidence_interval":{"confidence_level":0.95,"lower_bound":32632363.5,"upper_bound":32763732.798740514},"point_estimate":32694932.207551707,"standard_error":31771.885718779788},"MedianAbsDev":{"confidence_interval":{"confidence_level":0.95,"lower_bound":215632.38508143864,"upper_bound":342007.60073382565},"point_estimate":270980.4667273688,"standard_error":32171.261348379594},"Slope":{"confidence_interval":{"confidence_level":0.95,"lower_bound":32686997.38476432,"upper_bound":32804129.672161125},"point_estimate":32744641.6309502,"standard_error":29848.573178676586},"StdDev":{"confidence_interval":{"confidence_level":0.95,"lower_bound":261055.71085315093,"upper_bound":573980.4678385166},"point_estimate":415027.0048796679,"standard_error":83068.15600293351}}