{"Mean":{"confidence_interval":{"confidence_level":0.95,"lower_bound":43124882.45683393,"upper_bound":43196245.05217054},"point_estimate":43159176.81006378,"standard_error":18218.787439256816},"Median":{"confidence_interval":{"confidence_level":0.95,"lower_bound":43093891.99665257,"upper_bound":43157542.039215684},"point_estimate":43124342.33473684,"standard_error":16944.165543161325},"MedianAbsDev":{"confidence_interval":{"confidence_level":0.95,"lower_bound":100973.9572143237,"upper_bound":170631.45323422947},"point_estimate":133636.74254292282,"standard_error":18426.506211242053},"Slope":{"confidence_interval":{"confidence_level":0.95,"lower_bound":43130341.26094164,"upper_bound":43223880.20629494},"point_estimate":43171791.69693808,"standard_error":23990.04455937183},"StdDev":{"confidence_interval":{"confidence_level":0.95,"lower_bound":136691.18070016016,"upper_bound":232262.5016937539},"point_estimate":183047.52787727656,"standard_error":25034.107623637698}}