{"Mean":{"confidence_interval":{"confidence_level":0.95,"lower_bound":40270659.09936508,"upper_bound":40402611.17783333},"point_estimate":40336381.675992064,"standard_error":33832.318437490496},"Median":{"confidence_interval":{"confidence_level":0.95,"lower_bound":40238133.91666667,"upper_bound":40429071.5},"point_estimate":40327960.15079366,"standard_error":63190.37875517707},"MedianAbsDev":{"confidence_interval":{"confidence_level":0.95,"lower_bound":7421.154168248177,"upper_bound":166608.38283211508},"point_estimate":146197.1065878071,"standard_error":46559.47752505253},"Slope":{"confidence_interval":{"confidence_level":0.95,"lower_bound":40280100.812267326,"upper_bound":40434518.51342282},"point_estimate":40353125.101298705,"standard_error":39733.273649219474},"StdDev":{"confidence_interval":{"confidence_level":0.95,"lower_bound":73378.69283447322,"upper_bound":137326.28666523192},"point_estimate":113389.00850184339,"standard_error":16475.105153475237}}