{"Mean":{"confidence_interval":{"confidence_level":0.95,"lower_bound":10533857.515422096,"upper_bound":10557123.403964393},"point_estimate":10545374.907552818,"standard_error":5933.267960747973},"Median":{"confidence_interval":{"confidence_level":0.95,"lower_bound":10531910.333333334,"upper_bound":10556809.584980236},"point_estimate":10547636.067948718,"standard_error":6195.0107367137725},"MedianAbsDev":{"confidence_interval":{"confidence_level":0.95,"lower_bound":42458.358120937126,"upper_bound":71102.81719583152},"point_estimate":59057.771110106296,"standard_error":7319.713607186221},"Slope":{"confidence_interval":{"confidence_level":0.95,"lower_bound":10526607.910377476,"upper_bound":10557525.547395559},"point_estimate":10541967.663741687,"standard_error":7873.581395023293},"StdDev":{"confidence_interval":{"confidence_level":0.95,"lower_bound":50971.27548754315,"upper_bound":67153.87032768027},"point_estimate":59480.75908837636,"standard_error":4148.543499530137}}