{"Mean":{"confidence_interval":{"confidence_level":0.95,"lower_bound":10601566.245674605,"upper_bound":10665897.200062502},"point_estimate":10633753.585257936,"standard_error":16473.266846872382},"Median":{"confidence_interval":{"confidence_level":0.95,"lower_bound":10577826.8,"upper_bound":10692932.642857144},"point_estimate":10625164.5,"standard_error":33838.5895337697},"MedianAbsDev":{"confidence_interval":{"confidence_level":0.95,"lower_bound":3544.0052120806067,"upper_bound":88588.4062897414},"point_estimate":82745.71144971997,"standard_error":24089.291003111077},"Slope":{"confidence_interval":{"confidence_level":0.95,"lower_bound":10589453.159003831,"upper_bound":10676002.846846847},"point_estimate":10628122.89090909,"standard_error":21820.570698699026},"StdDev":{"confidence_interval":{"confidence_level":0.95,"lower_bound":37277.948239143785,"upper_bound":62397.343972881004},"point_estimate":55008.43885304951,"standard_error":6511.04858601743}}