{"Mean":{"confidence_interval":{"confidence_level":0.95,"lower_bound":1038833.7893348628,"upper_bound":1047063.6650092839},"point_estimate":1042602.7995762648,"standard_error":2101.584939125549},"Median":{"confidence_interval":{"confidence_level":0.95,"lower_bound":1034296.276923077,"upper_bound":1042943.7735294118},"point_estimate":1039669.0948148149,"standard_error":2298.3713434749293},"MedianAbsDev":{"confidence_interval":{"confidence_level":0.95,"lower_bound":11308.05565615893,"upper_bound":18193.82601118858},"point_estimate":14955.477647336742,"standard_error":1741.597036468472},"Slope":{"confidence_interval":{"confidence_level":0.95,"lower_bound":1036073.0038995312,"upper_bound":1044041.9951888111},"point_estimate":1039887.3319402986,"standard_error":2035.0723612124534},"StdDev":{"confidence_interval":{"confidence_level":0.95,"lower_bound":13204.561055785347,"upper_bound":30180.261183062466},"point_estimate":21172.647247269597,"standard_error":5044.850925161513}}