{"Mean":{"confidence_interval":{"confidence_level":0.95,"lower_bound":434129.00141999696,"upper_bound":437523.0728952145},"point_estimate":435798.3145249646,"standard_error":865.9995215423928},"Median":{"confidence_interval":{"confidence_level":0.95,"lower_bound":433175.23333333334,"upper_bound":437644.9325247783},"point_estimate":436031.5867579909,"standard_error":1068.8669276312107},"MedianAbsDev":{"confidence_interval":{"confidence_level":0.95,"lower_bound":7018.771515593657,"upper_bound":11547.282837148123},"point_estimate":10172.966752014037,"standard_error":1223.0109144034434},"Slope":{"confidence_interval":{"confidence_level":0.95,"lower_bound":431520.26606130344,"upper_bound":434926.8883091905},"point_estimate":433207.8404768238,"standard_error":868.3150668080887},"StdDev":{"confidence_interval":{"confidence_level":0.95,"lower_bound":7175.378870100384,"upper_bound":10296.573420332072},"point_estimate":8706.75549167007,"standard_error":803.3520250403731}}