{"Mean":{"confidence_interval":{"confidence_level":0.95,"lower_bound":6830928.359400327,"upper_bound":6930520.903863065},"point_estimate":6878517.153758204,"standard_error":25428.5301342974},"Median":{"confidence_interval":{"confidence_level":0.95,"lower_bound":6810262.602564103,"upper_bound":6894529.294736842},"point_estimate":6845506.892045455,"standard_error":17102.45215406237},"MedianAbsDev":{"confidence_interval":{"confidence_level":0.95,"lower_bound":138929.88239494635,"upper_bound":240808.58685595755},"point_estimate":201001.31903851198,"standard_error":26510.367357433508},"Slope":{"confidence_interval":{"confidence_level":0.95,"lower_bound":6771532.020532332,"upper_bound":6878106.242046554},"point_estimate":6821949.840904389,"standard_error":27291.349784114893},"StdDev":{"confidence_interval":{"confidence_level":0.95,"lower_bound":187176.26506726633,"upper_bound":314018.0655871725},"point_estimate":255219.25396259455,"standard_error":32435.494521946825}}