{"Mean":{"confidence_interval":{"confidence_level":0.95,"lower_bound":89167.57746498598,"upper_bound":89471.2893277311},"point_estimate":89314.02732726424,"standard_error":77.00529716435774},"Median":{"confidence_interval":{"confidence_level":0.95,"lower_bound":89107.16830065359,"upper_bound":89539.36482843137},"point_estimate":89155.29831932773,"standard_error":152.8191693545731},"MedianAbsDev":{"confidence_interval":{"confidence_level":0.95,"lower_bound":8.77150477074178,"upper_bound":367.2894334793148},"point_estimate":85.39381318984559,"standard_error":121.68915540207084},"Slope":{"confidence_interval":{"confidence_level":0.95,"lower_bound":89173.30940547037,"upper_bound":89527.36785210327},"point_estimate":89360.66468041763,"standard_error":91.12404933906669},"StdDev":{"confidence_interval":{"confidence_level":0.95,"lower_bound":134.3214797763141,"upper_bound":312.3274591155866},"point_estimate":256.4756310046897,"standard_error":43.576202327645014}}