{"Mean":{"confidence_interval":{"confidence_level":0.95,"lower_bound":149280.31634483655,"upper_bound":150522.59564547072},"point_estimate":149821.16716596193,"standard_error":320.40238685569557},"Median":{"confidence_interval":{"confidence_level":0.95,"lower_bound":148798.29209183675,"upper_bound":149492.94285714286},"point_estimate":149165.53838678327,"standard_error":163.78945420632886},"MedianAbsDev":{"confidence_interval":{"confidence_level":0.95,"lower_bound":911.8399773599964,"upper_bound":1498.0353759927823},"point_estimate":1218.4625135952417,"standard_error":141.1610198244324},"Slope":{"confidence_interval":{"confidence_level":0.95,"lower_bound":148935.461848662,"upper_bound":149364.59372054724},"point_estimate":149145.46807363466,"standard_error":109.3393719601757},"StdDev":{"confidence_interval":{"confidence_level":0.95,"lower_bound":1265.4467392659321,"upper_bound":4842.577403471767},"point_estimate":3210.1002554174925,"standard_error":958.39367405264}}