{"Mean":{"confidence_interval":{"confidence_level":0.95,"lower_bound":396.41892955548485,"upper_bound":399.21365736432995},"point_estimate":397.4423781281568,"standard_error":0.8119921999795888},"Median":{"confidence_interval":{"confidence_level":0.95,"lower_bound":396.2736191527224,"upper_bound":397.170752007011},"point_estimate":396.58661944570673,"standard_error":0.307637356518716},"MedianAbsDev":{"confidence_interval":{"confidence_level":0.95,"lower_bound":0.04452659562173008,"upper_bound":0.8660349200145214},"point_estimate":0.42422227912675126,"standard_error":0.3420304325208379},"Slope":{"confidence_interval":{"confidence_level":0.95,"lower_bound":396.4471558789025,"upper_bound":397.24473169269004},"point_estimate":396.85866438324405,"standard_error":0.21419430376828744},"StdDev":{"confidence_interval":{"confidence_level":0.95,"lower_bound":0.21569733196918667,"upper_bound":4.1501537288623815},"point_estimate":2.7002293457646056,"standard_error":1.368425824599783}}