{"Mean":{"confidence_interval":{"confidence_level":0.95,"lower_bound":381.3992334698159,"upper_bound":383.220492656586},"point_estimate":382.26283347135234,"standard_error":0.4655676920073176},"Median":{"confidence_interval":{"confidence_level":0.95,"lower_bound":379.66671761559036,"upper_bound":382.42041266256587},"point_estimate":380.6401432195231,"standard_error":0.6391550223643131},"MedianAbsDev":{"confidence_interval":{"confidence_level":0.95,"lower_bound":2.277678994163132,"upper_bound":5.074838919136224},"point_estimate":3.49120426005373,"standard_error":0.6858734970287875},"Slope":{"confidence_interval":{"confidence_level":0.95,"lower_bound":381.3573813650908,"upper_bound":382.9582597556147},"point_estimate":382.14438259374106,"standard_error":0.40831052786933886},"StdDev":{"confidence_interval":{"confidence_level":0.95,"lower_bound":3.3944981556634213,"upper_bound":6.1753815357689295},"point_estimate":4.667289541616253,"standard_error":0.7982192686233147}}