{"Mean":{"confidence_interval":{"confidence_level":0.95,"lower_bound":376.9512792190006,"upper_bound":378.2678764036127},"point_estimate":377.57106633358563,"standard_error":0.3363010151138927},"Median":{"confidence_interval":{"confidence_level":0.95,"lower_bound":376.0347870952078,"upper_bound":377.0894476933182},"point_estimate":376.5457396141144,"standard_error":0.25254192226814814},"MedianAbsDev":{"confidence_interval":{"confidence_level":0.95,"lower_bound":1.4209711755222778,"upper_bound":2.536301427873364},"point_estimate":1.9205680336492732,"standard_error":0.28357677527777736},"Slope":{"confidence_interval":{"confidence_level":0.95,"lower_bound":376.9584234530108,"upper_bound":378.444976040353},"point_estimate":377.6750047822339,"standard_error":0.38060182420421945},"StdDev":{"confidence_interval":{"confidence_level":0.95,"lower_bound":2.3558426286837832,"upper_bound":4.320092103882107},"point_estimate":3.385143683655303,"standard_error":0.5043116469427066}}