{"Mean":{"confidence_interval":{"confidence_level":0.95,"lower_bound":13863.714931809103,"upper_bound":13928.975775569334},"point_estimate":13893.897708612103,"standard_error":16.67367460327061},"Median":{"confidence_interval":{"confidence_level":0.95,"lower_bound":13820.540708812261,"upper_bound":13906.194444444445},"point_estimate":13848.376999158249,"standard_error":20.44682790866333},"MedianAbsDev":{"confidence_interval":{"confidence_level":0.95,"lower_bound":90.72573541532313,"upper_bound":153.98444433244134},"point_estimate":114.78498567680553,"standard_error":15.863451613259482},"Slope":{"confidence_interval":{"confidence_level":0.95,"lower_bound":13859.985592453795,"upper_bound":13902.233248640134},"point_estimate":13880.688570226426,"standard_error":10.789380324217532},"StdDev":{"confidence_interval":{"confidence_level":0.95,"lower_bound":110.56428324426835,"upper_bound":231.75182942527954},"point_estimate":167.2829802189366,"standard_error":34.94284637578407}}