{"Mean":{"confidence_interval":{"confidence_level":0.95,"lower_bound":25295789.889475312,"upper_bound":25393963.981540486},"point_estimate":25344033.13983825,"standard_error":25014.6936051158},"Median":{"confidence_interval":{"confidence_level":0.95,"lower_bound":25285017.647174656,"upper_bound":25386455.61764706},"point_estimate":25330870.639297385,"standard_error":27445.92382817053},"MedianAbsDev":{"confidence_interval":{"confidence_level":0.95,"lower_bound":158562.66576826238,"upper_bound":267778.83373026986},"point_estimate":223449.20961781495,"standard_error":27645.142387215987},"Slope":{"confidence_interval":{"confidence_level":0.95,"lower_bound":25329019.295058392,"upper_bound":25427181.57832944},"point_estimate":25375626.076929215,"standard_error":25019.045396888418},"StdDev":{"confidence_interval":{"confidence_level":0.95,"lower_bound":202003.9788282206,"upper_bound":305706.6408103911},"point_estimate":252497.2924650532,"standard_error":26809.15951796566}}