{"Mean":{"confidence_interval":{"confidence_level":0.95,"lower_bound":25001995.724943902,"upper_bound":25047555.658999976},"point_estimate":25023963.153567996,"standard_error":11630.187109161752},"Median":{"confidence_interval":{"confidence_level":0.95,"lower_bound":24983079.8720964,"upper_bound":25021234.228070177},"point_estimate":25002822.582150538,"standard_error":10640.725717206153},"MedianAbsDev":{"confidence_interval":{"confidence_level":0.95,"lower_bound":52201.04629153753,"upper_bound":100583.05596592759},"point_estimate":81010.75695530749,"standard_error":12531.621448175485},"Slope":{"confidence_interval":{"confidence_level":0.95,"lower_bound":25008096.806234304,"upper_bound":25077294.713034026},"point_estimate":25040240.104923896,"standard_error":17700.289838430504},"StdDev":{"confidence_interval":{"confidence_level":0.95,"lower_bound":87138.60084095833,"upper_bound":144438.4968308075},"point_estimate":116800.72732580785,"standard_error":14682.939268607504}}