{"Mean":{"confidence_interval":{"confidence_level":0.95,"lower_bound":25679253.02306004,"upper_bound":25751938.241345674},"point_estimate":25714589.99111177,"standard_error":18519.88547915541},"Median":{"confidence_interval":{"confidence_level":0.95,"lower_bound":25639314.998125,"upper_bound":25712480.839285713},"point_estimate":25670232.652307693,"standard_error":17422.298561035313},"MedianAbsDev":{"confidence_interval":{"confidence_level":0.95,"lower_bound":104288.5848144851,"upper_bound":185546.26438013755},"point_estimate":130266.33978143342,"standard_error":20875.782611351267},"Slope":{"confidence_interval":{"confidence_level":0.95,"lower_bound":25728530.457649074,"upper_bound":25799786.356289964},"point_estimate":25763564.406236146,"standard_error":18186.213915283304},"StdDev":{"confidence_interval":{"confidence_level":0.95,"lower_bound":148628.15915976933,"upper_bound":221305.15220425968},"point_estimate":186261.43685599114,"standard_error":18595.499260317243}}