{"Mean":{"confidence_interval":{"confidence_level":0.95,"lower_bound":-0.041544855521384386,"upper_bound":-0.032795210754097234},"point_estimate":-0.037693086904355244,"standard_error":0.0022789123533420866},"Median":{"confidence_interval":{"confidence_level":0.95,"lower_bound":-0.043123545123760154,"upper_bound":-0.035479925583705274},"point_estimate":-0.04001244781173141,"standard_error":0.002049371195473231}}