{"Mean":{"confidence_interval":{"confidence_level":0.95,"lower_bound":0.01755870319493246,"upper_bound":0.02635598949475033},"point_estimate":0.02202642421133172,"standard_error":0.002234874784842674},"Median":{"confidence_interval":{"confidence_level":0.95,"lower_bound":0.014691803918252866,"upper_bound":0.02346165960501878},"point_estimate":0.018942603686001203,"standard_error":0.0022671245320024774}}