{"Mean":{"confidence_interval":{"confidence_level":0.95,"lower_bound":-0.027172148445573988,"upper_bound":-0.019151219635243775},"point_estimate":-0.023090352335210396,"standard_error":0.00203948389392584},"Median":{"confidence_interval":{"confidence_level":0.95,"lower_bound":-0.025508139571734145,"upper_bound":-0.016704399509434253},"point_estimate":-0.021250652673076353,"standard_error":0.00218084321126696}}