{"Mean":{"confidence_interval":{"confidence_level":0.95,"lower_bound":-0.0016906518216710902,"upper_bound":0.0059188221681809195},"point_estimate":0.0021605684919567825,"standard_error":0.0019437706996264731},"Median":{"confidence_interval":{"confidence_level":0.95,"lower_bound":-0.0027043361615698425,"upper_bound":0.006181047314910336},"point_estimate":0.0016055034041624339,"standard_error":0.002243014376498849}}