{"Mean":{"confidence_interval":{"confidence_level":0.95,"lower_bound":469.8436370296103,"upper_bound":473.59780564068103},"point_estimate":471.428957656117,"standard_error":0.9727330040559974},"Median":{"confidence_interval":{"confidence_level":0.95,"lower_bound":469.0914312942318,"upper_bound":469.8132707183241},"point_estimate":469.48027215080714,"standard_error":0.21726822580083643},"MedianAbsDev":{"confidence_interval":{"confidence_level":0.95,"lower_bound":1.2374261097331305,"upper_bound":1.9923671159846539},"point_estimate":1.681756945451162,"standard_error":0.19919756296607713},"Slope":{"confidence_interval":{"confidence_level":0.95,"lower_bound":469.92090154118443,"upper_bound":471.8050061716842},"point_estimate":470.7842475401122,"standard_error":0.48416552106040484},"StdDev":{"confidence_interval":{"confidence_level":0.95,"lower_bound":2.3699462142723715,"upper_bound":15.184220276803172},"point_estimate":9.79586008363991,"standard_error":3.398193933955843}}