{"Mean":{"confidence_interval":{"confidence_level":0.95,"lower_bound":124791.87872636547,"upper_bound":125749.05749622261},"point_estimate":125268.23038635231,"standard_error":243.48669561584998},"Median":{"confidence_interval":{"confidence_level":0.95,"lower_bound":124950.97451923077,"upper_bound":125824.53312363887},"point_estimate":125406.57755183414,"standard_error":240.97898479276694},"MedianAbsDev":{"confidence_interval":{"confidence_level":0.95,"lower_bound":1175.2906351304462,"upper_bound":2027.5781935799225},"point_estimate":1540.1330228991096,"standard_error":221.47258801639228},"Slope":{"confidence_interval":{"confidence_level":0.95,"lower_bound":125197.19498130596,"upper_bound":125802.66110691018},"point_estimate":125494.06815797252,"standard_error":154.37891821566674},"StdDev":{"confidence_interval":{"confidence_level":0.95,"lower_bound":1813.0641351443169,"upper_bound":3053.262265866612},"point_estimate":2452.510269339509,"standard_error":318.2072929193244}}