{"Mean":{"confidence_interval":{"confidence_level":0.95,"lower_bound":30324.45072138074,"upper_bound":30580.326229513124},"point_estimate":30440.984526972235,"standard_error":65.22893230914809},"Median":{"confidence_interval":{"confidence_level":0.95,"lower_bound":30264.822467095193,"upper_bound":30422.00606060606},"point_estimate":30330.2555239899,"standard_error":35.384433735445306},"MedianAbsDev":{"confidence_interval":{"confidence_level":0.95,"lower_bound":280.7690547880753,"upper_bound":461.6875421548608},"point_estimate":377.32350637168173,"standard_error":45.8431822606607},"Slope":{"confidence_interval":{"confidence_level":0.95,"lower_bound":30275.0083900188,"upper_bound":30444.86762252737},"point_estimate":30355.540003403326,"standard_error":43.126781671498826},"StdDev":{"confidence_interval":{"confidence_level":0.95,"lower_bound":398.048679149517,"upper_bound":939.9360898061848},"point_estimate":653.6225606249675,"standard_error":159.20375029111156}}