{"Mean":{"confidence_interval":{"confidence_level":0.95,"lower_bound":35272.173237703595,"upper_bound":35765.68561184445},"point_estimate":35481.35727310274,"standard_error":127.081427741436},"Median":{"confidence_interval":{"confidence_level":0.95,"lower_bound":35034.5785440613,"upper_bound":35254.718123496394},"point_estimate":35110.20615097856,"standard_error":58.11097286188068},"MedianAbsDev":{"confidence_interval":{"confidence_level":0.95,"lower_bound":182.56400349119446,"upper_bound":433.052231845097},"point_estimate":292.15082598234625,"standard_error":67.62524905964044},"Slope":{"confidence_interval":{"confidence_level":0.95,"lower_bound":35288.271042244836,"upper_bound":35616.26741572669},"point_estimate":35447.32009172301,"standard_error":83.77468726213685},"StdDev":{"confidence_interval":{"confidence_level":0.95,"lower_bound":470.05402267097213,"upper_bound":1995.2921422713528},"point_estimate":1280.039113274837,"standard_error":427.6243784188414}}