{"Mean":{"confidence_interval":{"confidence_level":0.95,"lower_bound":102036.63793650795,"upper_bound":102953.20706114398},"point_estimate":102376.36878745187,"standard_error":262.36403041557605},"Median":{"confidence_interval":{"confidence_level":0.95,"lower_bound":101986.68665351742,"upper_bound":102292.67159763313},"point_estimate":102113.80424063116,"standard_error":103.79570520613585},"MedianAbsDev":{"confidence_interval":{"confidence_level":0.95,"lower_bound":37.197029694647966,"upper_bound":366.33178696770216},"point_estimate":220.17998632771875,"standard_error":109.54688497102882},"Slope":{"confidence_interval":{"confidence_level":0.95,"lower_bound":101963.36684391492,"upper_bound":102196.6884182197},"point_estimate":102063.28356259126,"standard_error":59.55802220263761},"StdDev":{"confidence_interval":{"confidence_level":0.95,"lower_bound":106.70972017619268,"upper_bound":1338.8468984007952},"point_estimate":870.4748392412451,"standard_error":431.8646525869525}}