{"Mean":{"confidence_interval":{"confidence_level":0.95,"lower_bound":30183.445262891924,"upper_bound":30444.61643170765},"point_estimate":30297.033704004145,"standard_error":67.17342043111758},"Median":{"confidence_interval":{"confidence_level":0.95,"lower_bound":30029.22515534559,"upper_bound":30243.616570846807},"point_estimate":30151.982110501776,"standard_error":49.474415211817856},"MedianAbsDev":{"confidence_interval":{"confidence_level":0.95,"lower_bound":264.09995168045486,"upper_bound":465.867983437421},"point_estimate":371.67925630746083,"standard_error":51.33647685857755},"Slope":{"confidence_interval":{"confidence_level":0.95,"lower_bound":30020.032951882476,"upper_bound":30141.575796393925},"point_estimate":30078.28123513844,"standard_error":31.109397880625874},"StdDev":{"confidence_interval":{"confidence_level":0.95,"lower_bound":361.2589157605951,"upper_bound":1015.8841538409573},"point_estimate":676.585226368213,"standard_error":202.30496074011393}}