{"Mean":{"confidence_interval":{"confidence_level":0.95,"lower_bound":0.012311266819481248,"upper_bound":0.019103382378437377},"point_estimate":0.015673235905170557,"standard_error":0.0017332234799297217},"Median":{"confidence_interval":{"confidence_level":0.95,"lower_bound":0.012469890163553599,"upper_bound":0.01873128597703566},"point_estimate":0.016008844267666467,"standard_error":0.0016192514925622323}}