{"Mean":{"confidence_interval":{"confidence_level":0.95,"lower_bound":0.002797540148713002,"upper_bound":0.008617533505722185},"point_estimate":0.0055902400219427495,"standard_error":0.001465236971296181},"Median":{"confidence_interval":{"confidence_level":0.95,"lower_bound":0.002672022428017007,"upper_bound":0.008216281588786734},"point_estimate":0.005676031333578413,"standard_error":0.001467392525304698}}