{"Mean":{"confidence_interval":{"confidence_level":0.95,"lower_bound":-0.004461327295470212,"upper_bound":0.021268865693256655},"point_estimate":0.01181689674901798,"standard_error":0.007490000102124184},"Median":{"confidence_interval":{"confidence_level":0.95,"lower_bound":0.016318455671811227,"upper_bound":0.021551140332074947},"point_estimate":0.01868270472710587,"standard_error":0.002177956822104846}}