{"Mean":{"confidence_interval":{"confidence_level":0.95,"lower_bound":716.9282944449666,"upper_bound":721.5301130789729},"point_estimate":719.0209036108997,"standard_error":1.1781533169135465},"Median":{"confidence_interval":{"confidence_level":0.95,"lower_bound":715.1947291921665,"upper_bound":718.0645612456403},"point_estimate":716.2838988345786,"standard_error":0.8298137820324816},"MedianAbsDev":{"confidence_interval":{"confidence_level":0.95,"lower_bound":4.330170325234123,"upper_bound":7.891432690637872},"point_estimate":6.073950960910693,"standard_error":0.8781260665181686},"Slope":{"confidence_interval":{"confidence_level":0.95,"lower_bound":716.1280916664771,"upper_bound":719.0076633336606},"point_estimate":717.4910086075207,"standard_error":0.7346896087406706},"StdDev":{"confidence_interval":{"confidence_level":0.95,"lower_bound":6.555866766443617,"upper_bound":16.98285570178639},"point_estimate":11.845760454620255,"standard_error":2.771646108183029}}