{"Mean":{"confidence_interval":{"confidence_level":0.95,"lower_bound":772.5893421775871,"upper_bound":774.7989109665023},"point_estimate":773.6233724840702,"standard_error":0.572138008044934},"Median":{"confidence_interval":{"confidence_level":0.95,"lower_bound":772.1625894883883,"upper_bound":775.4297664692587},"point_estimate":772.5718398958152,"standard_error":0.911993068360521},"MedianAbsDev":{"confidence_interval":{"confidence_level":0.95,"lower_bound":0.06662088999074747,"upper_bound":3.3067479615629787},"point_estimate":0.7659296260476419,"standard_error":0.9760111137068493},"Slope":{"confidence_interval":{"confidence_level":0.95,"lower_bound":772.3363071734308,"upper_bound":775.0551099065492},"point_estimate":773.7174087654968,"standard_error":0.6704176298545514},"StdDev":{"confidence_interval":{"confidence_level":0.95,"lower_bound":0.8170236635740411,"upper_bound":2.3081979207530816},"point_estimate":1.905955709683932,"standard_error":0.37419230638110973}}