{"Mean":{"confidence_interval":{"confidence_level":0.95,"lower_bound":184785.50391763332,"upper_bound":186099.6809299585},"point_estimate":185325.55528293113,"standard_error":343.0033946494885},"Median":{"confidence_interval":{"confidence_level":0.95,"lower_bound":184393.179245283,"upper_bound":185041.53148148148},"point_estimate":184834.21924603175,"standard_error":171.83935189404716},"MedianAbsDev":{"confidence_interval":{"confidence_level":0.95,"lower_bound":1067.405793549756,"upper_bound":1811.1649964988758},"point_estimate":1468.154968796152,"standard_error":187.59120701751542},"Slope":{"confidence_interval":{"confidence_level":0.95,"lower_bound":184915.34701449232,"upper_bound":185616.4950958064},"point_estimate":185257.99647652826,"standard_error":178.71914809390114},"StdDev":{"confidence_interval":{"confidence_level":0.95,"lower_bound":1264.4476808980692,"upper_bound":5542.838955700544},"point_estimate":3458.2257796642657,"standard_error":1349.3999259789073}}