{"Mean":{"confidence_interval":{"confidence_level":0.95,"lower_bound":22601.9513763086,"upper_bound":22704.377962181865},"point_estimate":22646.524908959633,"standard_error":26.323280035904627},"Median":{"confidence_interval":{"confidence_level":0.95,"lower_bound":22561.497727272726,"upper_bound":22608.999171401512},"point_estimate":22582.76325757576,"standard_error":13.197535938884334},"MedianAbsDev":{"confidence_interval":{"confidence_level":0.95,"lower_bound":73.40082807237073,"upper_bound":131.87141130317718},"point_estimate":97.91774449549982,"standard_error":15.403690917064303},"Slope":{"confidence_interval":{"confidence_level":0.95,"lower_bound":22606.800419133753,"upper_bound":22683.809907508883},"point_estimate":22642.915516880046,"standard_error":19.711886170834376},"StdDev":{"confidence_interval":{"confidence_level":0.95,"lower_bound":122.77220427122802,"upper_bound":399.93643245029944},"point_estimate":264.6728035833309,"standard_error":78.81293700412975}}