{"Mean":{"confidence_interval":{"confidence_level":0.95,"lower_bound":114367.79158268444,"upper_bound":114890.72801175503},"point_estimate":114615.3308358291,"standard_error":134.19661923751207},"Median":{"confidence_interval":{"confidence_level":0.95,"lower_bound":114225.05967355496,"upper_bound":115090.33490566038},"point_estimate":114480.96540880503,"standard_error":225.50745335303887},"MedianAbsDev":{"confidence_interval":{"confidence_level":0.95,"lower_bound":52.73679298405341,"upper_bound":736.7540462596139},"point_estimate":379.6423167400775,"standard_error":194.42848191634616},"Slope":{"confidence_interval":{"confidence_level":0.95,"lower_bound":114268.88689041712,"upper_bound":114761.15915068268},"point_estimate":114478.33351302786,"standard_error":126.51843084018294},"StdDev":{"confidence_interval":{"confidence_level":0.95,"lower_bound":218.588837801841,"upper_bound":535.2010783754017},"point_estimate":445.61785281582456,"standard_error":75.07714570062522}}