{"Mean":{"confidence_interval":{"confidence_level":0.95,"lower_bound":176370.56544940174,"upper_bound":179773.47888071867},"point_estimate":177931.33523393926,"standard_error":870.4853758529083},"Median":{"confidence_interval":{"confidence_level":0.95,"lower_bound":174370.35407066054,"upper_bound":175031.14047619049},"point_estimate":174566.98333333334,"standard_error":176.01016408179214},"MedianAbsDev":{"confidence_interval":{"confidence_level":0.95,"lower_bound":709.9154191096414,"upper_bound":1642.0276546589516},"point_estimate":1000.5449472367821,"standard_error":240.79807051210813},"Slope":{"confidence_interval":{"confidence_level":0.95,"lower_bound":176574.19867681412,"upper_bound":180524.4610082001},"point_estimate":178376.41640559578,"standard_error":1016.5072983526937},"StdDev":{"confidence_interval":{"confidence_level":0.95,"lower_bound":5255.766582838796,"upper_bound":11789.401736622609},"point_estimate":8744.70783678813,"standard_error":1673.1890054568548}}