{"Mean":{"confidence_interval":{"confidence_level":0.95,"lower_bound":163501.24437546614,"upper_bound":174233.36100932647},"point_estimate":168681.91092468164,"standard_error":2738.468689379684},"Median":{"confidence_interval":{"confidence_level":0.95,"lower_bound":154302.2857142857,"upper_bound":155223.74636243386},"point_estimate":154878.42728442728,"standard_error":232.9520463910805},"MedianAbsDev":{"confidence_interval":{"confidence_level":0.95,"lower_bound":1377.111821815115,"upper_bound":2710.830696608696},"point_estimate":2060.083126740353,"standard_error":330.57046250838755},"Slope":{"confidence_interval":{"confidence_level":0.95,"lower_bound":178641.02852680828,"upper_bound":196190.70147682834},"point_estimate":188001.86790939223,"standard_error":4488.2311033637425},"StdDev":{"confidence_interval":{"confidence_level":0.95,"lower_bound":22363.52150183281,"upper_bound":31218.040402599625},"point_estimate":27429.09929653113,"standard_error":2263.810489579541}}