{"Mean":{"confidence_interval":{"confidence_level":0.95,"lower_bound":90.81659539758871,"upper_bound":91.1082496782172},"point_estimate":90.9512928496111,"standard_error":0.07466202681364568},"Median":{"confidence_interval":{"confidence_level":0.95,"lower_bound":90.60634246144161,"upper_bound":91.01396495645787},"point_estimate":90.76137705862583,"standard_error":0.09269175599758311},"MedianAbsDev":{"confidence_interval":{"confidence_level":0.95,"lower_bound":0.40175376516398553,"upper_bound":0.7020951601121593},"point_estimate":0.5670911729956336,"standard_error":0.07432865795081926},"Slope":{"confidence_interval":{"confidence_level":0.95,"lower_bound":90.81361835996638,"upper_bound":91.09096445224856},"point_estimate":90.94781060478886,"standard_error":0.07065029837969924},"StdDev":{"confidence_interval":{"confidence_level":0.95,"lower_bound":0.4943858079843048,"upper_bound":1.043948643253963},"point_estimate":0.7512976889665876,"standard_error":0.15866032468127023}}