{"Mean":{"confidence_interval":{"confidence_level":0.95,"lower_bound":131.72411245888034,"upper_bound":132.03156906202457},"point_estimate":131.87015292912704,"standard_error":0.07887721443317887},"Median":{"confidence_interval":{"confidence_level":0.95,"lower_bound":131.6697949415232,"upper_bound":132.06061415796597},"point_estimate":131.8472142286746,"standard_error":0.11121213768769522},"MedianAbsDev":{"confidence_interval":{"confidence_level":0.95,"lower_bound":0.024732220624069406,"upper_bound":0.45395364677054645},"point_estimate":0.27470468857845587,"standard_error":0.09893469364389361},"Slope":{"confidence_interval":{"confidence_level":0.95,"lower_bound":131.72399537415595,"upper_bound":132.00934475462535},"point_estimate":131.86833363900868,"standard_error":0.07426611706559728},"StdDev":{"confidence_interval":{"confidence_level":0.95,"lower_bound":0.13791592147596485,"upper_bound":0.3447215126420551},"point_estimate":0.2630458756909316,"standard_error":0.05557552350462991}}