{"Mean":{"confidence_interval":{"confidence_level":0.95,"lower_bound":32.42186580208734,"upper_bound":32.46041242802271},"point_estimate":32.44094612771836,"standard_error":0.009824570573024468},"Median":{"confidence_interval":{"confidence_level":0.95,"lower_bound":32.41165389061332,"upper_bound":32.45469712723757},"point_estimate":32.42834267064313,"standard_error":0.01181499014778295},"MedianAbsDev":{"confidence_interval":{"confidence_level":0.95,"lower_bound":0.0647055138258027,"upper_bound":0.10523910528706018},"point_estimate":0.0811254203302385,"standard_error":0.010085264372680048},"Slope":{"confidence_interval":{"confidence_level":0.95,"lower_bound":32.432589993238764,"upper_bound":32.46989199473021},"point_estimate":32.45031501235905,"standard_error":0.009512271362254469},"StdDev":{"confidence_interval":{"confidence_level":0.95,"lower_bound":0.082147995627517,"upper_bound":0.11417071740378186},"point_estimate":0.0988134103030558,"standard_error":0.008153972821591648}}