{"Mean":{"confidence_interval":{"confidence_level":0.95,"lower_bound":68.84443763285024,"upper_bound":69.10435353610113},"point_estimate":68.96106408078481,"standard_error":0.06689519922734126},"Median":{"confidence_interval":{"confidence_level":0.95,"lower_bound":68.7223599659713,"upper_bound":68.87282465048341},"point_estimate":68.80052129428869,"standard_error":0.0420317879278664},"MedianAbsDev":{"confidence_interval":{"confidence_level":0.95,"lower_bound":0.2452693784340837,"upper_bound":0.4134416826780665},"point_estimate":0.321520659733811,"standard_error":0.04391633840978682},"Slope":{"confidence_interval":{"confidence_level":0.95,"lower_bound":68.79303924956136,"upper_bound":68.91760038367842},"point_estimate":68.85343520134653,"standard_error":0.03183082592043373},"StdDev":{"confidence_interval":{"confidence_level":0.95,"lower_bound":0.33475363952574977,"upper_bound":0.9648321473423165},"point_estimate":0.6705395254674055,"standard_error":0.167548322503405}}