{"Mean":{"confidence_interval":{"confidence_level":0.95,"lower_bound":8942456.462601215,"upper_bound":8974506.412905281},"point_estimate":8958446.579989083,"standard_error":8150.105687928352},"Median":{"confidence_interval":{"confidence_level":0.95,"lower_bound":8929431.111111112,"upper_bound":8985677.888888888},"point_estimate":8972537.051329624,"standard_error":15217.182626082998},"MedianAbsDev":{"confidence_interval":{"confidence_level":0.95,"lower_bound":67464.38575083115,"upper_bound":103402.42330658284},"point_estimate":83231.15243183897,"standard_error":9372.604684805414},"Slope":{"confidence_interval":{"confidence_level":0.95,"lower_bound":8945648.191145267,"upper_bound":8981751.489472292},"point_estimate":8963382.318477908,"standard_error":9209.16741203042},"StdDev":{"confidence_interval":{"confidence_level":0.95,"lower_bound":71147.462524548,"upper_bound":91879.4370332214},"point_estimate":82039.13430878917,"standard_error":5295.834837391421}}