{"Mean":{"confidence_interval":{"confidence_level":0.95,"lower_bound":8362976.183614219,"upper_bound":8415036.950066201},"point_estimate":8388474.241751947,"standard_error":13290.941576985897},"Median":{"confidence_interval":{"confidence_level":0.95,"lower_bound":8333837.796296297,"upper_bound":8414631.733333332},"point_estimate":8358853.915708812,"standard_error":22785.362072254506},"MedianAbsDev":{"confidence_interval":{"confidence_level":0.95,"lower_bound":105524.34051443847,"upper_bound":158010.85056546095},"point_estimate":126395.07688816747,"standard_error":13420.691011596753},"Slope":{"confidence_interval":{"confidence_level":0.95,"lower_bound":8368316.214446943,"upper_bound":8441884.584168136},"point_estimate":8404018.971440816,"standard_error":18758.17652697534},"StdDev":{"confidence_interval":{"confidence_level":0.95,"lower_bound":109576.77622138266,"upper_bound":155290.40885122534},"point_estimate":133618.63232835106,"standard_error":11713.065108016674}}