{"Mean":{"confidence_interval":{"confidence_level":0.95,"lower_bound":7653491.267583333,"upper_bound":7716657.146666666},"point_estimate":7682356.728518518,"standard_error":16227.14502877119},"Median":{"confidence_interval":{"confidence_level":0.95,"lower_bound":7642494.166666667,"upper_bound":7708477.444444444},"point_estimate":7673166.0,"standard_error":16059.119713031558},"MedianAbsDev":{"confidence_interval":{"confidence_level":0.95,"lower_bound":6215.94864964499,"upper_bound":79832.26762602633},"point_estimate":48913.40294827964,"standard_error":17841.1284697974},"Slope":{"confidence_interval":{"confidence_level":0.95,"lower_bound":7632571.951802876,"upper_bound":7681935.944444444},"point_estimate":7649677.994805194,"standard_error":12458.602379248325},"StdDev":{"confidence_interval":{"confidence_level":0.95,"lower_bound":23070.98243034623,"upper_bound":75806.80873365683},"point_estimate":54284.75191534946,"standard_error":15223.296800801118}}