{"Mean":{"confidence_interval":{"confidence_level":0.95,"lower_bound":-0.09019054708407935,"upper_bound":-0.08318051709635396},"point_estimate":-0.0869504418590279,"standard_error":0.0017589468625142796},"Median":{"confidence_interval":{"confidence_level":0.95,"lower_bound":-0.09127262524337332,"upper_bound":-0.08037376853820877},"point_estimate":-0.08769561869561149,"standard_error":0.0022945865624988556}}