{"Mean":{"confidence_interval":{"confidence_level":0.95,"lower_bound":0.0014600905932827149,"upper_bound":0.008941590688319427},"point_estimate":0.005052858956762218,"standard_error":0.0019076921735275902},"Median":{"confidence_interval":{"confidence_level":0.95,"lower_bound":0.0013907583862216022,"upper_bound":0.00668610442631634},"point_estimate":0.004129295853962711,"standard_error":0.0013235203309402957}}