{"Mean":{"confidence_interval":{"confidence_level":0.95,"lower_bound":-0.40024038219543273,"upper_bound":-0.39331926892016655},"point_estimate":-0.39664774717399875,"standard_error":0.001759134092590373},"Median":{"confidence_interval":{"confidence_level":0.95,"lower_bound":-0.39839816750891033,"upper_bound":-0.39113998921940707},"point_estimate":-0.39484852886813904,"standard_error":0.0018677545846859551}}