{"Mean":{"confidence_interval":{"confidence_level":0.95,"lower_bound":13892224.407226015,"upper_bound":13946239.794819975},"point_estimate":13918896.149729736,"standard_error":13741.46533340454},"Median":{"confidence_interval":{"confidence_level":0.95,"lower_bound":13870774.920326864,"upper_bound":13925268.803278688},"point_estimate":13892247.332417581,"standard_error":15804.938571675631},"MedianAbsDev":{"confidence_interval":{"confidence_level":0.95,"lower_bound":81926.523506727,"upper_bound":144612.06218722436},"point_estimate":112663.18099293202,"standard_error":16063.057694570969},"Slope":{"confidence_interval":{"confidence_level":0.95,"lower_bound":13894684.754622031,"upper_bound":13953601.631319312},"point_estimate":13922802.417000148,"standard_error":15090.495198197694},"StdDev":{"confidence_interval":{"confidence_level":0.95,"lower_bound":113314.88061017226,"upper_bound":159508.71760034884},"point_estimate":137680.32177029943,"standard_error":11752.892297087468}}