{"Mean":{"confidence_interval":{"confidence_level":0.95,"lower_bound":38.21594806982405,"upper_bound":38.400250955629296},"point_estimate":38.296128579926844,"standard_error":0.047584923711755225},"Median":{"confidence_interval":{"confidence_level":0.95,"lower_bound":38.09423791213821,"upper_bound":38.27597621218351},"point_estimate":38.20426603164515,"standard_error":0.051032392569902454},"MedianAbsDev":{"confidence_interval":{"confidence_level":0.95,"lower_bound":0.20076403647214297,"upper_bound":0.3414414123479212},"point_estimate":0.2864860825244734,"standard_error":0.036879385295005174},"Slope":{"confidence_interval":{"confidence_level":0.95,"lower_bound":38.24755877066365,"upper_bound":38.40211886372003},"point_estimate":38.32421834083541,"standard_error":0.03931675868965036},"StdDev":{"confidence_interval":{"confidence_level":0.95,"lower_bound":0.24743229772882083,"upper_bound":0.7299255918000476},"point_estimate":0.48048832130871966,"standard_error":0.15177382170479353}}