{"Mean":{"confidence_interval":{"confidence_level":0.95,"lower_bound":38.10246115778835,"upper_bound":38.26391908844611},"point_estimate":38.17568775055841,"standard_error":0.0413981269418826},"Median":{"confidence_interval":{"confidence_level":0.95,"lower_bound":38.024639215377434,"upper_bound":38.13634260881755},"point_estimate":38.0861815923304,"standard_error":0.031479067734249126},"MedianAbsDev":{"confidence_interval":{"confidence_level":0.95,"lower_bound":0.16646482429649673,"upper_bound":0.2920843230320112},"point_estimate":0.2256926693986666,"standard_error":0.032059849246579154},"Slope":{"confidence_interval":{"confidence_level":0.95,"lower_bound":38.054581310393154,"upper_bound":38.20126917374007},"point_estimate":38.120726470322495,"standard_error":0.0375178964598339},"StdDev":{"confidence_interval":{"confidence_level":0.95,"lower_bound":0.24608303005331414,"upper_bound":0.5934158654516606},"point_estimate":0.4162657644520607,"standard_error":0.09757473666082127}}