{"Mean":{"confidence_interval":{"confidence_level":0.95,"lower_bound":28.74848524383912,"upper_bound":29.4502579704632},"point_estimate":29.075023941836566,"standard_error":0.17973763473048032},"Median":{"confidence_interval":{"confidence_level":0.95,"lower_bound":28.382029804673245,"upper_bound":28.43754035687533},"point_estimate":28.418866043866043,"standard_error":0.014443068662723513},"MedianAbsDev":{"confidence_interval":{"confidence_level":0.95,"lower_bound":0.0950860079223493,"upper_bound":0.18559476648081874},"point_estimate":0.1380056854819577,"standard_error":0.023411531849805753},"Slope":{"confidence_interval":{"confidence_level":0.95,"lower_bound":28.695042821368293,"upper_bound":29.25180967366817},"point_estimate":28.951654293044125,"standard_error":0.1425215604152502},"StdDev":{"confidence_interval":{"confidence_level":0.95,"lower_bound":1.183266943068666,"upper_bound":2.299413432137171},"point_estimate":1.8075670202813185,"standard_error":0.2853837477502838}}