{"Mean":{"confidence_interval":{"confidence_level":0.95,"lower_bound":1306232.75023076,"upper_bound":1312293.2718832586},"point_estimate":1309003.990204672,"standard_error":1551.1531704266336},"Median":{"confidence_interval":{"confidence_level":0.95,"lower_bound":1303378.9925925927,"upper_bound":1306588.191011236},"point_estimate":1304180.4315068494,"standard_error":845.5327913661215},"MedianAbsDev":{"confidence_interval":{"confidence_level":0.95,"lower_bound":5980.115641644259,"upper_bound":10562.936649444073},"point_estimate":8829.953609903692,"standard_error":1193.8846189727742},"Slope":{"confidence_interval":{"confidence_level":0.95,"lower_bound":1307242.1139671633,"upper_bound":1313320.5731015727},"point_estimate":1310262.5102320083,"standard_error":1556.8509109812712},"StdDev":{"confidence_interval":{"confidence_level":0.95,"lower_bound":9878.28614914986,"upper_bound":21947.441869269005},"point_estimate":15569.183845482203,"standard_error":3527.414807285125}}