{"Mean":{"confidence_interval":{"confidence_level":0.95,"lower_bound":1402860.3142004232,"upper_bound":1423229.1550438206},"point_estimate":1412266.6293094787,"standard_error":5204.254999906986},"Median":{"confidence_interval":{"confidence_level":0.95,"lower_bound":1388939.8174603174,"upper_bound":1395503.1107072043},"point_estimate":1390852.0597826086,"standard_error":1454.0187002339342},"MedianAbsDev":{"confidence_interval":{"confidence_level":0.95,"lower_bound":6766.291946067651,"upper_bound":15860.289255983664},"point_estimate":9396.361757336712,"standard_error":2160.6601055146466},"Slope":{"confidence_interval":{"confidence_level":0.95,"lower_bound":1402683.7903993058,"upper_bound":1422003.2646447357},"point_estimate":1411656.484397813,"standard_error":4943.069380459561},"StdDev":{"confidence_interval":{"confidence_level":0.95,"lower_bound":32175.64653598889,"upper_bound":69756.90544378947},"point_estimate":52280.35595776174,"standard_error":9631.62765593742}}