{"Mean":{"confidence_interval":{"confidence_level":0.95,"lower_bound":89303.5233725965,"upper_bound":90062.63653640666},"point_estimate":89664.84220369867,"standard_error":193.69357982114164},"Median":{"confidence_interval":{"confidence_level":0.95,"lower_bound":89215.1185770751,"upper_bound":89693.34555555556},"point_estimate":89377.53605230735,"standard_error":124.62970536575573},"MedianAbsDev":{"confidence_interval":{"confidence_level":0.95,"lower_bound":853.7884627253732,"upper_bound":1568.5441712499983},"point_estimate":1130.1000323051323,"standard_error":179.78869183338097},"Slope":{"confidence_interval":{"confidence_level":0.95,"lower_bound":89462.67210249892,"upper_bound":90048.62618440605},"point_estimate":89746.65044258903,"standard_error":148.63937332118138},"StdDev":{"confidence_interval":{"confidence_level":0.95,"lower_bound":1389.4451770432556,"upper_bound":2521.564446967435},"point_estimate":1944.3814241352393,"standard_error":296.3788204012261}}