{"Mean":{"confidence_interval":{"confidence_level":0.95,"lower_bound":105063.7716070683,"upper_bound":106269.73068924676},"point_estimate":105625.5372002343,"standard_error":307.9294704303092},"Median":{"confidence_interval":{"confidence_level":0.95,"lower_bound":104404.82003703705,"upper_bound":104664.75974025975},"point_estimate":104489.93828689371,"standard_error":54.20538892791057},"MedianAbsDev":{"confidence_interval":{"confidence_level":0.95,"lower_bound":368.7626895363253,"upper_bound":782.1066881488383},"point_estimate":487.1662926783084,"standard_error":104.23143727388951},"Slope":{"confidence_interval":{"confidence_level":0.95,"lower_bound":105307.7268646111,"upper_bound":106797.53997438124},"point_estimate":105996.90782059997,"standard_error":381.41153003435},"StdDev":{"confidence_interval":{"confidence_level":0.95,"lower_bound":2052.1152783275634,"upper_bound":3950.467513801317},"point_estimate":3094.939291013184,"standard_error":483.4718720093584}}