{"Mean":{"confidence_interval":{"confidence_level":0.95,"lower_bound":97567.95281586371,"upper_bound":98178.9944070871},"point_estimate":97856.4435838721,"standard_error":155.63284248551227},"Median":{"confidence_interval":{"confidence_level":0.95,"lower_bound":97057.14582777926,"upper_bound":97672.2591431557},"point_estimate":97446.251525274,"standard_error":147.18608429994694},"MedianAbsDev":{"confidence_interval":{"confidence_level":0.95,"lower_bound":675.2148704268274,"upper_bound":1299.778482171744},"point_estimate":1026.0608874399563,"standard_error":162.93572724588628},"Slope":{"confidence_interval":{"confidence_level":0.95,"lower_bound":97544.64690540891,"upper_bound":98224.05566988667},"point_estimate":97845.86067896342,"standard_error":174.03733635378194},"StdDev":{"confidence_interval":{"confidence_level":0.95,"lower_bound":1135.1716821692987,"upper_bound":1969.8805311677213},"point_estimate":1563.4680056909265,"standard_error":214.4216117304696}}