{"Mean":{"confidence_interval":{"confidence_level":0.95,"lower_bound":96707.0890962248,"upper_bound":97479.11932484763},"point_estimate":97075.75390242365,"standard_error":197.37393899254977},"Median":{"confidence_interval":{"confidence_level":0.95,"lower_bound":96002.32111436951,"upper_bound":96712.50505050505},"point_estimate":96382.62601626017,"standard_error":176.15453641149153},"MedianAbsDev":{"confidence_interval":{"confidence_level":0.95,"lower_bound":708.3790752116413,"upper_bound":1542.0175610706767},"point_estimate":1120.9130555054971,"standard_error":205.13847910762942},"Slope":{"confidence_interval":{"confidence_level":0.95,"lower_bound":96877.35425034424,"upper_bound":97876.94804146815},"point_estimate":97350.2244472507,"standard_error":256.04387053018814},"StdDev":{"confidence_interval":{"confidence_level":0.95,"lower_bound":1485.048909244411,"upper_bound":2441.1664652094105},"point_estimate":1985.0848407836145,"standard_error":245.31593323891326}}