{"Mean":{"confidence_interval":{"confidence_level":0.95,"lower_bound":96666.35178388524,"upper_bound":97332.22576794098},"point_estimate":96979.52226597823,"standard_error":170.009602420547},"Median":{"confidence_interval":{"confidence_level":0.95,"lower_bound":96536.20059288538,"upper_bound":96924.20625610948},"point_estimate":96738.97930069931,"standard_error":100.0442983179327},"MedianAbsDev":{"confidence_interval":{"confidence_level":0.95,"lower_bound":862.4842616974656,"upper_bound":1662.6488749448938},"point_estimate":1229.8971856836379,"standard_error":198.36748613405445},"Slope":{"confidence_interval":{"confidence_level":0.95,"lower_bound":96321.69445163239,"upper_bound":96726.11836011741},"point_estimate":96524.138009592,"standard_error":102.88082115719311},"StdDev":{"confidence_interval":{"confidence_level":0.95,"lower_bound":1172.7412932158472,"upper_bound":2256.739461292907},"point_estimate":1703.9458872548184,"standard_error":285.68969944726615}}