{"Mean":{"confidence_interval":{"confidence_level":0.95,"lower_bound":105800.92181278099,"upper_bound":106731.06889992778},"point_estimate":106224.93728346638,"standard_error":238.14118741191592},"Median":{"confidence_interval":{"confidence_level":0.95,"lower_bound":105671.7348265896,"upper_bound":106944.24479768786},"point_estimate":105861.78111753371,"standard_error":278.9925414047761},"MedianAbsDev":{"confidence_interval":{"confidence_level":0.95,"lower_bound":70.7326832143814,"upper_bound":1070.7426994298337},"point_estimate":434.78322612497806,"standard_error":260.1414182537579},"Slope":{"confidence_interval":{"confidence_level":0.95,"lower_bound":105735.85104472424,"upper_bound":106203.16441480439},"point_estimate":105975.30590796487,"standard_error":120.60320274308376},"StdDev":{"confidence_interval":{"confidence_level":0.95,"lower_bound":241.32927784718464,"upper_bound":988.1116344900222},"point_estimate":793.2767282536199,"standard_error":195.69586697770933}}