{"Mean":{"confidence_interval":{"confidence_level":0.95,"lower_bound":760.1271797958573,"upper_bound":774.6529753705405},"point_estimate":766.5705568523565,"standard_error":3.737490323998457},"Median":{"confidence_interval":{"confidence_level":0.95,"lower_bound":752.2685084306096,"upper_bound":754.4871183656751},"point_estimate":753.1332155311651,"standard_error":0.6326784872530841},"MedianAbsDev":{"confidence_interval":{"confidence_level":0.95,"lower_bound":2.540965957343554,"upper_bound":5.7950102339822465},"point_estimate":3.9138776676018123,"standard_error":0.8314167009910411},"Slope":{"confidence_interval":{"confidence_level":0.95,"lower_bound":758.8243208670784,"upper_bound":771.1317805611844},"point_estimate":764.5765309170907,"standard_error":3.149289916037009},"StdDev":{"confidence_interval":{"confidence_level":0.95,"lower_bound":19.80470413957002,"upper_bound":55.47328670536461},"point_estimate":37.60941295220144,"standard_error":10.232783819367882}}