{"Mean":{"confidence_interval":{"confidence_level":0.95,"lower_bound":738.3909050327871,"upper_bound":754.2503451123955},"point_estimate":744.329012522331,"standard_error":4.343333556204043},"Median":{"confidence_interval":{"confidence_level":0.95,"lower_bound":735.5279827129716,"upper_bound":741.6556729834791},"point_estimate":738.8263704827862,"standard_error":1.6329254150381827},"MedianAbsDev":{"confidence_interval":{"confidence_level":0.95,"lower_bound":7.0239700299712755,"upper_bound":11.16456984322636},"point_estimate":9.097827087571845,"standard_error":1.068860513012862},"Slope":{"confidence_interval":{"confidence_level":0.95,"lower_bound":737.961455584137,"upper_bound":768.41552174833},"point_estimate":748.0604134010816,"standard_error":8.855162790974711},"StdDev":{"confidence_interval":{"confidence_level":0.95,"lower_bound":7.279982676018081,"upper_bound":73.39616005829224},"point_estimate":43.714973806265,"standard_error":21.652061035815912}}