{"Mean":{"confidence_interval":{"confidence_level":0.95,"lower_bound":508.35833868626344,"upper_bound":512.0165231430988},"point_estimate":509.94348238972566,"standard_error":0.9462822599570294},"Median":{"confidence_interval":{"confidence_level":0.95,"lower_bound":506.922396210747,"upper_bound":507.9524544730187},"point_estimate":507.3430051876866,"standard_error":0.3035248816029493},"MedianAbsDev":{"confidence_interval":{"confidence_level":0.95,"lower_bound":1.1892404987621494,"upper_bound":2.504883032478803},"point_estimate":1.6462342076176368,"standard_error":0.36277964777638505},"Slope":{"confidence_interval":{"confidence_level":0.95,"lower_bound":507.9802375162927,"upper_bound":510.1182114785383},"point_estimate":508.9533118736702,"standard_error":0.5505207985124515},"StdDev":{"confidence_interval":{"confidence_level":0.95,"lower_bound":3.3248584758777886,"upper_bound":14.06801563632301},"point_estimate":9.499536102606642,"standard_error":2.8559112356419396}}