{"Mean":{"confidence_interval":{"confidence_level":0.95,"lower_bound":526986.8731778003,"upper_bound":532648.8938536678},"point_estimate":529739.2166610779,"standard_error":1447.2864242381406},"Median":{"confidence_interval":{"confidence_level":0.95,"lower_bound":522993.3248792271,"upper_bound":531234.2076923077},"point_estimate":528723.896969697,"standard_error":2034.46168810801},"MedianAbsDev":{"confidence_interval":{"confidence_level":0.95,"lower_bound":10177.64061291876,"upper_bound":15919.94936486444},"point_estimate":14127.018512377079,"standard_error":1441.8351193941837},"Slope":{"confidence_interval":{"confidence_level":0.95,"lower_bound":522731.5835354578,"upper_bound":528426.5937630477},"point_estimate":525549.8994443624,"standard_error":1453.327258774376},"StdDev":{"confidence_interval":{"confidence_level":0.95,"lower_bound":11704.169407869495,"upper_bound":17399.138354976843},"point_estimate":14530.727307691839,"standard_error":1471.768080948137}}