{"Mean":{"confidence_interval":{"confidence_level":0.95,"lower_bound":542235.8958542403,"upper_bound":553081.6511145732},"point_estimate":547426.7303686357,"standard_error":2777.497040726969},"Median":{"confidence_interval":{"confidence_level":0.95,"lower_bound":540807.173642534,"upper_bound":546826.9736842106},"point_estimate":543995.8255561584,"standard_error":1505.706914673469},"MedianAbsDev":{"confidence_interval":{"confidence_level":0.95,"lower_bound":22497.981325532477,"upper_bound":30990.98625501765},"point_estimate":27517.641398569485,"standard_error":2261.3290077295405},"Slope":{"confidence_interval":{"confidence_level":0.95,"lower_bound":538280.15363105,"upper_bound":549693.3415628665},"point_estimate":543735.6519329097,"standard_error":2916.3305642039577},"StdDev":{"confidence_interval":{"confidence_level":0.95,"lower_bound":20955.257761284774,"upper_bound":34382.109088630976},"point_estimate":27937.866058762374,"standard_error":3436.457656217329}}