{"Mean":{"confidence_interval":{"confidence_level":0.95,"lower_bound":524936.4470633272,"upper_bound":530435.7768178411},"point_estimate":527576.2145543676,"standard_error":1405.664004818256},"Median":{"confidence_interval":{"confidence_level":0.95,"lower_bound":522543.7091836735,"upper_bound":527555.0252525252},"point_estimate":524186.1609773205,"standard_error":1333.7568097736196},"MedianAbsDev":{"confidence_interval":{"confidence_level":0.95,"lower_bound":8942.96726389728,"upper_bound":15907.775524041514},"point_estimate":12225.867374958389,"standard_error":1797.0474908726749},"Slope":{"confidence_interval":{"confidence_level":0.95,"lower_bound":525399.5867489999,"upper_bound":531065.6721857581},"point_estimate":528159.6331505837,"standard_error":1445.2506606865516},"StdDev":{"confidence_interval":{"confidence_level":0.95,"lower_bound":11161.351426354513,"upper_bound":16925.27066701794},"point_estimate":14125.42605231857,"standard_error":1472.3632026320793}}