{"Mean":{"confidence_interval":{"confidence_level":0.95,"lower_bound":724.0240866011517,"upper_bound":750.7761394763858},"point_estimate":736.2817553452674,"standard_error":6.896923941491909},"Median":{"confidence_interval":{"confidence_level":0.95,"lower_bound":709.7984855795421,"upper_bound":713.7859929633887},"point_estimate":710.8153928668805,"standard_error":0.9204616728117896},"MedianAbsDev":{"confidence_interval":{"confidence_level":0.95,"lower_bound":3.1025469474218905,"upper_bound":8.093224228420892},"point_estimate":4.799124101303691,"standard_error":1.1961126149128165},"Slope":{"confidence_interval":{"confidence_level":0.95,"lower_bound":718.5979031236998,"upper_bound":735.9791154928074},"point_estimate":726.7655029415201,"standard_error":4.4451574787732},"StdDev":{"confidence_interval":{"confidence_level":0.95,"lower_bound":39.299853977760314,"upper_bound":93.74874939799516},"point_estimate":69.40878583279778,"standard_error":13.93277091923679}}