{"Mean":{"confidence_interval":{"confidence_level":0.95,"lower_bound":283.5294504001649,"upper_bound":284.42129801848273},"point_estimate":283.9307802478564,"standard_error":0.2296099062748086},"Median":{"confidence_interval":{"confidence_level":0.95,"lower_bound":283.393419097785,"upper_bound":284.4088788414786},"point_estimate":283.70544157524,"standard_error":0.23834612373838246},"MedianAbsDev":{"confidence_interval":{"confidence_level":0.95,"lower_bound":0.1735025665805767,"upper_bound":1.1245860905569751},"point_estimate":0.5416448359714766,"standard_error":0.25744299168200113},"Slope":{"confidence_interval":{"confidence_level":0.95,"lower_bound":283.53531086078164,"upper_bound":284.31295757340496},"point_estimate":283.90716273191964,"standard_error":0.2000142998742416},"StdDev":{"confidence_interval":{"confidence_level":0.95,"lower_bound":0.2796390402438666,"upper_bound":1.03201068194027},"point_estimate":0.7622449678310992,"standard_error":0.20559538499806138}}