{"Mean":{"confidence_interval":{"confidence_level":0.95,"lower_bound":293.7440813344015,"upper_bound":299.860484333133},"point_estimate":296.52835334458706,"standard_error":1.5748000567852949},"Median":{"confidence_interval":{"confidence_level":0.95,"lower_bound":290.492161112247,"upper_bound":290.946771735727},"point_estimate":290.7350285133473,"standard_error":0.11675202871458286},"MedianAbsDev":{"confidence_interval":{"confidence_level":0.95,"lower_bound":0.8077220655189113,"upper_bound":1.5689002376484993},"point_estimate":1.24666106878204,"standard_error":0.20583105896512782},"Slope":{"confidence_interval":{"confidence_level":0.95,"lower_bound":292.86153749197405,"upper_bound":296.75043716830487},"point_estimate":294.6763219354682,"standard_error":0.996444995270865},"StdDev":{"confidence_interval":{"confidence_level":0.95,"lower_bound":8.574542862897383,"upper_bound":22.097889952055787},"point_estimate":15.898887050466362,"standard_error":3.486999073908507}}