{"Mean":{"confidence_interval":{"confidence_level":0.95,"lower_bound":3295.0232846483987,"upper_bound":3344.582236752448},"point_estimate":3317.9878349926444,"standard_error":12.697820704513331},"Median":{"confidence_interval":{"confidence_level":0.95,"lower_bound":3263.525857023411,"upper_bound":3276.712920619753},"point_estimate":3268.947051554327,"standard_error":3.3574819863776852},"MedianAbsDev":{"confidence_interval":{"confidence_level":0.95,"lower_bound":14.034779430847431,"upper_bound":29.943134619680386},"point_estimate":19.941439316229996,"standard_error":4.109615391844305},"Slope":{"confidence_interval":{"confidence_level":0.95,"lower_bound":3295.2505219339196,"upper_bound":3343.190042995983},"point_estimate":3317.9868199945336,"standard_error":12.261696499156663},"StdDev":{"confidence_interval":{"confidence_level":0.95,"lower_bound":78.00886564755602,"upper_bound":170.3640066786565},"point_estimate":127.45614736189611,"standard_error":23.56978013973599}}