{"Mean":{"confidence_interval":{"confidence_level":0.95,"lower_bound":3086.6583645908636,"upper_bound":3116.0788796374245},"point_estimate":3098.0930729623055,"standard_error":7.891644636350456},"Median":{"confidence_interval":{"confidence_level":0.95,"lower_bound":3077.5578720345075,"upper_bound":3088.3545737751347},"point_estimate":3083.619787771182,"standard_error":2.7931312831863604},"MedianAbsDev":{"confidence_interval":{"confidence_level":0.95,"lower_bound":12.740231698183347,"upper_bound":22.698673412555923},"point_estimate":17.33836683058931,"standard_error":2.7551536365978917},"Slope":{"confidence_interval":{"confidence_level":0.95,"lower_bound":3081.2756850530227,"upper_bound":3088.5714913243914},"point_estimate":3084.746002687589,"standard_error":1.8583785228220593},"StdDev":{"confidence_interval":{"confidence_level":0.95,"lower_bound":20.661658409351002,"upper_bound":131.3629125573751},"point_estimate":79.47657665647262,"standard_error":36.177849921047134}}