{"Mean":{"confidence_interval":{"confidence_level":0.95,"lower_bound":3110.0467240711573,"upper_bound":3126.8988542739003},"point_estimate":3117.942194696483,"standard_error":4.31298720964214},"Median":{"confidence_interval":{"confidence_level":0.95,"lower_bound":3096.968831384455,"upper_bound":3114.6524320197323},"point_estimate":3104.6136322667867,"standard_error":4.694006911595906},"MedianAbsDev":{"confidence_interval":{"confidence_level":0.95,"lower_bound":18.60450771036312,"upper_bound":38.159134881442014},"point_estimate":25.964513721460158,"standard_error":4.858294712880802},"Slope":{"confidence_interval":{"confidence_level":0.95,"lower_bound":3110.1680444480835,"upper_bound":3127.683114081832},"point_estimate":3118.6360575142216,"standard_error":4.475439837582161},"StdDev":{"confidence_interval":{"confidence_level":0.95,"lower_bound":29.243947945546747,"upper_bound":58.95611411166894},"point_estimate":43.36697438941235,"standard_error":8.18299043171164}}