{"Mean":{"confidence_interval":{"confidence_level":0.95,"lower_bound":236075.82774306275,"upper_bound":238189.37154252466},"point_estimate":237069.9693795075,"standard_error":540.2373777467992},"Median":{"confidence_interval":{"confidence_level":0.95,"lower_bound":235418.975,"upper_bound":237082.844},"point_estimate":236127.00595647196,"standard_error":446.8863548862434},"MedianAbsDev":{"confidence_interval":{"confidence_level":0.95,"lower_bound":2627.132939512924,"upper_bound":4492.628640680521},"point_estimate":3470.9791345852173,"standard_error":478.1354358481699},"Slope":{"confidence_interval":{"confidence_level":0.95,"lower_bound":235667.9613354346,"upper_bound":237294.8974833963},"point_estimate":236435.70403369292,"standard_error":416.16701617159373},"StdDev":{"confidence_interval":{"confidence_level":0.95,"lower_bound":3580.589601849316,"upper_bound":7203.561282675488},"point_estimate":5446.976279639352,"standard_error":944.6039891272314}}