{"Mean":{"confidence_interval":{"confidence_level":0.95,"lower_bound":952251.2129742559,"upper_bound":963353.6003031251},"point_estimate":956792.8121607143,"standard_error":2947.309147093068},"Median":{"confidence_interval":{"confidence_level":0.95,"lower_bound":950420.7428571428,"upper_bound":959009.65},"point_estimate":954110.5604166667,"standard_error":2510.158736966809},"MedianAbsDev":{"confidence_interval":{"confidence_level":0.95,"lower_bound":330.45917913317106,"upper_bound":9878.521043996228},"point_estimate":5760.069896488341,"standard_error":2359.987842309345},"Slope":{"confidence_interval":{"confidence_level":0.95,"lower_bound":950615.6203519623,"upper_bound":954798.9494809689},"point_estimate":951931.1842857143,"standard_error":1083.8535898161572},"StdDev":{"confidence_interval":{"confidence_level":0.95,"lower_bound":2756.4411404885627,"upper_bound":14684.773612033627},"point_estimate":9834.172640926816,"standard_error":3881.0099054273537}}