{"Mean":{"confidence_interval":{"confidence_level":0.95,"lower_bound":949684.05598145,"upper_bound":954302.7342997871},"point_estimate":951882.4168847598,"standard_error":1177.3240999466616},"Median":{"confidence_interval":{"confidence_level":0.95,"lower_bound":947969.7058823529,"upper_bound":952728.8770988806},"point_estimate":950219.3606946527,"standard_error":1195.256584377325},"MedianAbsDev":{"confidence_interval":{"confidence_level":0.95,"lower_bound":8091.2287500681905,"upper_bound":12872.90689086888},"point_estimate":10085.531034332418,"standard_error":1195.5820416741847},"Slope":{"confidence_interval":{"confidence_level":0.95,"lower_bound":949680.5024686734,"upper_bound":953735.7516531344},"point_estimate":951628.6500517216,"standard_error":1036.178819958682},"StdDev":{"confidence_interval":{"confidence_level":0.95,"lower_bound":8853.50929320442,"upper_bound":15282.137812920246},"point_estimate":11830.14762663322,"standard_error":1749.6685415667605}}