{"Mean":{"confidence_interval":{"confidence_level":0.95,"lower_bound":816017.1071363741,"upper_bound":821783.3476976664},"point_estimate":818832.8621709819,"standard_error":1466.7681221681232},"Median":{"confidence_interval":{"confidence_level":0.95,"lower_bound":815137.3111111111,"upper_bound":820750.4572020249},"point_estimate":818114.0290849673,"standard_error":1423.233423119906},"MedianAbsDev":{"confidence_interval":{"confidence_level":0.95,"lower_bound":7932.07040063603,"upper_bound":12729.302735676423},"point_estimate":10286.469052745955,"standard_error":1151.654536122806},"Slope":{"confidence_interval":{"confidence_level":0.95,"lower_bound":816584.546612379,"upper_bound":821394.8980681316},"point_estimate":818946.0777966602,"standard_error":1228.391022893563},"StdDev":{"confidence_interval":{"confidence_level":0.95,"lower_bound":10454.46359497596,"upper_bound":19198.767747706308},"point_estimate":14730.737309798298,"standard_error":2286.742956116321}}