{"Mean":{"confidence_interval":{"confidence_level":0.95,"lower_bound":962518.6155012968,"upper_bound":969129.6939994001},"point_estimate":965659.7373296092,"standard_error":1691.2482993447652},"Median":{"confidence_interval":{"confidence_level":0.95,"lower_bound":957918.7582107843,"upper_bound":963941.9117647059},"point_estimate":959624.865301724,"standard_error":1411.095550299601},"MedianAbsDev":{"confidence_interval":{"confidence_level":0.95,"lower_bound":7499.612242556039,"upper_bound":13043.871609239912},"point_estimate":9576.258291640072,"standard_error":1304.2201078252747},"Slope":{"confidence_interval":{"confidence_level":0.95,"lower_bound":958239.2858156703,"upper_bound":961727.7208659784},"point_estimate":959939.2199069011,"standard_error":890.4116979771662},"StdDev":{"confidence_interval":{"confidence_level":0.95,"lower_bound":12708.300001480327,"upper_bound":21219.174098178893},"point_estimate":17001.529356638202,"standard_error":2194.526450708055}}