{"Mean":{"confidence_interval":{"confidence_level":0.95,"lower_bound":956797.1682363448,"upper_bound":963748.8383026212},"point_estimate":960171.9549938098,"standard_error":1775.7181828473383},"Median":{"confidence_interval":{"confidence_level":0.95,"lower_bound":951717.7664741848,"upper_bound":958786.6395348837},"point_estimate":955239.0801541677,"standard_error":1842.5812268186726},"MedianAbsDev":{"confidence_interval":{"confidence_level":0.95,"lower_bound":10333.659725556157,"upper_bound":18901.560791771048},"point_estimate":13924.097107797845,"standard_error":2111.087356243274},"Slope":{"confidence_interval":{"confidence_level":0.95,"lower_bound":953216.4869865334,"upper_bound":958543.8584948893},"point_estimate":955739.6774641643,"standard_error":1362.6013443415218},"StdDev":{"confidence_interval":{"confidence_level":0.95,"lower_bound":14564.110712468666,"upper_bound":20686.683137845066},"point_estimate":17823.38086464505,"standard_error":1563.05978585098}}