{"Mean":{"confidence_interval":{"confidence_level":0.95,"lower_bound":0.024081265156971128,"upper_bound":0.032891597530966904},"point_estimate":0.02826258770917378,"standard_error":0.0022380454092876794},"Median":{"confidence_interval":{"confidence_level":0.95,"lower_bound":0.02525931424645833,"upper_bound":0.03201797981852539},"point_estimate":0.028434371108272627,"standard_error":0.0016658196116559258}}