{"Mean":{"confidence_interval":{"confidence_level":0.95,"lower_bound":-0.05001530196085817,"upper_bound":-0.04326203855558898},"point_estimate":-0.04647979931645285,"standard_error":0.0017266735260367833},"Median":{"confidence_interval":{"confidence_level":0.95,"lower_bound":-0.05171973700459398,"upper_bound":-0.04245586949627311},"point_estimate":-0.04594985797633788,"standard_error":0.002116044361365508}}