{"Mean":{"confidence_interval":{"confidence_level":0.95,"lower_bound":-0.02470148036130754,"upper_bound":-0.011146889081368787},"point_estimate":-0.017307331444290974,"standard_error":0.0034717283216186496},"Median":{"confidence_interval":{"confidence_level":0.95,"lower_bound":-0.01735318429721322,"upper_bound":-0.012182130633455746},"point_estimate":-0.014779030950840322,"standard_error":0.0012681019183181771}}