{"Mean":{"confidence_interval":{"confidence_level":0.95,"lower_bound":0.021810188980019487,"upper_bound":0.03648532563529593},"point_estimate":0.028385286277795574,"standard_error":0.0037446844488588137},"Median":{"confidence_interval":{"confidence_level":0.95,"lower_bound":0.022206424357567034,"upper_bound":0.029962275263277355},"point_estimate":0.025824007856048103,"standard_error":0.0018870477691374846}}