{"Mean":{"confidence_interval":{"confidence_level":0.95,"lower_bound":2535.284420154075,"upper_bound":2580.209850192316},"point_estimate":2556.3682693185447,"standard_error":11.484424306028144},"Median":{"confidence_interval":{"confidence_level":0.95,"lower_bound":2502.050471737066,"upper_bound":2516.4733333333334},"point_estimate":2507.936523892774,"standard_error":4.185184520525874},"MedianAbsDev":{"confidence_interval":{"confidence_level":0.95,"lower_bound":13.816275459779702,"upper_bound":29.944456610271924},"point_estimate":20.867627116804574,"standard_error":4.147015279865877},"Slope":{"confidence_interval":{"confidence_level":0.95,"lower_bound":2525.6769762764557,"upper_bound":2575.987200343726},"point_estimate":2548.9125024155687,"standard_error":12.918175321047645},"StdDev":{"confidence_interval":{"confidence_level":0.95,"lower_bound":81.37560047698236,"upper_bound":143.93389930669068},"point_estimate":115.30769517613125,"standard_error":15.964529902990241}}