{"Mean":{"confidence_interval":{"confidence_level":0.95,"lower_bound":1892.2637060678842,"upper_bound":1895.0326106947045},"point_estimate":1893.6645154442162,"standard_error":0.7091080746626335},"Median":{"confidence_interval":{"confidence_level":0.95,"lower_bound":1891.2501090588223,"upper_bound":1895.8537762856547},"point_estimate":1894.3014522173642,"standard_error":1.4261971265946771},"MedianAbsDev":{"confidence_interval":{"confidence_level":0.95,"lower_bound":0.2940498032325689,"upper_bound":3.553735383504498},"point_estimate":2.977785172513606,"standard_error":0.9290193957077032},"Slope":{"confidence_interval":{"confidence_level":0.95,"lower_bound":1891.5989036410647,"upper_bound":1895.2536436038415},"point_estimate":1892.9907601039395,"standard_error":0.9238482479325036},"StdDev":{"confidence_interval":{"confidence_level":0.95,"lower_bound":1.5449969680278703,"upper_bound":2.6870847882770614},"point_estimate":2.3685708958693183,"standard_error":0.2896693918147524}}