{"Mean":{"confidence_interval":{"confidence_level":0.95,"lower_bound":-0.008357415966274801,"upper_bound":0.01266135329008649},"point_estimate":0.0007569165937713063,"standard_error":0.0056948965595827634},"Median":{"confidence_interval":{"confidence_level":0.95,"lower_bound":-0.008203947575079898,"upper_bound":0.0008137966118202389},"point_estimate":-0.003085825851682933,"standard_error":0.002380002736535105}}