{"Mean":{"confidence_interval":{"confidence_level":0.95,"lower_bound":-0.01498196483793844,"upper_bound":0.007144967576275151},"point_estimate":-0.001396693862601217,"standard_error":0.005924197796189079},"Median":{"confidence_interval":{"confidence_level":0.95,"lower_bound":-0.00007284236723348325,"upper_bound":0.008840700456107298},"point_estimate":0.004102032602026462,"standard_error":0.002324538622377095}}