{"Mean":{"confidence_interval":{"confidence_level":0.95,"lower_bound":0.0014554696297539472,"upper_bound":0.016141019553383987},"point_estimate":0.009242407594293622,"standard_error":0.0037631844522895467},"Median":{"confidence_interval":{"confidence_level":0.95,"lower_bound":0.010471577116956121,"upper_bound":0.0168485571539585},"point_estimate":0.01371509877548549,"standard_error":0.001643591260366419}}