{"Mean":{"confidence_interval":{"confidence_level":0.95,"lower_bound":0.027648962223594534,"upper_bound":0.15877043980302613},"point_estimate":0.0927526338504443,"standard_error":0.03568005715866942},"Median":{"confidence_interval":{"confidence_level":0.95,"lower_bound":-0.005973906555628572,"upper_bound":0.214512685377243},"point_estimate":0.03448363762052864,"standard_error":0.0792207211316183}}