{"Mean":{"confidence_interval":{"confidence_level":0.95,"lower_bound":535215.03941327,"upper_bound":539897.2580197296},"point_estimate":537451.303812779,"standard_error":1196.3168233716503},"Median":{"confidence_interval":{"confidence_level":0.95,"lower_bound":533232.5112520459,"upper_bound":537604.6358024691},"point_estimate":535860.8914141415,"standard_error":1211.0968887149295},"MedianAbsDev":{"confidence_interval":{"confidence_level":0.95,"lower_bound":5701.911376935424,"upper_bound":9255.152595039603},"point_estimate":7263.221721788781,"standard_error":902.007903620128},"Slope":{"confidence_interval":{"confidence_level":0.95,"lower_bound":534129.7219746568,"upper_bound":537310.7050700985},"point_estimate":535657.8989448795,"standard_error":808.6937224080704},"StdDev":{"confidence_interval":{"confidence_level":0.95,"lower_bound":8307.551182689105,"upper_bound":15382.408962959205},"point_estimate":11979.061186288984,"standard_error":1810.651636945124}}