{"Mean":{"confidence_interval":{"confidence_level":0.95,"lower_bound":-0.01294148310576348,"upper_bound":-0.008430743227266611},"point_estimate":-0.010595125822740803,"standard_error":0.001156748969859805},"Median":{"confidence_interval":{"confidence_level":0.95,"lower_bound":-0.0132275560659465,"upper_bound":-0.007644895555766418},"point_estimate":-0.010329999521071165,"standard_error":0.0012335118930510971}}