{"Mean":{"confidence_interval":{"confidence_level":0.95,"lower_bound":0.005353527330306019,"upper_bound":0.015942124950512403},"point_estimate":0.010788337124592262,"standard_error":0.002683832748445895},"Median":{"confidence_interval":{"confidence_level":0.95,"lower_bound":0.009443824937963141,"upper_bound":0.01717551322295337},"point_estimate":0.012826649427116754,"standard_error":0.001934266281828764}}