{"Mean":{"confidence_interval":{"confidence_level":0.95,"lower_bound":0.0164082246539087,"upper_bound":0.025738199406245377},"point_estimate":0.02092520920829477,"standard_error":0.002429960417725505},"Median":{"confidence_interval":{"confidence_level":0.95,"lower_bound":0.013991579972659318,"upper_bound":0.021420969460508976},"point_estimate":0.01701037147329232,"standard_error":0.0017719042555712208}}