{"Mean":{"confidence_interval":{"confidence_level":0.95,"lower_bound":-0.0036161122216756187,"upper_bound":0.0022602787571936586},"point_estimate":-0.0007561592547662421,"standard_error":0.0014861996112880253},"Median":{"confidence_interval":{"confidence_level":0.95,"lower_bound":-0.003656170191087771,"upper_bound":0.0028944697935406596},"point_estimate":-0.0008575491818743064,"standard_error":0.0017896531479561723}}