{"Mean":{"confidence_interval":{"confidence_level":0.95,"lower_bound":-0.02144033085528444,"upper_bound":-0.01639719075489915},"point_estimate":-0.01886632992136905,"standard_error":0.0012876607127954387},"Median":{"confidence_interval":{"confidence_level":0.95,"lower_bound":-0.02289799478925192,"upper_bound":-0.01615665563901969},"point_estimate":-0.019630118830981425,"standard_error":0.0017947061179599921}}