{"Mean":{"confidence_interval":{"confidence_level":0.95,"lower_bound":-0.015306631200672756,"upper_bound":-0.003568009623042004},"point_estimate":-0.009266502434796986,"standard_error":0.0029938987683464325},"Median":{"confidence_interval":{"confidence_level":0.95,"lower_bound":-0.01175838628058623,"upper_bound":-0.0031421495162991383},"point_estimate":-0.007147292030076691,"standard_error":0.002132167189465134}}