{"Mean":{"confidence_interval":{"confidence_level":0.95,"lower_bound":8652.61481405426,"upper_bound":8702.983827901677},"point_estimate":8674.179192411557,"standard_error":12.96220823661893},"Median":{"confidence_interval":{"confidence_level":0.95,"lower_bound":8639.236602400157,"upper_bound":8651.990963341857},"point_estimate":8647.489076514375,"standard_error":3.843844564329449},"MedianAbsDev":{"confidence_interval":{"confidence_level":0.95,"lower_bound":20.661862821070542,"upper_bound":35.416290135477865},"point_estimate":28.93737636920183,"standard_error":3.9351208800131596},"Slope":{"confidence_interval":{"confidence_level":0.95,"lower_bound":8652.03831455331,"upper_bound":8690.2697991767},"point_estimate":8669.31340834356,"standard_error":9.845892838653423},"StdDev":{"confidence_interval":{"confidence_level":0.95,"lower_bound":42.733306287465325,"upper_bound":199.96844289807126},"point_estimate":130.21530987095036,"standard_error":41.49681467746374}}