{"Mean":{"confidence_interval":{"confidence_level":0.95,"lower_bound":0.015764912305501977,"upper_bound":0.023555298799522794},"point_estimate":0.019605588872501523,"standard_error":0.0020041853714413077},"Median":{"confidence_interval":{"confidence_level":0.95,"lower_bound":0.012748658235419486,"upper_bound":0.02666654596390372},"point_estimate":0.01831426184764151,"standard_error":0.003805136958993258}}