{"Mean":{"confidence_interval":{"confidence_level":0.95,"lower_bound":-0.01988748406690183,"upper_bound":-0.016477427652441912},"point_estimate":-0.01818599514048247,"standard_error":0.0008675960753332302},"Median":{"confidence_interval":{"confidence_level":0.95,"lower_bound":-0.017839864639385583,"upper_bound":-0.015249277528282978},"point_estimate":-0.016304506771850136,"standard_error":0.0006332454912509721}}