{"Mean":{"confidence_interval":{"confidence_level":0.95,"lower_bound":-0.02607576828948258,"upper_bound":-0.021439788912261247},"point_estimate":-0.023965796908436365,"standard_error":0.0011712439867864364},"Median":{"confidence_interval":{"confidence_level":0.95,"lower_bound":-0.02694418492070503,"upper_bound":-0.02332144693674354},"point_estimate":-0.025630764030346365,"standard_error":0.0008915219633272485}}