{"Mean":{"confidence_interval":{"confidence_level":0.95,"lower_bound":0.02777575048072322,"upper_bound":0.03151154724661895},"point_estimate":0.029570838207906958,"standard_error":0.000949740847112971},"Median":{"confidence_interval":{"confidence_level":0.95,"lower_bound":0.02674517472892557,"upper_bound":0.029931045668089906},"point_estimate":0.027864655888974132,"standard_error":0.0008079231137707244}}