{"Mean":{"confidence_interval":{"confidence_level":0.95,"lower_bound":0.20198619194287398,"upper_bound":0.21566920460780614},"point_estimate":0.20831765603371122,"standard_error":0.003400772973223532},"Median":{"confidence_interval":{"confidence_level":0.95,"lower_bound":0.20107102592745507,"upper_bound":0.2086641964255349},"point_estimate":0.2050402494463348,"standard_error":0.0020249298966306664}}