{"Mean":{"confidence_interval":{"confidence_level":0.95,"lower_bound":0.1638501589595614,"upper_bound":0.17130040141433092},"point_estimate":0.16757461674157947,"standard_error":0.001901482379090859},"Median":{"confidence_interval":{"confidence_level":0.95,"lower_bound":0.16195347611799837,"upper_bound":0.17471018458078635},"point_estimate":0.16895255585882119,"standard_error":0.0033146768022702493}}