{"Mean":{"confidence_interval":{"confidence_level":0.95,"lower_bound":-0.003237926627559648,"upper_bound":0.0041724508116508735},"point_estimate":0.00039087754068933833,"standard_error":0.00191298576620942},"Median":{"confidence_interval":{"confidence_level":0.95,"lower_bound":-0.001179600128515923,"upper_bound":0.0040478291200188475},"point_estimate":0.0020762203024982107,"standard_error":0.0012553841078947578}}