{"Mean":{"confidence_interval":{"confidence_level":0.95,"lower_bound":-0.3248959891615613,"upper_bound":-0.3185155778184901},"point_estimate":-0.3213668611460764,"standard_error":0.0016451574299514516},"Median":{"confidence_interval":{"confidence_level":0.95,"lower_bound":-0.3212630483599952,"upper_bound":-0.31760616991897406},"point_estimate":-0.3197080798399051,"standard_error":0.0010030481213522163}}