{"Mean":{"confidence_interval":{"confidence_level":0.95,"lower_bound":-0.019419343748481185,"upper_bound":-0.013287294379648684},"point_estimate":-0.01629239818735484,"standard_error":0.0015670790059852911},"Median":{"confidence_interval":{"confidence_level":0.95,"lower_bound":-0.018723377471789537,"upper_bound":-0.012743381660598851},"point_estimate":-0.015495772560268684,"standard_error":0.0015477223673425965}}