{"Mean":{"confidence_interval":{"confidence_level":0.95,"lower_bound":-0.012953709143695112,"upper_bound":-0.006192605505902832},"point_estimate":-0.009517601584001723,"standard_error":0.001727284105740952},"Median":{"confidence_interval":{"confidence_level":0.95,"lower_bound":-0.0138572718998803,"upper_bound":-0.00532662100970982},"point_estimate":-0.010405268223441566,"standard_error":0.0022162954164014043}}