{"Mean":{"confidence_interval":{"confidence_level":0.95,"lower_bound":0.009942326629585196,"upper_bound":0.013364934869328314},"point_estimate":0.011664738042459266,"standard_error":0.0008749509016697203},"Median":{"confidence_interval":{"confidence_level":0.95,"lower_bound":0.00977216710066342,"upper_bound":0.012531105116833086},"point_estimate":0.011166821511539915,"standard_error":0.0006825156643753009}}