{"Mean":{"confidence_interval":{"confidence_level":0.95,"lower_bound":0.026387408925597117,"upper_bound":0.03225436828345041},"point_estimate":0.029119262177584204,"standard_error":0.0015001322157723903},"Median":{"confidence_interval":{"confidence_level":0.95,"lower_bound":0.024568191738268297,"upper_bound":0.031189069849945295},"point_estimate":0.02820887203406497,"standard_error":0.0015847967019041941}}