{"Mean":{"confidence_interval":{"confidence_level":0.95,"lower_bound":506.97909760738105,"upper_bound":511.5059044551517},"point_estimate":508.91016056563234,"standard_error":1.172306110992448},"Median":{"confidence_interval":{"confidence_level":0.95,"lower_bound":505.68285494618146,"upper_bound":506.22606632741883},"point_estimate":505.9136170398374,"standard_error":0.13999082802821125},"MedianAbsDev":{"confidence_interval":{"confidence_level":0.95,"lower_bound":0.8430178007578308,"upper_bound":1.7320159097938854},"point_estimate":1.2091821240388172,"standard_error":0.216479078312825},"Slope":{"confidence_interval":{"confidence_level":0.95,"lower_bound":506.78822578969834,"upper_bound":510.97337714458604},"point_estimate":508.4727171865576,"standard_error":1.09183742698446},"StdDev":{"confidence_interval":{"confidence_level":0.95,"lower_bound":3.3929817564680222,"upper_bound":18.311768946451757},"point_estimate":11.758830689149361,"standard_error":3.880627045952315}}