{"Mean":{"confidence_interval":{"confidence_level":0.95,"lower_bound":0.010736310390126864,"upper_bound":0.017330260034657624},"point_estimate":0.013768329821064906,"standard_error":0.001679395348380921},"Median":{"confidence_interval":{"confidence_level":0.95,"lower_bound":0.009573441195027677,"upper_bound":0.016684959063385962},"point_estimate":0.013413808283632145,"standard_error":0.001949492940950034}}