{"Mean":{"confidence_interval":{"confidence_level":0.95,"lower_bound":0.11998211581366212,"upper_bound":0.12715190147161953},"point_estimate":0.12346534710131918,"standard_error":0.0018204806275469157},"Median":{"confidence_interval":{"confidence_level":0.95,"lower_bound":0.12295951728699461,"upper_bound":0.1280984619967498},"point_estimate":0.125140622636156,"standard_error":0.0012465981209958382}}