{"Mean":{"confidence_interval":{"confidence_level":0.95,"lower_bound":-0.11483211305129466,"upper_bound":-0.10795416380325687},"point_estimate":-0.11164318128352646,"standard_error":0.0017555946345270783},"Median":{"confidence_interval":{"confidence_level":0.95,"lower_bound":-0.11482275167569633,"upper_bound":-0.11134545958613881},"point_estimate":-0.11281748559556015,"standard_error":0.0008915425600594023}}