{"Mean":{"confidence_interval":{"confidence_level":0.95,"lower_bound":-0.7571889145553291,"upper_bound":-0.7548733627888545},"point_estimate":-0.7559783024139104,"standard_error":0.0005864594457597714},"Median":{"confidence_interval":{"confidence_level":0.95,"lower_bound":-0.7562366893713468,"upper_bound":-0.755179997692935},"point_estimate":-0.7557646221454458,"standard_error":0.0002688762991018256}}