{"Mean":{"confidence_interval":{"confidence_level":0.95,"lower_bound":0.009166734599085902,"upper_bound":0.015883997031752136},"point_estimate":0.012061653198536249,"standard_error":0.0017080430137264547},"Median":{"confidence_interval":{"confidence_level":0.95,"lower_bound":0.008519710040290285,"upper_bound":0.014691441249295112},"point_estimate":0.011547147622186671,"standard_error":0.001352870447902556}}