{"Mean":{"confidence_interval":{"confidence_level":0.95,"lower_bound":-0.02876353526207634,"upper_bound":-0.020443191761680368},"point_estimate":-0.024393989989795584,"standard_error":0.002115916169529671},"Median":{"confidence_interval":{"confidence_level":0.95,"lower_bound":-0.02666078034125885,"upper_bound":-0.02079136537570969},"point_estimate":-0.023599904996636667,"standard_error":0.0015170370874528418}}