{"Mean":{"confidence_interval":{"confidence_level":0.95,"lower_bound":648.5019031867198,"upper_bound":650.2829753803647},"point_estimate":649.3612895484955,"standard_error":0.45503726486859253},"Median":{"confidence_interval":{"confidence_level":0.95,"lower_bound":647.3742860324885,"upper_bound":649.5298853278866},"point_estimate":648.3353800562704,"standard_error":0.5672374491140107},"MedianAbsDev":{"confidence_interval":{"confidence_level":0.95,"lower_bound":3.040386886442078,"upper_bound":5.04710713794538},"point_estimate":3.7698132656751446,"standard_error":0.5014685001825088},"Slope":{"confidence_interval":{"confidence_level":0.95,"lower_bound":648.8152142169317,"upper_bound":650.8724828392161},"point_estimate":649.8026835827258,"standard_error":0.5244946397664038},"StdDev":{"confidence_interval":{"confidence_level":0.95,"lower_bound":3.6723979549425336,"upper_bound":5.347883228616681},"point_estimate":4.560574093641482,"standard_error":0.4280519961273267}}