{"Mean":{"confidence_interval":{"confidence_level":0.95,"lower_bound":673.2836324122851,"upper_bound":677.5008456512461},"point_estimate":675.0752028112839,"standard_error":1.0967489050243004},"Median":{"confidence_interval":{"confidence_level":0.95,"lower_bound":671.2982748928396,"upper_bound":674.542287494437},"point_estimate":672.5699248120301,"standard_error":0.9047206843280379},"MedianAbsDev":{"confidence_interval":{"confidence_level":0.95,"lower_bound":3.7943714082880984,"upper_bound":6.525155278642741},"point_estimate":4.873970457178381,"standard_error":0.7128551685575878},"Slope":{"confidence_interval":{"confidence_level":0.95,"lower_bound":672.9378122238716,"upper_bound":674.9148263235937},"point_estimate":673.9204313085395,"standard_error":0.5051155755405293},"StdDev":{"confidence_interval":{"confidence_level":0.95,"lower_bound":4.963775829774189,"upper_bound":17.316076070950334},"point_estimate":11.055122490080253,"standard_error":3.9706922388667154}}