{"Mean":{"confidence_interval":{"confidence_level":0.95,"lower_bound":683.0045686898122,"upper_bound":699.0597869368092},"point_estimate":690.3436929830615,"standard_error":4.115726155202057},"Median":{"confidence_interval":{"confidence_level":0.95,"lower_bound":673.7440205164073,"upper_bound":676.9095170642083},"point_estimate":674.9240177314946,"standard_error":0.7443657734736715},"MedianAbsDev":{"confidence_interval":{"confidence_level":0.95,"lower_bound":3.780539598808743,"upper_bound":7.756511832077138},"point_estimate":5.1797736112175485,"standard_error":0.9573020183537042},"Slope":{"confidence_interval":{"confidence_level":0.95,"lower_bound":681.1615073064384,"upper_bound":693.9122225007952},"point_estimate":687.2516708090604,"standard_error":3.2640301773543507},"StdDev":{"confidence_interval":{"confidence_level":0.95,"lower_bound":24.209425763113817,"upper_bound":56.05690504731034},"point_estimate":41.22810909579427,"standard_error":8.176803313134778}}