{"Mean":{"confidence_interval":{"confidence_level":0.95,"lower_bound":577.8396962012496,"upper_bound":599.3896642254964},"point_estimate":587.3863369253755,"standard_error":5.572068566250027},"Median":{"confidence_interval":{"confidence_level":0.95,"lower_bound":570.7656243746067,"upper_bound":572.5834041314348},"point_estimate":571.3107937902753,"standard_error":0.3962271476445521},"MedianAbsDev":{"confidence_interval":{"confidence_level":0.95,"lower_bound":2.2460270837337015,"upper_bound":4.405381919410821},"point_estimate":2.879225855530836,"standard_error":0.537891236170556},"Slope":{"confidence_interval":{"confidence_level":0.95,"lower_bound":576.6845562116372,"upper_bound":584.9786488076562},"point_estimate":580.6073881856616,"standard_error":2.1289533476198086},"StdDev":{"confidence_interval":{"confidence_level":0.95,"lower_bound":18.706562923096868,"upper_bound":81.18275606115274},"point_estimate":56.089360268194135,"standard_error":15.385260770042619}}