{"Mean":{"confidence_interval":{"confidence_level":0.95,"lower_bound":144758.73093881583,"upper_bound":146539.93021027127},"point_estimate":145603.18185273514,"standard_error":453.4637074862573},"Median":{"confidence_interval":{"confidence_level":0.95,"lower_bound":143222.55547112462,"upper_bound":145607.31964285715},"point_estimate":143852.73406902087,"standard_error":713.2152882058004},"MedianAbsDev":{"confidence_interval":{"confidence_level":0.95,"lower_bound":2144.780559065415,"upper_bound":4575.818292234262},"point_estimate":3001.545328955996,"standard_error":704.6716069840251},"Slope":{"confidence_interval":{"confidence_level":0.95,"lower_bound":145252.00608393116,"upper_bound":147064.23464387542},"point_estimate":146121.9782971986,"standard_error":462.1255418132063},"StdDev":{"confidence_interval":{"confidence_level":0.95,"lower_bound":3189.49650051577,"upper_bound":5835.384352408323},"point_estimate":4564.58177079081,"standard_error":675.2888302204975}}