{"Mean":{"confidence_interval":{"confidence_level":0.95,"lower_bound":0.06376785566486383,"upper_bound":0.07226468307831152},"point_estimate":0.06804334107686771,"standard_error":0.0021568782344522845},"Median":{"confidence_interval":{"confidence_level":0.95,"lower_bound":0.06371185395479184,"upper_bound":0.07502604675085323},"point_estimate":0.07025030918378516,"standard_error":0.00276822986881328}}