{"Mean":{"confidence_interval":{"confidence_level":0.95,"lower_bound":0.002408185624829435,"upper_bound":0.014259206929001463},"point_estimate":0.007613199903230727,"standard_error":0.0029105621491515936},"Median":{"confidence_interval":{"confidence_level":0.95,"lower_bound":0.001305304989241085,"upper_bound":0.010607403200430854},"point_estimate":0.006449715817161472,"standard_error":0.0025835051671953793}}