{"Mean":{"confidence_interval":{"confidence_level":0.95,"lower_bound":-0.07599245790193992,"upper_bound":-0.0697901684122629},"point_estimate":-0.07297465723710195,"standard_error":0.0016020077809137713},"Median":{"confidence_interval":{"confidence_level":0.95,"lower_bound":-0.0775115548935027,"upper_bound":-0.07120283299346075},"point_estimate":-0.07479166456097919,"standard_error":0.001491065419633222}}