{"Mean":{"confidence_interval":{"confidence_level":0.95,"lower_bound":-0.05914489661991856,"upper_bound":-0.051645247474967855},"point_estimate":-0.055440012014988715,"standard_error":0.0019116215389079884},"Median":{"confidence_interval":{"confidence_level":0.95,"lower_bound":-0.06050026876280157,"upper_bound":-0.050152743000877575},"point_estimate":-0.056548297602907915,"standard_error":0.002675980403177879}}