{"Mean":{"confidence_interval":{"confidence_level":0.95,"lower_bound":4676.89561017288,"upper_bound":4699.958593410854},"point_estimate":4686.55288620237,"standard_error":6.042481020338826},"Median":{"confidence_interval":{"confidence_level":0.95,"lower_bound":4674.811376891842,"upper_bound":4692.28245765145},"point_estimate":4679.500215331611,"standard_error":4.3371428239857535},"MedianAbsDev":{"confidence_interval":{"confidence_level":0.95,"lower_bound":1.7740438832333192,"upper_bound":22.105239667847272},"point_estimate":8.498317960235925,"standard_error":5.177204264564733},"Slope":{"confidence_interval":{"confidence_level":0.95,"lower_bound":4675.505308944906,"upper_bound":4718.5246326843335},"point_estimate":4698.05310580892,"standard_error":11.779817415926518},"StdDev":{"confidence_interval":{"confidence_level":0.95,"lower_bound":3.796633435922141,"upper_bound":29.12129354409322},"point_estimate":20.097611722441947,"standard_error":7.3210376536570525}}