{"Mean":{"confidence_interval":{"confidence_level":0.95,"lower_bound":5034.736068483057,"upper_bound":5056.923330431647},"point_estimate":5044.6228521068015,"standard_error":5.672136602126429},"Median":{"confidence_interval":{"confidence_level":0.95,"lower_bound":5024.992703045686,"upper_bound":5042.632904196431},"point_estimate":5034.164294941273,"standard_error":4.241279514109553},"MedianAbsDev":{"confidence_interval":{"confidence_level":0.95,"lower_bound":25.668778553735454,"upper_bound":40.60403882282691},"point_estimate":32.40030810558573,"standard_error":3.7664433234202512},"Slope":{"confidence_interval":{"confidence_level":0.95,"lower_bound":5033.5112843693905,"upper_bound":5047.38985570387},"point_estimate":5040.2212773845,"standard_error":3.5419080867605235},"StdDev":{"confidence_interval":{"confidence_level":0.95,"lower_bound":31.658307162382414,"upper_bound":84.60671766997065},"point_estimate":57.371297902834755,"standard_error":15.768667800592116}}