{"Mean":{"confidence_interval":{"confidence_level":0.95,"lower_bound":4711200.200584078,"upper_bound":4735521.745420387},"point_estimate":4723081.63374008,"standard_error":6220.95143520259},"Median":{"confidence_interval":{"confidence_level":0.95,"lower_bound":4705003.171875,"upper_bound":4740417.5},"point_estimate":4723699.6875,"standard_error":7864.423048320029},"MedianAbsDev":{"confidence_interval":{"confidence_level":0.95,"lower_bound":3207.8433180496927,"upper_bound":34666.56029954539},"point_estimate":21781.493963300953,"standard_error":8033.427595885073},"Slope":{"confidence_interval":{"confidence_level":0.95,"lower_bound":4705902.748475609,"upper_bound":4747150.586290322},"point_estimate":4729734.54025974,"standard_error":10706.653872550742},"StdDev":{"confidence_interval":{"confidence_level":0.95,"lower_bound":11315.260008165422,"upper_bound":26714.4386686},"point_estimate":20757.428879284947,"standard_error":4009.8106981773626}}