{"Mean":{"confidence_interval":{"confidence_level":0.95,"lower_bound":0.005082434573912003,"upper_bound":0.011688974290558821},"point_estimate":0.00841027526197724,"standard_error":0.0016637080094029414},"Median":{"confidence_interval":{"confidence_level":0.95,"lower_bound":0.006853270951682866,"upper_bound":0.010993951143213332},"point_estimate":0.009074258932445511,"standard_error":0.0010537883191494798}}