{"Mean":{"confidence_interval":{"confidence_level":0.95,"lower_bound":-0.007067049468799216,"upper_bound":-0.00015101486380503695},"point_estimate":-0.0037517321524076497,"standard_error":0.0017588556789239615},"Median":{"confidence_interval":{"confidence_level":0.95,"lower_bound":-0.006635308015343846,"upper_bound":-0.0014959039417472564},"point_estimate":-0.003851923861105888,"standard_error":0.0013020695272067731}}