{"Mean":{"confidence_interval":{"confidence_level":0.95,"lower_bound":-0.015283689750341542,"upper_bound":-0.009206031419242314},"point_estimate":-0.01243107743366112,"standard_error":0.0015370741837740932},"Median":{"confidence_interval":{"confidence_level":0.95,"lower_bound":-0.013020404511190353,"upper_bound":-0.009371650083994765},"point_estimate":-0.011278349441697144,"standard_error":0.0009012687787667145}}