{"Mean":{"confidence_interval":{"confidence_level":0.95,"lower_bound":0.0017514295480728192,"upper_bound":0.0064701852976274555},"point_estimate":0.004123198184631249,"standard_error":0.0012057576896314598},"Median":{"confidence_interval":{"confidence_level":0.95,"lower_bound":0.0006130905523360486,"upper_bound":0.007161560981246096},"point_estimate":0.0030004622343633436,"standard_error":0.0016600683281222887}}