{"Mean":{"confidence_interval":{"confidence_level":0.95,"lower_bound":-0.03992928189569166,"upper_bound":-0.02956125417933163},"point_estimate":-0.035035617155401266,"standard_error":0.0026378222162312653},"Median":{"confidence_interval":{"confidence_level":0.95,"lower_bound":-0.04348418270790304,"upper_bound":-0.03409812455726413},"point_estimate":-0.03863120742907933,"standard_error":0.002409166269512637}}