{"Mean":{"confidence_interval":{"confidence_level":0.95,"lower_bound":-0.0033427443633788634,"upper_bound":-0.00003243039966021783},"point_estimate":-0.001724311932679079,"standard_error":0.0008427544699715953},"Median":{"confidence_interval":{"confidence_level":0.95,"lower_bound":-0.0040446263095184065,"upper_bound":-0.00020808506024105888},"point_estimate":-0.0029093583486123897,"standard_error":0.0009550717805559153}}