{"Mean":{"confidence_interval":{"confidence_level":0.95,"lower_bound":0.00005411736991425933,"upper_bound":0.011861478195820509},"point_estimate":0.0059064552834755535,"standard_error":0.00298471966165232},"Median":{"confidence_interval":{"confidence_level":0.95,"lower_bound":0.002965644491304653,"upper_bound":0.00885104836091255},"point_estimate":0.005723232632631081,"standard_error":0.0015897700603718168}}