{"Mean":{"confidence_interval":{"confidence_level":0.95,"lower_bound":0.0019024957294083212,"upper_bound":0.006569543836356755},"point_estimate":0.004233406625545166,"standard_error":0.0011942787356434223},"Median":{"confidence_interval":{"confidence_level":0.95,"lower_bound":0.0015892409235298555,"upper_bound":0.006803179974862239},"point_estimate":0.004071286646917471,"standard_error":0.0013351602084178662}}