{"Mean":{"confidence_interval":{"confidence_level":0.95,"lower_bound":0.003801628805306379,"upper_bound":0.011322598657270517},"point_estimate":0.007339206467609438,"standard_error":0.001916556547851335},"Median":{"confidence_interval":{"confidence_level":0.95,"lower_bound":0.005412843400919742,"upper_bound":0.010348780064104668},"point_estimate":0.007938763200542986,"standard_error":0.0011727757239698882}}