{"Mean":{"confidence_interval":{"confidence_level":0.95,"lower_bound":-0.004837392416804184,"upper_bound":0.003424536806736871},"point_estimate":-0.0007339789503847394,"standard_error":0.0020835507730012025},"Median":{"confidence_interval":{"confidence_level":0.95,"lower_bound":-0.0025466903848517797,"upper_bound":0.0026726067037879195},"point_estimate":0.0001553692301965448,"standard_error":0.0012614153035522874}}