{"Mean":{"confidence_interval":{"confidence_level":0.95,"lower_bound":-0.01307709909882945,"upper_bound":-0.006892841247116029},"point_estimate":-0.009644234051766953,"standard_error":0.001579093692131313},"Median":{"confidence_interval":{"confidence_level":0.95,"lower_bound":-0.012296398212831239,"upper_bound":-0.007060448316473122},"point_estimate":-0.009775558800856343,"standard_error":0.0013134093832502826}}