{"Mean":{"confidence_interval":{"confidence_level":0.95,"lower_bound":569.7367998888712,"upper_bound":572.8360211733811},"point_estimate":571.1883366767757,"standard_error":0.796369878555549},"Median":{"confidence_interval":{"confidence_level":0.95,"lower_bound":567.5996459967364,"upper_bound":570.4782906694331},"point_estimate":568.7720831772199,"standard_error":0.8871656830518672},"MedianAbsDev":{"confidence_interval":{"confidence_level":0.95,"lower_bound":3.35469840984967,"upper_bound":6.036513831417716},"point_estimate":4.67541069549559,"standard_error":0.7043718831882853},"Slope":{"confidence_interval":{"confidence_level":0.95,"lower_bound":567.2116861186196,"upper_bound":569.854688332767},"point_estimate":568.4201894698454,"standard_error":0.6776509256941045},"StdDev":{"confidence_interval":{"confidence_level":0.95,"lower_bound":5.357217198024578,"upper_bound":10.581448020561082},"point_estimate":7.994088240044305,"standard_error":1.3615949914635463}}