{"Mean":{"confidence_interval":{"confidence_level":0.95,"lower_bound":781.7159487187089,"upper_bound":794.9537595243786},"point_estimate":787.8960883130261,"standard_error":3.3807102395318567},"Median":{"confidence_interval":{"confidence_level":0.95,"lower_bound":774.6293498344753,"upper_bound":776.2343095746767},"point_estimate":775.4542758085586,"standard_error":0.3731497586835861},"MedianAbsDev":{"confidence_interval":{"confidence_level":0.95,"lower_bound":2.5811913642843654,"upper_bound":4.623849384631139},"point_estimate":3.524187374256262,"standard_error":0.5171956287699452},"Slope":{"confidence_interval":{"confidence_level":0.95,"lower_bound":781.6090379685689,"upper_bound":794.4662808171863},"point_estimate":787.6317013599269,"standard_error":3.285876397936126},"StdDev":{"confidence_interval":{"confidence_level":0.95,"lower_bound":22.32110891187145,"upper_bound":43.15815512060958},"point_estimate":33.90875278168676,"standard_error":5.298516403205046}}