{"Mean":{"confidence_interval":{"confidence_level":0.95,"lower_bound":-0.8501493798056049,"upper_bound":-0.8484739540068416},"point_estimate":-0.8491768129763617,"standard_error":0.00043009990033625653},"Median":{"confidence_interval":{"confidence_level":0.95,"lower_bound":-0.8491996999363114,"upper_bound":-0.8484112609098378},"point_estimate":-0.8488291101942503,"standard_error":0.00020737517355887578}}