{"Mean":{"confidence_interval":{"confidence_level":0.95,"lower_bound":-0.023326747894556236,"upper_bound":-0.010456291301752905},"point_estimate":-0.017212947751213514,"standard_error":0.003203769275694142},"Median":{"confidence_interval":{"confidence_level":0.95,"lower_bound":-0.02186388369250991,"upper_bound":-0.01647795788670181},"point_estimate":-0.019761562082396544,"standard_error":0.0014003404100734894}}