{"Mean":{"confidence_interval":{"confidence_level":0.95,"lower_bound":-0.0014186622900707463,"upper_bound":0.00862516766536738},"point_estimate":0.002908759241574854,"standard_error":0.002524956375022613},"Median":{"confidence_interval":{"confidence_level":0.95,"lower_bound":0.0005733739479520938,"upper_bound":0.006934963936568339},"point_estimate":0.0037668963923387366,"standard_error":0.0016280141179138435}}