{"Mean":{"confidence_interval":{"confidence_level":0.95,"lower_bound":0.004689819509402195,"upper_bound":0.014707354872584975},"point_estimate":0.009674476699602641,"standard_error":0.0025698594700704607},"Median":{"confidence_interval":{"confidence_level":0.95,"lower_bound":0.005319799298737715,"upper_bound":0.01498627923429785},"point_estimate":0.010137937806972586,"standard_error":0.0024830948946081427}}