{"Mean":{"confidence_interval":{"confidence_level":0.95,"lower_bound":0.06740948595009452,"upper_bound":0.08366740383127233},"point_estimate":0.07478603147439711,"standard_error":0.0042155511433360675},"Median":{"confidence_interval":{"confidence_level":0.95,"lower_bound":0.05712299185958325,"upper_bound":0.08357865477964},"point_estimate":0.06681841646182307,"standard_error":0.007188198714025274}}