{"Mean":{"confidence_interval":{"confidence_level":0.95,"lower_bound":-0.0559140063942169,"upper_bound":-0.039698506032930826},"point_estimate":-0.047734723560457604,"standard_error":0.004140727772913773},"Median":{"confidence_interval":{"confidence_level":0.95,"lower_bound":-0.05787200424904715,"upper_bound":-0.032143587122842154},"point_estimate":-0.04254686636586913,"standard_error":0.0070449106070355726}}