{"Mean":{"confidence_interval":{"confidence_level":0.95,"lower_bound":-0.0489499752554874,"upper_bound":-0.030166541670677553},"point_estimate":-0.03910755497925533,"standard_error":0.0048255033292333984},"Median":{"confidence_interval":{"confidence_level":0.95,"lower_bound":-0.049747014833436354,"upper_bound":-0.026187251922430876},"point_estimate":-0.035408523452351015,"standard_error":0.006864723970925518}}