{"Mean":{"confidence_interval":{"confidence_level":0.95,"lower_bound":0.015515333883237682,"upper_bound":0.022304731005363336},"point_estimate":0.01858449664786388,"standard_error":0.0017321893278228477},"Median":{"confidence_interval":{"confidence_level":0.95,"lower_bound":0.014437478038356044,"upper_bound":0.019194642732917266},"point_estimate":0.01718806555237684,"standard_error":0.0011471191703006996}}