{"Mean":{"confidence_interval":{"confidence_level":0.95,"lower_bound":-0.02655025403766164,"upper_bound":-0.016966056072429597},"point_estimate":-0.021809250506792166,"standard_error":0.002429425889714371},"Median":{"confidence_interval":{"confidence_level":0.95,"lower_bound":-0.025437599730947835,"upper_bound":-0.017613157006349023},"point_estimate":-0.02117831647470725,"standard_error":0.002247528072314388}}