{"Mean":{"confidence_interval":{"confidence_level":0.95,"lower_bound":-0.04417021556046232,"upper_bound":-0.03479684661910037},"point_estimate":-0.03952319991582587,"standard_error":0.002369063324507001},"Median":{"confidence_interval":{"confidence_level":0.95,"lower_bound":-0.04447792765034233,"upper_bound":-0.03716477711510269},"point_estimate":-0.040373712587402966,"standard_error":0.001825111074074025}}