{"Mean":{"confidence_interval":{"confidence_level":0.95,"lower_bound":0.010864653942751656,"upper_bound":0.020151118784671233},"point_estimate":0.015310503720987079,"standard_error":0.00229980787649791},"Median":{"confidence_interval":{"confidence_level":0.95,"lower_bound":0.011372351559301386,"upper_bound":0.01954959350218058},"point_estimate":0.014630627635717763,"standard_error":0.0020036411593912225}}