{"Mean":{"confidence_interval":{"confidence_level":0.95,"lower_bound":952.693752722637,"upper_bound":959.2070220863578},"point_estimate":955.7996571744005,"standard_error":1.6550955566298886},"Median":{"confidence_interval":{"confidence_level":0.95,"lower_bound":951.1944320910325,"upper_bound":956.849826629681},"point_estimate":953.7548318409689,"standard_error":1.3732581821775263},"MedianAbsDev":{"confidence_interval":{"confidence_level":0.95,"lower_bound":8.093154931000377,"upper_bound":13.920870053825979},"point_estimate":10.671596164177727,"standard_error":1.467671321456498},"Slope":{"confidence_interval":{"confidence_level":0.95,"lower_bound":955.3643970580042,"upper_bound":960.4180879621783},"point_estimate":957.8185638930216,"standard_error":1.288076491981915},"StdDev":{"confidence_interval":{"confidence_level":0.95,"lower_bound":12.010770033759812,"upper_bound":20.843168046670876},"point_estimate":16.630620212364768,"standard_error":2.268034510147478}}