{"Mean":{"confidence_interval":{"confidence_level":0.95,"lower_bound":5050.268810816939,"upper_bound":5073.733064202867},"point_estimate":5060.8958199207555,"standard_error":5.973514215905754},"Median":{"confidence_interval":{"confidence_level":0.95,"lower_bound":5034.898944193062,"upper_bound":5063.7354449472095},"point_estimate":5045.650221043325,"standard_error":6.799962252204364},"MedianAbsDev":{"confidence_interval":{"confidence_level":0.95,"lower_bound":30.144796365250624,"upper_bound":57.04651378904039},"point_estimate":41.656700163009525,"standard_error":6.730826495015879},"Slope":{"confidence_interval":{"confidence_level":0.95,"lower_bound":5057.63203575889,"upper_bound":5077.3206527852135},"point_estimate":5067.627526465161,"standard_error":5.036787651176799},"StdDev":{"confidence_interval":{"confidence_level":0.95,"lower_bound":37.41014031191102,"upper_bound":85.80058669249225},"point_estimate":59.8441782081234,"standard_error":14.771187802590049}}