{"Mean":{"confidence_interval":{"confidence_level":0.95,"lower_bound":5018.365985227282,"upper_bound":5039.639185851144},"point_estimate":5027.880830631009,"standard_error":5.471045576466731},"Median":{"confidence_interval":{"confidence_level":0.95,"lower_bound":5013.7549281921765,"upper_bound":5027.718647281377},"point_estimate":5020.011899268245,"standard_error":3.8542513005529826},"MedianAbsDev":{"confidence_interval":{"confidence_level":0.95,"lower_bound":26.26938715209864,"upper_bound":44.574063464347866},"point_estimate":33.774281785554656,"standard_error":4.655619862069814},"Slope":{"confidence_interval":{"confidence_level":0.95,"lower_bound":5020.618373157759,"upper_bound":5033.398467307037},"point_estimate":5026.8201891682465,"standard_error":3.250811277888507},"StdDev":{"confidence_interval":{"confidence_level":0.95,"lower_bound":31.47943657938496,"upper_bound":80.7524727040146},"point_estimate":54.85039193781914,"standard_error":15.028066553066216}}