{"Mean":{"confidence_interval":{"confidence_level":0.95,"lower_bound":5291.0061172537,"upper_bound":5368.174409016627},"point_estimate":5326.991409240079,"standard_error":19.752491532936602},"Median":{"confidence_interval":{"confidence_level":0.95,"lower_bound":5240.18834485407,"upper_bound":5251.545806451613},"point_estimate":5243.12729458736,"standard_error":2.974237798427029},"MedianAbsDev":{"confidence_interval":{"confidence_level":0.95,"lower_bound":15.706655959201559,"upper_bound":31.611396877321607},"point_estimate":21.699414455466165,"standard_error":4.3372186413929334},"Slope":{"confidence_interval":{"confidence_level":0.95,"lower_bound":5298.045535394893,"upper_bound":5395.432067557774},"point_estimate":5342.699463605003,"standard_error":24.90111585162527},"StdDev":{"confidence_interval":{"confidence_level":0.95,"lower_bound":132.0439448096692,"upper_bound":255.11632549997307},"point_estimate":198.29753292547923,"standard_error":31.428472529495437}}