{"Mean":{"confidence_interval":{"confidence_level":0.95,"lower_bound":114.61989284741871,"upper_bound":114.78090032368377},"point_estimate":114.69754493207533,"standard_error":0.04131032319097662},"Median":{"confidence_interval":{"confidence_level":0.95,"lower_bound":114.57701849232014,"upper_bound":114.83471541531932},"point_estimate":114.65629026247979,"standard_error":0.0736632772664372},"MedianAbsDev":{"confidence_interval":{"confidence_level":0.95,"lower_bound":0.019185847066154577,"upper_bound":0.2209296856829428},"point_estimate":0.12118076491989331,"standard_error":0.06337623176868298},"Slope":{"confidence_interval":{"confidence_level":0.95,"lower_bound":114.60306950910156,"upper_bound":114.82860320391431},"point_estimate":114.73686843168957,"standard_error":0.05549411453848418},"StdDev":{"confidence_interval":{"confidence_level":0.95,"lower_bound":0.07522881607134944,"upper_bound":0.16086595076304241},"point_estimate":0.13722133227087283,"standard_error":0.020914059469489203}}