{"Mean":{"confidence_interval":{"confidence_level":0.95,"lower_bound":133.20387019580232,"upper_bound":135.43891049923738},"point_estimate":134.2445294462236,"standard_error":0.5724892394050027},"Median":{"confidence_interval":{"confidence_level":0.95,"lower_bound":132.1999473219141,"upper_bound":132.45255414773095},"point_estimate":132.2917352502472,"standard_error":0.06338209680944071},"MedianAbsDev":{"confidence_interval":{"confidence_level":0.95,"lower_bound":0.41120541468391747,"upper_bound":0.6918111583094639},"point_estimate":0.5375399061718082,"standard_error":0.07645158123722355},"Slope":{"confidence_interval":{"confidence_level":0.95,"lower_bound":133.1442765238423,"upper_bound":135.80515881231915},"point_estimate":134.3570721923791,"standard_error":0.6835004573863299},"StdDev":{"confidence_interval":{"confidence_level":0.95,"lower_bound":3.813004187855572,"upper_bound":7.283781439087805},"point_estimate":5.760710450006423,"standard_error":0.8846155154951539}}