{"Mean":{"confidence_interval":{"confidence_level":0.95,"lower_bound":56027.941221100766,"upper_bound":56171.49638026225},"point_estimate":56095.45834972395,"standard_error":36.807840391810934},"Median":{"confidence_interval":{"confidence_level":0.95,"lower_bound":56000.867494824015,"upper_bound":56205.936723602485},"point_estimate":56060.48762077295,"standard_error":51.52718329123574},"MedianAbsDev":{"confidence_interval":{"confidence_level":0.95,"lower_bound":11.392882949910344,"upper_bound":204.0264759430242},"point_estimate":91.30965145864205,"standard_error":47.95693647833252},"Slope":{"confidence_interval":{"confidence_level":0.95,"lower_bound":56011.859681886854,"upper_bound":56209.764765103864},"point_estimate":56122.00206501573,"standard_error":51.851401456053864},"StdDev":{"confidence_interval":{"confidence_level":0.95,"lower_bound":45.584457221068696,"upper_bound":147.4187620620135},"point_estimate":122.68467606016578,"standard_error":22.974050999283907}}