{"Mean":{"confidence_interval":{"confidence_level":0.95,"lower_bound":55973.93531157738,"upper_bound":57128.164418550165},"point_estimate":56499.395390266596,"standard_error":295.3401481858286},"Median":{"confidence_interval":{"confidence_level":0.95,"lower_bound":55473.741732804236,"upper_bound":55687.32306763285},"point_estimate":55574.352466648765,"standard_error":53.847004047104825},"MedianAbsDev":{"confidence_interval":{"confidence_level":0.95,"lower_bound":241.8037156305544,"upper_bound":443.0193217466158},"point_estimate":340.41411112913664,"standard_error":50.15408776330467},"Slope":{"confidence_interval":{"confidence_level":0.95,"lower_bound":56047.300298089416,"upper_bound":57259.4600713923},"point_estimate":56595.76155131931,"standard_error":311.11990937337237},"StdDev":{"confidence_interval":{"confidence_level":0.95,"lower_bound":1616.8360957017214,"upper_bound":4037.4722811292936},"point_estimate":2970.96714956874,"standard_error":612.7402800014128}}