{"Mean":{"confidence_interval":{"confidence_level":0.95,"lower_bound":15442.603840129737,"upper_bound":15753.638304764661},"point_estimate":15581.237478394172,"standard_error":80.04053418601357},"Median":{"confidence_interval":{"confidence_level":0.95,"lower_bound":15290.285935733466,"upper_bound":15366.33984375},"point_estimate":15318.938586733297,"standard_error":17.23871632358524},"MedianAbsDev":{"confidence_interval":{"confidence_level":0.95,"lower_bound":85.45568968694072,"upper_bound":165.2478593939624},"point_estimate":123.11126793302384,"standard_error":19.871441216001674},"Slope":{"confidence_interval":{"confidence_level":0.95,"lower_bound":15430.843152949965,"upper_bound":15714.508051324132},"point_estimate":15562.871105548988,"standard_error":72.66697301923243},"StdDev":{"confidence_interval":{"confidence_level":0.95,"lower_bound":418.4840397062384,"upper_bound":1172.419877047851},"point_estimate":802.2838797392951,"standard_error":208.56686500331946}}