{"Mean":{"confidence_interval":{"confidence_level":0.95,"lower_bound":15467.38543802511,"upper_bound":15564.46082507316},"point_estimate":15514.584521651763,"standard_error":24.799237184878525},"Median":{"confidence_interval":{"confidence_level":0.95,"lower_bound":15437.303738317756,"upper_bound":15576.470991625196},"point_estimate":15514.499787595581,"standard_error":35.555087170053845},"MedianAbsDev":{"confidence_interval":{"confidence_level":0.95,"lower_bound":7.545073451435429,"upper_bound":139.61997012107983},"point_estimate":84.76088291320568,"standard_error":33.067758588557446},"Slope":{"confidence_interval":{"confidence_level":0.95,"lower_bound":15477.637145602175,"upper_bound":15545.621470572332},"point_estimate":15509.01386090545,"standard_error":17.42589489288601},"StdDev":{"confidence_interval":{"confidence_level":0.95,"lower_bound":46.52189726410232,"upper_bound":104.73233043868302},"point_estimate":82.62517605201717,"standard_error":15.137987357549948}}