{"Mean":{"confidence_interval":{"confidence_level":0.95,"lower_bound":29.17200562925731,"upper_bound":29.432285237151373},"point_estimate":29.280354510571243,"standard_error":0.06763008476980599},"Median":{"confidence_interval":{"confidence_level":0.95,"lower_bound":29.116952183667216,"upper_bound":29.158104069995453},"point_estimate":29.13668450216329,"standard_error":0.011434959051085138},"MedianAbsDev":{"confidence_interval":{"confidence_level":0.95,"lower_bound":0.06107443935472738,"upper_bound":0.10597756700646423},"point_estimate":0.08504228987743881,"standard_error":0.012033102271022623},"Slope":{"confidence_interval":{"confidence_level":0.95,"lower_bound":29.141056415165473,"upper_bound":29.37727036783314},"point_estimate":29.22852700496678,"standard_error":0.0631437723955738},"StdDev":{"confidence_interval":{"confidence_level":0.95,"lower_bound":0.15164081641271265,"upper_bound":1.0871783365250955},"point_estimate":0.6819159838187686,"standard_error":0.24947002744614039}}