{"Mean":{"confidence_interval":{"confidence_level":0.95,"lower_bound":-0.755382244667709,"upper_bound":-0.7529418162030798},"point_estimate":-0.7542246954459922,"standard_error":0.0006191830998847241},"Median":{"confidence_interval":{"confidence_level":0.95,"lower_bound":-0.7549600294311647,"upper_bound":-0.7533645060867686},"point_estimate":-0.7542582883851148,"standard_error":0.0004485870720405476}}