{"Mean":{"confidence_interval":{"confidence_level":0.95,"lower_bound":-0.2101085828087403,"upper_bound":-0.15368700508678726},"point_estimate":-0.18129342200977505,"standard_error":0.0144483048532101},"Median":{"confidence_interval":{"confidence_level":0.95,"lower_bound":-0.12496276271162887,"upper_bound":-0.11830814332698569},"point_estimate":-0.12094400207598899,"standard_error":0.0018017475092882904}}