{"Mean":{"confidence_interval":{"confidence_level":0.95,"lower_bound":-0.0016493043101712592,"upper_bound":0.002532699887645777},"point_estimate":0.0005436958834328376,"standard_error":0.0010630109092208872},"Median":{"confidence_interval":{"confidence_level":0.95,"lower_bound":-0.0029044359601223535,"upper_bound":0.0044595453735924995},"point_estimate":0.0010625495660012696,"standard_error":0.0018940714471442311}}