{"Mean":{"confidence_interval":{"confidence_level":0.95,"lower_bound":0.1782311442632792,"upper_bound":0.2607091706218282},"point_estimate":0.2161403518622329,"standard_error":0.021843138988403947},"Median":{"confidence_interval":{"confidence_level":0.95,"lower_bound":0.1297532894088437,"upper_bound":0.13540410386956347},"point_estimate":0.13248187812817647,"standard_error":0.0014705204116485801}}