{"Mean":{"confidence_interval":{"confidence_level":0.95,"lower_bound":-0.16493442751599957,"upper_bound":-0.15838762960672054},"point_estimate":-0.161508171364943,"standard_error":0.0016775822414115662},"Median":{"confidence_interval":{"confidence_level":0.95,"lower_bound":-0.1644042984440054,"upper_bound":-0.15698833252100686},"point_estimate":-0.1605246043795837,"standard_error":0.002029346591962828}}