{"Mean":{"confidence_interval":{"confidence_level":0.95,"lower_bound":-0.005709461692728626,"upper_bound":0.0017598535860046502},"point_estimate":-0.0019084183641882024,"standard_error":0.0018981394974309036},"Median":{"confidence_interval":{"confidence_level":0.95,"lower_bound":-0.004314433788044969,"upper_bound":-0.0002558852354774634},"point_estimate":-0.0018380364992233167,"standard_error":0.0010552515440512933}}