{"Mean":{"confidence_interval":{"confidence_level":0.95,"lower_bound":0.05587031227841577,"upper_bound":0.06604769179545383},"point_estimate":0.060769818039406065,"standard_error":0.0025631217602049942},"Median":{"confidence_interval":{"confidence_level":0.95,"lower_bound":0.0531573805073979,"upper_bound":0.060833919234630995},"point_estimate":0.05672434916335045,"standard_error":0.00190346280435595}}