{"Mean":{"confidence_interval":{"confidence_level":0.95,"lower_bound":-0.1988455489512817,"upper_bound":-0.1907702054619748},"point_estimate":-0.19464646177685296,"standard_error":0.00205401196110063},"Median":{"confidence_interval":{"confidence_level":0.95,"lower_bound":-0.19581522344700775,"upper_bound":-0.18755747612420015},"point_estimate":-0.19136775109605164,"standard_error":0.002114569317916732}}