{"Mean":{"confidence_interval":{"confidence_level":0.95,"lower_bound":9314472.781897012,"upper_bound":9365935.599580502},"point_estimate":9340140.84278686,"standard_error":13120.551473123107},"Median":{"confidence_interval":{"confidence_level":0.95,"lower_bound":9304617.303030303,"upper_bound":9356760.323529411},"point_estimate":9327287.78773585,"standard_error":13574.877902065171},"MedianAbsDev":{"confidence_interval":{"confidence_level":0.95,"lower_bound":89566.3397225564,"upper_bound":145259.50073050428},"point_estimate":118451.1267993049,"standard_error":14134.255634676447},"Slope":{"confidence_interval":{"confidence_level":0.95,"lower_bound":9365161.834749289,"upper_bound":9422936.178491361},"point_estimate":9393685.105913995,"standard_error":14801.049779725725},"StdDev":{"confidence_interval":{"confidence_level":0.95,"lower_bound":109226.86686227459,"upper_bound":152508.6928865587},"point_estimate":131807.7122020005,"standard_error":11084.388618132649}}