{"Mean":{"confidence_interval":{"confidence_level":0.95,"lower_bound":-0.025175477702355124,"upper_bound":-0.021343385335080928},"point_estimate":-0.023158850434066625,"standard_error":0.0009803274964932495},"Median":{"confidence_interval":{"confidence_level":0.95,"lower_bound":-0.025482890187500495,"upper_bound":-0.02068927214146621},"point_estimate":-0.022097798717864547,"standard_error":0.0012106240737334022}}