{"Mean":{"confidence_interval":{"confidence_level":0.95,"lower_bound":-0.04751868530747872,"upper_bound":-0.03645140879248886},"point_estimate":-0.04126234211723012,"standard_error":0.0028517502216955045},"Median":{"confidence_interval":{"confidence_level":0.95,"lower_bound":-0.04156205200715979,"upper_bound":-0.03525330098215653},"point_estimate":-0.03785372619893301,"standard_error":0.0015839107686141404}}