{"Mean":{"confidence_interval":{"confidence_level":0.95,"lower_bound":-0.0009113691091486933,"upper_bound":0.010347211661485698},"point_estimate":0.004195684618226725,"standard_error":0.002954284014682365},"Median":{"confidence_interval":{"confidence_level":0.95,"lower_bound":-0.0016090742527871127,"upper_bound":0.004022698688117554},"point_estimate":0.00047950494190462933,"standard_error":0.0013755821391724524}}