{"Mean":{"confidence_interval":{"confidence_level":0.95,"lower_bound":37.65085501388652,"upper_bound":38.09783424662888},"point_estimate":37.85933582184564,"standard_error":0.11427045104297474},"Median":{"confidence_interval":{"confidence_level":0.95,"lower_bound":37.39656607047372,"upper_bound":37.44763425253991},"point_estimate":37.418951535464885,"standard_error":0.012145083322641505},"MedianAbsDev":{"confidence_interval":{"confidence_level":0.95,"lower_bound":0.08796757646163886,"upper_bound":0.16560444521008552},"point_estimate":0.11942208572676301,"standard_error":0.01853307665030467},"Slope":{"confidence_interval":{"confidence_level":0.95,"lower_bound":37.59657813941269,"upper_bound":37.97876726605836},"point_estimate":37.7732010223826,"standard_error":0.09807467265649851},"StdDev":{"confidence_interval":{"confidence_level":0.95,"lower_bound":0.7656653294578911,"upper_bound":1.463679884354648},"point_estimate":1.1538220617641917,"standard_error":0.17807189933613113}}