{"Mean":{"confidence_interval":{"confidence_level":0.95,"lower_bound":23906.655278310573,"upper_bound":23986.16897718125},"point_estimate":23944.216459997522,"standard_error":20.28712246649543},"Median":{"confidence_interval":{"confidence_level":0.95,"lower_bound":23887.294538361508,"upper_bound":23997.376431977213},"point_estimate":23943.32256176853,"standard_error":23.953402882020175},"MedianAbsDev":{"confidence_interval":{"confidence_level":0.95,"lower_bound":5.214733720812238,"upper_bound":124.24672982279154},"point_estimate":62.85002848106755,"standard_error":29.91391457458479},"Slope":{"confidence_interval":{"confidence_level":0.95,"lower_bound":23900.70850094691,"upper_bound":23978.240194309477},"point_estimate":23931.13784473004,"standard_error":20.11345098499586},"StdDev":{"confidence_interval":{"confidence_level":0.95,"lower_bound":30.981293339565678,"upper_bound":85.65244745161269},"point_estimate":67.48141396242575,"standard_error":14.11124268126179}}