{"Mean":{"confidence_interval":{"confidence_level":0.95,"lower_bound":22789.185341093635,"upper_bound":22924.24651596297},"point_estimate":22853.185254616135,"standard_error":34.3811406364107},"Median":{"confidence_interval":{"confidence_level":0.95,"lower_bound":22703.729490763246,"upper_bound":22836.415311004785},"point_estimate":22755.473536036036,"standard_error":37.54215509662529},"MedianAbsDev":{"confidence_interval":{"confidence_level":0.95,"lower_bound":180.5900773373649,"upper_bound":339.17268264310025},"point_estimate":252.70340669353658,"standard_error":43.030223581045306},"Slope":{"confidence_interval":{"confidence_level":0.95,"lower_bound":22722.09719629261,"upper_bound":22819.705682988802},"point_estimate":22768.040946034904,"standard_error":24.93717162583713},"StdDev":{"confidence_interval":{"confidence_level":0.95,"lower_bound":251.11769862439226,"upper_bound":447.35834250422147},"point_estimate":344.9570227284855,"standard_error":52.479156800603306}}