{"Mean":{"confidence_interval":{"confidence_level":0.95,"lower_bound":22788.534137746596,"upper_bound":22924.069945035615},"point_estimate":22854.148139807545,"standard_error":34.608714493525696},"Median":{"confidence_interval":{"confidence_level":0.95,"lower_bound":22658.809149184148,"upper_bound":22833.92454013378},"point_estimate":22738.919141272996,"standard_error":38.284338556120304},"MedianAbsDev":{"confidence_interval":{"confidence_level":0.95,"lower_bound":183.3880081049166,"upper_bound":369.42364193848545},"point_estimate":252.7796282128908,"standard_error":44.824943170462554},"Slope":{"confidence_interval":{"confidence_level":0.95,"lower_bound":22846.074191967567,"upper_bound":23038.880264090534},"point_estimate":22941.962288445262,"standard_error":49.27150290553695},"StdDev":{"confidence_interval":{"confidence_level":0.95,"lower_bound":279.1648396846045,"upper_bound":413.97100206006996},"point_estimate":347.865131381078,"standard_error":34.506268918682125}}