{"Mean":{"confidence_interval":{"confidence_level":0.95,"lower_bound":13647.147152528578,"upper_bound":13847.723993046227},"point_estimate":13740.341209907823,"standard_error":51.459228616476196},"Median":{"confidence_interval":{"confidence_level":0.95,"lower_bound":13544.519366542023,"upper_bound":13577.974541722897},"point_estimate":13564.47232072498,"standard_error":9.234705719227922},"MedianAbsDev":{"confidence_interval":{"confidence_level":0.95,"lower_bound":47.0825267321583,"upper_bound":82.89663836526576},"point_estimate":64.28647292350213,"standard_error":8.453030543274064},"Slope":{"confidence_interval":{"confidence_level":0.95,"lower_bound":13651.32901858819,"upper_bound":13886.131022473217},"point_estimate":13757.689963794886,"standard_error":60.23002325294778},"StdDev":{"confidence_interval":{"confidence_level":0.95,"lower_bound":325.4236248849128,"upper_bound":677.913002637927},"point_estimate":517.8164440683764,"standard_error":90.32083822798192}}