{"Mean":{"confidence_interval":{"confidence_level":0.95,"lower_bound":8958058.161712114,"upper_bound":9026063.517431634},"point_estimate":8990747.307632666,"standard_error":17363.635414459437},"Median":{"confidence_interval":{"confidence_level":0.95,"lower_bound":8924309.444444444,"upper_bound":8992857.04017857},"point_estimate":8948542.848837208,"standard_error":16755.334375614642},"MedianAbsDev":{"confidence_interval":{"confidence_level":0.95,"lower_bound":99233.11230618917,"upper_bound":162975.44553117573},"point_estimate":123688.75889499339,"standard_error":15861.638388856787},"Slope":{"confidence_interval":{"confidence_level":0.95,"lower_bound":8949907.155538913,"upper_bound":9034478.288817976},"point_estimate":8990205.517543964,"standard_error":21711.587515102416},"StdDev":{"confidence_interval":{"confidence_level":0.95,"lower_bound":132936.27517883366,"upper_bound":213471.94351231467},"point_estimate":174454.04943361826,"standard_error":20650.845114748055}}