{"Mean":{"confidence_interval":{"confidence_level":0.95,"lower_bound":638.2925139344379,"upper_bound":642.9209923769889},"point_estimate":640.115447151328,"standard_error":1.2188107923188352},"Median":{"confidence_interval":{"confidence_level":0.95,"lower_bound":637.2918169934641,"upper_bound":638.7647555476092},"point_estimate":637.8886704681872,"standard_error":0.4105759160551214},"MedianAbsDev":{"confidence_interval":{"confidence_level":0.95,"lower_bound":2.4092716157528242,"upper_bound":4.254513239895401},"point_estimate":3.3649660430525916,"standard_error":0.47753813140770884},"Slope":{"confidence_interval":{"confidence_level":0.95,"lower_bound":638.4157117702455,"upper_bound":640.0329443307264},"point_estimate":639.1869119612576,"standard_error":0.41240726784448684},"StdDev":{"confidence_interval":{"confidence_level":0.95,"lower_bound":3.576404198315024,"upper_bound":20.082349631993953},"point_estimate":12.256458507026856,"standard_error":5.279912255719328}}