{"Mean":{"confidence_interval":{"confidence_level":0.95,"lower_bound":653.7480508628165,"upper_bound":658.0893552927404},"point_estimate":655.5917972453352,"standard_error":1.1207667386589715},"Median":{"confidence_interval":{"confidence_level":0.95,"lower_bound":651.6183369613752,"upper_bound":654.709970399103},"point_estimate":652.56755525787,"standard_error":0.7925212286241953},"MedianAbsDev":{"confidence_interval":{"confidence_level":0.95,"lower_bound":3.2017654445968025,"upper_bound":6.181612760120318},"point_estimate":4.2765714238176535,"standard_error":0.7183064037170103},"Slope":{"confidence_interval":{"confidence_level":0.95,"lower_bound":652.9683554897814,"upper_bound":654.9720235954923},"point_estimate":653.9322577011028,"standard_error":0.5107830936880529},"StdDev":{"confidence_interval":{"confidence_level":0.95,"lower_bound":4.822486072448546,"upper_bound":17.44768140428875},"point_estimate":11.206518667997566,"standard_error":3.7688074466370463}}