{"Mean":{"confidence_interval":{"confidence_level":0.95,"lower_bound":651.8505257912826,"upper_bound":655.9997805820963},"point_estimate":653.6459936183168,"standard_error":1.0663770742857819},"Median":{"confidence_interval":{"confidence_level":0.95,"lower_bound":650.075008095855,"upper_bound":652.6278086305296},"point_estimate":650.9612505094021,"standard_error":0.6148262396907138},"MedianAbsDev":{"confidence_interval":{"confidence_level":0.95,"lower_bound":3.775259832488983,"upper_bound":6.381910634729525},"point_estimate":4.871334054402409,"standard_error":0.6350549871511634},"Slope":{"confidence_interval":{"confidence_level":0.95,"lower_bound":651.0583291889393,"upper_bound":653.4855809479473},"point_estimate":652.2308116365538,"standard_error":0.6186719544481026},"StdDev":{"confidence_interval":{"confidence_level":0.95,"lower_bound":5.243080641834952,"upper_bound":16.292166876903654},"point_estimate":10.689835649019827,"standard_error":3.352422650383641}}