{"Mean":{"confidence_interval":{"confidence_level":0.95,"lower_bound":637.5149404567346,"upper_bound":656.2655084063549},"point_estimate":645.9189061930139,"standard_error":4.81972222634238},"Median":{"confidence_interval":{"confidence_level":0.95,"lower_bound":627.8791581483066,"upper_bound":629.7224788787056},"point_estimate":628.5857097010819,"standard_error":0.4724809984308893},"MedianAbsDev":{"confidence_interval":{"confidence_level":0.95,"lower_bound":2.0916302860377183,"upper_bound":4.360098544312205},"point_estimate":2.996923125418171,"standard_error":0.5888200679778952},"Slope":{"confidence_interval":{"confidence_level":0.95,"lower_bound":634.544074372324,"upper_bound":646.1574490054592},"point_estimate":640.0042340471665,"standard_error":2.9703671962517935},"StdDev":{"confidence_interval":{"confidence_level":0.95,"lower_bound":25.77443741910887,"upper_bound":69.67886119378102},"point_estimate":48.35599846790756,"standard_error":11.728447129326906}}