{"Mean":{"confidence_interval":{"confidence_level":0.95,"lower_bound":488.9521797072907,"upper_bound":492.9366402415139},"point_estimate":490.6285291670522,"standard_error":1.0298098783502667},"Median":{"confidence_interval":{"confidence_level":0.95,"lower_bound":487.7359811464615,"upper_bound":488.71176572175756},"point_estimate":488.2452421957647,"standard_error":0.23332758882576882},"MedianAbsDev":{"confidence_interval":{"confidence_level":0.95,"lower_bound":1.1750632194840187,"upper_bound":2.2569625234113975},"point_estimate":1.7045495582482342,"standard_error":0.2642362561596982},"Slope":{"confidence_interval":{"confidence_level":0.95,"lower_bound":488.5661425292854,"upper_bound":493.5965241756771},"point_estimate":490.5680884909191,"standard_error":1.3225919467730516},"StdDev":{"confidence_interval":{"confidence_level":0.95,"lower_bound":3.114499862194866,"upper_bound":16.203758076648743},"point_estimate":10.316687750981828,"standard_error":3.5044758921783714}}