{"Mean":{"confidence_interval":{"confidence_level":0.95,"lower_bound":0.024945636027722918,"upper_bound":0.03260359913566526},"point_estimate":0.02856343869876321,"standard_error":0.001966906796841174},"Median":{"confidence_interval":{"confidence_level":0.95,"lower_bound":0.02524956379888568,"upper_bound":0.0320736925304097},"point_estimate":0.02970779726461914,"standard_error":0.0018259785812180364}}