{"Mean":{"confidence_interval":{"confidence_level":0.95,"lower_bound":-0.006793121755006345,"upper_bound":0.001875372329108349},"point_estimate":-0.002469136172276065,"standard_error":0.002181641717763431},"Median":{"confidence_interval":{"confidence_level":0.95,"lower_bound":-0.005539866171261292,"upper_bound":-0.0001335027745608552},"point_estimate":-0.0035694379038203605,"standard_error":0.0014988220874608742}}