{"Mean":{"confidence_interval":{"confidence_level":0.95,"lower_bound":-0.02691671193468957,"upper_bound":-0.018480015695326993},"point_estimate":-0.02259500982077467,"standard_error":0.002146332927979604},"Median":{"confidence_interval":{"confidence_level":0.95,"lower_bound":-0.026580170180982465,"upper_bound":-0.01777967569918193},"point_estimate":-0.022352836537609888,"standard_error":0.0019295660274529522}}