{"Mean":{"confidence_interval":{"confidence_level":0.95,"lower_bound":675.0024621207681,"upper_bound":679.0484660210395},"point_estimate":676.7461812869492,"standard_error":1.0478420503253105},"Median":{"confidence_interval":{"confidence_level":0.95,"lower_bound":673.8901933050448,"upper_bound":675.4981741534906},"point_estimate":674.9792212285745,"standard_error":0.38189492515180123},"MedianAbsDev":{"confidence_interval":{"confidence_level":0.95,"lower_bound":2.8606720096529976,"upper_bound":4.2673088933683125},"point_estimate":3.6205611878560284,"standard_error":0.3648767845951422},"Slope":{"confidence_interval":{"confidence_level":0.95,"lower_bound":674.1520098149318,"upper_bound":675.9304744921822},"point_estimate":675.0200355793818,"standard_error":0.454473400723292},"StdDev":{"confidence_interval":{"confidence_level":0.95,"lower_bound":4.305903891579605,"upper_bound":16.213793822132512},"point_estimate":10.545633507271852,"standard_error":3.3618216671426926}}