{"Mean":{"confidence_interval":{"confidence_level":0.95,"lower_bound":668.9984663486357,"upper_bound":672.7632079646017},"point_estimate":670.6502996207333,"standard_error":0.9783357740245511},"Median":{"confidence_interval":{"confidence_level":0.95,"lower_bound":668.4665542035398,"upper_bound":672.3289177728614},"point_estimate":669.3681692477876,"standard_error":1.015408089144409},"MedianAbsDev":{"confidence_interval":{"confidence_level":0.95,"lower_bound":0.3256280462101243,"upper_bound":4.527485569510413},"point_estimate":1.485661389553414,"standard_error":1.1077924801443402},"Slope":{"confidence_interval":{"confidence_level":0.95,"lower_bound":669.1457716971996,"upper_bound":675.5906184541263},"point_estimate":672.4506074014481,"standard_error":1.7614785707557223},"StdDev":{"confidence_interval":{"confidence_level":0.95,"lower_bound":0.8349347135345538,"upper_bound":4.570875609768775},"point_estimate":3.257436993791542,"standard_error":1.0009157262117094}}