{"Mean":{"confidence_interval":{"confidence_level":0.95,"lower_bound":4229.140612163274,"upper_bound":4425.306312025591},"point_estimate":4316.03001154819,"standard_error":50.48824297199343},"Median":{"confidence_interval":{"confidence_level":0.95,"lower_bound":4166.325142450142,"upper_bound":4181.646011396011},"point_estimate":4172.700641025642,"standard_error":4.1949758758357065},"MedianAbsDev":{"confidence_interval":{"confidence_level":0.95,"lower_bound":15.525453043650828,"upper_bound":35.28476973562331},"point_estimate":23.46654098118395,"standard_error":5.638783636982888},"Slope":{"confidence_interval":{"confidence_level":0.95,"lower_bound":4197.391529646569,"upper_bound":4284.260250701909},"point_estimate":4235.915479255159,"standard_error":22.35190946876205},"StdDev":{"confidence_interval":{"confidence_level":0.95,"lower_bound":176.75672082372392,"upper_bound":725.4748480889446},"point_estimate":507.25044384432556,"standard_error":132.56937213092536}}