{"Mean":{"confidence_interval":{"confidence_level":0.95,"lower_bound":4174.734382262486,"upper_bound":4198.013440596137},"point_estimate":4183.834188238993,"standard_error":6.398821772478862},"Median":{"confidence_interval":{"confidence_level":0.95,"lower_bound":4172.805900312953,"upper_bound":4185.938544767575},"point_estimate":4177.091347988703,"standard_error":3.4655923082841116},"MedianAbsDev":{"confidence_interval":{"confidence_level":0.95,"lower_bound":1.7771904722268617,"upper_bound":15.061085648000278},"point_estimate":7.544828027261629,"standard_error":3.7531928436622435},"Slope":{"confidence_interval":{"confidence_level":0.95,"lower_bound":4172.8300075613915,"upper_bound":4184.38243396128},"point_estimate":4178.527993600172,"standard_error":3.005571046127638},"StdDev":{"confidence_interval":{"confidence_level":0.95,"lower_bound":3.4863615146298845,"upper_bound":32.434429053531574},"point_estimate":21.321613997882174,"standard_error":9.52018526647188}}