{"Mean":{"confidence_interval":{"confidence_level":0.95,"lower_bound":138.97068338612854,"upper_bound":139.71161188441212},"point_estimate":139.29922205097597,"standard_error":0.18981589217798828},"Median":{"confidence_interval":{"confidence_level":0.95,"lower_bound":138.63324358370465,"upper_bound":139.2906926254518},"point_estimate":138.89858118574847,"standard_error":0.1660727629924126},"MedianAbsDev":{"confidence_interval":{"confidence_level":0.95,"lower_bound":0.848111570847757,"upper_bound":1.344280581785884},"point_estimate":1.087853418230744,"standard_error":0.1296720079360323},"Slope":{"confidence_interval":{"confidence_level":0.95,"lower_bound":138.9818483376486,"upper_bound":139.47632177032156},"point_estimate":139.2207832721679,"standard_error":0.1262437200782981},"StdDev":{"confidence_interval":{"confidence_level":0.95,"lower_bound":1.0350128805366117,"upper_bound":2.8328099807311684},"point_estimate":1.90968637721164,"standard_error":0.5329003421786165}}