{"Mean":{"confidence_interval":{"confidence_level":0.95,"lower_bound":143.12255765215775,"upper_bound":143.793754824553},"point_estimate":143.4228097497499,"standard_error":0.1721911840204715},"Median":{"confidence_interval":{"confidence_level":0.95,"lower_bound":142.93201823429095,"upper_bound":143.27116942014902},"point_estimate":143.09993191032152,"standard_error":0.1014512883117144},"MedianAbsDev":{"confidence_interval":{"confidence_level":0.95,"lower_bound":0.6736724156448097,"upper_bound":1.3690662397351776},"point_estimate":0.9270049616936064,"standard_error":0.1861476213297173},"Slope":{"confidence_interval":{"confidence_level":0.95,"lower_bound":142.84463368964447,"upper_bound":143.1010271244598},"point_estimate":142.97089807402915,"standard_error":0.06512863228847378},"StdDev":{"confidence_interval":{"confidence_level":0.95,"lower_bound":1.0122149041229944,"upper_bound":2.5240745547160506},"point_estimate":1.7265494948104183,"standard_error":0.4575591801621245}}