{"Mean":{"confidence_interval":{"confidence_level":0.95,"lower_bound":172.1053574835629,"upper_bound":172.6804061763534},"point_estimate":172.36393819170837,"standard_error":0.1473257783431598},"Median":{"confidence_interval":{"confidence_level":0.95,"lower_bound":171.82629052436903,"upper_bound":172.04002159279946},"point_estimate":171.91741497939142,"standard_error":0.059817313591591405},"MedianAbsDev":{"confidence_interval":{"confidence_level":0.95,"lower_bound":0.3105121126335174,"upper_bound":0.6037526739345745},"point_estimate":0.4202691923888089,"standard_error":0.07213739219921635},"Slope":{"confidence_interval":{"confidence_level":0.95,"lower_bound":172.21786765271233,"upper_bound":172.7943369265365},"point_estimate":172.4893014790587,"standard_error":0.1476026235723889},"StdDev":{"confidence_interval":{"confidence_level":0.95,"lower_bound":0.7377635110075959,"upper_bound":2.0970745542407485},"point_estimate":1.4800564933945404,"standard_error":0.347739587248334}}