{"Mean":{"confidence_interval":{"confidence_level":0.95,"lower_bound":168.25062534838173,"upper_bound":169.4937907319844},"point_estimate":168.82597030300664,"standard_error":0.3186161602065435},"Median":{"confidence_interval":{"confidence_level":0.95,"lower_bound":167.62853248916548,"upper_bound":168.80719044975015},"point_estimate":167.99452676753657,"standard_error":0.3161408069010925},"MedianAbsDev":{"confidence_interval":{"confidence_level":0.95,"lower_bound":1.6072759370465168,"upper_bound":2.6340687624264536},"point_estimate":2.060521833311802,"standard_error":0.2482191491189835},"Slope":{"confidence_interval":{"confidence_level":0.95,"lower_bound":168.59989029877818,"upper_bound":169.77782663856541},"point_estimate":169.1874822182675,"standard_error":0.3008296914445852},"StdDev":{"confidence_interval":{"confidence_level":0.95,"lower_bound":1.9828675104422784,"upper_bound":4.377825788740524},"point_estimate":3.2027103406577053,"standard_error":0.632299095117966}}