{"Mean":{"confidence_interval":{"confidence_level":0.95,"lower_bound":327.20046014368495,"upper_bound":328.93349950679084},"point_estimate":327.95221382619354,"standard_error":0.44573874903519645},"Median":{"confidence_interval":{"confidence_level":0.95,"lower_bound":326.75069283427183,"upper_bound":327.9090508968315},"point_estimate":327.248405821421,"standard_error":0.2955219165284476},"MedianAbsDev":{"confidence_interval":{"confidence_level":0.95,"lower_bound":1.8231863498115668,"upper_bound":2.785788317481556},"point_estimate":2.375516005447853,"standard_error":0.24280523616786287},"Slope":{"confidence_interval":{"confidence_level":0.95,"lower_bound":327.13991260106434,"upper_bound":328.1106783801045},"point_estimate":327.61156174042407,"standard_error":0.24719645165618215},"StdDev":{"confidence_interval":{"confidence_level":0.95,"lower_bound":2.0307975165356424,"upper_bound":6.862266307374681},"point_estimate":4.481120584260796,"standard_error":1.4001850969789542}}