{"Mean":{"confidence_interval":{"confidence_level":0.95,"lower_bound":-0.011012817446250083,"upper_bound":0.0009385293840360459},"point_estimate":-0.005330579713213823,"standard_error":0.0030643520907579678},"Median":{"confidence_interval":{"confidence_level":0.95,"lower_bound":-0.014267085287574033,"upper_bound":0.0021017649397068183},"point_estimate":-0.005704156189987986,"standard_error":0.004046891754908537}}