{"Mean":{"confidence_interval":{"confidence_level":0.95,"lower_bound":-0.015543929225245815,"upper_bound":-0.011966675242141242},"point_estimate":-0.013763945480521844,"standard_error":0.0009100279279093021},"Median":{"confidence_interval":{"confidence_level":0.95,"lower_bound":-0.014598255436526042,"upper_bound":-0.011157777307264971},"point_estimate":-0.013302855168106476,"standard_error":0.0008801569904443486}}