{"Mean":{"confidence_interval":{"confidence_level":0.95,"lower_bound":0.013921827901526468,"upper_bound":0.01748097769836058},"point_estimate":0.015647741596367837,"standard_error":0.0009002341026693259},"Median":{"confidence_interval":{"confidence_level":0.95,"lower_bound":0.0124551960056547,"upper_bound":0.015460982937165468},"point_estimate":0.014221225113426827,"standard_error":0.000771343547426354}}