{"Mean":{"confidence_interval":{"confidence_level":0.95,"lower_bound":-0.011103570257341884,"upper_bound":-0.00704225961919308},"point_estimate":-0.009048501719158275,"standard_error":0.0010406022534628894},"Median":{"confidence_interval":{"confidence_level":0.95,"lower_bound":-0.009275707433787916,"upper_bound":-0.004412967701703963},"point_estimate":-0.007313865520877871,"standard_error":0.001252602702758571}}