{"Mean":{"confidence_interval":{"confidence_level":0.95,"lower_bound":365050.48056615435,"upper_bound":372172.48672684113},"point_estimate":368336.80630596465,"standard_error":1825.0365862111776},"Median":{"confidence_interval":{"confidence_level":0.95,"lower_bound":361125.484006734,"upper_bound":362444.77237237233},"point_estimate":361631.4,"standard_error":332.5015384181574},"MedianAbsDev":{"confidence_interval":{"confidence_level":0.95,"lower_bound":1708.8704023887,"upper_bound":3479.1384105599577},"point_estimate":2266.0187431034556,"standard_error":481.4308062800343},"Slope":{"confidence_interval":{"confidence_level":0.95,"lower_bound":364305.41594090563,"upper_bound":369894.2260184101},"point_estimate":366933.3904014581,"standard_error":1436.4944191597126},"StdDev":{"confidence_interval":{"confidence_level":0.95,"lower_bound":10992.805501508716,"upper_bound":24430.00124161665},"point_estimate":18344.374124734582,"standard_error":3431.543404883331}}