{"Mean":{"confidence_interval":{"confidence_level":0.95,"lower_bound":361420.09623020474,"upper_bound":365378.5806612215},"point_estimate":363264.8289611613,"standard_error":1012.4173093953046},"Median":{"confidence_interval":{"confidence_level":0.95,"lower_bound":359008.768115942,"upper_bound":361647.6901132284},"point_estimate":360538.25019425014,"standard_error":639.7671348859449},"MedianAbsDev":{"confidence_interval":{"confidence_level":0.95,"lower_bound":4376.850808104321,"upper_bound":7777.252259889088},"point_estimate":6100.245394277591,"standard_error":904.4599030456285},"Slope":{"confidence_interval":{"confidence_level":0.95,"lower_bound":359827.46454188984,"upper_bound":362746.71979666373},"point_estimate":361210.80820452195,"standard_error":744.9537671119385},"StdDev":{"confidence_interval":{"confidence_level":0.95,"lower_bound":6647.229917413565,"upper_bound":13431.405679063937},"point_estimate":10184.893684925913,"standard_error":1748.5244029830126}}