{"Mean":{"confidence_interval":{"confidence_level":0.95,"lower_bound":359684.27726347017,"upper_bound":362028.9903164534},"point_estimate":360825.3993711131,"standard_error":599.4481348971834},"Median":{"confidence_interval":{"confidence_level":0.95,"lower_bound":357476.3076923077,"upper_bound":360327.39199814986},"point_estimate":358812.47220117843,"standard_error":782.8310052734078},"MedianAbsDev":{"confidence_interval":{"confidence_level":0.95,"lower_bound":3278.460757151026,"upper_bound":6092.932781108784},"point_estimate":4750.516996816617,"standard_error":756.8070232651877},"Slope":{"confidence_interval":{"confidence_level":0.95,"lower_bound":359535.03842378414,"upper_bound":362205.9693606203},"point_estimate":360788.943806709,"standard_error":680.7873684038873},"StdDev":{"confidence_interval":{"confidence_level":0.95,"lower_bound":4993.113466334777,"upper_bound":6906.382053921783},"point_estimate":6037.260826149331,"standard_error":489.19253135974407}}