{"Mean":{"confidence_interval":{"confidence_level":0.95,"lower_bound":50.855716944118875,"upper_bound":51.02434787807431},"point_estimate":50.9375838222407,"standard_error":0.04349442765235845},"Median":{"confidence_interval":{"confidence_level":0.95,"lower_bound":50.81536813176032,"upper_bound":51.09778742333696},"point_estimate":50.9087767736679,"standard_error":0.07354156024674931},"MedianAbsDev":{"confidence_interval":{"confidence_level":0.95,"lower_bound":0.012366937757656167,"upper_bound":0.2398074566775789},"point_estimate":0.13878660656293945,"standard_error":0.059375846072921075},"Slope":{"confidence_interval":{"confidence_level":0.95,"lower_bound":50.826032571971695,"upper_bound":51.05088432614951},"point_estimate":50.94485002154334,"standard_error":0.05953781074749225},"StdDev":{"confidence_interval":{"confidence_level":0.95,"lower_bound":0.08139063038909085,"upper_bound":0.1706102179888672},"point_estimate":0.14471462019137105,"standard_error":0.021790400800921143}}