{"Mean":{"confidence_interval":{"confidence_level":0.95,"lower_bound":145.7560410609114,"upper_bound":146.332436010806},"point_estimate":146.00157303785852,"standard_error":0.1490079404216662},"Median":{"confidence_interval":{"confidence_level":0.95,"lower_bound":145.5520841785505,"upper_bound":145.91989544658583},"point_estimate":145.74299543732423,"standard_error":0.07388106368560662},"MedianAbsDev":{"confidence_interval":{"confidence_level":0.95,"lower_bound":0.536550600489053,"upper_bound":0.8278133339798593},"point_estimate":0.6866397196130969,"standard_error":0.07732631455892955},"Slope":{"confidence_interval":{"confidence_level":0.95,"lower_bound":145.61828129525762,"upper_bound":145.90854196098877},"point_estimate":145.7559976034076,"standard_error":0.07398979155187686},"StdDev":{"confidence_interval":{"confidence_level":0.95,"lower_bound":0.6436331126576568,"upper_bound":2.3212909375968915},"point_estimate":1.4935618411283302,"standard_error":0.502162664656218}}