{"Mean":{"confidence_interval":{"confidence_level":0.95,"lower_bound":9838352.347410714,"upper_bound":9925614.725634921},"point_estimate":9881191.708650794,"standard_error":22285.350480273326},"Median":{"confidence_interval":{"confidence_level":0.95,"lower_bound":9844313.4375,"upper_bound":9936134.033333333},"point_estimate":9865026.3125,"standard_error":22440.089405411472},"MedianAbsDev":{"confidence_interval":{"confidence_level":0.95,"lower_bound":8986.717965454784,"upper_bound":126288.72648959474},"point_estimate":43595.605126022834,"standard_error":32007.606433963625},"Slope":{"confidence_interval":{"confidence_level":0.95,"lower_bound":9856798.981220657,"upper_bound":9960548.118421054},"point_estimate":9917599.476623377,"standard_error":25370.04411021452},"StdDev":{"confidence_interval":{"confidence_level":0.95,"lower_bound":30307.791679216745,"upper_bound":99483.85605299681},"point_estimate":74571.24240004896,"standard_error":16712.94599820462}}