{"Mean":{"confidence_interval":{"confidence_level":0.95,"lower_bound":826890.3054702269,"upper_bound":851823.718711009},"point_estimate":838326.6002639382,"standard_error":6378.70363453372},"Median":{"confidence_interval":{"confidence_level":0.95,"lower_bound":813790.3265306122,"upper_bound":817820.875},"point_estimate":815175.7094651952,"standard_error":884.4514506400182},"MedianAbsDev":{"confidence_interval":{"confidence_level":0.95,"lower_bound":4583.610586530039,"upper_bound":9595.284561077},"point_estimate":6747.253749342651,"standard_error":1172.545045645288},"Slope":{"confidence_interval":{"confidence_level":0.95,"lower_bound":827261.3912550295,"upper_bound":860421.8961935609},"point_estimate":842217.7766410522,"standard_error":8509.317671266823},"StdDev":{"confidence_interval":{"confidence_level":0.95,"lower_bound":37476.5274669768,"upper_bound":85070.60980880712},"point_estimate":63927.05438459653,"standard_error":12291.466481317393}}