{"Mean":{"confidence_interval":{"confidence_level":0.95,"lower_bound":814137.750178467,"upper_bound":817421.1918668259},"point_estimate":815715.1321022677,"standard_error":837.3957761077164},"Median":{"confidence_interval":{"confidence_level":0.95,"lower_bound":812367.6625,"upper_bound":816145.0153846154},"point_estimate":814218.9675966131,"standard_error":1148.0198558157838},"MedianAbsDev":{"confidence_interval":{"confidence_level":0.95,"lower_bound":5435.253760861276,"upper_bound":8395.149531178546},"point_estimate":7005.547042699834,"standard_error":748.3028571223471},"Slope":{"confidence_interval":{"confidence_level":0.95,"lower_bound":814807.1241881712,"upper_bound":819172.3558015922},"point_estimate":816848.8091355106,"standard_error":1113.3449763136064},"StdDev":{"confidence_interval":{"confidence_level":0.95,"lower_bound":6291.545157559268,"upper_bound":10340.21896759135},"point_estimate":8431.13261797031,"standard_error":1035.9001378811176}}