{"Mean":{"confidence_interval":{"confidence_level":0.95,"lower_bound":29.154978012490812,"upper_bound":29.285919198830076},"point_estimate":29.21185040074816,"standard_error":0.03368240626103747},"Median":{"confidence_interval":{"confidence_level":0.95,"lower_bound":29.10796085533378,"upper_bound":29.14558862306934},"point_estimate":29.128558433324635,"standard_error":0.008038261519288128},"MedianAbsDev":{"confidence_interval":{"confidence_level":0.95,"lower_bound":0.06033160192011007,"upper_bound":0.11540917043012303},"point_estimate":0.09764170879415293,"standard_error":0.014721541816620956},"Slope":{"confidence_interval":{"confidence_level":0.95,"lower_bound":29.142349612100105,"upper_bound":29.27161224616998},"point_estimate":29.200645743247797,"standard_error":0.0332901114530702},"StdDev":{"confidence_interval":{"confidence_level":0.95,"lower_bound":0.14728175983117664,"upper_bound":0.5077304526462932},"point_estimate":0.33803551877696913,"standard_error":0.09658699308584907}}