{"Mean":{"confidence_interval":{"confidence_level":0.95,"lower_bound":-0.23744847316265147,"upper_bound":-0.23234751215212962},"point_estimate":-0.23489558358136442,"standard_error":0.0012971064864512629},"Median":{"confidence_interval":{"confidence_level":0.95,"lower_bound":-0.2379555075415819,"upper_bound":-0.2322860853761567},"point_estimate":-0.23572442364022927,"standard_error":0.001404875847550597}}