{"Mean":{"confidence_interval":{"confidence_level":0.95,"lower_bound":-0.01138138995983105,"upper_bound":-0.006227686162743292},"point_estimate":-0.00886190514562657,"standard_error":0.001308011674611377},"Median":{"confidence_interval":{"confidence_level":0.95,"lower_bound":-0.01085788366884969,"upper_bound":-0.0066457120430458705},"point_estimate":-0.008312520528040213,"standard_error":0.0010927071162308817}}