{"Mean":{"confidence_interval":{"confidence_level":0.95,"lower_bound":0.13647742462145324,"upper_bound":0.14394300114623182},"point_estimate":0.14028652783060536,"standard_error":0.0018969444758605344},"Median":{"confidence_interval":{"confidence_level":0.95,"lower_bound":0.13512656416965596,"upper_bound":0.14303743097183963},"point_estimate":0.1390114742519799,"standard_error":0.0019566253645890252}}