{"Mean":{"confidence_interval":{"confidence_level":0.95,"lower_bound":102.13886671843898,"upper_bound":103.77212783526811},"point_estimate":102.8929780018599,"standard_error":0.41857767616601815},"Median":{"confidence_interval":{"confidence_level":0.95,"lower_bound":101.10561191807078,"upper_bound":101.51316324053292},"point_estimate":101.38775077799113,"standard_error":0.09457017553651889},"MedianAbsDev":{"confidence_interval":{"confidence_level":0.95,"lower_bound":0.44929230239700463,"upper_bound":0.8828550816482302},"point_estimate":0.6631599100963884,"standard_error":0.10790480397965008},"Slope":{"confidence_interval":{"confidence_level":0.95,"lower_bound":102.16577511530716,"upper_bound":104.00788279630991},"point_estimate":103.03983768782989,"standard_error":0.46964090035751355},"StdDev":{"confidence_interval":{"confidence_level":0.95,"lower_bound":2.6964706387895143,"upper_bound":5.563176685418172},"point_estimate":4.205925701922582,"standard_error":0.7359151702714897}}