{"Mean":{"confidence_interval":{"confidence_level":0.95,"lower_bound":50.752386043207885,"upper_bound":50.936955335781214},"point_estimate":50.82744069904876,"standard_error":0.04920623692909062},"Median":{"confidence_interval":{"confidence_level":0.95,"lower_bound":50.724360895735096,"upper_bound":50.843071513096604},"point_estimate":50.8000425922973,"standard_error":0.037245274588954616},"MedianAbsDev":{"confidence_interval":{"confidence_level":0.95,"lower_bound":0.018167492844509536,"upper_bound":0.1554544653423},"point_estimate":0.08966196285725132,"standard_error":0.03484351167153655},"Slope":{"confidence_interval":{"confidence_level":0.95,"lower_bound":50.75132644277275,"upper_bound":50.84512429805469},"point_estimate":50.79879564791065,"standard_error":0.02361674102924737},"StdDev":{"confidence_interval":{"confidence_level":0.95,"lower_bound":0.04484572316791506,"upper_bound":0.2461820258783195},"point_estimate":0.16355964224045527,"standard_error":0.0665205846549003}}