{"Mean":{"confidence_interval":{"confidence_level":0.95,"lower_bound":-0.01645345346551237,"upper_bound":-0.010308257919418907},"point_estimate":-0.013224961177101147,"standard_error":0.0015653357907241766},"Median":{"confidence_interval":{"confidence_level":0.95,"lower_bound":-0.015027803393121042,"upper_bound":-0.009938013276527435},"point_estimate":-0.012800379039579979,"standard_error":0.001311341939891832}}