{"Mean":{"confidence_interval":{"confidence_level":0.95,"lower_bound":-0.01647069909503166,"upper_bound":-0.01061044158030476},"point_estimate":-0.013647239527945998,"standard_error":0.001505008451904855},"Median":{"confidence_interval":{"confidence_level":0.95,"lower_bound":-0.018239224987273706,"upper_bound":-0.00996507110024114},"point_estimate":-0.013764096302724016,"standard_error":0.002242530890510867}}