{"Mean":{"confidence_interval":{"confidence_level":0.95,"lower_bound":73923.6838298048,"upper_bound":74558.15715750937},"point_estimate":74219.50581685471,"standard_error":162.04432105176195},"Median":{"confidence_interval":{"confidence_level":0.95,"lower_bound":73747.66149068323,"upper_bound":74133.80350577731},"point_estimate":73913.07924107143,"standard_error":94.91415247012769},"MedianAbsDev":{"confidence_interval":{"confidence_level":0.95,"lower_bound":806.5576740970212,"upper_bound":1290.255423783852},"point_estimate":1127.788697755533,"standard_error":125.3508834316182},"Slope":{"confidence_interval":{"confidence_level":0.95,"lower_bound":73884.52321018967,"upper_bound":74529.28964901512},"point_estimate":74186.6466222635,"standard_error":165.0845759139324},"StdDev":{"confidence_interval":{"confidence_level":0.95,"lower_bound":1044.243935729606,"upper_bound":2184.7916505782773},"point_estimate":1626.2548771341776,"standard_error":296.76989324247006}}