{"Mean":{"confidence_interval":{"confidence_level":0.95,"lower_bound":91.45174568738697,"upper_bound":91.77240988022086},"point_estimate":91.60162000860248,"standard_error":0.0822923468284198},"Median":{"confidence_interval":{"confidence_level":0.95,"lower_bound":91.38869308451697,"upper_bound":91.82109020852221},"point_estimate":91.56813270205836,"standard_error":0.09573351421056985},"MedianAbsDev":{"confidence_interval":{"confidence_level":0.95,"lower_bound":0.042280345779040836,"upper_bound":0.4558510775320842},"point_estimate":0.21032247476742116,"standard_error":0.10543460386946912},"Slope":{"confidence_interval":{"confidence_level":0.95,"lower_bound":91.34730619368256,"upper_bound":91.81545431231078},"point_estimate":91.53469645293761,"standard_error":0.1233660602302322},"StdDev":{"confidence_interval":{"confidence_level":0.95,"lower_bound":0.11711688193535429,"upper_bound":0.34787315754250103},"point_estimate":0.2747265579636271,"standard_error":0.05896321251721387}}