{"Mean":{"confidence_interval":{"confidence_level":0.95,"lower_bound":107.27413734481921,"upper_bound":113.06754980922507},"point_estimate":109.83056396977092,"standard_error":1.4929578910343775},"Median":{"confidence_interval":{"confidence_level":0.95,"lower_bound":105.47361850604271,"upper_bound":105.83198409752967},"point_estimate":105.61506156863649,"standard_error":0.06724298669911422},"MedianAbsDev":{"confidence_interval":{"confidence_level":0.95,"lower_bound":0.4109514040606641,"upper_bound":0.7270508261832603},"point_estimate":0.5048714676028244,"standard_error":0.08253679695109546},"Slope":{"confidence_interval":{"confidence_level":0.95,"lower_bound":106.30131097661847,"upper_bound":108.64529499796662},"point_estimate":107.36759077813065,"standard_error":0.6016057120799521},"StdDev":{"confidence_interval":{"confidence_level":0.95,"lower_bound":5.2695747516538,"upper_bound":21.45422906353512},"point_estimate":14.975688630394497,"standard_error":3.910110512796042}}