{"Mean":{"confidence_interval":{"confidence_level":0.95,"lower_bound":111.15558493576093,"upper_bound":111.68331044325349},"point_estimate":111.3767388772978,"standard_error":0.13664930837689784},"Median":{"confidence_interval":{"confidence_level":0.95,"lower_bound":110.92773068966747,"upper_bound":111.36910920283482},"point_estimate":111.17280934370534,"standard_error":0.13358251325789994},"MedianAbsDev":{"confidence_interval":{"confidence_level":0.95,"lower_bound":0.569382260462747,"upper_bound":0.8554121976339903},"point_estimate":0.7081231034469342,"standard_error":0.07643148146694492},"Slope":{"confidence_interval":{"confidence_level":0.95,"lower_bound":111.12864405998594,"upper_bound":111.41967647939593},"point_estimate":111.27404409766173,"standard_error":0.07434055116372433},"StdDev":{"confidence_interval":{"confidence_level":0.95,"lower_bound":0.592517454664925,"upper_bound":2.1706259847407954},"point_estimate":1.3760707837434296,"standard_error":0.5026621291801895}}