{"Mean":{"confidence_interval":{"confidence_level":0.95,"lower_bound":104.87640086360537,"upper_bound":105.60822957548572},"point_estimate":105.18985763512428,"standard_error":0.1891260769629121},"Median":{"confidence_interval":{"confidence_level":0.95,"lower_bound":104.6619602768972,"upper_bound":104.83410305759463},"point_estimate":104.72915896938076,"standard_error":0.03882393463198807},"MedianAbsDev":{"confidence_interval":{"confidence_level":0.95,"lower_bound":0.17573616414483365,"upper_bound":0.34752655021632717},"point_estimate":0.2656439022287559,"standard_error":0.04259225905579003},"Slope":{"confidence_interval":{"confidence_level":0.95,"lower_bound":104.84845179913906,"upper_bound":106.03639745299719},"point_estimate":105.29595965159365,"standard_error":0.32166977362047855},"StdDev":{"confidence_interval":{"confidence_level":0.95,"lower_bound":0.5823050709339426,"upper_bound":2.9214285482556557},"point_estimate":1.8949923712932042,"standard_error":0.6039588087600752}}