{"Mean":{"confidence_interval":{"confidence_level":0.95,"lower_bound":111.2531549011297,"upper_bound":112.08068176312555},"point_estimate":111.5880672389575,"standard_error":0.21619925525970268},"Median":{"confidence_interval":{"confidence_level":0.95,"lower_bound":110.88981490802598,"upper_bound":111.36351208271051},"point_estimate":111.13126898596846,"standard_error":0.12166902334484207},"MedianAbsDev":{"confidence_interval":{"confidence_level":0.95,"lower_bound":0.5388845666660944,"upper_bound":1.02379053206232},"point_estimate":0.8082319082647574,"standard_error":0.13112208411420684},"Slope":{"confidence_interval":{"confidence_level":0.95,"lower_bound":111.3310487437029,"upper_bound":111.81989330494196},"point_estimate":111.56407597175955,"standard_error":0.12438141532849299},"StdDev":{"confidence_interval":{"confidence_level":0.95,"lower_bound":0.8090372042143182,"upper_bound":3.4955231978075476},"point_estimate":2.1727569198292875,"standard_error":0.8753718919374306}}