{"Mean":{"confidence_interval":{"confidence_level":0.95,"lower_bound":0.00048300094393539705,"upper_bound":0.008084996801664274},"point_estimate":0.0042070251694301675,"standard_error":0.001931240929949977},"Median":{"confidence_interval":{"confidence_level":0.95,"lower_bound":0.005116131425685788,"upper_bound":0.009651985480743308},"point_estimate":0.006936269544682183,"standard_error":0.001195322500336928}}