{"Mean":{"confidence_interval":{"confidence_level":0.95,"lower_bound":-0.014042524470556619,"upper_bound":-0.00916904745595526},"point_estimate":-0.011495424879220395,"standard_error":0.001243977840859121},"Median":{"confidence_interval":{"confidence_level":0.95,"lower_bound":-0.01313861607850042,"upper_bound":-0.007520796997093052},"point_estimate":-0.010696804257551706,"standard_error":0.0014417907939277804}}