{"Mean":{"confidence_interval":{"confidence_level":0.95,"lower_bound":-0.012278683324883827,"upper_bound":-0.006516355845469142},"point_estimate":-0.00929336639673528,"standard_error":0.0014699392092324256},"Median":{"confidence_interval":{"confidence_level":0.95,"lower_bound":-0.010621728140559283,"upper_bound":-0.005070840687760203},"point_estimate":-0.007957605951478652,"standard_error":0.0014446421268336472}}