{"Mean":{"confidence_interval":{"confidence_level":0.95,"lower_bound":-0.001460226954815252,"upper_bound":0.0018986441328257106},"point_estimate":0.0003346071593632871,"standard_error":0.0008659550801754151},"Median":{"confidence_interval":{"confidence_level":0.95,"lower_bound":-0.0012188374272914526,"upper_bound":0.002845685149793331},"point_estimate":0.0004167016009863911,"standard_error":0.0011336188056904177}}