{"Mean":{"confidence_interval":{"confidence_level":0.95,"lower_bound":0.00514871741360286,"upper_bound":0.010963895455521304},"point_estimate":0.007984078288539642,"standard_error":0.0014894023092092506},"Median":{"confidence_interval":{"confidence_level":0.95,"lower_bound":0.0038605396485860144,"upper_bound":0.008764481231589683},"point_estimate":0.006000596473870301,"standard_error":0.001316546890101495}}