{"Mean":{"confidence_interval":{"confidence_level":0.95,"lower_bound":-0.008171387988168312,"upper_bound":-0.001681152788351726},"point_estimate":-0.00472665770219749,"standard_error":0.001657323393479494},"Median":{"confidence_interval":{"confidence_level":0.95,"lower_bound":-0.005569168827921467,"upper_bound":-0.0005126478378336685},"point_estimate":-0.0029662192325725645,"standard_error":0.0011783833508228175}}