{"Mean":{"confidence_interval":{"confidence_level":0.95,"lower_bound":244504.74690928907,"upper_bound":245913.26918309857},"point_estimate":245214.98491616367,"standard_error":360.70231367501987},"Median":{"confidence_interval":{"confidence_level":0.95,"lower_bound":243883.96478873238,"upper_bound":246259.22535211267},"point_estimate":245382.5870221328,"standard_error":613.6844981547765},"MedianAbsDev":{"confidence_interval":{"confidence_level":0.95,"lower_bound":256.67947079511765,"upper_bound":2039.3423659071216},"point_estimate":1541.4738098164676,"standard_error":455.57871866277077},"Slope":{"confidence_interval":{"confidence_level":0.95,"lower_bound":244496.18293378732,"upper_bound":245876.72440222732},"point_estimate":245119.05889884764,"standard_error":351.1293116883973},"StdDev":{"confidence_interval":{"confidence_level":0.95,"lower_bound":762.5865752237854,"upper_bound":1430.4881464659336},"point_estimate":1203.9912211059307,"standard_error":170.2301660015559}}