{"Mean":{"confidence_interval":{"confidence_level":0.95,"lower_bound":70813.1141202759,"upper_bound":71205.48372688163},"point_estimate":70997.69679133386,"standard_error":100.02407712272478},"Median":{"confidence_interval":{"confidence_level":0.95,"lower_bound":70563.65667175961,"upper_bound":70989.66581632654},"point_estimate":70839.14114367552,"standard_error":99.50185574110394},"MedianAbsDev":{"confidence_interval":{"confidence_level":0.95,"lower_bound":625.8021259279176,"upper_bound":1081.9643230910779},"point_estimate":851.2101029961987,"standard_error":117.92174669883083},"Slope":{"confidence_interval":{"confidence_level":0.95,"lower_bound":70823.98897333321,"upper_bound":71171.2091788206},"point_estimate":70995.20760138487,"standard_error":88.34421699320521},"StdDev":{"confidence_interval":{"confidence_level":0.95,"lower_bound":704.2400663464274,"upper_bound":1349.5066143347642},"point_estimate":1003.8375654280683,"standard_error":179.76157480349394}}