{"Mean":{"confidence_interval":{"confidence_level":0.95,"lower_bound":489.53710607249593,"upper_bound":492.33835571663224},"point_estimate":490.9065923325584,"standard_error":0.7152477013825704},"Median":{"confidence_interval":{"confidence_level":0.95,"lower_bound":489.0234555665676,"upper_bound":491.85883549925086},"point_estimate":490.25151015857284,"standard_error":0.7524573121977389},"MedianAbsDev":{"confidence_interval":{"confidence_level":0.95,"lower_bound":4.054551354421249,"upper_bound":7.221652769393373},"point_estimate":5.345426203882902,"standard_error":0.8205398528298549},"Slope":{"confidence_interval":{"confidence_level":0.95,"lower_bound":489.83767260018857,"upper_bound":492.5681503158594},"point_estimate":491.13816624665,"standard_error":0.6948678718232286},"StdDev":{"confidence_interval":{"confidence_level":0.95,"lower_bound":5.679115722591581,"upper_bound":8.523070086619091},"point_estimate":7.175376395959974,"standard_error":0.7277882333768814}}