{"Mean":{"confidence_interval":{"confidence_level":0.95,"lower_bound":-0.0007508588108032135,"upper_bound":0.00966727323271585},"point_estimate":0.004515397735552984,"standard_error":0.002642080295401054},"Median":{"confidence_interval":{"confidence_level":0.95,"lower_bound":0.0020338592469755223,"upper_bound":0.006780383843381976},"point_estimate":0.004204093831365219,"standard_error":0.001139756780007759}}