{"Mean":{"confidence_interval":{"confidence_level":0.95,"lower_bound":0.001581378844135972,"upper_bound":0.01074828771462507},"point_estimate":0.005910112672542045,"standard_error":0.002335341458174925},"Median":{"confidence_interval":{"confidence_level":0.95,"lower_bound":0.0014654117142551856,"upper_bound":0.005994462299419245},"point_estimate":0.003920862717021523,"standard_error":0.0011721286061662037}}