{"Mean":{"confidence_interval":{"confidence_level":0.95,"lower_bound":-0.038209150130531,"upper_bound":-0.02880770535670396},"point_estimate":-0.03339170175921502,"standard_error":0.0023601163125074993},"Median":{"confidence_interval":{"confidence_level":0.95,"lower_bound":-0.03653490904301304,"upper_bound":-0.030311546052917304},"point_estimate":-0.033898157641272686,"standard_error":0.001436524172338324}}