{"Mean":{"confidence_interval":{"confidence_level":0.95,"lower_bound":0.0009955795373253363,"upper_bound":0.007451858740191889},"point_estimate":0.0041115608811730375,"standard_error":0.0016383265922830835},"Median":{"confidence_interval":{"confidence_level":0.95,"lower_bound":0.0018218621799462775,"upper_bound":0.0067255800713691615},"point_estimate":0.004077657114083921,"standard_error":0.0012889348972707688}}