{"Mean":{"confidence_interval":{"confidence_level":0.95,"lower_bound":0.005268144211535764,"upper_bound":0.015060258581031835},"point_estimate":0.010099470729512339,"standard_error":0.002561975271602006},"Median":{"confidence_interval":{"confidence_level":0.95,"lower_bound":0.0038465787564132548,"upper_bound":0.015439114373246188},"point_estimate":0.008047563831669935,"standard_error":0.0029864236358108057}}