{"Mean":{"confidence_interval":{"confidence_level":0.95,"lower_bound":-0.002107657878237223,"upper_bound":0.00908386865976355},"point_estimate":0.003226998681380433,"standard_error":0.0028386719157352507},"Median":{"confidence_interval":{"confidence_level":0.95,"lower_bound":0.0015029093202298949,"upper_bound":0.006883914597609862},"point_estimate":0.004135132185960622,"standard_error":0.0013912334172355267}}