{"Mean":{"confidence_interval":{"confidence_level":0.95,"lower_bound":43289.29760123986,"upper_bound":43673.0706818293},"point_estimate":43458.23069788245,"standard_error":98.44192760810222},"Median":{"confidence_interval":{"confidence_level":0.95,"lower_bound":43104.83668478261,"upper_bound":43455.76017999065},"point_estimate":43210.228330815284,"standard_error":94.22047141519074},"MedianAbsDev":{"confidence_interval":{"confidence_level":0.95,"lower_bound":422.45994414259394,"upper_bound":648.0324972843626},"point_estimate":519.1568103901504,"standard_error":56.62379734999851},"Slope":{"confidence_interval":{"confidence_level":0.95,"lower_bound":43176.44369133956,"upper_bound":43377.32914085176},"point_estimate":43274.69822231931,"standard_error":51.38605985738857},"StdDev":{"confidence_interval":{"confidence_level":0.95,"lower_bound":517.3512787429166,"upper_bound":1473.0426293929397},"point_estimate":985.9772354076198,"standard_error":285.61426201244814}}