{"Mean":{"confidence_interval":{"confidence_level":0.95,"lower_bound":21254.426680722423,"upper_bound":21607.54408400845},"point_estimate":21417.306396411266,"standard_error":90.33500317989058},"Median":{"confidence_interval":{"confidence_level":0.95,"lower_bound":21031.504868373602,"upper_bound":21094.73837245437},"point_estimate":21061.784052982897,"standard_error":16.996419867204004},"MedianAbsDev":{"confidence_interval":{"confidence_level":0.95,"lower_bound":92.31396029990619,"upper_bound":192.40805016547495},"point_estimate":135.61259700276358,"standard_error":26.917175971368444},"Slope":{"confidence_interval":{"confidence_level":0.95,"lower_bound":21269.29048763731,"upper_bound":21620.282255427115},"point_estimate":21433.583730683007,"standard_error":89.7986906505606},"StdDev":{"confidence_interval":{"confidence_level":0.95,"lower_bound":550.7803795293063,"upper_bound":1225.676560965683},"point_estimate":908.9184149038648,"standard_error":173.27460902653533}}