{"Mean":{"confidence_interval":{"confidence_level":0.95,"lower_bound":21340.73468540616,"upper_bound":21427.63533846289},"point_estimate":21382.094443277314,"standard_error":22.251618992535718},"Median":{"confidence_interval":{"confidence_level":0.95,"lower_bound":21327.60661764706,"upper_bound":21437.972142857143},"point_estimate":21363.965823529412,"standard_error":27.1206446411077},"MedianAbsDev":{"confidence_interval":{"confidence_level":0.95,"lower_bound":9.890627918526096,"upper_bound":125.71806147393956},"point_estimate":69.5476964211631,"standard_error":28.383972919966087},"Slope":{"confidence_interval":{"confidence_level":0.95,"lower_bound":21313.476004056796,"upper_bound":21414.33304041939},"point_estimate":21353.99074407945,"standard_error":25.825020243789535},"StdDev":{"confidence_interval":{"confidence_level":0.95,"lower_bound":37.36734830794536,"upper_bound":93.65867250963389},"point_estimate":74.02614803423992,"standard_error":14.365149146028125}}