{"Mean":{"confidence_interval":{"confidence_level":0.95,"lower_bound":21508.79845307456,"upper_bound":21626.633149639587},"point_estimate":21560.903872596115,"standard_error":30.199908497693784},"Median":{"confidence_interval":{"confidence_level":0.95,"lower_bound":21477.50512214342,"upper_bound":21545.521612465134},"point_estimate":21503.835520862118,"standard_error":18.84702880439938},"MedianAbsDev":{"confidence_interval":{"confidence_level":0.95,"lower_bound":152.34767285309854,"upper_bound":234.71105536224113},"point_estimate":207.40625171596807,"standard_error":21.33047951684556},"Slope":{"confidence_interval":{"confidence_level":0.95,"lower_bound":21514.712514310948,"upper_bound":21606.72929481076},"point_estimate":21558.538718499352,"standard_error":23.565462099085522},"StdDev":{"confidence_interval":{"confidence_level":0.95,"lower_bound":164.60315888630885,"upper_bound":453.4336921478818},"point_estimate":303.69601121730415,"standard_error":88.23385423503963}}