{"Mean":{"confidence_interval":{"confidence_level":0.95,"lower_bound":737.264514748334,"upper_bound":743.9313017222356},"point_estimate":740.1223915443702,"standard_error":1.7213184550775378},"Median":{"confidence_interval":{"confidence_level":0.95,"lower_bound":734.4630667663179,"upper_bound":738.1002940511423},"point_estimate":736.4942823841046,"standard_error":1.0019086115681544},"MedianAbsDev":{"confidence_interval":{"confidence_level":0.95,"lower_bound":3.650491691482904,"upper_bound":6.892111371246906},"point_estimate":5.215847252461215,"standard_error":0.8521327168890519},"Slope":{"confidence_interval":{"confidence_level":0.95,"lower_bound":736.4096224583818,"upper_bound":739.3377419153037},"point_estimate":737.787210294485,"standard_error":0.746758847388103},"StdDev":{"confidence_interval":{"confidence_level":0.95,"lower_bound":5.544534483632201,"upper_bound":26.589190995021806},"point_estimate":17.285315734723756,"standard_error":5.565079309782651}}