{"Mean":{"confidence_interval":{"confidence_level":0.95,"lower_bound":1305.0527854585073,"upper_bound":1319.9703743375678},"point_estimate":1311.980025992866,"standard_error":3.8129945671159904},"Median":{"confidence_interval":{"confidence_level":0.95,"lower_bound":1294.513660974594,"upper_bound":1299.000379660866},"point_estimate":1295.8579689270623,"standard_error":1.0988134085993029},"MedianAbsDev":{"confidence_interval":{"confidence_level":0.95,"lower_bound":4.076000939926656,"upper_bound":9.532877268907654},"point_estimate":6.713572582424122,"standard_error":1.425229284852879},"Slope":{"confidence_interval":{"confidence_level":0.95,"lower_bound":1305.83092445222,"upper_bound":1323.0798768082186},"point_estimate":1313.9305640076038,"standard_error":4.417356301633862},"StdDev":{"confidence_interval":{"confidence_level":0.95,"lower_bound":25.934585592529285,"upper_bound":50.57257443113002},"point_estimate":38.33187804036028,"standard_error":6.430048093390549}}