{"Mean":{"confidence_interval":{"confidence_level":0.95,"lower_bound":521.0246946363084,"upper_bound":529.0754096440222},"point_estimate":524.3445687780103,"standard_error":2.0960566529270848},"Median":{"confidence_interval":{"confidence_level":0.95,"lower_bound":519.6678113463962,"upper_bound":523.0557140321517},"point_estimate":521.4847339585347,"standard_error":0.8474978656554925},"MedianAbsDev":{"confidence_interval":{"confidence_level":0.95,"lower_bound":4.99783285505652,"upper_bound":8.539375663253526},"point_estimate":6.536799506513326,"standard_error":0.9117940955535725},"Slope":{"confidence_interval":{"confidence_level":0.95,"lower_bound":520.7979311628956,"upper_bound":524.9902767274585},"point_estimate":522.7526909972958,"standard_error":1.0729106050705437},"StdDev":{"confidence_interval":{"confidence_level":0.95,"lower_bound":8.06289512906534,"upper_bound":33.7947183342311},"point_estimate":21.049956472377275,"standard_error":8.300850293956408}}