{"Mean":{"confidence_interval":{"confidence_level":0.95,"lower_bound":117.7417562868326,"upper_bound":118.7910479148211},"point_estimate":118.20597083513398,"standard_error":0.2686366161156548},"Median":{"confidence_interval":{"confidence_level":0.95,"lower_bound":117.25388902133747,"upper_bound":118.29650127623664},"point_estimate":117.96061965552866,"standard_error":0.22805838212322996},"MedianAbsDev":{"confidence_interval":{"confidence_level":0.95,"lower_bound":1.2991376436977082,"upper_bound":1.9716419701750416},"point_estimate":1.6323184950924512,"standard_error":0.17517982896225},"Slope":{"confidence_interval":{"confidence_level":0.95,"lower_bound":117.44732375023563,"upper_bound":118.21139195480126},"point_estimate":117.81452823045117,"standard_error":0.19451598048469648},"StdDev":{"confidence_interval":{"confidence_level":0.95,"lower_bound":1.4090230048670571,"upper_bound":4.0207289071384515},"point_estimate":2.6981703507830987,"standard_error":0.754914691070204}}