{"Mean":{"confidence_interval":{"confidence_level":0.95,"lower_bound":2015863.6359204932,"upper_bound":2039008.2544833997},"point_estimate":2027275.7984011155,"standard_error":5898.800344325072},"Median":{"confidence_interval":{"confidence_level":0.95,"lower_bound":2000557.1552197803,"upper_bound":2027579.164102564},"point_estimate":2015705.2960526315,"standard_error":9025.484732774066},"MedianAbsDev":{"confidence_interval":{"confidence_level":0.95,"lower_bound":41679.07097630713,"upper_bound":74502.1758127871},"point_estimate":60681.14947349631,"standard_error":8059.875162189653},"Slope":{"confidence_interval":{"confidence_level":0.95,"lower_bound":2006672.7670193692,"upper_bound":2031488.0070472467},"point_estimate":2018621.1569469485,"standard_error":6310.96375394038},"StdDev":{"confidence_interval":{"confidence_level":0.95,"lower_bound":51627.616681764586,"upper_bound":66174.18258641184},"point_estimate":59282.999656175976,"standard_error":3703.9908318900443}}