{"Mean":{"confidence_interval":{"confidence_level":0.95,"lower_bound":2196280.470127908,"upper_bound":2238799.610142851},"point_estimate":2216884.3771575973,"standard_error":10838.560077599348},"Median":{"confidence_interval":{"confidence_level":0.95,"lower_bound":2168131.3973214286,"upper_bound":2222088.7714285715},"point_estimate":2185521.43125,"standard_error":12558.142374788013},"MedianAbsDev":{"confidence_interval":{"confidence_level":0.95,"lower_bound":66963.22337116531,"upper_bound":110283.04700832027},"point_estimate":87833.80179827078,"standard_error":10852.453023351649},"Slope":{"confidence_interval":{"confidence_level":0.95,"lower_bound":2148982.109939487,"upper_bound":2172967.109737949},"point_estimate":2160406.397369588,"standard_error":6113.896664342213},"StdDev":{"confidence_interval":{"confidence_level":0.95,"lower_bound":85881.64401051939,"upper_bound":129096.77128422378},"point_estimate":108856.87742372067,"standard_error":11041.115445004936}}