{"Mean":{"confidence_interval":{"confidence_level":0.95,"lower_bound":18195763.7093869,"upper_bound":18445806.720744047},"point_estimate":18315015.19309524,"standard_error":63989.66448565285},"Median":{"confidence_interval":{"confidence_level":0.95,"lower_bound":18188118.775,"upper_bound":18470045.0},"point_estimate":18271259.083333332,"standard_error":63445.8644558616},"MedianAbsDev":{"confidence_interval":{"confidence_level":0.95,"lower_bound":28922.21434652658,"upper_bound":363624.1004043812},"point_estimate":143864.33554589932,"standard_error":83926.47550914218},"Slope":{"confidence_interval":{"confidence_level":0.95,"lower_bound":18135578.733655106,"upper_bound":18294137.024967972},"point_estimate":18217987.07012987,"standard_error":40057.58953422808},"StdDev":{"confidence_interval":{"confidence_level":0.95,"lower_bound":91401.57646457315,"upper_bound":280583.6824597337},"point_estimate":213216.9316833518,"standard_error":48139.53136361782}}