{"Mean":{"confidence_interval":{"confidence_level":0.95,"lower_bound":3963.022777915168,"upper_bound":3981.256843870793},"point_estimate":3971.8321764197963,"standard_error":4.681474078204052},"Median":{"confidence_interval":{"confidence_level":0.95,"lower_bound":3958.5778353275723,"upper_bound":3986.9287613560828},"point_estimate":3965.7577215205456,"standard_error":8.141982071590647},"MedianAbsDev":{"confidence_interval":{"confidence_level":0.95,"lower_bound":2.9786910705390977,"upper_bound":25.496045471721395},"point_estimate":14.783462246773409,"standard_error":6.1486192426161725},"Slope":{"confidence_interval":{"confidence_level":0.95,"lower_bound":3958.744313516237,"upper_bound":3984.5795240309017},"point_estimate":3970.695064474635,"standard_error":7.265131994386748},"StdDev":{"confidence_interval":{"confidence_level":0.95,"lower_bound":8.968626177828247,"upper_bound":18.201942089229842},"point_estimate":15.598116421912737,"standard_error":2.3443916805192493}}