{"Mean":{"confidence_interval":{"confidence_level":0.95,"lower_bound":32.478623954801044,"upper_bound":32.5520106438114},"point_estimate":32.51325145263319,"standard_error":0.018782766744654792},"Median":{"confidence_interval":{"confidence_level":0.95,"lower_bound":32.44349737176002,"upper_bound":32.484797009534944},"point_estimate":32.463662545991255,"standard_error":0.011184376758282608},"MedianAbsDev":{"confidence_interval":{"confidence_level":0.95,"lower_bound":0.0875582754264803,"upper_bound":0.1535571782184818},"point_estimate":0.11477974358734491,"standard_error":0.016469266273520904},"Slope":{"confidence_interval":{"confidence_level":0.95,"lower_bound":32.470366549205465,"upper_bound":32.551437032320855},"point_estimate":32.50943368872691,"standard_error":0.020710531876381732},"StdDev":{"confidence_interval":{"confidence_level":0.95,"lower_bound":0.13476644188467807,"upper_bound":0.248324969760391},"point_estimate":0.18876525961182394,"standard_error":0.030785230586184133}}