{"Mean":{"confidence_interval":{"confidence_level":0.95,"lower_bound":77.71023035220685,"upper_bound":78.34409656734226},"point_estimate":77.93769555182918,"standard_error":0.1872035179478732},"Median":{"confidence_interval":{"confidence_level":0.95,"lower_bound":77.6847375431767,"upper_bound":77.83454981542856},"point_estimate":77.73146330140423,"standard_error":0.06509259048152773},"MedianAbsDev":{"confidence_interval":{"confidence_level":0.95,"lower_bound":0.0064842029420799675,"upper_bound":0.179446979481734},"point_estimate":0.08515156429572521,"standard_error":0.06947258436659925},"Slope":{"confidence_interval":{"confidence_level":0.95,"lower_bound":77.69530047737796,"upper_bound":77.77228680419938},"point_estimate":77.72734065173299,"standard_error":0.019867654074468832},"StdDev":{"confidence_interval":{"confidence_level":0.95,"lower_bound":0.048340173510867654,"upper_bound":0.9591488487796455},"point_estimate":0.6240388950271498,"standard_error":0.3272255747526319}}