{"Mean":{"confidence_interval":{"confidence_level":0.95,"lower_bound":51.68589072759624,"upper_bound":52.5385751958429},"point_estimate":52.063558365038446,"standard_error":0.21938675395129148},"Median":{"confidence_interval":{"confidence_level":0.95,"lower_bound":51.27805807746692,"upper_bound":51.35424635220454},"point_estimate":51.293593509199084,"standard_error":0.02128783864172629},"MedianAbsDev":{"confidence_interval":{"confidence_level":0.95,"lower_bound":0.10190832896018254,"upper_bound":0.21571838502203552},"point_estimate":0.12996602932903537,"standard_error":0.02943660272035868},"Slope":{"confidence_interval":{"confidence_level":0.95,"lower_bound":51.53880157608857,"upper_bound":51.964723289709575},"point_estimate":51.737837226762345,"standard_error":0.1088772533310311},"StdDev":{"confidence_interval":{"confidence_level":0.95,"lower_bound":1.0608894971411154,"upper_bound":3.224153720238034},"point_estimate":2.1960351519141947,"standard_error":0.5701404444733132}}