{"Mean":{"confidence_interval":{"confidence_level":0.95,"lower_bound":1535426.1662702144,"upper_bound":1540777.1444188736},"point_estimate":1537844.54297364,"standard_error":1374.1233211302556},"Median":{"confidence_interval":{"confidence_level":0.95,"lower_bound":1532403.5333333334,"upper_bound":1536527.48},"point_estimate":1534670.5506684491,"standard_error":1061.8373648203074},"MedianAbsDev":{"confidence_interval":{"confidence_level":0.95,"lower_bound":4439.829455056587,"upper_bound":7031.165536231417},"point_estimate":5727.742361528957,"standard_error":680.7389177430425},"Slope":{"confidence_interval":{"confidence_level":0.95,"lower_bound":1536109.8900112053,"upper_bound":1541257.418848163},"point_estimate":1538475.9247199646,"standard_error":1317.8653358065756},"StdDev":{"confidence_interval":{"confidence_level":0.95,"lower_bound":7060.293173341272,"upper_bound":19611.38710338855},"point_estimate":13807.709290553788,"standard_error":3246.9597250755905}}