{"Mean":{"confidence_interval":{"confidence_level":0.95,"lower_bound":0.014813685395669985,"upper_bound":0.026569294733626084},"point_estimate":0.020593456856246695,"standard_error":0.003024238512072238},"Median":{"confidence_interval":{"confidence_level":0.95,"lower_bound":0.010742455311565029,"upper_bound":0.025163677843297982},"point_estimate":0.017126193220384556,"standard_error":0.0034470546619604736}}