{"Mean":{"confidence_interval":{"confidence_level":0.95,"lower_bound":-0.01693167731310277,"upper_bound":-0.005330980582271714},"point_estimate":-0.010297017024817001,"standard_error":0.0029882342843435966},"Median":{"confidence_interval":{"confidence_level":0.95,"lower_bound":-0.013185977644568636,"upper_bound":-0.003659957695417271},"point_estimate":-0.005917929393500665,"standard_error":0.0024831868305592517}}