{"Mean":{"confidence_interval":{"confidence_level":0.95,"lower_bound":89837.33813434112,"upper_bound":90369.60512729843},"point_estimate":90102.23422795851,"standard_error":136.65772796363552},"Median":{"confidence_interval":{"confidence_level":0.95,"lower_bound":89638.16845827439,"upper_bound":90509.85272277228},"point_estimate":90110.26155115513,"standard_error":260.8343764969436},"MedianAbsDev":{"confidence_interval":{"confidence_level":0.95,"lower_bound":41.56295322251751,"upper_bound":747.0346639652056},"point_estimate":661.6508245157455,"standard_error":203.38471192415167},"Slope":{"confidence_interval":{"confidence_level":0.95,"lower_bound":89659.03725312826,"upper_bound":90122.61799841956},"point_estimate":89797.7365179375,"standard_error":120.05632696008378},"StdDev":{"confidence_interval":{"confidence_level":0.95,"lower_bound":297.9417319809962,"upper_bound":531.2829138934227},"point_estimate":455.2628467264386,"standard_error":60.151802510633516}}