{"Mean":{"confidence_interval":{"confidence_level":0.95,"lower_bound":23659.36919415122,"upper_bound":23831.346283073664},"point_estimate":23740.052444091692,"standard_error":43.92532812152446},"Median":{"confidence_interval":{"confidence_level":0.95,"lower_bound":23534.59649122807,"upper_bound":23682.979864107805},"point_estimate":23618.950798862385,"standard_error":38.172426617742346},"MedianAbsDev":{"confidence_interval":{"confidence_level":0.95,"lower_bound":174.87052700395506,"upper_bound":302.92778342092356},"point_estimate":239.21259382848604,"standard_error":32.70640787602221},"Slope":{"confidence_interval":{"confidence_level":0.95,"lower_bound":23633.230293794873,"upper_bound":23783.134091584507},"point_estimate":23703.92356273794,"standard_error":38.146181463713496},"StdDev":{"confidence_interval":{"confidence_level":0.95,"lower_bound":297.5662299494825,"upper_bound":569.8464777136455},"point_estimate":442.89618237150273,"standard_error":69.6942518718224}}