{"Mean":{"confidence_interval":{"confidence_level":0.95,"lower_bound":22772.02585020929,"upper_bound":22864.127386212713},"point_estimate":22813.836185416938,"standard_error":23.564723735623033},"Median":{"confidence_interval":{"confidence_level":0.95,"lower_bound":22729.412987012987,"upper_bound":22789.93966942149},"point_estimate":22759.276882102273,"standard_error":14.748185138987047},"MedianAbsDev":{"confidence_interval":{"confidence_level":0.95,"lower_bound":88.83573528961888,"upper_bound":145.73395991699928},"point_estimate":117.17792923359652,"standard_error":14.553717198113237},"Slope":{"confidence_interval":{"confidence_level":0.95,"lower_bound":22792.396011412486,"upper_bound":22872.32088907362},"point_estimate":22829.407998172952,"standard_error":20.437304740839313},"StdDev":{"confidence_interval":{"confidence_level":0.95,"lower_bound":128.66332098837108,"upper_bound":332.5799785947914},"point_estimate":237.07897281379599,"standard_error":52.8966125551914}}