{"Mean":{"confidence_interval":{"confidence_level":0.95,"lower_bound":139181.21730194864,"upper_bound":141399.63727072332},"point_estimate":140222.56899922917,"standard_error":566.9283890106666},"Median":{"confidence_interval":{"confidence_level":0.95,"lower_bound":137707.04884759136,"upper_bound":138227.60416666666},"point_estimate":137866.19358695654,"standard_error":115.74455635497002},"MedianAbsDev":{"confidence_interval":{"confidence_level":0.95,"lower_bound":518.2420195822266,"upper_bound":1112.7717162847266},"point_estimate":735.0441430770708,"standard_error":140.51282907742223},"Slope":{"confidence_interval":{"confidence_level":0.95,"lower_bound":139151.88995507432,"upper_bound":141165.1743206431},"point_estimate":140124.17655755873,"standard_error":514.1330482960825},"StdDev":{"confidence_interval":{"confidence_level":0.95,"lower_bound":3930.826818417542,"upper_bound":7125.068178422846},"point_estimate":5690.519433654442,"standard_error":817.3921381955547}}