{"Mean":{"confidence_interval":{"confidence_level":0.95,"lower_bound":160434.11822011083,"upper_bound":161458.33951687472},"point_estimate":160908.3266231766,"standard_error":261.02079943628263},"Median":{"confidence_interval":{"confidence_level":0.95,"lower_bound":159719.25835866263,"upper_bound":160853.38040216087},"point_estimate":160456.86200828158,"standard_error":297.44021725358243},"MedianAbsDev":{"confidence_interval":{"confidence_level":0.95,"lower_bound":1313.7868668541907,"upper_bound":2177.0053745005976},"point_estimate":1810.4042153187859,"standard_error":216.41159088026387},"Slope":{"confidence_interval":{"confidence_level":0.95,"lower_bound":160276.28318917504,"upper_bound":160962.62444644337},"point_estimate":160615.41922185395,"standard_error":174.89203764435197},"StdDev":{"confidence_interval":{"confidence_level":0.95,"lower_bound":1567.3858972477653,"upper_bound":3580.8110837768622},"point_estimate":2618.4703052820432,"standard_error":524.3276429179031}}