{"Mean":{"confidence_interval":{"confidence_level":0.95,"lower_bound":529.6969060170314,"upper_bound":531.536727185992},"point_estimate":530.5787793445742,"standard_error":0.4711553971400761},"Median":{"confidence_interval":{"confidence_level":0.95,"lower_bound":528.8217588170328,"upper_bound":530.754301402756},"point_estimate":529.9243980444044,"standard_error":0.4773992371846365},"MedianAbsDev":{"confidence_interval":{"confidence_level":0.95,"lower_bound":3.5050805028453547,"upper_bound":5.332321124328442},"point_estimate":4.478322369690396,"standard_error":0.4503551182526511},"Slope":{"confidence_interval":{"confidence_level":0.95,"lower_bound":529.23695926817,"upper_bound":531.0206111480654},"point_estimate":530.1074019766647,"standard_error":0.45708857475370995},"StdDev":{"confidence_interval":{"confidence_level":0.95,"lower_bound":3.555690282404897,"upper_bound":6.008309325277565},"point_estimate":4.743583275379109,"standard_error":0.6435161106888903}}