{"Mean":{"confidence_interval":{"confidence_level":0.95,"lower_bound":591.8272075379118,"upper_bound":597.0226386540733},"point_estimate":593.8329057124586,"standard_error":1.4425364401548437},"Median":{"confidence_interval":{"confidence_level":0.95,"lower_bound":591.1574565090862,"upper_bound":593.8485116545487},"point_estimate":592.7566709421055,"standard_error":0.6928759706734265},"MedianAbsDev":{"confidence_interval":{"confidence_level":0.95,"lower_bound":0.214520605064307,"upper_bound":2.8160612738100745},"point_estimate":1.9311315561788664,"standard_error":0.8639329283857142},"Slope":{"confidence_interval":{"confidence_level":0.95,"lower_bound":592.0658387727174,"upper_bound":593.5578304221808},"point_estimate":592.7211263418079,"standard_error":0.38116582810934513},"StdDev":{"confidence_interval":{"confidence_level":0.95,"lower_bound":0.8071965967532215,"upper_bound":7.330399755814687},"point_estimate":4.805104964434257,"standard_error":2.216433378575927}}