{"Mean":{"confidence_interval":{"confidence_level":0.95,"lower_bound":530.0604954419105,"upper_bound":534.4110444863866},"point_estimate":531.8082507068514,"standard_error":1.1425056292288793},"Median":{"confidence_interval":{"confidence_level":0.95,"lower_bound":528.6388675013391,"upper_bound":530.9014783074451},"point_estimate":529.8908993921555,"standard_error":0.5459133530005507},"MedianAbsDev":{"confidence_interval":{"confidence_level":0.95,"lower_bound":3.1006742883671343,"upper_bound":5.043766199153679},"point_estimate":4.1937288930666465,"standard_error":0.5165265331409246},"Slope":{"confidence_interval":{"confidence_level":0.95,"lower_bound":530.2012443999935,"upper_bound":532.0899395910727},"point_estimate":531.1115014141615,"standard_error":0.48154885290678934},"StdDev":{"confidence_interval":{"confidence_level":0.95,"lower_bound":3.9017763554066724,"upper_bound":18.655307355826274},"point_estimate":11.505441346787666,"standard_error":4.7923179790391135}}