{"Mean":{"confidence_interval":{"confidence_level":0.95,"lower_bound":79.27527678872401,"upper_bound":79.57528324347771},"point_estimate":79.40404143197168,"standard_error":0.07705592637421291},"Median":{"confidence_interval":{"confidence_level":0.95,"lower_bound":79.18223711358702,"upper_bound":79.36322205886103},"point_estimate":79.28450345404843,"standard_error":0.04166569788648633},"MedianAbsDev":{"confidence_interval":{"confidence_level":0.95,"lower_bound":0.2853112129495968,"upper_bound":0.46070218251447054},"point_estimate":0.3841056391313137,"standard_error":0.04374484832474349},"Slope":{"confidence_interval":{"confidence_level":0.95,"lower_bound":79.30313580916318,"upper_bound":79.49471589986834},"point_estimate":79.39468095936076,"standard_error":0.048835225843189264},"StdDev":{"confidence_interval":{"confidence_level":0.95,"lower_bound":0.36998400827656946,"upper_bound":1.1868799595744812},"point_estimate":0.7716734871098907,"standard_error":0.2534721318321938}}