{"Mean":{"confidence_interval":{"confidence_level":0.95,"lower_bound":31.517413945415505,"upper_bound":31.72744588649695},"point_estimate":31.600082259677006,"standard_error":0.0557077800770772},"Median":{"confidence_interval":{"confidence_level":0.95,"lower_bound":31.475535940564843,"upper_bound":31.58882155509976},"point_estimate":31.527477697296952,"standard_error":0.022923792422543412},"MedianAbsDev":{"confidence_interval":{"confidence_level":0.95,"lower_bound":0.15203535839105115,"upper_bound":0.24764234185697603},"point_estimate":0.19073331979611305,"standard_error":0.02539770242798939},"Slope":{"confidence_interval":{"confidence_level":0.95,"lower_bound":31.523000706072388,"upper_bound":31.59757215303966},"point_estimate":31.559454492735963,"standard_error":0.01902536381928098},"StdDev":{"confidence_interval":{"confidence_level":0.95,"lower_bound":0.1807367901887269,"upper_bound":0.9242639808318944},"point_estimate":0.5626887558552716,"standard_error":0.2497895234196675}}