{"Mean":{"confidence_interval":{"confidence_level":0.95,"lower_bound":51.48388022544606,"upper_bound":51.77878838895978},"point_estimate":51.61333096063997,"standard_error":0.07627499484202029},"Median":{"confidence_interval":{"confidence_level":0.95,"lower_bound":51.406648174042445,"upper_bound":51.69911479324849},"point_estimate":51.59520097020097,"standard_error":0.08568166399955514},"MedianAbsDev":{"confidence_interval":{"confidence_level":0.95,"lower_bound":0.029740294276195404,"upper_bound":0.3699762684725189},"point_estimate":0.183303138541881,"standard_error":0.08149806565000267},"Slope":{"confidence_interval":{"confidence_level":0.95,"lower_bound":51.429707106790296,"upper_bound":51.97993588192573},"point_estimate":51.70440781518544,"standard_error":0.15285256285364104},"StdDev":{"confidence_interval":{"confidence_level":0.95,"lower_bound":0.10483535306049782,"upper_bound":0.3632342928003307},"point_estimate":0.25419368989446406,"standard_error":0.0796294169483852}}