{"Mean":{"confidence_interval":{"confidence_level":0.95,"lower_bound":31544.70255759017,"upper_bound":31728.561309294477},"point_estimate":31633.611753034784,"standard_error":46.87575055351101},"Median":{"confidence_interval":{"confidence_level":0.95,"lower_bound":31380.10763888889,"upper_bound":31635.735164141413},"point_estimate":31470.582990679824,"standard_error":63.35537619467338},"MedianAbsDev":{"confidence_interval":{"confidence_level":0.95,"lower_bound":267.86430252816575,"upper_bound":467.18856807244595},"point_estimate":358.33724270250633,"standard_error":52.261141179016995},"Slope":{"confidence_interval":{"confidence_level":0.95,"lower_bound":31534.400361903474,"upper_bound":31742.813613666458},"point_estimate":31634.451175557853,"standard_error":53.17610870564106},"StdDev":{"confidence_interval":{"confidence_level":0.95,"lower_bound":382.10061330534734,"upper_bound":557.7237245627603},"point_estimate":471.99195037616397,"standard_error":45.09146290089007}}