{"Mean":{"confidence_interval":{"confidence_level":0.95,"lower_bound":4570.077636925444,"upper_bound":4590.993721886072},"point_estimate":4579.344460680477,"standard_error":5.3723753413088},"Median":{"confidence_interval":{"confidence_level":0.95,"lower_bound":4560.694802689594,"upper_bound":4568.370281711642},"point_estimate":4565.3310089333645,"standard_error":2.083064508586428},"MedianAbsDev":{"confidence_interval":{"confidence_level":0.95,"lower_bound":9.992902783510393,"upper_bound":19.695558646747614},"point_estimate":15.498163452711115,"standard_error":2.5399493080332496},"Slope":{"confidence_interval":{"confidence_level":0.95,"lower_bound":4571.130674818858,"upper_bound":4590.846188558252},"point_estimate":4580.047815980603,"standard_error":5.0680081560376316},"StdDev":{"confidence_interval":{"confidence_level":0.95,"lower_bound":26.469878382819726,"upper_bound":79.57574690280295},"point_estimate":53.98991541039729,"standard_error":14.225710464718107}}