{"Mean":{"confidence_interval":{"confidence_level":0.95,"lower_bound":415.0717740147012,"upper_bound":417.2071527262902},"point_estimate":415.97046145138023,"standard_error":0.5534521586818265},"Median":{"confidence_interval":{"confidence_level":0.95,"lower_bound":413.73566704459563,"upper_bound":415.97422756109023},"point_estimate":415.24380690528017,"standard_error":0.6086449048641892},"MedianAbsDev":{"confidence_interval":{"confidence_level":0.95,"lower_bound":2.0489078686583664,"upper_bound":3.6578809486743307},"point_estimate":2.9859210503452327,"standard_error":0.4108468393853513},"Slope":{"confidence_interval":{"confidence_level":0.95,"lower_bound":415.282271642929,"upper_bound":416.95399860717123},"point_estimate":416.09452565044046,"standard_error":0.4263911607576216},"StdDev":{"confidence_interval":{"confidence_level":0.95,"lower_bound":2.451329663155915,"upper_bound":8.76922584021557},"point_estimate":5.574167836130736,"standard_error":2.0371512273544927}}