{"Mean":{"confidence_interval":{"confidence_level":0.95,"lower_bound":1194.3576770388497,"upper_bound":1204.6538948172126},"point_estimate":1198.945233353414,"standard_error":2.63353445972741},"Median":{"confidence_interval":{"confidence_level":0.95,"lower_bound":1189.9099673763735,"upper_bound":1196.1810654623155},"point_estimate":1192.20265224359,"standard_error":1.4390807125230678},"MedianAbsDev":{"confidence_interval":{"confidence_level":0.95,"lower_bound":9.696973292888444,"upper_bound":17.10936744709121},"point_estimate":13.367159110104271,"standard_error":1.8673669602789802},"Slope":{"confidence_interval":{"confidence_level":0.95,"lower_bound":1190.5610738910966,"upper_bound":1196.545150954872},"point_estimate":1193.313459577588,"standard_error":1.5223566768034142},"StdDev":{"confidence_interval":{"confidence_level":0.95,"lower_bound":13.992642430342274,"upper_bound":38.81359050287376},"point_estimate":26.477647076881446,"standard_error":6.924790568482241}}