{"Mean":{"confidence_interval":{"confidence_level":0.95,"lower_bound":1649634.012770563,"upper_bound":1670220.0855270564},"point_estimate":1659798.7118145744,"standard_error":5226.330812000601},"Median":{"confidence_interval":{"confidence_level":0.95,"lower_bound":1646002.1818181819,"upper_bound":1669525.1616161615},"point_estimate":1663465.6550324676,"standard_error":7084.202905353465},"MedianAbsDev":{"confidence_interval":{"confidence_level":0.95,"lower_bound":1240.914275924089,"upper_bound":30889.47250766262},"point_estimate":17744.32930770244,"standard_error":7588.784333711966},"Slope":{"confidence_interval":{"confidence_level":0.95,"lower_bound":1660887.0334749953,"upper_bound":1671732.0227477828},"point_estimate":1666445.5449822904,"standard_error":2691.942979322975},"StdDev":{"confidence_interval":{"confidence_level":0.95,"lower_bound":9187.51679963746,"upper_bound":23085.343210378793},"point_estimate":17444.480325004046,"standard_error":3629.322708458174}}