{"Mean":{"confidence_interval":{"confidence_level":0.95,"lower_bound":31266.44155941092,"upper_bound":31330.00984811165},"point_estimate":31299.261188423647,"standard_error":16.23282536423586},"Median":{"confidence_interval":{"confidence_level":0.95,"lower_bound":31264.712931034483,"upper_bound":31324.483045977013},"point_estimate":31313.154022988507,"standard_error":14.44110682360339},"MedianAbsDev":{"confidence_interval":{"confidence_level":0.95,"lower_bound":2.624755798231755,"upper_bound":97.176698792007},"point_estimate":17.462727103769716,"standard_error":25.86883138034323},"Slope":{"confidence_interval":{"confidence_level":0.95,"lower_bound":31280.731162790697,"upper_bound":31339.50442558382},"point_estimate":31308.196112852664,"standard_error":14.915459236306123},"StdDev":{"confidence_interval":{"confidence_level":0.95,"lower_bound":19.355445514673335,"upper_bound":71.91951443741854},"point_estimate":54.13879926764,"standard_error":12.594713316465363}}