{"Mean":{"confidence_interval":{"confidence_level":0.95,"lower_bound":0.025355191211542383,"upper_bound":0.03550424535944255},"point_estimate":0.030189116442011166,"standard_error":0.0026319529225160166},"Median":{"confidence_interval":{"confidence_level":0.95,"lower_bound":0.025079285461545586,"upper_bound":0.0314897023087648},"point_estimate":0.029190194896826283,"standard_error":0.0017167202428995825}}