{"Mean":{"confidence_interval":{"confidence_level":0.95,"lower_bound":-0.01672985545193819,"upper_bound":-0.008915571621727136},"point_estimate":-0.012886879361349135,"standard_error":0.0019804247780578115},"Median":{"confidence_interval":{"confidence_level":0.95,"lower_bound":-0.016367002199704512,"upper_bound":-0.006540280213962801},"point_estimate":-0.012289636772520263,"standard_error":0.0024803806425095056}}