{"Mean":{"confidence_interval":{"confidence_level":0.95,"lower_bound":-0.02521255375954374,"upper_bound":-0.014315574405905052},"point_estimate":-0.01943274566647646,"standard_error":0.002765769465259895},"Median":{"confidence_interval":{"confidence_level":0.95,"lower_bound":-0.022051881480483204,"upper_bound":-0.015755608263855247},"point_estimate":-0.01908468498606697,"standard_error":0.001631051995577303}}