{"Mean":{"confidence_interval":{"confidence_level":0.95,"lower_bound":9123.082526539367,"upper_bound":9382.214840714878},"point_estimate":9244.6045990152,"standard_error":66.27158109239765},"Median":{"confidence_interval":{"confidence_level":0.95,"lower_bound":8963.221180694056,"upper_bound":8993.87801189636},"point_estimate":8980.451678888854,"standard_error":7.482162889714047},"MedianAbsDev":{"confidence_interval":{"confidence_level":0.95,"lower_bound":48.535550130816254,"upper_bound":93.72219586609077},"point_estimate":72.37630785332185,"standard_error":11.350946431075156},"Slope":{"confidence_interval":{"confidence_level":0.95,"lower_bound":9186.241466138725,"upper_bound":9651.191559952085},"point_estimate":9404.147670305028,"standard_error":118.88656808873901},"StdDev":{"confidence_interval":{"confidence_level":0.95,"lower_bound":452.0681128131048,"upper_bound":848.5619618567894},"point_estimate":667.8175497664752,"standard_error":101.1709116686463}}