{"Mean":{"confidence_interval":{"confidence_level":0.95,"lower_bound":37.290521216199245,"upper_bound":37.41677420626056},"point_estimate":37.35152796526052,"standard_error":0.03216446770548298},"Median":{"confidence_interval":{"confidence_level":0.95,"lower_bound":37.180945374981135,"upper_bound":37.372822137874195},"point_estimate":37.25290483157953,"standard_error":0.04311100766131272},"MedianAbsDev":{"confidence_interval":{"confidence_level":0.95,"lower_bound":0.1973067336916943,"upper_bound":0.3410471088011469},"point_estimate":0.2654344580878862,"standard_error":0.03635623389885264},"Slope":{"confidence_interval":{"confidence_level":0.95,"lower_bound":37.27418091363271,"upper_bound":37.372643075979184},"point_estimate":37.32294070849826,"standard_error":0.025177284936615637},"StdDev":{"confidence_interval":{"confidence_level":0.95,"lower_bound":0.2544653128243532,"upper_bound":0.38992781307526747},"point_estimate":0.32326612961422907,"standard_error":0.03487071750095923}}