{"Mean":{"confidence_interval":{"confidence_level":0.95,"lower_bound":37.62606903405977,"upper_bound":38.1416277228247},"point_estimate":37.850381227455344,"standard_error":0.13316446406448154},"Median":{"confidence_interval":{"confidence_level":0.95,"lower_bound":37.37643572307965,"upper_bound":37.438875477716266},"point_estimate":37.39926507984946,"standard_error":0.017152617922184258},"MedianAbsDev":{"confidence_interval":{"confidence_level":0.95,"lower_bound":0.09334764780267475,"upper_bound":0.19877368896471603},"point_estimate":0.15199394156469118,"standard_error":0.02833632875728668},"Slope":{"confidence_interval":{"confidence_level":0.95,"lower_bound":37.59987648582281,"upper_bound":37.94847691721319},"point_estimate":37.764037346419755,"standard_error":0.08915638282421753},"StdDev":{"confidence_interval":{"confidence_level":0.95,"lower_bound":0.6355593637328733,"upper_bound":2.015457152062291},"point_estimate":1.3370339182530988,"standard_error":0.3978324473126055}}