{"Mean":{"confidence_interval":{"confidence_level":0.95,"lower_bound":36759.625217121895,"upper_bound":37355.83278609831},"point_estimate":36978.52448724718,"standard_error":172.14726213742523},"Median":{"confidence_interval":{"confidence_level":0.95,"lower_bound":36718.03528225807,"upper_bound":36897.72166618664},"point_estimate":36827.41449092742,"standard_error":63.0392070208395},"MedianAbsDev":{"confidence_interval":{"confidence_level":0.95,"lower_bound":26.458532720793578,"upper_bound":217.74599171219114},"point_estimate":136.81868220303588,"standard_error":65.63566971441944},"Slope":{"confidence_interval":{"confidence_level":0.95,"lower_bound":36758.99410919202,"upper_bound":37299.71532953282},"point_estimate":36921.335091118555,"standard_error":144.53263937376775},"StdDev":{"confidence_interval":{"confidence_level":0.95,"lower_bound":63.91545926476711,"upper_bound":880.4431898849101},"point_estimate":572.4654071911277,"standard_error":289.5211199855793}}