{"Mean":{"confidence_interval":{"confidence_level":0.95,"lower_bound":-0.5765423542782394,"upper_bound":-0.5683947530009993},"point_estimate":-0.572492759511066,"standard_error":0.0020787741641800908},"Median":{"confidence_interval":{"confidence_level":0.95,"lower_bound":-0.5760560547350921,"upper_bound":-0.5671664324094942},"point_estimate":-0.5706143863794614,"standard_error":0.0022451103420755257}}