{"Mean":{"confidence_interval":{"confidence_level":0.95,"lower_bound":-0.8889140704900004,"upper_bound":-0.8874189507851176},"point_estimate":-0.8882168689706192,"standard_error":0.0003570478414796387},"Median":{"confidence_interval":{"confidence_level":0.95,"lower_bound":-0.8891527620016093,"upper_bound":-0.8873639659634541},"point_estimate":-0.8881920359349768,"standard_error":0.00046848951309762124}}