{"Mean":{"confidence_interval":{"confidence_level":0.95,"lower_bound":0.013615096150402933,"upper_bound":0.02573927352380294},"point_estimate":0.019569616909660192,"standard_error":0.003113509323973391},"Median":{"confidence_interval":{"confidence_level":0.95,"lower_bound":0.01198531044361184,"upper_bound":0.02690850710165793},"point_estimate":0.02237779341283752,"standard_error":0.004214112810715639}}