{"Mean":{"confidence_interval":{"confidence_level":0.95,"lower_bound":0.004049347839772994,"upper_bound":0.025569147314216816},"point_estimate":0.014554654851465232,"standard_error":0.005459915877508559},"Median":{"confidence_interval":{"confidence_level":0.95,"lower_bound":-0.004680901822881167,"upper_bound":0.021140847875673607},"point_estimate":0.00540621332320157,"standard_error":0.0065294402548404205}}