{"Mean":{"confidence_interval":{"confidence_level":0.95,"lower_bound":76.16517449365321,"upper_bound":76.36525256987679},"point_estimate":76.266874454496,"standard_error":0.05114080693124657},"Median":{"confidence_interval":{"confidence_level":0.95,"lower_bound":76.1180908572392,"upper_bound":76.43191803312759},"point_estimate":76.29027890350604,"standard_error":0.07568310254366822},"MedianAbsDev":{"confidence_interval":{"confidence_level":0.95,"lower_bound":0.037968264679127825,"upper_bound":0.3029484872541404},"point_estimate":0.22089970325034664,"standard_error":0.06835687120985495},"Slope":{"confidence_interval":{"confidence_level":0.95,"lower_bound":76.07589160994544,"upper_bound":76.38537546942766},"point_estimate":76.19460439637258,"standard_error":0.07877450542173631},"StdDev":{"confidence_interval":{"confidence_level":0.95,"lower_bound":0.10040962374396527,"upper_bound":0.20616748370588237},"point_estimate":0.17064923376981525,"standard_error":0.0267572669242703}}