{"Mean":{"confidence_interval":{"confidence_level":0.95,"lower_bound":16155565.367506139,"upper_bound":16217050.2735707},"point_estimate":16185597.631479993,"standard_error":15685.207259066206},"Median":{"confidence_interval":{"confidence_level":0.95,"lower_bound":16140291.905405406,"upper_bound":16199883.05263158},"point_estimate":16168050.002745368,"standard_error":15252.401564968408},"MedianAbsDev":{"confidence_interval":{"confidence_level":0.95,"lower_bound":100578.79986447142,"upper_bound":177553.14038380483},"point_estimate":146481.47963882796,"standard_error":19452.040539876565},"Slope":{"confidence_interval":{"confidence_level":0.95,"lower_bound":16111615.154463047,"upper_bound":16174097.10301274},"point_estimate":16142847.571618147,"standard_error":15962.623983001453},"StdDev":{"confidence_interval":{"confidence_level":0.95,"lower_bound":127330.06804746695,"upper_bound":184900.80237308194},"point_estimate":156976.62884980178,"standard_error":14730.84288927661}}