{"Mean":{"confidence_interval":{"confidence_level":0.95,"lower_bound":-0.02672398880783503,"upper_bound":-0.02381130035698578},"point_estimate":-0.025266695466269917,"standard_error":0.0007443080465678436},"Median":{"confidence_interval":{"confidence_level":0.95,"lower_bound":-0.027271398644054257,"upper_bound":-0.02382486620895863},"point_estimate":-0.02587526728747558,"standard_error":0.0008278811353780627}}