{"Mean":{"confidence_interval":{"confidence_level":0.95,"lower_bound":-0.0928625226414834,"upper_bound":-0.08522526443811823},"point_estimate":-0.08917847487461705,"standard_error":0.0019228401430898146},"Median":{"confidence_interval":{"confidence_level":0.95,"lower_bound":-0.0922709883429752,"upper_bound":-0.08729874686227479},"point_estimate":-0.08918967505116437,"standard_error":0.0012388564388490263}}