{"Mean":{"confidence_interval":{"confidence_level":0.95,"lower_bound":-0.013512876633499035,"upper_bound":-0.0026908505915892874},"point_estimate":-0.008056718510948468,"standard_error":0.002755833489920478},"Median":{"confidence_interval":{"confidence_level":0.95,"lower_bound":-0.01387117657952286,"upper_bound":-0.0011672289026017912},"point_estimate":-0.007814322793161188,"standard_error":0.0032265242465171103}}