{"Mean":{"confidence_interval":{"confidence_level":0.95,"lower_bound":0.00375524816899388,"upper_bound":0.015490016904809065},"point_estimate":0.009626692473239773,"standard_error":0.003000584351646789},"Median":{"confidence_interval":{"confidence_level":0.95,"lower_bound":0.0013248662592788563,"upper_bound":0.013303831790836636},"point_estimate":0.00713644160151472,"standard_error":0.003169554005451683}}