{"Mean":{"confidence_interval":{"confidence_level":0.95,"lower_bound":0.003086565401546482,"upper_bound":0.012901152389252673},"point_estimate":0.007316134036519983,"standard_error":0.0024557461329439627},"Median":{"confidence_interval":{"confidence_level":0.95,"lower_bound":0.0012552864651231843,"upper_bound":0.010406404073730391},"point_estimate":0.005238797677520113,"standard_error":0.002280172179672323}}