{"Mean":{"confidence_interval":{"confidence_level":0.95,"lower_bound":0.010540144664775137,"upper_bound":0.022657699507466923},"point_estimate":0.016490057150536197,"standard_error":0.0031782067179407427},"Median":{"confidence_interval":{"confidence_level":0.95,"lower_bound":0.009882402871691065,"upper_bound":0.01892325280740348},"point_estimate":0.015298597956800997,"standard_error":0.002790313372675074}}