{"Mean":{"confidence_interval":{"confidence_level":0.95,"lower_bound":0.002386605687823401,"upper_bound":0.006276401294597466},"point_estimate":0.004392037410720473,"standard_error":0.0009886864923181722},"Median":{"confidence_interval":{"confidence_level":0.95,"lower_bound":0.004045950642071583,"upper_bound":0.007423792425489184},"point_estimate":0.006233210808130885,"standard_error":0.0008754514629667182}}