{"Mean":{"confidence_interval":{"confidence_level":0.95,"lower_bound":0.0018686173642248956,"upper_bound":0.005713718615793967},"point_estimate":0.003617118011480791,"standard_error":0.00098420100363238},"Median":{"confidence_interval":{"confidence_level":0.95,"lower_bound":0.0010549995564430592,"upper_bound":0.005499970705018731},"point_estimate":0.0032538629965879196,"standard_error":0.001061251671379811}}