{"Mean":{"confidence_interval":{"confidence_level":0.95,"lower_bound":0.0007410528383549391,"upper_bound":0.007208052174332114},"point_estimate":0.003613896351977175,"standard_error":0.001640952776691942},"Median":{"confidence_interval":{"confidence_level":0.95,"lower_bound":0.00009646349265812759,"upper_bound":0.003998015524419918},"point_estimate":0.0017769999186787455,"standard_error":0.0009963861265052066}}