{"Mean":{"confidence_interval":{"confidence_level":0.95,"lower_bound":-0.006191451927812776,"upper_bound":0.00028210807374952926},"point_estimate":-0.002724885593797244,"standard_error":0.0016507467563772246},"Median":{"confidence_interval":{"confidence_level":0.95,"lower_bound":-0.00460913024669396,"upper_bound":-0.00006190133754213623},"point_estimate":-0.002342758937826872,"standard_error":0.0011383152994959356}}