{"Mean":{"confidence_interval":{"confidence_level":0.95,"lower_bound":13007.357668768771,"upper_bound":13063.127401147038},"point_estimate":13032.50942784942,"standard_error":14.341287507692153},"Median":{"confidence_interval":{"confidence_level":0.95,"lower_bound":12973.825521552915,"upper_bound":13012.291386970119},"point_estimate":12986.13092264878,"standard_error":8.76999643826867},"MedianAbsDev":{"confidence_interval":{"confidence_level":0.95,"lower_bound":33.41763142167295,"upper_bound":72.32131117259831},"point_estimate":52.27653299423334,"standard_error":9.38385148408831},"Slope":{"confidence_interval":{"confidence_level":0.95,"lower_bound":13005.482943755023,"upper_bound":13042.901193075979},"point_estimate":13022.71843138685,"standard_error":9.559636962934949},"StdDev":{"confidence_interval":{"confidence_level":0.95,"lower_bound":74.76829822589225,"upper_bound":206.2456063582588},"point_estimate":144.29756205382844,"standard_error":34.30858343960735}}