{"Mean":{"confidence_interval":{"confidence_level":0.95,"lower_bound":-0.007404271134388924,"upper_bound":0.0015211077252631842},"point_estimate":-0.0023118696647580483,"standard_error":0.0023043344122602493},"Median":{"confidence_interval":{"confidence_level":0.95,"lower_bound":-0.002614467797016906,"upper_bound":0.0027020725951036884},"point_estimate":0.00006321801768494062,"standard_error":0.0013335874844606103}}