{"Mean":{"confidence_interval":{"confidence_level":0.95,"lower_bound":0.0010245516419845231,"upper_bound":0.010379832832095308},"point_estimate":0.005097766192445841,"standard_error":0.002349537842467046},"Median":{"confidence_interval":{"confidence_level":0.95,"lower_bound":0.0003481868887027506,"upper_bound":0.0060585571796396565},"point_estimate":0.0035633836149369102,"standard_error":0.0014502475188038241}}