{"Mean":{"confidence_interval":{"confidence_level":0.95,"lower_bound":-0.014718972139200185,"upper_bound":-0.008878460395221915},"point_estimate":-0.011788085436050588,"standard_error":0.0014953960389993966},"Median":{"confidence_interval":{"confidence_level":0.95,"lower_bound":-0.01572925896273758,"upper_bound":-0.007794722476062721},"point_estimate":-0.010501444313695263,"standard_error":0.0019655076729769463}}