{"Mean":{"confidence_interval":{"confidence_level":0.95,"lower_bound":0.05797616818450608,"upper_bound":0.06738584230836442},"point_estimate":0.06165818808457302,"standard_error":0.002565080726176661},"Median":{"confidence_interval":{"confidence_level":0.95,"lower_bound":0.05703355467875637,"upper_bound":0.06156034509938291},"point_estimate":0.059966521097050585,"standard_error":0.0013858777692297075}}