{"Mean":{"confidence_interval":{"confidence_level":0.95,"lower_bound":0.006313150182140026,"upper_bound":0.011750573122127878},"point_estimate":0.008731492908290672,"standard_error":0.0013751162205239398},"Median":{"confidence_interval":{"confidence_level":0.95,"lower_bound":0.007112713117386704,"upper_bound":0.011241172450044301},"point_estimate":0.00927044229491103,"standard_error":0.0010801954875754565}}