{"Mean":{"confidence_interval":{"confidence_level":0.95,"lower_bound":0.00003593447823204185,"upper_bound":0.011390443633156392},"point_estimate":0.006406883610891034,"standard_error":0.002909266397149468},"Median":{"confidence_interval":{"confidence_level":0.95,"lower_bound":0.0038122607912849382,"upper_bound":0.010729920114143754},"point_estimate":0.006808181922706824,"standard_error":0.0017955764481921675}}