{"Mean":{"confidence_interval":{"confidence_level":0.95,"lower_bound":-0.007324764438126002,"upper_bound":0.0008158135261715915},"point_estimate":-0.0037310508336440007,"standard_error":0.002097683867871419},"Median":{"confidence_interval":{"confidence_level":0.95,"lower_bound":-0.007570326088142676,"upper_bound":-0.0025845308012160118},"point_estimate":-0.006194362705246648,"standard_error":0.0014337547157546517}}