{"Mean":{"confidence_interval":{"confidence_level":0.95,"lower_bound":-0.004866037422543209,"upper_bound":0.0012161732748796202},"point_estimate":-0.0017147924350640054,"standard_error":0.0015586108059883555},"Median":{"confidence_interval":{"confidence_level":0.95,"lower_bound":-0.0027052178035533725,"upper_bound":0.005708159875920771},"point_estimate":0.0020759092223079367,"standard_error":0.0021519488423141406}}