{"Mean":{"confidence_interval":{"confidence_level":0.95,"lower_bound":86190.73203793807,"upper_bound":92026.05749659476},"point_estimate":89234.58315884855,"standard_error":1485.453995662522},"Median":{"confidence_interval":{"confidence_level":0.95,"lower_bound":92799.85714285714,"upper_bound":95894.54385964913},"point_estimate":94619.69883966245,"standard_error":748.0535232229838},"MedianAbsDev":{"confidence_interval":{"confidence_level":0.95,"lower_bound":5817.806134213291,"upper_bound":9446.1723840513},"point_estimate":7201.921628186224,"standard_error":917.9815591096786},"Slope":{"confidence_interval":{"confidence_level":0.95,"lower_bound":74250.15858306232,"upper_bound":84813.43108240065},"point_estimate":79255.87790108862,"standard_error":2694.0467572068546},"StdDev":{"confidence_interval":{"confidence_level":0.95,"lower_bound":12043.438710825529,"upper_bound":17158.626160475644},"point_estimate":14949.653316580358,"standard_error":1308.6399628723502}}