{"Mean":{"confidence_interval":{"confidence_level":0.95,"lower_bound":2772988.432857143,"upper_bound":2802182.8497244897},"point_estimate":2786784.239965986,"standard_error":7479.089260173487},"Median":{"confidence_interval":{"confidence_level":0.95,"lower_bound":2770362.214285714,"upper_bound":2802475.488095238},"point_estimate":2779037.7142857146,"standard_error":9874.962276025868},"MedianAbsDev":{"confidence_interval":{"confidence_level":0.95,"lower_bound":3570.016016619763,"upper_bound":41467.9959995103},"point_estimate":21658.72409548077,"standard_error":10376.234706578372},"Slope":{"confidence_interval":{"confidence_level":0.95,"lower_bound":2772467.6447299584,"upper_bound":2819141.5874499334},"point_estimate":2798060.034508349,"standard_error":12302.196858927766},"StdDev":{"confidence_interval":{"confidence_level":0.95,"lower_bound":12236.378861034707,"upper_bound":33505.80616284847},"point_estimate":24961.449927219124,"standard_error":5796.190187469224}}