{"Mean":{"confidence_interval":{"confidence_level":0.95,"lower_bound":185546.76847740545,"upper_bound":187389.25372365504},"point_estimate":186428.71446465253,"standard_error":469.24313706074184},"Median":{"confidence_interval":{"confidence_level":0.95,"lower_bound":184409.21666666667,"upper_bound":187401.83615819208},"point_estimate":185508.94799054373,"standard_error":890.1002648347367},"MedianAbsDev":{"confidence_interval":{"confidence_level":0.95,"lower_bound":3520.006783617765,"upper_bound":5116.447807473583},"point_estimate":4206.217030293664,"standard_error":406.032157559441},"Slope":{"confidence_interval":{"confidence_level":0.95,"lower_bound":184806.15880196673,"upper_bound":186594.2340220701},"point_estimate":185682.69782178217,"standard_error":455.5302302452383},"StdDev":{"confidence_interval":{"confidence_level":0.95,"lower_bound":3515.897195875146,"upper_bound":6118.936312230235},"point_estimate":4726.747832679759,"standard_error":705.0552459002381}}