{"Mean":{"confidence_interval":{"confidence_level":0.95,"lower_bound":441506.127907109,"upper_bound":444398.7965393126},"point_estimate":442865.43059356406,"standard_error":736.4699706096986},"Median":{"confidence_interval":{"confidence_level":0.95,"lower_bound":440868.156626506,"upper_bound":443565.4893617021},"point_estimate":442779.8087301587,"standard_error":604.3268029809153},"MedianAbsDev":{"confidence_interval":{"confidence_level":0.95,"lower_bound":4726.184556256665,"upper_bound":7877.638749902738},"point_estimate":6429.091291743171,"standard_error":795.9251057316429},"Slope":{"confidence_interval":{"confidence_level":0.95,"lower_bound":441644.7266916393,"upper_bound":444600.3427443672},"point_estimate":443124.3046726762,"standard_error":754.8131404616038},"StdDev":{"confidence_interval":{"confidence_level":0.95,"lower_bound":5225.14195136949,"upper_bound":9906.57150477386},"point_estimate":7381.711209884707,"standard_error":1308.436561065258}}