{"Mean":{"confidence_interval":{"confidence_level":0.95,"lower_bound":7717056.636784808,"upper_bound":7763823.919010729},"point_estimate":7739902.909617025,"standard_error":11965.06124193975},"Median":{"confidence_interval":{"confidence_level":0.95,"lower_bound":7689721.826923077,"upper_bound":7760654.25},"point_estimate":7731415.104166666,"standard_error":18320.96731367836},"MedianAbsDev":{"confidence_interval":{"confidence_level":0.95,"lower_bound":90243.83417785093,"upper_bound":147084.53582483903},"point_estimate":121458.3704736826,"standard_error":14346.704219081948},"Slope":{"confidence_interval":{"confidence_level":0.95,"lower_bound":7655859.352273062,"upper_bound":7700833.606919046},"point_estimate":7676325.782914142,"standard_error":11510.862531993935},"StdDev":{"confidence_interval":{"confidence_level":0.95,"lower_bound":97830.84357640457,"upper_bound":144748.47737458535},"point_estimate":120334.13253432677,"standard_error":12235.037091139417}}