{"Mean":{"confidence_interval":{"confidence_level":0.95,"lower_bound":-0.0014776811295730801,"upper_bound":0.003819905825964448},"point_estimate":0.0011582269245602461,"standard_error":0.001355015147594757},"Median":{"confidence_interval":{"confidence_level":0.95,"lower_bound":0.00014833441181100448,"upper_bound":0.003231195201067041},"point_estimate":0.001625761811959725,"standard_error":0.0007655694017442505}}