{"Mean":{"confidence_interval":{"confidence_level":0.95,"lower_bound":0.004776428851852238,"upper_bound":0.011229002920911326},"point_estimate":0.007725902422909714,"standard_error":0.0016788896566372609},"Median":{"confidence_interval":{"confidence_level":0.95,"lower_bound":0.0026389774812860534,"upper_bound":0.007019017718090215},"point_estimate":0.0048618130102136,"standard_error":0.0010691032419095129}}