{"Mean":{"confidence_interval":{"confidence_level":0.95,"lower_bound":-0.002354855350130161,"upper_bound":0.0006978592259760163},"point_estimate":-0.0006982738077405681,"standard_error":0.0007795181550091062},"Median":{"confidence_interval":{"confidence_level":0.95,"lower_bound":-0.001946472621034645,"upper_bound":0.0009363688515786617},"point_estimate":-0.0003654282183923607,"standard_error":0.0008038906357321683}}