{"Mean":{"confidence_interval":{"confidence_level":0.95,"lower_bound":672.2312862110507,"upper_bound":682.8711221713702},"point_estimate":677.1529452838689,"standard_error":2.7262286911121527},"Median":{"confidence_interval":{"confidence_level":0.95,"lower_bound":665.4102805521518,"upper_bound":668.0012326713204},"point_estimate":665.9154602632118,"standard_error":0.688615305516601},"MedianAbsDev":{"confidence_interval":{"confidence_level":0.95,"lower_bound":1.6533074599865072,"upper_bound":4.973629323838032},"point_estimate":2.410844779296496,"standard_error":0.9527386524974809},"Slope":{"confidence_interval":{"confidence_level":0.95,"lower_bound":672.0193834848772,"upper_bound":684.1860674598486},"point_estimate":677.7332262810158,"standard_error":3.1113054122192194},"StdDev":{"confidence_interval":{"confidence_level":0.95,"lower_bound":17.14236285820548,"upper_bound":36.12651561898762},"point_estimate":27.39307307955115,"standard_error":4.858611851240231}}