{"Mean":{"confidence_interval":{"confidence_level":0.95,"lower_bound":672.8527968519109,"upper_bound":676.9026797926696},"point_estimate":674.4670376509531,"standard_error":1.0669239345532722},"Median":{"confidence_interval":{"confidence_level":0.95,"lower_bound":671.3137594549339,"upper_bound":673.9924415811929},"point_estimate":673.1039526756498,"standard_error":0.820919179410595},"MedianAbsDev":{"confidence_interval":{"confidence_level":0.95,"lower_bound":3.403590564740694,"upper_bound":5.723932613662717},"point_estimate":4.9931832058931676,"standard_error":0.632563084238191},"Slope":{"confidence_interval":{"confidence_level":0.95,"lower_bound":673.0331480040578,"upper_bound":675.3758043392979},"point_estimate":674.2038559303988,"standard_error":0.5977424830070704},"StdDev":{"confidence_interval":{"confidence_level":0.95,"lower_bound":3.873798538280832,"upper_bound":17.36537290192024},"point_estimate":10.68167890347756,"standard_error":4.5504144204875905}}