{"Mean":{"confidence_interval":{"confidence_level":0.95,"lower_bound":681.5858981443017,"upper_bound":685.8386788265032},"point_estimate":683.5702775229776,"standard_error":1.0890598519085894},"Median":{"confidence_interval":{"confidence_level":0.95,"lower_bound":678.8672260474964,"upper_bound":682.1709966771207},"point_estimate":679.9506884812531,"standard_error":0.8997455258860915},"MedianAbsDev":{"confidence_interval":{"confidence_level":0.95,"lower_bound":4.875789669744874,"upper_bound":8.705842931115917},"point_estimate":6.6212767652193545,"standard_error":0.948008163803315},"Slope":{"confidence_interval":{"confidence_level":0.95,"lower_bound":680.2073427830506,"upper_bound":683.233671797762},"point_estimate":681.6376659520189,"standard_error":0.7722304551972624},"StdDev":{"confidence_interval":{"confidence_level":0.95,"lower_bound":7.450096949077838,"upper_bound":14.813490424395384},"point_estimate":10.933738968105091,"standard_error":2.0467609371608666}}