{"Mean":{"confidence_interval":{"confidence_level":0.95,"lower_bound":12182854.017976189,"upper_bound":12277901.494444445},"point_estimate":12231151.810753968,"standard_error":24372.66987200555},"Median":{"confidence_interval":{"confidence_level":0.95,"lower_bound":12176232.604166668,"upper_bound":12294916.597222222},"point_estimate":12230167.25,"standard_error":32101.240185809085},"MedianAbsDev":{"confidence_interval":{"confidence_level":0.95,"lower_bound":19419.58865523292,"upper_bound":136763.82303862352},"point_estimate":83062.9812253377,"standard_error":29655.237644188095},"Slope":{"confidence_interval":{"confidence_level":0.95,"lower_bound":12185032.846804345,"upper_bound":12277161.274963731},"point_estimate":12238601.764935065,"standard_error":23333.338162636195},"StdDev":{"confidence_interval":{"confidence_level":0.95,"lower_bound":45056.87427544009,"upper_bound":103926.42755991242},"point_estimate":81327.20246059523,"standard_error":15138.54019558149}}