{"Mean":{"confidence_interval":{"confidence_level":0.95,"lower_bound":10486618.153020833,"upper_bound":10873630.162777778},"point_estimate":10631720.839444444,"standard_error":109921.26524091665},"Median":{"confidence_interval":{"confidence_level":0.95,"lower_bound":10475644.638888888,"upper_bound":10612909.4375},"point_estimate":10488985.6875,"standard_error":44254.52355162708},"MedianAbsDev":{"confidence_interval":{"confidence_level":0.95,"lower_bound":3547.2645786898247,"upper_bound":162944.1308196634},"point_estimate":51038.33730138866,"standard_error":51980.777434973155},"Slope":{"confidence_interval":{"confidence_level":0.95,"lower_bound":10507713.666058395,"upper_bound":10945879.053034421},"point_estimate":10652562.36103896,"standard_error":116836.31002713925},"StdDev":{"confidence_interval":{"confidence_level":0.95,"lower_bound":33967.13057728669,"upper_bound":562593.6373531494},"point_estimate":367376.20187040797,"standard_error":179497.22586189647}}