{"Mean":{"confidence_interval":{"confidence_level":0.95,"lower_bound":14857.441007032954,"upper_bound":14944.30780532987},"point_estimate":14896.063856303594,"standard_error":22.257457675642463},"Median":{"confidence_interval":{"confidence_level":0.95,"lower_bound":14796.871848739496,"upper_bound":14874.849673202614},"point_estimate":14827.912512961915,"standard_error":17.632383223572443},"MedianAbsDev":{"confidence_interval":{"confidence_level":0.95,"lower_bound":81.19224282474111,"upper_bound":164.24162506615392},"point_estimate":116.77493486475424,"standard_error":20.87730683927801},"Slope":{"confidence_interval":{"confidence_level":0.95,"lower_bound":14854.056772387421,"upper_bound":14922.990161908723},"point_estimate":14888.530216317944,"standard_error":17.66077391765062},"StdDev":{"confidence_interval":{"confidence_level":0.95,"lower_bound":129.4359126901338,"upper_bound":326.0504362242596},"point_estimate":222.78863152290467,"standard_error":59.584661564729274}}