{"Mean":{"confidence_interval":{"confidence_level":0.95,"lower_bound":14499.273919184949,"upper_bound":14722.695858815705},"point_estimate":14601.69806114798,"standard_error":57.34827862513809},"Median":{"confidence_interval":{"confidence_level":0.95,"lower_bound":14356.769001547988,"upper_bound":14445.970394736842},"point_estimate":14390.139368247299,"standard_error":24.02945976700433},"MedianAbsDev":{"confidence_interval":{"confidence_level":0.95,"lower_bound":75.01064263461937,"upper_bound":181.37458135497596},"point_estimate":120.9047452137609,"standard_error":27.15657997065927},"Slope":{"confidence_interval":{"confidence_level":0.95,"lower_bound":14513.945262437233,"upper_bound":14747.371537365292},"point_estimate":14623.929588661236,"standard_error":59.842570348521114},"StdDev":{"confidence_interval":{"confidence_level":0.95,"lower_bound":333.5427136156642,"upper_bound":782.3432126606806},"point_estimate":575.7844780531099,"standard_error":115.56905675195422}}