{"Mean":{"confidence_interval":{"confidence_level":0.95,"lower_bound":-0.013894781723327287,"upper_bound":-0.011925869892881264},"point_estimate":-0.012918252949966291,"standard_error":0.0005032369589226682},"Median":{"confidence_interval":{"confidence_level":0.95,"lower_bound":-0.014345570934423457,"upper_bound":-0.012570371746453368},"point_estimate":-0.013409170584069652,"standard_error":0.00043898752577971854}}