{"Mean":{"confidence_interval":{"confidence_level":0.95,"lower_bound":-0.026771720384160733,"upper_bound":-0.021591961666082064},"point_estimate":-0.02424531513279582,"standard_error":0.0013131872260562021},"Median":{"confidence_interval":{"confidence_level":0.95,"lower_bound":-0.027350593801465786,"upper_bound":-0.023686754030091794},"point_estimate":-0.025610055379212238,"standard_error":0.0009313567876904474}}