{"Mean":{"confidence_interval":{"confidence_level":0.95,"lower_bound":0.022832364438419638,"upper_bound":0.026266410983911987},"point_estimate":0.024452097456372446,"standard_error":0.0008789782954148316},"Median":{"confidence_interval":{"confidence_level":0.95,"lower_bound":0.02251385438700937,"upper_bound":0.025243976248736866},"point_estimate":0.023403809215952087,"standard_error":0.0007173193637603485}}