{"Mean":{"confidence_interval":{"confidence_level":0.95,"lower_bound":-0.001602638336452929,"upper_bound":0.008887756256429466},"point_estimate":0.003931164519846098,"standard_error":0.0026659812986432265},"Median":{"confidence_interval":{"confidence_level":0.95,"lower_bound":0.0001028493638408623,"upper_bound":0.009115966132483555},"point_estimate":0.0038975353737804586,"standard_error":0.002385793324679687}}