{"Mean":{"confidence_interval":{"confidence_level":0.95,"lower_bound":175832.16227648282,"upper_bound":177133.4628945169},"point_estimate":176441.068897353,"standard_error":332.7939474307652},"Median":{"confidence_interval":{"confidence_level":0.95,"lower_bound":174682.90952380953,"upper_bound":175729.19270833334},"point_estimate":175162.0422371867,"standard_error":303.7893662571246},"MedianAbsDev":{"confidence_interval":{"confidence_level":0.95,"lower_bound":1037.269889918063,"upper_bound":2389.48816360398},"point_estimate":1693.533308997297,"standard_error":388.6081435917055},"Slope":{"confidence_interval":{"confidence_level":0.95,"lower_bound":175521.09196280697,"upper_bound":176780.48037181105},"point_estimate":176117.83530318702,"standard_error":320.57398824894096},"StdDev":{"confidence_interval":{"confidence_level":0.95,"lower_bound":2244.100074155731,"upper_bound":4321.568894446604},"point_estimate":3339.6342182831863,"standard_error":532.3946138043111}}