{"Mean":{"confidence_interval":{"confidence_level":0.95,"lower_bound":189175.62417989413,"upper_bound":190582.6142464798},"point_estimate":189848.75318953744,"standard_error":361.9796394364201},"Median":{"confidence_interval":{"confidence_level":0.95,"lower_bound":188886.59737156512,"upper_bound":191156.22849462368},"point_estimate":189085.39731182795,"standard_error":680.5139877566592},"MedianAbsDev":{"confidence_interval":{"confidence_level":0.95,"lower_bound":27.80556911211828,"upper_bound":1605.4236170625068},"point_estimate":332.67072409391113,"standard_error":591.5954787990823},"Slope":{"confidence_interval":{"confidence_level":0.95,"lower_bound":188938.63624891554,"upper_bound":190097.6931247073},"point_estimate":189353.5598659405,"standard_error":307.7752987582474},"StdDev":{"confidence_interval":{"confidence_level":0.95,"lower_bound":565.547594996179,"upper_bound":1404.6687723718471},"point_estimate":1206.1388426485134,"standard_error":196.01050270129033}}