{"Mean":{"confidence_interval":{"confidence_level":0.95,"lower_bound":-0.050623548437937774,"upper_bound":-0.04033729182238604},"point_estimate":-0.04562889152725913,"standard_error":0.002606802600587445},"Median":{"confidence_interval":{"confidence_level":0.95,"lower_bound":-0.04713823419956187,"upper_bound":-0.03688944108630543},"point_estimate":-0.04119130745945421,"standard_error":0.002665538376282863}}