{"Mean":{"confidence_interval":{"confidence_level":0.95,"lower_bound":0.039277580692294284,"upper_bound":0.050514272312288035},"point_estimate":0.044530589765339856,"standard_error":0.0028612636896172727},"Median":{"confidence_interval":{"confidence_level":0.95,"lower_bound":0.03794176972869079,"upper_bound":0.04602478057150394},"point_estimate":0.041849152885796714,"standard_error":0.002096960490124413}}