{"Mean":{"confidence_interval":{"confidence_level":0.95,"lower_bound":-0.030729547009651675,"upper_bound":-0.024906584169058582},"point_estimate":-0.028021526226030047,"standard_error":0.00145642118954251},"Median":{"confidence_interval":{"confidence_level":0.95,"lower_bound":-0.03014730985949543,"upper_bound":-0.02637636525044727},"point_estimate":-0.0281947984937142,"standard_error":0.000995267115025484}}