{"Mean":{"confidence_interval":{"confidence_level":0.95,"lower_bound":-0.08170488464661171,"upper_bound":-0.07412696492427312},"point_estimate":-0.07807619209575656,"standard_error":0.001930231314312887},"Median":{"confidence_interval":{"confidence_level":0.95,"lower_bound":-0.082647680236977,"upper_bound":-0.07687038779862876},"point_estimate":-0.07993051521478556,"standard_error":0.001535075990766341}}