{"Mean":{"confidence_interval":{"confidence_level":0.95,"lower_bound":136.26827824057654,"upper_bound":136.91681217825453},"point_estimate":136.5532028529861,"standard_error":0.16657149384612394},"Median":{"confidence_interval":{"confidence_level":0.95,"lower_bound":136.01340541968872,"upper_bound":136.54502946473895},"point_estimate":136.13745235799237,"standard_error":0.15943415006832037},"MedianAbsDev":{"confidence_interval":{"confidence_level":0.95,"lower_bound":0.7372444373698656,"upper_bound":1.2975263303923714},"point_estimate":1.0464367480468848,"standard_error":0.14178119206122625},"Slope":{"confidence_interval":{"confidence_level":0.95,"lower_bound":136.23259933625425,"upper_bound":136.74563706633168},"point_estimate":136.48953880440465,"standard_error":0.13074564422293225},"StdDev":{"confidence_interval":{"confidence_level":0.95,"lower_bound":0.880282495614654,"upper_bound":2.518903053070389},"point_estimate":1.6733198505261409,"standard_error":0.5014783280960045}}