{"Mean":{"confidence_interval":{"confidence_level":0.95,"lower_bound":0.7413470704275058,"upper_bound":0.7523766236714602},"point_estimate":0.7461133295132154,"standard_error":0.0028325762143259436},"Median":{"confidence_interval":{"confidence_level":0.95,"lower_bound":0.7397738539237981,"upper_bound":0.7485833156212331},"point_estimate":0.7456068577706754,"standard_error":0.0025506914579974515}}