{"Mean":{"confidence_interval":{"confidence_level":0.95,"lower_bound":0.32960340686421635,"upper_bound":0.33972531105319825},"point_estimate":0.3343970093322013,"standard_error":0.002561432656730701},"Median":{"confidence_interval":{"confidence_level":0.95,"lower_bound":0.3289101317605745,"upper_bound":0.3367826780090175},"point_estimate":0.3327996658710808,"standard_error":0.001817285737442778}}