{"Mean":{"confidence_interval":{"confidence_level":0.95,"lower_bound":-0.6469906525343495,"upper_bound":-0.6445759289347217},"point_estimate":-0.645719567480852,"standard_error":0.0006158241061908788},"Median":{"confidence_interval":{"confidence_level":0.95,"lower_bound":-0.6456828293235538,"upper_bound":-0.643784062992736},"point_estimate":-0.6448119708476265,"standard_error":0.00047275606816571706}}