{"Mean":{"confidence_interval":{"confidence_level":0.95,"lower_bound":9215128.317354845,"upper_bound":9315533.081783129},"point_estimate":9261330.670946736,"standard_error":25666.563150821436},"Median":{"confidence_interval":{"confidence_level":0.95,"lower_bound":9195509.641025642,"upper_bound":9247665.663793104},"point_estimate":9228702.1614654,"standard_error":13653.798993770673},"MedianAbsDev":{"confidence_interval":{"confidence_level":0.95,"lower_bound":96259.47862244019,"upper_bound":173789.72081648395},"point_estimate":143201.74820395611,"standard_error":20055.648580079815},"Slope":{"confidence_interval":{"confidence_level":0.95,"lower_bound":9157843.792531826,"upper_bound":9306088.754406542},"point_estimate":9219400.937239544,"standard_error":38536.78175623832},"StdDev":{"confidence_interval":{"confidence_level":0.95,"lower_bound":156368.9525843812,"upper_bound":359055.42790632864},"point_estimate":257102.55656139992,"standard_error":53851.55126523261}}