{"Mean":{"confidence_interval":{"confidence_level":0.95,"lower_bound":9110158.279176814,"upper_bound":9156154.433532503},"point_estimate":9132324.905933969,"standard_error":11785.021815023467},"Median":{"confidence_interval":{"confidence_level":0.95,"lower_bound":9084556.44117647,"upper_bound":9121028.975},"point_estimate":9098353.789390756,"standard_error":8711.996827391413},"MedianAbsDev":{"confidence_interval":{"confidence_level":0.95,"lower_bound":54683.06506832738,"upper_bound":96678.19679454101},"point_estimate":72682.66359758015,"standard_error":10690.964726005961},"Slope":{"confidence_interval":{"confidence_level":0.95,"lower_bound":9089876.525024286,"upper_bound":9122066.720434876},"point_estimate":9105159.7636944,"standard_error":8210.983490597342},"StdDev":{"confidence_interval":{"confidence_level":0.95,"lower_bound":89302.068462968,"upper_bound":143817.66005373842},"point_estimate":118266.95257364277,"standard_error":13934.485695636171}}