{"Mean":{"confidence_interval":{"confidence_level":0.95,"lower_bound":8813426.054124916,"upper_bound":8841398.693337282},"point_estimate":8827193.86787273,"standard_error":7131.6183359084425},"Median":{"confidence_interval":{"confidence_level":0.95,"lower_bound":8808391.525,"upper_bound":8842514.242105262},"point_estimate":8828201.107142858,"standard_error":9553.236211191725},"MedianAbsDev":{"confidence_interval":{"confidence_level":0.95,"lower_bound":49475.44445001178,"upper_bound":85816.51283591124},"point_estimate":66055.74385469515,"standard_error":9373.527315842468},"Slope":{"confidence_interval":{"confidence_level":0.95,"lower_bound":8812516.215908526,"upper_bound":8841390.277040651},"point_estimate":8827236.777990246,"standard_error":7390.988498308113},"StdDev":{"confidence_interval":{"confidence_level":0.95,"lower_bound":57570.51758550151,"upper_bound":86514.48926032751},"point_estimate":71336.9644545448,"standard_error":7576.177148764199}}