{"Mean":{"confidence_interval":{"confidence_level":0.95,"lower_bound":121.4752966214083,"upper_bound":122.24930941877945},"point_estimate":121.80527628433602,"standard_error":0.2017322307989505},"Median":{"confidence_interval":{"confidence_level":0.95,"lower_bound":121.38651380606906,"upper_bound":122.0334179076482},"point_estimate":121.61841702003657,"standard_error":0.16058184164668332},"MedianAbsDev":{"confidence_interval":{"confidence_level":0.95,"lower_bound":0.10502147088414242,"upper_bound":0.7496652651831183},"point_estimate":0.341768938913866,"standard_error":0.17391714333269206},"Slope":{"confidence_interval":{"confidence_level":0.95,"lower_bound":121.3243843341785,"upper_bound":121.75698811159053},"point_estimate":121.47641944127405,"standard_error":0.10957024457990135},"StdDev":{"confidence_interval":{"confidence_level":0.95,"lower_bound":0.20249811058702552,"upper_bound":0.9777678494835593},"point_estimate":0.6715603720058891,"standard_error":0.23419495109108718}}