{"Mean":{"confidence_interval":{"confidence_level":0.95,"lower_bound":104.8772699783585,"upper_bound":105.21404799458499},"point_estimate":105.02518511916519,"standard_error":0.08665962526448087},"Median":{"confidence_interval":{"confidence_level":0.95,"lower_bound":104.74350551012326,"upper_bound":104.94146414342629},"point_estimate":104.82963073277205,"standard_error":0.0434771910467675},"MedianAbsDev":{"confidence_interval":{"confidence_level":0.95,"lower_bound":0.3131856121257664,"upper_bound":0.5727282754857936},"point_estimate":0.4566369972319346,"standard_error":0.06890823736509445},"Slope":{"confidence_interval":{"confidence_level":0.95,"lower_bound":104.7685384341691,"upper_bound":104.96835356392846},"point_estimate":104.86283691968687,"standard_error":0.05094056568684512},"StdDev":{"confidence_interval":{"confidence_level":0.95,"lower_bound":0.47377482896214024,"upper_bound":1.2967604901663183},"point_estimate":0.8704982393957669,"standard_error":0.25153025266263307}}