{"Mean":{"confidence_interval":{"confidence_level":0.95,"lower_bound":105.25883711737998,"upper_bound":105.72940815232441},"point_estimate":105.469305359465,"standard_error":0.1202220366667752},"Median":{"confidence_interval":{"confidence_level":0.95,"lower_bound":105.13851067718505,"upper_bound":105.5437486822686},"point_estimate":105.30721524043476,"standard_error":0.1080142726216661},"MedianAbsDev":{"confidence_interval":{"confidence_level":0.95,"lower_bound":0.5848117039058397,"upper_bound":0.9762438847344147},"point_estimate":0.8448242707870304,"standard_error":0.10126959937763465},"Slope":{"confidence_interval":{"confidence_level":0.95,"lower_bound":105.31970302048438,"upper_bound":105.76990252254438},"point_estimate":105.53445259876182,"standard_error":0.11471243844882958},"StdDev":{"confidence_interval":{"confidence_level":0.95,"lower_bound":0.6765588508894254,"upper_bound":1.7860820248564258},"point_estimate":1.2117647667828337,"standard_error":0.328467027279867}}