{"Mean":{"confidence_interval":{"confidence_level":0.95,"lower_bound":103.98358772064215,"upper_bound":104.30682548112814},"point_estimate":104.13356261826328,"standard_error":0.08244343163778892},"Median":{"confidence_interval":{"confidence_level":0.95,"lower_bound":103.77546463045671,"upper_bound":104.04100511568024},"point_estimate":103.93506607103211,"standard_error":0.06432580232049726},"MedianAbsDev":{"confidence_interval":{"confidence_level":0.95,"lower_bound":0.38541522008276813,"upper_bound":0.6852571724421151},"point_estimate":0.5644122936257698,"standard_error":0.08079362581543954},"Slope":{"confidence_interval":{"confidence_level":0.95,"lower_bound":103.86219787776298,"upper_bound":104.13045570791942},"point_estimate":103.99323701150303,"standard_error":0.06833773511123928},"StdDev":{"confidence_interval":{"confidence_level":0.95,"lower_bound":0.5367228494778379,"upper_bound":1.1126706121090202},"point_estimate":0.8288374162384542,"standard_error":0.15032274991363206}}