{"Mean":{"confidence_interval":{"confidence_level":0.95,"lower_bound":9063.741272134688,"upper_bound":9102.358658715066},"point_estimate":9080.475385903086,"standard_error":9.990741738497693},"Median":{"confidence_interval":{"confidence_level":0.95,"lower_bound":9044.149075862439,"upper_bound":9078.576923076924},"point_estimate":9066.788099148085,"standard_error":8.476529113884363},"MedianAbsDev":{"confidence_interval":{"confidence_level":0.95,"lower_bound":43.11826400371384,"upper_bound":69.95691386531081},"point_estimate":62.18488729025753,"standard_error":6.629682316713386},"Slope":{"confidence_interval":{"confidence_level":0.95,"lower_bound":9070.545615064664,"upper_bound":9102.423305332244},"point_estimate":9085.659009467152,"standard_error":8.150829294541259},"StdDev":{"confidence_interval":{"confidence_level":0.95,"lower_bound":47.249354720625895,"upper_bound":153.669467355149},"point_estimate":100.28952891343039,"standard_error":32.15920707261112}}