{"Mean":{"confidence_interval":{"confidence_level":0.95,"lower_bound":-0.03210403783614411,"upper_bound":-0.021882537866412876},"point_estimate":-0.02754890721375891,"standard_error":0.002591626549498871},"Median":{"confidence_interval":{"confidence_level":0.95,"lower_bound":-0.033937862300741695,"upper_bound":-0.02437812777517301},"point_estimate":-0.029462023063345555,"standard_error":0.0026819357857976772}}