{"Mean":{"confidence_interval":{"confidence_level":0.95,"lower_bound":-0.012734665537826503,"upper_bound":-0.00909957975687733},"point_estimate":-0.01099442409069551,"standard_error":0.0009447475995990544},"Median":{"confidence_interval":{"confidence_level":0.95,"lower_bound":-0.01352820557731449,"upper_bound":-0.009209437007844046},"point_estimate":-0.01101943005047945,"standard_error":0.001099754572142696}}