{"Mean":{"confidence_interval":{"confidence_level":0.95,"lower_bound":-0.02682550316341335,"upper_bound":-0.01885960232986455},"point_estimate":-0.02273613969428412,"standard_error":0.0020073633386272147},"Median":{"confidence_interval":{"confidence_level":0.95,"lower_bound":-0.024514703284393535,"upper_bound":-0.018443967262173344},"point_estimate":-0.021386567986410476,"standard_error":0.0015275915699800944}}