{"Mean":{"confidence_interval":{"confidence_level":0.95,"lower_bound":-0.006820615282012568,"upper_bound":0.002205694834576408},"point_estimate":-0.0018938258085173798,"standard_error":0.0022998196473990357},"Median":{"confidence_interval":{"confidence_level":0.95,"lower_bound":-0.0027662283814934296,"upper_bound":0.0034617414171076444},"point_estimate":0.00037379540534288047,"standard_error":0.0016313354698784255}}