{"Mean":{"confidence_interval":{"confidence_level":0.95,"lower_bound":-0.14589703912640237,"upper_bound":-0.13859282222819252},"point_estimate":-0.14290531675678397,"standard_error":0.0018124880659221103},"Median":{"confidence_interval":{"confidence_level":0.95,"lower_bound":-0.1476406136337124,"upper_bound":-0.14305766985077709},"point_estimate":-0.1452905144121187,"standard_error":0.001145400959935813}}