{"Mean":{"confidence_interval":{"confidence_level":0.95,"lower_bound":28.4736044523627,"upper_bound":28.595732171652443},"point_estimate":28.525745486681394,"standard_error":0.031643104021141136},"Median":{"confidence_interval":{"confidence_level":0.95,"lower_bound":28.42753077736234,"upper_bound":28.461765863273975},"point_estimate":28.446022220424304,"standard_error":0.010138071220992655},"MedianAbsDev":{"confidence_interval":{"confidence_level":0.95,"lower_bound":0.05054799388820463,"upper_bound":0.09862942240213429},"point_estimate":0.07412096402815481,"standard_error":0.01258650496357777},"Slope":{"confidence_interval":{"confidence_level":0.95,"lower_bound":28.46674987210907,"upper_bound":28.558865848091536},"point_estimate":28.507908790786253,"standard_error":0.023635716591362675},"StdDev":{"confidence_interval":{"confidence_level":0.95,"lower_bound":0.13593134936987442,"upper_bound":0.4917238271768388},"point_estimate":0.3177359525987823,"standard_error":0.1065442282723127}}