{"Mean":{"confidence_interval":{"confidence_level":0.95,"lower_bound":28.517297008664595,"upper_bound":28.999685535560985},"point_estimate":28.739572719020753,"standard_error":0.12342635114741236},"Median":{"confidence_interval":{"confidence_level":0.95,"lower_bound":28.297486568128768,"upper_bound":28.349895636134168},"point_estimate":28.321959006074643,"standard_error":0.01357663324528072},"MedianAbsDev":{"confidence_interval":{"confidence_level":0.95,"lower_bound":0.07328550118466899,"upper_bound":0.13908988935735653},"point_estimate":0.10779331432847246,"standard_error":0.016189472258276594},"Slope":{"confidence_interval":{"confidence_level":0.95,"lower_bound":28.536338462574754,"upper_bound":29.031360929719316},"point_estimate":28.764964276627584,"standard_error":0.12650611457822786},"StdDev":{"confidence_interval":{"confidence_level":0.95,"lower_bound":0.7615295711627228,"upper_bound":1.637958960674914},"point_estimate":1.2417528359939523,"standard_error":0.2245098393276015}}