{"Mean":{"confidence_interval":{"confidence_level":0.95,"lower_bound":38.302927233374035,"upper_bound":38.60440586360854},"point_estimate":38.424947090820496,"standard_error":0.07923147452762692},"Median":{"confidence_interval":{"confidence_level":0.95,"lower_bound":38.19253450837389,"upper_bound":38.373273581601374},"point_estimate":38.28463557384472,"standard_error":0.05223940711118245},"MedianAbsDev":{"confidence_interval":{"confidence_level":0.95,"lower_bound":0.2688211791341446,"upper_bound":0.45301642773579376},"point_estimate":0.3643759834278395,"standard_error":0.04790312255731905},"Slope":{"confidence_interval":{"confidence_level":0.95,"lower_bound":38.306981519318335,"upper_bound":38.45402760868964},"point_estimate":38.38026620603699,"standard_error":0.037421507984973956},"StdDev":{"confidence_interval":{"confidence_level":0.95,"lower_bound":0.3038438780501017,"upper_bound":1.290546679634997},"point_estimate":0.7988441282961422,"standard_error":0.3295995185924881}}