{"Mean":{"confidence_interval":{"confidence_level":0.95,"lower_bound":16535562.632777777,"upper_bound":16606399.560597718},"point_estimate":16569427.881170636,"standard_error":18084.29277196907},"Median":{"confidence_interval":{"confidence_level":0.95,"lower_bound":16535995.222222224,"upper_bound":16605711.15625},"point_estimate":16561733.291666668,"standard_error":12610.25973313984},"MedianAbsDev":{"confidence_interval":{"confidence_level":0.95,"lower_bound":4184.514875711851,"upper_bound":106100.840113833},"point_estimate":16138.63197848072,"standard_error":28642.916035130525},"Slope":{"confidence_interval":{"confidence_level":0.95,"lower_bound":16545311.772337016,"upper_bound":16627375.191826964},"point_estimate":16585628.603896104,"standard_error":20759.956631890644},"StdDev":{"confidence_interval":{"confidence_level":0.95,"lower_bound":22796.906612491402,"upper_bound":81643.72866385027},"point_estimate":60316.285630601036,"standard_error":14920.076792522048}}