{"Mean":{"confidence_interval":{"confidence_level":0.95,"lower_bound":19013263.032919183,"upper_bound":19053137.54797957},"point_estimate":19032704.377994504,"standard_error":10151.732466290607},"Median":{"confidence_interval":{"confidence_level":0.95,"lower_bound":18984031.785714284,"upper_bound":19028332.43283582},"point_estimate":18995093.596104726,"standard_error":12679.489040540575},"MedianAbsDev":{"confidence_interval":{"confidence_level":0.95,"lower_bound":50575.67925579746,"upper_bound":99716.7197457471},"point_estimate":72850.25546066204,"standard_error":12831.4024145961},"Slope":{"confidence_interval":{"confidence_level":0.95,"lower_bound":19004154.99541586,"upper_bound":19056924.021081407},"point_estimate":19029077.68637801,"standard_error":13471.496997499045},"StdDev":{"confidence_interval":{"confidence_level":0.95,"lower_bound":83875.1220473742,"upper_bound":117099.8802368397},"point_estimate":101814.14068916593,"standard_error":8492.580039379993}}