{"Mean":{"confidence_interval":{"confidence_level":0.95,"lower_bound":18967586.284644783,"upper_bound":18999814.512315795},"point_estimate":18983263.61387036,"standard_error":8220.177552016326},"Median":{"confidence_interval":{"confidence_level":0.95,"lower_bound":18952331.442622952,"upper_bound":18979774.032967035},"point_estimate":18966197.43636164,"standard_error":6896.406275298549},"MedianAbsDev":{"confidence_interval":{"confidence_level":0.95,"lower_bound":39799.568529354176,"upper_bound":75013.18703912025},"point_estimate":57287.25848803128,"standard_error":9717.596652764962},"Slope":{"confidence_interval":{"confidence_level":0.95,"lower_bound":18973907.41616285,"upper_bound":19003128.789607976},"point_estimate":18987948.56461652,"standard_error":7456.376075789301},"StdDev":{"confidence_interval":{"confidence_level":0.95,"lower_bound":65299.09414413185,"upper_bound":99385.8171271818},"point_estimate":82599.79571320747,"standard_error":8762.900132213119}}