{"Mean":{"confidence_interval":{"confidence_level":0.95,"lower_bound":17962551.677588012,"upper_bound":18059917.579523847},"point_estimate":18009748.78634071,"standard_error":24889.644447796978},"Median":{"confidence_interval":{"confidence_level":0.95,"lower_bound":17927845.12075472,"upper_bound":18005144.64814815},"point_estimate":17972080.997474745,"standard_error":19328.732083771138},"MedianAbsDev":{"confidence_interval":{"confidence_level":0.95,"lower_bound":151952.25904730626,"upper_bound":244766.47682272526},"point_estimate":197301.29823817665,"standard_error":23575.42844926175},"Slope":{"confidence_interval":{"confidence_level":0.95,"lower_bound":17987533.770580314,"upper_bound":18171227.54599346},"point_estimate":18077346.376216937,"standard_error":46946.18674897308},"StdDev":{"confidence_interval":{"confidence_level":0.95,"lower_bound":197782.82862810287,"upper_bound":296039.61700427264},"point_estimate":249884.87026016298,"standard_error":25099.232895424768}}