{"Mean":{"confidence_interval":{"confidence_level":0.95,"lower_bound":95.31299035229354,"upper_bound":95.73490139594388},"point_estimate":95.4947120599934,"standard_error":0.10901765015411684},"Median":{"confidence_interval":{"confidence_level":0.95,"lower_bound":95.18201399007309,"upper_bound":95.25174351307032},"point_estimate":95.22089684064181,"standard_error":0.02058662684603218},"MedianAbsDev":{"confidence_interval":{"confidence_level":0.95,"lower_bound":0.12034702831477312,"upper_bound":0.22257048464885443},"point_estimate":0.1670165483515349,"standard_error":0.024305789304474388},"Slope":{"confidence_interval":{"confidence_level":0.95,"lower_bound":95.27723275553642,"upper_bound":95.66881533141675},"point_estimate":95.44736604447428,"standard_error":0.10117364958321023},"StdDev":{"confidence_interval":{"confidence_level":0.95,"lower_bound":0.41832112722044884,"upper_bound":1.6774175186432245},"point_estimate":1.096637502051523,"standard_error":0.33837400525275546}}