{"Mean":{"confidence_interval":{"confidence_level":0.95,"lower_bound":108.90631919930387,"upper_bound":109.55713014940159},"point_estimate":109.18459310682233,"standard_error":0.1680760241834312},"Median":{"confidence_interval":{"confidence_level":0.95,"lower_bound":108.62875258530198,"upper_bound":108.92503638563304},"point_estimate":108.75087722383938,"standard_error":0.08164918153773283},"MedianAbsDev":{"confidence_interval":{"confidence_level":0.95,"lower_bound":0.482160509963041,"upper_bound":0.852419918947252},"point_estimate":0.6150486010845199,"standard_error":0.0938026899734674},"Slope":{"confidence_interval":{"confidence_level":0.95,"lower_bound":108.69140872527633,"upper_bound":108.97010822520586},"point_estimate":108.82481397451492,"standard_error":0.07100694401053882},"StdDev":{"confidence_interval":{"confidence_level":0.95,"lower_bound":0.7986085256825547,"upper_bound":2.6241908248294066},"point_estimate":1.6977748950349074,"standard_error":0.574546275275215}}