{"Mean":{"confidence_interval":{"confidence_level":0.95,"lower_bound":101.81782499919112,"upper_bound":102.53343467716651},"point_estimate":102.11472602718122,"standard_error":0.18592572519785025},"Median":{"confidence_interval":{"confidence_level":0.95,"lower_bound":101.49031601218552,"upper_bound":101.94289959127926},"point_estimate":101.80857793783912,"standard_error":0.10997531761808292},"MedianAbsDev":{"confidence_interval":{"confidence_level":0.95,"lower_bound":0.6076077739645254,"upper_bound":1.1047431355942887},"point_estimate":0.8741957289761139,"standard_error":0.1325020787949422},"Slope":{"confidence_interval":{"confidence_level":0.95,"lower_bound":101.75434626583485,"upper_bound":102.13796701452678},"point_estimate":101.94000639389697,"standard_error":0.09808338823027381},"StdDev":{"confidence_interval":{"confidence_level":0.95,"lower_bound":0.8065310242605157,"upper_bound":2.9396606840931927},"point_estimate":1.8642195534455013,"standard_error":0.6911557980033333}}