{"Mean":{"confidence_interval":{"confidence_level":0.95,"lower_bound":701677.2128457595,"upper_bound":711667.9111673076},"point_estimate":706538.6574599047,"standard_error":2550.2341481640165},"Median":{"confidence_interval":{"confidence_level":0.95,"lower_bound":697614.4139784946,"upper_bound":708902.9453125},"point_estimate":704266.1450892857,"standard_error":2680.806990245784},"MedianAbsDev":{"confidence_interval":{"confidence_level":0.95,"lower_bound":16310.90664818082,"upper_bound":29453.16509036273},"point_estimate":22563.36615523929,"standard_error":3542.71539354161},"Slope":{"confidence_interval":{"confidence_level":0.95,"lower_bound":700206.6928791344,"upper_bound":708060.4748437206},"point_estimate":704113.3827235112,"standard_error":2008.604554091245},"StdDev":{"confidence_interval":{"confidence_level":0.95,"lower_bound":20933.02762241922,"upper_bound":29779.73241883336},"point_estimate":25646.538160108186,"standard_error":2264.284402991082}}