{"Mean":{"confidence_interval":{"confidence_level":0.95,"lower_bound":683909.9733907953,"upper_bound":690425.6727047111},"point_estimate":687136.223129518,"standard_error":1665.2071722047847},"Median":{"confidence_interval":{"confidence_level":0.95,"lower_bound":681515.8882352941,"upper_bound":690902.5392857143},"point_estimate":686909.881605691,"standard_error":2775.661342619847},"MedianAbsDev":{"confidence_interval":{"confidence_level":0.95,"lower_bound":13332.855806772686,"upper_bound":21689.181414091716},"point_estimate":18208.025163340524,"standard_error":2221.857441388603},"Slope":{"confidence_interval":{"confidence_level":0.95,"lower_bound":683688.8361297323,"upper_bound":691494.8347510326},"point_estimate":687259.7024826363,"standard_error":1999.3806289369013},"StdDev":{"confidence_interval":{"confidence_level":0.95,"lower_bound":14611.033544198468,"upper_bound":18691.06581815323},"point_estimate":16745.94399373378,"standard_error":1038.5338723484936}}