{"Mean":{"confidence_interval":{"confidence_level":0.95,"lower_bound":673241.504244856,"upper_bound":682479.0784919533},"point_estimate":678288.7853718401,"standard_error":2384.916206318258},"Median":{"confidence_interval":{"confidence_level":0.95,"lower_bound":671554.804526749,"upper_bound":684190.7},"point_estimate":680816.0216049383,"standard_error":2792.576559469505},"MedianAbsDev":{"confidence_interval":{"confidence_level":0.95,"lower_bound":606.1609992384565,"upper_bound":10083.183775308735},"point_estimate":4442.396275576132,"standard_error":2750.2627393627367},"Slope":{"confidence_interval":{"confidence_level":0.95,"lower_bound":672551.1106656825,"upper_bound":682803.2845352317},"point_estimate":678923.5808561809,"standard_error":2617.519075543832},"StdDev":{"confidence_interval":{"confidence_level":0.95,"lower_bound":2465.93946301089,"upper_bound":10008.449628523676},"point_estimate":7968.6294124120195,"standard_error":2018.051278899587}}