{"Mean":{"confidence_interval":{"confidence_level":0.95,"lower_bound":678662.5339659924,"upper_bound":684912.6723129847},"point_estimate":681753.237238163,"standard_error":1588.4249096695673},"Median":{"confidence_interval":{"confidence_level":0.95,"lower_bound":676292.4880952381,"upper_bound":685030.6206896552},"point_estimate":679726.0073428375,"standard_error":1972.6671862561825},"MedianAbsDev":{"confidence_interval":{"confidence_level":0.95,"lower_bound":13044.470616138144,"upper_bound":19913.51278075389},"point_estimate":16898.144985018207,"standard_error":1755.1832541280523},"Slope":{"confidence_interval":{"confidence_level":0.95,"lower_bound":678207.9830830505,"upper_bound":686735.5356231126},"point_estimate":682505.7158711393,"standard_error":2175.822530519324},"StdDev":{"confidence_interval":{"confidence_level":0.95,"lower_bound":13698.376069672424,"upper_bound":17920.513131353415},"point_estimate":15917.412299785005,"standard_error":1077.9774967022836}}