{"Mean":{"confidence_interval":{"confidence_level":0.95,"lower_bound":707992.7335821466,"upper_bound":730473.279616576},"point_estimate":718878.560492162,"standard_error":5724.831320542644},"Median":{"confidence_interval":{"confidence_level":0.95,"lower_bound":686764.7441860465,"upper_bound":717038.7666666667},"point_estimate":705765.515625,"standard_error":8725.94493362502},"MedianAbsDev":{"confidence_interval":{"confidence_level":0.95,"lower_bound":34243.9919644061,"upper_bound":60577.67049702873},"point_estimate":50078.398649641844,"standard_error":7652.189093619693},"Slope":{"confidence_interval":{"confidence_level":0.95,"lower_bound":688095.4892959882,"upper_bound":706891.279947146},"point_estimate":696740.981561992,"standard_error":4800.591210939954},"StdDev":{"confidence_interval":{"confidence_level":0.95,"lower_bound":46951.38010803221,"upper_bound":66598.25314414155},"point_estimate":57583.32461475586,"standard_error":5021.837830887503}}