{"Mean":{"confidence_interval":{"confidence_level":0.95,"lower_bound":13731.19849871564,"upper_bound":14091.189011893823},"point_estimate":13877.751276653631,"standard_error":94.84614891407176},"Median":{"confidence_interval":{"confidence_level":0.95,"lower_bound":13677.240081835971,"upper_bound":13728.144275347124},"point_estimate":13707.182794190461,"standard_error":14.496769194867408},"MedianAbsDev":{"confidence_interval":{"confidence_level":0.95,"lower_bound":52.949736748294654,"upper_bound":105.72866064153888},"point_estimate":79.65869414282649,"standard_error":14.056860917038222},"Slope":{"confidence_interval":{"confidence_level":0.95,"lower_bound":13703.886692510152,"upper_bound":13760.234793759453},"point_estimate":13730.581594684923,"standard_error":14.396546679280046},"StdDev":{"confidence_interval":{"confidence_level":0.95,"lower_bound":107.88050842021535,"upper_bound":1516.7060111699886},"point_estimate":952.8174770276679,"standard_error":378.0130582213462}}