{"Mean":{"confidence_interval":{"confidence_level":0.95,"lower_bound":2457352.2787538646,"upper_bound":2487720.2080548243},"point_estimate":2471555.73110174,"standard_error":7756.082559920926},"Median":{"confidence_interval":{"confidence_level":0.95,"lower_bound":2437768.7288135593,"upper_bound":2464642.592287234},"point_estimate":2450384.3185185185,"standard_error":7048.800360037844},"MedianAbsDev":{"confidence_interval":{"confidence_level":0.95,"lower_bound":34110.33715717663,"upper_bound":58001.577489941534},"point_estimate":48334.26200009369,"standard_error":6047.703593078833},"Slope":{"confidence_interval":{"confidence_level":0.95,"lower_bound":2459611.9074503044,"upper_bound":2478343.732387431},"point_estimate":2468731.7756110537,"standard_error":4776.235227960785},"StdDev":{"confidence_interval":{"confidence_level":0.95,"lower_bound":51499.765110171385,"upper_bound":102558.27373894531},"point_estimate":77686.50492957333,"standard_error":13219.988784631316}}