{"Mean":{"confidence_interval":{"confidence_level":0.95,"lower_bound":2375862.9859353565,"upper_bound":2384948.7829881622},"point_estimate":2380004.0845488836,"standard_error":2325.5585281560884},"Median":{"confidence_interval":{"confidence_level":0.95,"lower_bound":2370531.8846153845,"upper_bound":2379781.4631578946},"point_estimate":2375335.828598485,"standard_error":1970.220042151042},"MedianAbsDev":{"confidence_interval":{"confidence_level":0.95,"lower_bound":11636.964393982502,"upper_bound":19285.005074576882},"point_estimate":14652.257828425742,"standard_error":1925.271391158793},"Slope":{"confidence_interval":{"confidence_level":0.95,"lower_bound":2375665.2969010654,"upper_bound":2383631.842180729},"point_estimate":2379574.7732702824,"standard_error":2029.3316865819454},"StdDev":{"confidence_interval":{"confidence_level":0.95,"lower_bound":14265.679624948434,"upper_bound":33549.54732730712},"point_estimate":23351.820532757665,"standard_error":5737.888115829701}}