{"Mean":{"confidence_interval":{"confidence_level":0.95,"lower_bound":2382647.4031849517,"upper_bound":2393357.612685307},"point_estimate":2387798.665017702,"standard_error":2733.579127448226},"Median":{"confidence_interval":{"confidence_level":0.95,"lower_bound":2376614.12,"upper_bound":2385364.4264705884},"point_estimate":2379038.8331363276,"standard_error":1950.3706835147477},"MedianAbsDev":{"confidence_interval":{"confidence_level":0.95,"lower_bound":13725.24750466165,"upper_bound":23757.45138403298},"point_estimate":17657.820517555316,"standard_error":2785.614044505784},"Slope":{"confidence_interval":{"confidence_level":0.95,"lower_bound":2383370.8758457387,"upper_bound":2398072.8627439328},"point_estimate":2390392.6821870846,"standard_error":3771.1117604322226},"StdDev":{"confidence_interval":{"confidence_level":0.95,"lower_bound":21555.21099569286,"upper_bound":32635.291716924712},"point_estimate":27501.986252819876,"standard_error":2829.331145929178}}