{"Mean":{"confidence_interval":{"confidence_level":0.95,"lower_bound":2376829.0856042,"upper_bound":2389536.8683100496},"point_estimate":2382282.749739064,"standard_error":3269.007092948419},"Median":{"confidence_interval":{"confidence_level":0.95,"lower_bound":2374118.7346938774,"upper_bound":2381949.185185185},"point_estimate":2376904.4681566455,"standard_error":2060.4921539102843},"MedianAbsDev":{"confidence_interval":{"confidence_level":0.95,"lower_bound":12596.493408532746,"upper_bound":20155.210461854906},"point_estimate":16784.14707631022,"standard_error":1939.2057180672878},"Slope":{"confidence_interval":{"confidence_level":0.95,"lower_bound":2381188.508962622,"upper_bound":2390098.038800752},"point_estimate":2385289.0850834935,"standard_error":2261.8993944842314},"StdDev":{"confidence_interval":{"confidence_level":0.95,"lower_bound":15525.57762584794,"upper_bound":50496.8922833581},"point_estimate":32803.56377656239,"standard_error":10745.803871868058}}