{"Mean":{"confidence_interval":{"confidence_level":0.95,"lower_bound":14699.84208207779,"upper_bound":14789.78115743686},"point_estimate":14739.14972472849,"standard_error":23.328069299174267},"Median":{"confidence_interval":{"confidence_level":0.95,"lower_bound":14683.473678587496,"upper_bound":14755.051821862347},"point_estimate":14730.198043184886,"standard_error":17.945741272536402},"MedianAbsDev":{"confidence_interval":{"confidence_level":0.95,"lower_bound":8.84325008591532,"upper_bound":96.6661518735774},"point_estimate":34.916801444880434,"standard_error":22.613114471551498},"Slope":{"confidence_interval":{"confidence_level":0.95,"lower_bound":14672.51809214601,"upper_bound":14735.391959261542},"point_estimate":14695.081144119038,"standard_error":15.962555756988422},"StdDev":{"confidence_interval":{"confidence_level":0.95,"lower_bound":24.608507627753536,"upper_bound":113.1324133594285},"point_estimate":77.80000514672378,"standard_error":26.673538440117966}}