{"Mean":{"confidence_interval":{"confidence_level":0.95,"lower_bound":-0.00432777783160761,"upper_bound":0.003451524037473428},"point_estimate":-0.0005372710468832809,"standard_error":0.00198347994483956},"Median":{"confidence_interval":{"confidence_level":0.95,"lower_bound":-0.004529295257457617,"upper_bound":0.004939256079384823},"point_estimate":0.0012944300027857292,"standard_error":0.002516264311974541}}