{"Mean":{"confidence_interval":{"confidence_level":0.95,"lower_bound":0.00009088312439201166,"upper_bound":0.008776628001911351},"point_estimate":0.004377127247507495,"standard_error":0.0022066167899711135},"Median":{"confidence_interval":{"confidence_level":0.95,"lower_bound":-0.0007447837135310387,"upper_bound":0.00867313559762195},"point_estimate":0.0036006319061225867,"standard_error":0.0023615321404113257}}