{"Mean":{"confidence_interval":{"confidence_level":0.95,"lower_bound":-0.04919367522574089,"upper_bound":-0.0420634863088098},"point_estimate":-0.045887588788539824,"standard_error":0.0018740048345758725},"Median":{"confidence_interval":{"confidence_level":0.95,"lower_bound":-0.050614811483395306,"upper_bound":-0.042635353018461775},"point_estimate":-0.04721727362020467,"standard_error":0.0021741206866413144}}