{"Mean":{"confidence_interval":{"confidence_level":0.95,"lower_bound":7962860.233297479,"upper_bound":7986383.873023008},"point_estimate":7974690.977744124,"standard_error":6017.747478531857},"Median":{"confidence_interval":{"confidence_level":0.95,"lower_bound":7961301.672499999,"upper_bound":7987430.338235294},"point_estimate":7977852.959746836,"standard_error":7587.154229340945},"MedianAbsDev":{"confidence_interval":{"confidence_level":0.95,"lower_bound":47844.36882224485,"upper_bound":73101.00044078512},"point_estimate":63155.8911795286,"standard_error":6368.315877729386},"Slope":{"confidence_interval":{"confidence_level":0.95,"lower_bound":7962137.411537867,"upper_bound":7986355.53852838},"point_estimate":7973965.317549874,"standard_error":6180.889924770802},"StdDev":{"confidence_interval":{"confidence_level":0.95,"lower_bound":51410.388978002426,"upper_bound":68701.5404052899},"point_estimate":60419.04412073483,"standard_error":4436.512201922046}}