{"Mean":{"confidence_interval":{"confidence_level":0.95,"lower_bound":8039853.913359636,"upper_bound":8061039.282427715},"point_estimate":8050301.6689710375,"standard_error":5399.804222818035},"Median":{"confidence_interval":{"confidence_level":0.95,"lower_bound":8038554.898684211,"upper_bound":8058247.396825396},"point_estimate":8045563.305813953,"standard_error":4247.477960458476},"MedianAbsDev":{"confidence_interval":{"confidence_level":0.95,"lower_bound":32702.945410912256,"upper_bound":50083.48075518403},"point_estimate":42218.18700070976,"standard_error":4272.3486470623375},"Slope":{"confidence_interval":{"confidence_level":0.95,"lower_bound":8050102.776917422,"upper_bound":8073451.482932113},"point_estimate":8061239.8351647705,"standard_error":5951.597246409622},"StdDev":{"confidence_interval":{"confidence_level":0.95,"lower_bound":43642.720245571356,"upper_bound":63981.544488555046},"point_estimate":54266.9402997937,"standard_error":5185.797424772822}}