{"Mean":{"confidence_interval":{"confidence_level":0.95,"lower_bound":2108228.449913108,"upper_bound":2116256.631663883},"point_estimate":2111854.6304356745,"standard_error":2055.7554395956954},"Median":{"confidence_interval":{"confidence_level":0.95,"lower_bound":2103694.0303030303,"upper_bound":2108966.9036144577},"point_estimate":2107329.8786416287,"standard_error":1287.187458581969},"MedianAbsDev":{"confidence_interval":{"confidence_level":0.95,"lower_bound":5951.413519666473,"upper_bound":9845.677401429508},"point_estimate":8019.483448619754,"standard_error":1014.1243667343255},"Slope":{"confidence_interval":{"confidence_level":0.95,"lower_bound":2108140.818409873,"upper_bound":2114819.8059454574},"point_estimate":2111199.1746150437,"standard_error":1711.8615213200915},"StdDev":{"confidence_interval":{"confidence_level":0.95,"lower_bound":10911.23697670625,"upper_bound":28702.401375180132},"point_estimate":20618.4548568142,"standard_error":4538.549725780976}}