{"Mean":{"confidence_interval":{"confidence_level":0.95,"lower_bound":96.82233537802898,"upper_bound":99.85682626459848},"point_estimate":98.15899785683091,"standard_error":0.7817491222552861},"Median":{"confidence_interval":{"confidence_level":0.95,"lower_bound":95.59254670655302,"upper_bound":95.94679545069707},"point_estimate":95.8116561235347,"standard_error":0.09058917225717837},"MedianAbsDev":{"confidence_interval":{"confidence_level":0.95,"lower_bound":0.3347235671173864,"upper_bound":0.7194943191020675},"point_estimate":0.5389286277151278,"standard_error":0.0965933792710074},"Slope":{"confidence_interval":{"confidence_level":0.95,"lower_bound":96.48241538815611,"upper_bound":98.68623947270794},"point_estimate":97.48603069244457,"standard_error":0.5670554531378897},"StdDev":{"confidence_interval":{"confidence_level":0.95,"lower_bound":3.604128820413767,"upper_bound":11.650048742374969},"point_estimate":7.854202372847417,"standard_error":2.1368258243434455}}