{"Mean":{"confidence_interval":{"confidence_level":0.95,"lower_bound":81.54524757655315,"upper_bound":81.68261600958772},"point_estimate":81.60622186471483,"standard_error":0.035317704068154064},"Median":{"confidence_interval":{"confidence_level":0.95,"lower_bound":81.53066915515039,"upper_bound":81.66168500985546},"point_estimate":81.57143566128485,"standard_error":0.03720073752747503},"MedianAbsDev":{"confidence_interval":{"confidence_level":0.95,"lower_bound":0.01850101093067183,"upper_bound":0.1623611013899825},"point_estimate":0.09337856199314334,"standard_error":0.03643805839768163},"Slope":{"confidence_interval":{"confidence_level":0.95,"lower_bound":81.55179531181676,"upper_bound":81.64361167520346},"point_estimate":81.60202100184937,"standard_error":0.023736971664364375},"StdDev":{"confidence_interval":{"confidence_level":0.95,"lower_bound":0.046867630708710244,"upper_bound":0.16554331955007046},"point_estimate":0.11738542849695778,"standard_error":0.035385075552225004}}