{"Mean":{"confidence_interval":{"confidence_level":0.95,"lower_bound":111.86164122108087,"upper_bound":112.43073226945943},"point_estimate":112.11277205281704,"standard_error":0.14656571201505342},"Median":{"confidence_interval":{"confidence_level":0.95,"lower_bound":111.56661949507529,"upper_bound":111.9487905859131},"point_estimate":111.77802353476633,"standard_error":0.0890068180147607},"MedianAbsDev":{"confidence_interval":{"confidence_level":0.95,"lower_bound":0.5030241088283764,"upper_bound":0.9355641976753643},"point_estimate":0.7260715762468415,"standard_error":0.10773362543692591},"Slope":{"confidence_interval":{"confidence_level":0.95,"lower_bound":111.90031253255803,"upper_bound":112.279599909821},"point_estimate":112.08012795428351,"standard_error":0.09665987573697675},"StdDev":{"confidence_interval":{"confidence_level":0.95,"lower_bound":0.6885092164456332,"upper_bound":2.1803096407591593},"point_estimate":1.4719635585636506,"standard_error":0.4033612160554078}}