{"Mean":{"confidence_interval":{"confidence_level":0.95,"lower_bound":395973.16456624254,"upper_bound":401173.5022594207},"point_estimate":398413.1117080118,"standard_error":1332.3111518265357},"Median":{"confidence_interval":{"confidence_level":0.95,"lower_bound":391906.35142932076,"upper_bound":393754.6485507246},"point_estimate":392949.81104833644,"standard_error":422.137170445322},"MedianAbsDev":{"confidence_interval":{"confidence_level":0.95,"lower_bound":1851.7242682881013,"upper_bound":4036.4491648957664},"point_estimate":2742.505628152891,"standard_error":531.1911672905686},"Slope":{"confidence_interval":{"confidence_level":0.95,"lower_bound":394981.561584319,"upper_bound":399339.3635527771},"point_estimate":397037.1469129599,"standard_error":1115.7664600760638},"StdDev":{"confidence_interval":{"confidence_level":0.95,"lower_bound":9126.016496044082,"upper_bound":17091.541718944038},"point_estimate":13386.286876783272,"standard_error":2038.5847949616661}}