{"Mean":{"confidence_interval":{"confidence_level":0.95,"lower_bound":-0.02353788433721137,"upper_bound":-0.009122296468993896},"point_estimate":-0.01523712540549127,"standard_error":0.003768440119593811},"Median":{"confidence_interval":{"confidence_level":0.95,"lower_bound":-0.01636251848488246,"upper_bound":-0.009203145559114612},"point_estimate":-0.012910003953956473,"standard_error":0.0019602487336245655}}