{"Mean":{"confidence_interval":{"confidence_level":0.95,"lower_bound":0.16051451554385848,"upper_bound":0.1902758904851164},"point_estimate":0.17658744498454304,"standard_error":0.007640597010482635},"Median":{"confidence_interval":{"confidence_level":0.95,"lower_bound":0.17725690158321616,"upper_bound":0.18932685004607652},"point_estimate":0.18444705404105366,"standard_error":0.0030978680601917987}}