{"Mean":{"confidence_interval":{"confidence_level":0.95,"lower_bound":-0.3780011785498219,"upper_bound":-0.3709275913552557},"point_estimate":-0.37432982173554097,"standard_error":0.001805399815112481},"Median":{"confidence_interval":{"confidence_level":0.95,"lower_bound":-0.37552647364522834,"upper_bound":-0.3686009513168731},"point_estimate":-0.37237823479816146,"standard_error":0.0017785489090841238}}