{"Mean":{"confidence_interval":{"confidence_level":0.95,"lower_bound":-0.09907195117934621,"upper_bound":-0.09224508390217992},"point_estimate":-0.09553167111296834,"standard_error":0.0017466395948039775},"Median":{"confidence_interval":{"confidence_level":0.95,"lower_bound":-0.10077870843850145,"upper_bound":-0.0904570262790384},"point_estimate":-0.09489727526738634,"standard_error":0.0024571488089146424}}