{"Mean":{"confidence_interval":{"confidence_level":0.95,"lower_bound":42.808586813920805,"upper_bound":43.149058148419165},"point_estimate":42.97522282337755,"standard_error":0.0870351470521286},"Median":{"confidence_interval":{"confidence_level":0.95,"lower_bound":42.754890750453654,"upper_bound":43.12725525274056},"point_estimate":42.90633958341023,"standard_error":0.10807179919636485},"MedianAbsDev":{"confidence_interval":{"confidence_level":0.95,"lower_bound":0.5598914964980825,"upper_bound":0.9464757445926921},"point_estimate":0.7807305520626461,"standard_error":0.09708406366187912},"Slope":{"confidence_interval":{"confidence_level":0.95,"lower_bound":43.02733366817128,"upper_bound":43.46426912515251},"point_estimate":43.24124494686275,"standard_error":0.11202758740790598},"StdDev":{"confidence_interval":{"confidence_level":0.95,"lower_bound":0.7334076743687512,"upper_bound":1.0018255963523324},"point_estimate":0.8760167964836479,"standard_error":0.06850844604790525}}