{"Mean":{"confidence_interval":{"confidence_level":0.95,"lower_bound":-0.13743877277341196,"upper_bound":-0.12552040919359192},"point_estimate":-0.1311039056592802,"standard_error":0.0030411796275867354},"Median":{"confidence_interval":{"confidence_level":0.95,"lower_bound":-0.13425433092465167,"upper_bound":-0.1252172135898585},"point_estimate":-0.12848595623294112,"standard_error":0.0025023953987163617}}