{"Mean":{"confidence_interval":{"confidence_level":0.95,"lower_bound":-0.004037997348030457,"upper_bound":0.011506622673063734},"point_estimate":0.0026287518869079207,"standard_error":0.004008615643421769},"Median":{"confidence_interval":{"confidence_level":0.95,"lower_bound":-0.006660868243683726,"upper_bound":0.017450882021939007},"point_estimate":0.00007813091988562171,"standard_error":0.005655645629637377}}