{"Mean":{"confidence_interval":{"confidence_level":0.95,"lower_bound":0.11822044894382493,"upper_bound":0.13677356781776034},"point_estimate":0.12704520845346212,"standard_error":0.0046633539964380435},"Median":{"confidence_interval":{"confidence_level":0.95,"lower_bound":0.12042023124945689,"upper_bound":0.13238805138079002},"point_estimate":0.12430794151300883,"standard_error":0.003333389391620338}}