{"Mean":{"confidence_interval":{"confidence_level":0.95,"lower_bound":-0.7560460329379319,"upper_bound":-0.7537704219157731},"point_estimate":-0.7548676837188804,"standard_error":0.0005774416217237105},"Median":{"confidence_interval":{"confidence_level":0.95,"lower_bound":-0.7548899391588554,"upper_bound":-0.7535004667806284},"point_estimate":-0.7541926559154849,"standard_error":0.00035618526134423604}}