{"Mean":{"confidence_interval":{"confidence_level":0.95,"lower_bound":330592.8031493507,"upper_bound":331938.24592267314},"point_estimate":331251.47710173164,"standard_error":346.01711799603504},"Median":{"confidence_interval":{"confidence_level":0.95,"lower_bound":330214.7590909091,"upper_bound":332324.875},"point_estimate":331182.3772727273,"standard_error":585.9208006707665},"MedianAbsDev":{"confidence_interval":{"confidence_level":0.95,"lower_bound":284.03245950286725,"upper_bound":1902.72331735628},"point_estimate":1495.2307145907112,"standard_error":417.75807926619507},"Slope":{"confidence_interval":{"confidence_level":0.95,"lower_bound":330814.43293807644,"upper_bound":332520.33713903086},"point_estimate":331941.2192207792,"standard_error":434.79502950552074},"StdDev":{"confidence_interval":{"confidence_level":0.95,"lower_bound":711.8655339633026,"upper_bound":1386.142209567752},"point_estimate":1153.8232537073675,"standard_error":171.42093917604484}}