{"Mean":{"confidence_interval":{"confidence_level":0.95,"lower_bound":280894.3892723577,"upper_bound":283262.954924215},"point_estimate":282005.5098477303,"standard_error":604.9612937910046},"Median":{"confidence_interval":{"confidence_level":0.95,"lower_bound":279644.07011605415,"upper_bound":282089.12671232875},"point_estimate":281053.86077235773,"standard_error":681.0766322927242},"MedianAbsDev":{"confidence_interval":{"confidence_level":0.95,"lower_bound":3395.5832923886796,"upper_bound":5405.256365287506},"point_estimate":4184.703706855291,"standard_error":512.0837951685368},"Slope":{"confidence_interval":{"confidence_level":0.95,"lower_bound":280782.0730887681,"upper_bound":282194.73531035247},"point_estimate":281480.004661593,"standard_error":359.2831178611945},"StdDev":{"confidence_interval":{"confidence_level":0.95,"lower_bound":4228.960189284009,"upper_bound":8037.892261034588},"point_estimate":6071.813065387696,"standard_error":1019.1993683719722}}