{"Mean":{"confidence_interval":{"confidence_level":0.95,"lower_bound":761.8275799141586,"upper_bound":781.0058963675937},"point_estimate":770.7361031360895,"standard_error":4.9050336216594435},"Median":{"confidence_interval":{"confidence_level":0.95,"lower_bound":748.5930206378987,"upper_bound":750.9740961538462},"point_estimate":750.2300676143743,"standard_error":0.6062967340982861},"MedianAbsDev":{"confidence_interval":{"confidence_level":0.95,"lower_bound":2.642247563741597,"upper_bound":5.52819358078321},"point_estimate":4.232538079019753,"standard_error":0.7819924771311527},"Slope":{"confidence_interval":{"confidence_level":0.95,"lower_bound":759.1319661266316,"upper_bound":776.3997587604046},"point_estimate":767.005705480215,"standard_error":4.422036841657649},"StdDev":{"confidence_interval":{"confidence_level":0.95,"lower_bound":32.69589572647397,"upper_bound":62.676899382072385},"point_estimate":49.08550126156808,"standard_error":7.655775338060641}}