{"Mean":{"confidence_interval":{"confidence_level":0.95,"lower_bound":2415886.5049514575,"upper_bound":2444532.0780308116},"point_estimate":2430087.35236582,"standard_error":7295.517551136434},"Median":{"confidence_interval":{"confidence_level":0.95,"lower_bound":2410091.3163265307,"upper_bound":2448150.1953441296},"point_estimate":2429798.275015853,"standard_error":8058.751865756049},"MedianAbsDev":{"confidence_interval":{"confidence_level":0.95,"lower_bound":49344.78088943504,"upper_bound":77662.90563174144},"point_estimate":61757.97279036669,"standard_error":6964.53104997902},"Slope":{"confidence_interval":{"confidence_level":0.95,"lower_bound":2418856.8684776556,"upper_bound":2449235.2627569763},"point_estimate":2433735.5740534947,"standard_error":7766.185749837579},"StdDev":{"confidence_interval":{"confidence_level":0.95,"lower_bound":60973.98099446919,"upper_bound":85009.48836720792},"point_estimate":73567.11363124757,"standard_error":6158.4904519126685}}