{"Mean":{"confidence_interval":{"confidence_level":0.95,"lower_bound":24629219.286627974,"upper_bound":24770751.950630955},"point_estimate":24699314.15345238,"standard_error":36258.62662537828},"Median":{"confidence_interval":{"confidence_level":0.95,"lower_bound":24589733.0,"upper_bound":24802483.8},"point_estimate":24695776.8125,"standard_error":47776.190319070876},"MedianAbsDev":{"confidence_interval":{"confidence_level":0.95,"lower_bound":17596.237787604332,"upper_bound":208428.32121215944},"point_estimate":157712.16524004992,"standard_error":51707.46352177493},"Slope":{"confidence_interval":{"confidence_level":0.95,"lower_bound":24599529.313106798,"upper_bound":24790246.277762484},"point_estimate":24683558.166233767,"standard_error":48998.319829777705},"StdDev":{"confidence_interval":{"confidence_level":0.95,"lower_bound":70153.9080001329,"upper_bound":151283.3286651966},"point_estimate":120697.03394554363,"standard_error":21006.515533318336}}