{"Mean":{"confidence_interval":{"confidence_level":0.95,"lower_bound":22611976.329759754,"upper_bound":22727066.729305312},"point_estimate":22666810.704294108,"standard_error":29375.264581646934},"Median":{"confidence_interval":{"confidence_level":0.95,"lower_bound":22579310.875757575,"upper_bound":22639415.775510203},"point_estimate":22600696.38064713,"standard_error":16099.81957934536},"MedianAbsDev":{"confidence_interval":{"confidence_level":0.95,"lower_bound":103966.00928460888,"upper_bound":182904.3572216099},"point_estimate":142289.47467011452,"standard_error":19848.021174474543},"Slope":{"confidence_interval":{"confidence_level":0.95,"lower_bound":22526839.846843597,"upper_bound":22596364.545295198},"point_estimate":22561809.85514999,"standard_error":17763.171232204888},"StdDev":{"confidence_interval":{"confidence_level":0.95,"lower_bound":221680.6372783448,"upper_bound":360729.7962895949},"point_estimate":294907.23603385745,"standard_error":35704.11346726599}}