{"Mean":{"confidence_interval":{"confidence_level":0.95,"lower_bound":38.21321995805402,"upper_bound":38.399936700804794},"point_estimate":38.29744494448366,"standard_error":0.047966503495311445},"Median":{"confidence_interval":{"confidence_level":0.95,"lower_bound":38.150257362901044,"upper_bound":38.271398133693964},"point_estimate":38.216752638278834,"standard_error":0.03587673577198573},"MedianAbsDev":{"confidence_interval":{"confidence_level":0.95,"lower_bound":0.20546102468009775,"upper_bound":0.35594170948608467},"point_estimate":0.2973179542916542,"standard_error":0.04001125884928818},"Slope":{"confidence_interval":{"confidence_level":0.95,"lower_bound":38.164015041039754,"upper_bound":38.2636397308178},"point_estimate":38.21234642730013,"standard_error":0.025493247040677073},"StdDev":{"confidence_interval":{"confidence_level":0.95,"lower_bound":0.25935451198989656,"upper_bound":0.7076712119527553},"point_estimate":0.4839734679825374,"standard_error":0.12523657471886665}}