{"Mean":{"confidence_interval":{"confidence_level":0.95,"lower_bound":38.04860146974945,"upper_bound":38.213448156526326},"point_estimate":38.12105918448705,"standard_error":0.042381840039851904},"Median":{"confidence_interval":{"confidence_level":0.95,"lower_bound":37.97695499185967,"upper_bound":38.0728913415833},"point_estimate":38.019530819224514,"standard_error":0.024068335711647126},"MedianAbsDev":{"confidence_interval":{"confidence_level":0.95,"lower_bound":0.1270603052677572,"upper_bound":0.22132039440357373},"point_estimate":0.16374091842987035,"standard_error":0.023077621890693917},"Slope":{"confidence_interval":{"confidence_level":0.95,"lower_bound":38.05404189553171,"upper_bound":38.168213386757216},"point_estimate":38.1057487394721,"standard_error":0.029217121224155717},"StdDev":{"confidence_interval":{"confidence_level":0.95,"lower_bound":0.20884946403141486,"upper_bound":0.6409920782248957},"point_estimate":0.4272025487802098,"standard_error":0.1228030678843649}}