{"Mean":{"confidence_interval":{"confidence_level":0.95,"lower_bound":0.002147579696239228,"upper_bound":0.008572944210057653},"point_estimate":0.005568594153051665,"standard_error":0.0016530501757915813},"Median":{"confidence_interval":{"confidence_level":0.95,"lower_bound":0.0021701370963551625,"upper_bound":0.010197388996536105},"point_estimate":0.007088671138653968,"standard_error":0.0022162785121224785}}