{"Mean":{"confidence_interval":{"confidence_level":0.95,"lower_bound":0.05771867523225701,"upper_bound":0.06564197984060839},"point_estimate":0.06191510746562634,"standard_error":0.0020185673199282174},"Median":{"confidence_interval":{"confidence_level":0.95,"lower_bound":0.053422091517473236,"upper_bound":0.06483558017367264},"point_estimate":0.05911367608796603,"standard_error":0.0030244617055633707}}