{"Mean":{"confidence_interval":{"confidence_level":0.95,"lower_bound":43579958.535724446,"upper_bound":43652491.25020535},"point_estimate":43614706.01739672,"standard_error":18504.48063018083},"Median":{"confidence_interval":{"confidence_level":0.95,"lower_bound":43538413.34373152,"upper_bound":43594572.61111111},"point_estimate":43560179.06597938,"standard_error":14309.347084368677},"MedianAbsDev":{"confidence_interval":{"confidence_level":0.95,"lower_bound":91135.4931429694,"upper_bound":172384.02189691665},"point_estimate":137082.6435816776,"standard_error":20461.51810116769},"Slope":{"confidence_interval":{"confidence_level":0.95,"lower_bound":43528535.76552859,"upper_bound":43585382.83798664},"point_estimate":43555775.903564356,"standard_error":14506.577645304069},"StdDev":{"confidence_interval":{"confidence_level":0.95,"lower_bound":143221.42882641306,"upper_bound":227408.70857985958},"point_estimate":185844.16909176944,"standard_error":21677.710506238443}}