{"Mean":{"confidence_interval":{"confidence_level":0.95,"lower_bound":87928456.83430938,"upper_bound":88065743.96176612},"point_estimate":87993656.60416798,"standard_error":35063.09035227789},"Median":{"confidence_interval":{"confidence_level":0.95,"lower_bound":87854551.16483517,"upper_bound":87960311.4921875},"point_estimate":87924242.32487805,"standard_error":29632.351042641276},"MedianAbsDev":{"confidence_interval":{"confidence_level":0.95,"lower_bound":172290.65830620253,"upper_bound":287648.6134086044},"point_estimate":224661.06796009283,"standard_error":30233.410682162616},"Slope":{"confidence_interval":{"confidence_level":0.95,"lower_bound":87922902.36272593,"upper_bound":88034634.39700598},"point_estimate":87976104.62513965,"standard_error":28425.688430814283},"StdDev":{"confidence_interval":{"confidence_level":0.95,"lower_bound":250906.87867274348,"upper_bound":444849.34698059433},"point_estimate":353128.26890716486,"standard_error":49850.64412397671}}