{"Mean":{"confidence_interval":{"confidence_level":0.95,"lower_bound":87343.32794632397,"upper_bound":88564.02398028757},"point_estimate":87914.44292586298,"standard_error":312.1109304269632},"Median":{"confidence_interval":{"confidence_level":0.95,"lower_bound":86523.90909090909,"upper_bound":86857.42708333333},"point_estimate":86647.29215229215,"standard_error":87.52656990507025},"MedianAbsDev":{"confidence_interval":{"confidence_level":0.95,"lower_bound":435.58172370013426,"upper_bound":965.4641608595903},"point_estimate":617.7242835445547,"standard_error":151.28233640341782},"Slope":{"confidence_interval":{"confidence_level":0.95,"lower_bound":87289.52678726875,"upper_bound":88696.47293971202},"point_estimate":87953.91862395941,"standard_error":357.7677871101721},"StdDev":{"confidence_interval":{"confidence_level":0.95,"lower_bound":2120.7383284611037,"upper_bound":4002.7611858592973},"point_estimate":3138.477217524196,"standard_error":480.85619289591403}}