{"Mean":{"confidence_interval":{"confidence_level":0.95,"lower_bound":683959.5028316035,"upper_bound":692010.696376452},"point_estimate":687768.0723610031,"standard_error":2059.15888489512},"Median":{"confidence_interval":{"confidence_level":0.95,"lower_bound":678975.8121120847,"upper_bound":684105.3801864802},"point_estimate":680863.9271494871,"standard_error":1384.5461598767445},"MedianAbsDev":{"confidence_interval":{"confidence_level":0.95,"lower_bound":7369.267829178953,"upper_bound":14051.877571256675},"point_estimate":9956.630793280608,"standard_error":1666.9037803008273},"Slope":{"confidence_interval":{"confidence_level":0.95,"lower_bound":679524.30671572,"upper_bound":682996.5273073443},"point_estimate":681201.784114083,"standard_error":885.5352485225086},"StdDev":{"confidence_interval":{"confidence_level":0.95,"lower_bound":14993.965342744612,"upper_bound":27072.905036336713},"point_estimate":20687.872636692715,"standard_error":3300.8943946851637}}