{"Mean":{"confidence_interval":{"confidence_level":0.95,"lower_bound":0.012880516436845658,"upper_bound":0.02202367520091828},"point_estimate":0.017084849658061785,"standard_error":0.0022811058133310365},"Median":{"confidence_interval":{"confidence_level":0.95,"lower_bound":0.011655446062428076,"upper_bound":0.01959148135721933},"point_estimate":0.01523251626888178,"standard_error":0.002100023531797348}}