{"Mean":{"confidence_interval":{"confidence_level":0.95,"lower_bound":-0.04715606271716864,"upper_bound":-0.04056375771360177},"point_estimate":-0.04383184877965651,"standard_error":0.0016751526896259708},"Median":{"confidence_interval":{"confidence_level":0.95,"lower_bound":-0.047167729324924634,"upper_bound":-0.039550827698173086},"point_estimate":-0.04271825657031736,"standard_error":0.0020084271257244215}}