{"Mean":{"confidence_interval":{"confidence_level":0.95,"lower_bound":0.009075091568055072,"upper_bound":0.019060499885344646},"point_estimate":0.01393511359157551,"standard_error":0.002548668954623719},"Median":{"confidence_interval":{"confidence_level":0.95,"lower_bound":0.005096738025305525,"upper_bound":0.020132884824413333},"point_estimate":0.01506212438668686,"standard_error":0.0043140510920125375}}