{"Mean":{"confidence_interval":{"confidence_level":0.95,"lower_bound":0.0000862616900321659,"upper_bound":0.011766030214046035},"point_estimate":0.0056063727689732445,"standard_error":0.003002918059272708},"Median":{"confidence_interval":{"confidence_level":0.95,"lower_bound":-0.0002763881036426108,"upper_bound":0.009150896390052399},"point_estimate":0.005107556154162918,"standard_error":0.0024970209581218175}}