{"Mean":{"confidence_interval":{"confidence_level":0.95,"lower_bound":125.82449458581888,"upper_bound":129.30765642428577},"point_estimate":127.43129201143041,"standard_error":0.8920280726514866},"Median":{"confidence_interval":{"confidence_level":0.95,"lower_bound":123.92872361397045,"upper_bound":124.25108501404137},"point_estimate":124.02617113648732,"standard_error":0.07023591338381398},"MedianAbsDev":{"confidence_interval":{"confidence_level":0.95,"lower_bound":0.25465759646868386,"upper_bound":0.6203431377933527},"point_estimate":0.409262067711687,"standard_error":0.08595045515819806},"Slope":{"confidence_interval":{"confidence_level":0.95,"lower_bound":126.33379120164291,"upper_bound":132.87545943391274},"point_estimate":129.3720153016982,"standard_error":1.6777114028601299},"StdDev":{"confidence_interval":{"confidence_level":0.95,"lower_bound":5.704619751805067,"upper_bound":11.571064128559911},"point_estimate":8.96178269509125,"standard_error":1.49878780173416}}