{"Mean":{"confidence_interval":{"confidence_level":0.95,"lower_bound":50.85878127391309,"upper_bound":51.08563018509214},"point_estimate":50.97109396914071,"standard_error":0.05830987431434064},"Median":{"confidence_interval":{"confidence_level":0.95,"lower_bound":50.758306831120606,"upper_bound":51.12478565859701},"point_estimate":50.991704386747216,"standard_error":0.0786979287785485},"MedianAbsDev":{"confidence_interval":{"confidence_level":0.95,"lower_bound":0.03562490976481348,"upper_bound":0.36181860822584483},"point_estimate":0.22111934100694888,"standard_error":0.09716082617934282},"Slope":{"confidence_interval":{"confidence_level":0.95,"lower_bound":50.9473439992506,"upper_bound":51.18791318590028},"point_estimate":51.10358249893157,"standard_error":0.060764306264393095},"StdDev":{"confidence_interval":{"confidence_level":0.95,"lower_bound":0.11521641866907448,"upper_bound":0.2396675009015215},"point_estimate":0.1939923567904601,"standard_error":0.03258353001717761}}