{"Mean":{"confidence_interval":{"confidence_level":0.95,"lower_bound":145.84313315722284,"upper_bound":146.57181532272793},"point_estimate":146.16977481380027,"standard_error":0.18672735275838406},"Median":{"confidence_interval":{"confidence_level":0.95,"lower_bound":145.54234043953153,"upper_bound":145.96667846380637},"point_estimate":145.724658919766,"standard_error":0.12653152383150415},"MedianAbsDev":{"confidence_interval":{"confidence_level":0.95,"lower_bound":0.6807138200718753,"upper_bound":1.1381509312145062},"point_estimate":0.9145284066471173,"standard_error":0.11590442633449465},"Slope":{"confidence_interval":{"confidence_level":0.95,"lower_bound":145.75882784342198,"upper_bound":146.33988240536482},"point_estimate":146.01070645684928,"standard_error":0.14957529424830796},"StdDev":{"confidence_interval":{"confidence_level":0.95,"lower_bound":0.9354811496741482,"upper_bound":2.682638511387497},"point_estimate":1.8764726962117508,"standard_error":0.4546165854010373}}