{"Mean":{"confidence_interval":{"confidence_level":0.95,"lower_bound":116589.62611707418,"upper_bound":117296.13402162908},"point_estimate":116890.65295020083,"standard_error":182.02744561417848},"Median":{"confidence_interval":{"confidence_level":0.95,"lower_bound":116302.8586419753,"upper_bound":116939.92424242424},"point_estimate":116626.25714285714,"standard_error":161.2716700342191},"MedianAbsDev":{"confidence_interval":{"confidence_level":0.95,"lower_bound":801.7645619778564,"upper_bound":1305.0542456249768},"point_estimate":1089.0507151061565,"standard_error":125.40211239867766},"Slope":{"confidence_interval":{"confidence_level":0.95,"lower_bound":116697.63855305508,"upper_bound":117071.26775257947},"point_estimate":116884.8086980937,"standard_error":95.26612534568221},"StdDev":{"confidence_interval":{"confidence_level":0.95,"lower_bound":870.58393792826,"upper_bound":2845.707723702075},"point_estimate":1832.2240006650188,"standard_error":634.0058979895578}}