{"Mean":{"confidence_interval":{"confidence_level":0.95,"lower_bound":115399.60399334648,"upper_bound":117322.97580177401},"point_estimate":116296.4131373984,"standard_error":491.07902158376453},"Median":{"confidence_interval":{"confidence_level":0.95,"lower_bound":114177.5061026936,"upper_bound":114584.78152309613},"point_estimate":114324.39680278569,"standard_error":102.7655255565872},"MedianAbsDev":{"confidence_interval":{"confidence_level":0.95,"lower_bound":408.5737403606219,"upper_bound":896.3491426362252},"point_estimate":555.3080036534598,"standard_error":125.04540581229502},"Slope":{"confidence_interval":{"confidence_level":0.95,"lower_bound":115258.65832948842,"upper_bound":117117.18626037925},"point_estimate":116132.82336272433,"standard_error":474.01473730383617},"StdDev":{"confidence_interval":{"confidence_level":0.95,"lower_bound":3263.2831524837766,"upper_bound":6322.548934789274},"point_estimate":4937.848898272957,"standard_error":780.957489706745}}