{"Mean":{"confidence_interval":{"confidence_level":0.95,"lower_bound":10331.6278461438,"upper_bound":10439.96065480042},"point_estimate":10374.34899369079,"standard_error":28.57003590056429},"Median":{"confidence_interval":{"confidence_level":0.95,"lower_bound":10294.22693452381,"upper_bound":10330.927167603331},"point_estimate":10315.974464498517,"standard_error":9.641627658473176},"MedianAbsDev":{"confidence_interval":{"confidence_level":0.95,"lower_bound":58.4254278973051,"upper_bound":115.57165327252012},"point_estimate":83.61141887797675,"standard_error":14.349038560370328},"Slope":{"confidence_interval":{"confidence_level":0.95,"lower_bound":10294.08222151832,"upper_bound":10319.741672532384},"point_estimate":10306.28901350303,"standard_error":6.533516768958214},"StdDev":{"confidence_interval":{"confidence_level":0.95,"lower_bound":94.31855556578998,"upper_bound":471.4292607853872},"point_estimate":288.24028191161074,"standard_error":126.00076211774136}}