{"Mean":{"confidence_interval":{"confidence_level":0.95,"lower_bound":10073.85766240039,"upper_bound":10212.887793083815},"point_estimate":10138.820821038882,"standard_error":35.53558496691204},"Median":{"confidence_interval":{"confidence_level":0.95,"lower_bound":9975.484693877552,"upper_bound":10010.192476990796},"point_estimate":9989.943177458954,"standard_error":8.64424348547711},"MedianAbsDev":{"confidence_interval":{"confidence_level":0.95,"lower_bound":29.386374193893808,"upper_bound":72.30568564018623},"point_estimate":47.759384288517225,"standard_error":10.956921287478847},"Slope":{"confidence_interval":{"confidence_level":0.95,"lower_bound":10069.203857039372,"upper_bound":10228.457149887643},"point_estimate":10144.986450360844,"standard_error":40.82357016471158},"StdDev":{"confidence_interval":{"confidence_level":0.95,"lower_bound":242.66257868708217,"upper_bound":454.15093537576513},"point_estimate":357.2479811249568,"standard_error":53.811469999515516}}