{"Mean":{"confidence_interval":{"confidence_level":0.95,"lower_bound":10184.694495614143,"upper_bound":10238.03231662395},"point_estimate":10208.82163030414,"standard_error":13.658403089517767},"Median":{"confidence_interval":{"confidence_level":0.95,"lower_bound":10150.665213290958,"upper_bound":10193.935567010309},"point_estimate":10168.419050687286,"standard_error":12.065674438775618},"MedianAbsDev":{"confidence_interval":{"confidence_level":0.95,"lower_bound":53.33422730174934,"upper_bound":103.45874149048424},"point_estimate":71.54793110090436,"standard_error":13.14482474033355},"Slope":{"confidence_interval":{"confidence_level":0.95,"lower_bound":10171.818674819428,"upper_bound":10216.66397239002},"point_estimate":10193.439298841102,"standard_error":11.440332916902761},"StdDev":{"confidence_interval":{"confidence_level":0.95,"lower_bound":82.69808644469016,"upper_bound":194.221663567111},"point_estimate":136.77150374330517,"standard_error":31.56156814943874}}