{"Mean":{"confidence_interval":{"confidence_level":0.95,"lower_bound":10226.508945874937,"upper_bound":10261.82379186128},"point_estimate":10243.55732297203,"standard_error":9.06590672873609},"Median":{"confidence_interval":{"confidence_level":0.95,"lower_bound":10218.746171552048,"upper_bound":10270.783089064262},"point_estimate":10237.085231116122,"standard_error":13.47158477376733},"MedianAbsDev":{"confidence_interval":{"confidence_level":0.95,"lower_bound":5.822624459761969,"upper_bound":49.54352265537155},"point_estimate":27.202338705336825,"standard_error":11.813923443446072},"Slope":{"confidence_interval":{"confidence_level":0.95,"lower_bound":10234.645363585118,"upper_bound":10277.269426119152},"point_estimate":10257.209960614358,"standard_error":10.974658520776652},"StdDev":{"confidence_interval":{"confidence_level":0.95,"lower_bound":16.22234709468593,"upper_bound":36.47421941998443},"point_estimate":30.167298642720112,"standard_error":4.970774123309778}}