{"Mean":{"confidence_interval":{"confidence_level":0.95,"lower_bound":226.20854981101795,"upper_bound":227.50864151832783},"point_estimate":226.78909285286485,"standard_error":0.3321739860954698},"Median":{"confidence_interval":{"confidence_level":0.95,"lower_bound":225.40052503115186,"upper_bound":226.36568393630415},"point_estimate":225.64810566952315,"standard_error":0.2728618086698492},"MedianAbsDev":{"confidence_interval":{"confidence_level":0.95,"lower_bound":0.9639979246302709,"upper_bound":1.9785078876854876},"point_estimate":1.403157157298116,"standard_error":0.2789490032679321},"Slope":{"confidence_interval":{"confidence_level":0.95,"lower_bound":226.1712421168116,"upper_bound":227.36039713307096},"point_estimate":226.71185460182338,"standard_error":0.30416831180353826},"StdDev":{"confidence_interval":{"confidence_level":0.95,"lower_bound":1.8509483750803213,"upper_bound":4.880150296275095},"point_estimate":3.341417206766333,"standard_error":0.8709781690933154}}