{"Mean":{"confidence_interval":{"confidence_level":0.95,"lower_bound":2735.047010964724,"upper_bound":2748.20917989418},"point_estimate":2740.656253037783,"standard_error":3.430710257945415},"Median":{"confidence_interval":{"confidence_level":0.95,"lower_bound":2732.655090918224,"upper_bound":2743.3536769138036},"point_estimate":2739.203682774094,"standard_error":2.791317720680775},"MedianAbsDev":{"confidence_interval":{"confidence_level":0.95,"lower_bound":1.5012553530943036,"upper_bound":13.315131215789103},"point_estimate":6.681471303673191,"standard_error":2.839808776032305},"Slope":{"confidence_interval":{"confidence_level":0.95,"lower_bound":2733.02451579758,"upper_bound":2740.5987129199134},"point_estimate":2736.6305323970787,"standard_error":1.9290875805055065},"StdDev":{"confidence_interval":{"confidence_level":0.95,"lower_bound":3.7423643796280635,"upper_bound":16.764077054492464},"point_estimate":11.42518357479595,"standard_error":4.08954995565772}}