{"Mean":{"confidence_interval":{"confidence_level":0.95,"lower_bound":-0.015351735067883326,"upper_bound":-0.009725629660747167},"point_estimate":-0.012504842534843852,"standard_error":0.001426060647395443},"Median":{"confidence_interval":{"confidence_level":0.95,"lower_bound":-0.01546011719037288,"upper_bound":-0.008471786996428032},"point_estimate":-0.01289014819908929,"standard_error":0.0016737006767462471}}