{"Mean":{"confidence_interval":{"confidence_level":0.95,"lower_bound":-0.01767147512808651,"upper_bound":-0.009107005260894184},"point_estimate":-0.013272495692328024,"standard_error":0.0021910556082305925},"Median":{"confidence_interval":{"confidence_level":0.95,"lower_bound":-0.01805151749116496,"upper_bound":-0.010167809450495113},"point_estimate":-0.015220350459225429,"standard_error":0.0020635964752051495}}