{"Mean":{"confidence_interval":{"confidence_level":0.95,"lower_bound":0.0016460773488696824,"upper_bound":0.011812126087493127},"point_estimate":0.006645790710166688,"standard_error":0.0025813799886319033},"Median":{"confidence_interval":{"confidence_level":0.95,"lower_bound":0.0006466146288894858,"upper_bound":0.009850736637322388},"point_estimate":0.006934587702860151,"standard_error":0.0024812200606288267}}