{"Mean":{"confidence_interval":{"confidence_level":0.95,"lower_bound":-0.012351144425045087,"upper_bound":-0.0007364074964473121},"point_estimate":-0.00674162239547893,"standard_error":0.0029641267311762143},"Median":{"confidence_interval":{"confidence_level":0.95,"lower_bound":-0.014391742320136403,"upper_bound":-0.003241120655435803},"point_estimate":-0.010408252020570052,"standard_error":0.003026616941057645}}