{"Mean":{"confidence_interval":{"confidence_level":0.95,"lower_bound":-0.8539947914985558,"upper_bound":-0.8528506260911082},"point_estimate":-0.853433952530638,"standard_error":0.0002949280030537975},"Median":{"confidence_interval":{"confidence_level":0.95,"lower_bound":-0.8545273898139718,"upper_bound":-0.8532655991793869},"point_estimate":-0.8538191291782107,"standard_error":0.00033980455153771304}}