{"Mean":{"confidence_interval":{"confidence_level":0.95,"lower_bound":-0.5912558445125671,"upper_bound":-0.5849497269698303},"point_estimate":-0.5880519662621078,"standard_error":0.001599597937728447},"Median":{"confidence_interval":{"confidence_level":0.95,"lower_bound":-0.5905296885962943,"upper_bound":-0.5828558958050534},"point_estimate":-0.5860067203683477,"standard_error":0.0017857759080190084}}