{"Mean":{"confidence_interval":{"confidence_level":0.95,"lower_bound":0.007038416386017355,"upper_bound":0.022209082330146016},"point_estimate":0.014668610164633167,"standard_error":0.003884567395623276},"Median":{"confidence_interval":{"confidence_level":0.95,"lower_bound":0.005302405090793938,"upper_bound":0.0227034737421047},"point_estimate":0.013046838930836024,"standard_error":0.004215138710570492}}