{"Mean":{"confidence_interval":{"confidence_level":0.95,"lower_bound":0.00001326018451548494,"upper_bound":0.010080985964190102},"point_estimate":0.004969326452340939,"standard_error":0.0025654490758281498},"Median":{"confidence_interval":{"confidence_level":0.95,"lower_bound":-0.0007381373764714372,"upper_bound":0.010024270674692692},"point_estimate":0.006316641158855774,"standard_error":0.0026945121670121836}}