{"Mean":{"confidence_interval":{"confidence_level":0.95,"lower_bound":18600931.337997347,"upper_bound":18802089.29362508},"point_estimate":18696532.98702767,"standard_error":51401.06527882549},"Median":{"confidence_interval":{"confidence_level":0.95,"lower_bound":18472836.091290325,"upper_bound":18664493.459770113},"point_estimate":18551106.684375,"standard_error":47371.41250201852},"MedianAbsDev":{"confidence_interval":{"confidence_level":0.95,"lower_bound":242612.5804442671,"upper_bound":396356.740904127},"point_estimate":303463.7026980794,"standard_error":38749.28626158929},"Slope":{"confidence_interval":{"confidence_level":0.95,"lower_bound":18462905.101609077,"upper_bound":18582687.445968185},"point_estimate":18518468.211960986,"standard_error":30567.75657185591},"StdDev":{"confidence_interval":{"confidence_level":0.95,"lower_bound":386102.31292719225,"upper_bound":625288.179857622},"point_estimate":517625.9758869502,"standard_error":61154.683774835226}}