{"Mean":{"confidence_interval":{"confidence_level":0.95,"lower_bound":4773718.0678490605,"upper_bound":4818263.920602223},"point_estimate":4794408.1898774775,"standard_error":11395.541736534768},"Median":{"confidence_interval":{"confidence_level":0.95,"lower_bound":4750786.992647059,"upper_bound":4787936.685185186},"point_estimate":4764402.454624027,"standard_error":10419.292623913401},"MedianAbsDev":{"confidence_interval":{"confidence_level":0.95,"lower_bound":61123.874255161754,"upper_bound":104912.82455129303},"point_estimate":78799.61985896269,"standard_error":10934.067444265413},"Slope":{"confidence_interval":{"confidence_level":0.95,"lower_bound":4782570.248512925,"upper_bound":4814437.385147096},"point_estimate":4798300.128922713,"standard_error":8149.321492602602},"StdDev":{"confidence_interval":{"confidence_level":0.95,"lower_bound":76078.18534679411,"upper_bound":157708.5792601214},"point_estimate":114511.61269858299,"standard_error":23500.21882926904}}