{"Mean":{"confidence_interval":{"confidence_level":0.95,"lower_bound":5649318.512441964,"upper_bound":5673087.811337798},"point_estimate":5660770.497857143,"standard_error":6089.432894679797},"Median":{"confidence_interval":{"confidence_level":0.95,"lower_bound":5644033.03125,"upper_bound":5674412.1875},"point_estimate":5659682.2125,"standard_error":7933.078149435922},"MedianAbsDev":{"confidence_interval":{"confidence_level":0.95,"lower_bound":6146.550615876683,"upper_bound":34333.14766874435},"point_estimate":20515.669079524363,"standard_error":7257.112059836823},"Slope":{"confidence_interval":{"confidence_level":0.95,"lower_bound":5652523.275162337,"upper_bound":5682508.53395163},"point_estimate":5665135.564285714,"standard_error":8131.330446839432},"StdDev":{"confidence_interval":{"confidence_level":0.95,"lower_bound":10843.405886443888,"upper_bound":25677.621626975535},"point_estimate":20192.404417893707,"standard_error":3852.31938225713}}