{"Mean":{"confidence_interval":{"confidence_level":0.95,"lower_bound":0.0493082079585801,"upper_bound":0.06466662827367384},"point_estimate":0.05687943131356632,"standard_error":0.003874794471193772},"Median":{"confidence_interval":{"confidence_level":0.95,"lower_bound":0.04816592990070512,"upper_bound":0.0672255533260464},"point_estimate":0.060198670523979425,"standard_error":0.00527236822009504}}