{"Mean":{"confidence_interval":{"confidence_level":0.95,"lower_bound":-0.20336232044495367,"upper_bound":-0.1917078082460228},"point_estimate":-0.1979530458412745,"standard_error":0.0030743091623088668},"Median":{"confidence_interval":{"confidence_level":0.95,"lower_bound":-0.2055957339412703,"upper_bound":-0.18971839442792415},"point_estimate":-0.20119593339326747,"standard_error":0.0037242124298119024}}