{"Mean":{"confidence_interval":{"confidence_level":0.95,"lower_bound":-0.21012578163598775,"upper_bound":-0.19380756855734055},"point_estimate":-0.20201099739776962,"standard_error":0.004170242358957941},"Median":{"confidence_interval":{"confidence_level":0.95,"lower_bound":-0.2039156848575349,"upper_bound":-0.1838634033897214},"point_estimate":-0.19405036257044728,"standard_error":0.005180835523083563}}