{"Mean":{"confidence_interval":{"confidence_level":0.95,"lower_bound":0.14817927276983225,"upper_bound":0.17058477954561824},"point_estimate":0.15980148412458206,"standard_error":0.005704023965451652},"Median":{"confidence_interval":{"confidence_level":0.95,"lower_bound":0.14047589710279884,"upper_bound":0.1696654612859337},"point_estimate":0.15373763758184578,"standard_error":0.007641495403836183}}