{"Mean":{"confidence_interval":{"confidence_level":0.95,"lower_bound":759.1709256106382,"upper_bound":763.895679969638},"point_estimate":761.3888144831778,"standard_error":1.203728680525874},"Median":{"confidence_interval":{"confidence_level":0.95,"lower_bound":756.9793433395872,"upper_bound":759.6378039702233},"point_estimate":757.8618972881493,"standard_error":0.7122749350844606},"MedianAbsDev":{"confidence_interval":{"confidence_level":0.95,"lower_bound":4.514622518140048,"upper_bound":9.45402693095088},"point_estimate":7.046230579382447,"standard_error":1.1507929084646091},"Slope":{"confidence_interval":{"confidence_level":0.95,"lower_bound":757.3328469050625,"upper_bound":760.9358940895302},"point_estimate":759.0663299087199,"standard_error":0.9211452354152875},"StdDev":{"confidence_interval":{"confidence_level":0.95,"lower_bound":8.183128632799463,"upper_bound":15.809875007042102},"point_estimate":12.077802584446186,"standard_error":1.9729554760394057}}