{"Mean":{"confidence_interval":{"confidence_level":0.95,"lower_bound":-0.02936726325260142,"upper_bound":-0.01572856976021035},"point_estimate":-0.0221549989663824,"standard_error":0.0034907649000944516},"Median":{"confidence_interval":{"confidence_level":0.95,"lower_bound":-0.018050968960252822,"upper_bound":-0.010110519751611239},"point_estimate":-0.013315984131537117,"standard_error":0.001973641463968794}}