{"Mean":{"confidence_interval":{"confidence_level":0.95,"lower_bound":0.009490193255418939,"upper_bound":0.02204724167538976},"point_estimate":0.0159896566622848,"standard_error":0.003198436640271361},"Median":{"confidence_interval":{"confidence_level":0.95,"lower_bound":0.010358375031203583,"upper_bound":0.01968769490330602},"point_estimate":0.01358841486702378,"standard_error":0.0023393649556315826}}