{"Mean":{"confidence_interval":{"confidence_level":0.95,"lower_bound":0.013427305101056846,"upper_bound":0.029049468357405902},"point_estimate":0.020822996514914704,"standard_error":0.004051576518905885},"Median":{"confidence_interval":{"confidence_level":0.95,"lower_bound":0.013436543177148623,"upper_bound":0.02439934318330672},"point_estimate":0.01923772091016973,"standard_error":0.002550714381770339}}